"municipality_id","year","area","population","population_log","population_log_squared","elderly_share","population_density","log_population_density","pm10","elderly_pm10","hospital","unobserved_risk","year_centered","ordinary_mortality","previous_year_mortality","true_pandemic_effect","reporting_shock","observed_mortality_ideal","observed_mortality_failure","historical_average_prediction","lasso_prediction","random_forest_prediction","historical_average_error","lasso_error","random_forest_error"
1,2019,"South and Islands",10286,9.23849373967243,85.3497665779667,18.2357663832712,332.662443805042,5.80712829358997,20.6636287213983,376.817105994072,1,0.102202115299783,4,23.6287270575095,22.8346569424809,0,0,23.6287270575095,23.6287270575095,23.4264990053477,23.7995367180172,23.105000186427,-0.202228052161804,0.170809660507697,-0.523726871082566
2,2019,"Center",14386,9.5740184656442,91.6618295804961,23.9070573168775,199.48993129326,5.29576376534831,21.2006829749451,506.845943038962,0,-0.102505265195586,4,26.9071927072636,27.4091063006823,0,0,26.9071927072636,26.9071927072636,26.0121631676602,27.1805623262422,27.4420888984898,-0.895029539603406,0.273369618978528,0.534896191226178
3,2019,"North West",6884,8.83698100942289,78.0922333609007,29.3633249012393,100.850888839305,4.61364307783987,30.9091583116966,907.595657930187,1,-1.40259554374653,4,28.9789919091783,29.5277218379509,0,0,28.9789919091783,28.9789919091783,28.8665339842389,29.3399521989734,29.4994656298903,-0.11245792493942,0.360960289795123,0.520473720712058
4,2019,"North West",3982,8.28942727418001,68.7146045339195,20.1177466372694,385.046606733733,5.9533643834123,33.7133579127027,678.236792779334,0,1.52125168619192,4,29.20411387194,27.8090820310277,0,0,29.20411387194,29.20411387194,27.9216221333837,27.4302562398998,27.8936959571721,-1.2824917385563,-1.77385763204029,-1.31041791476798
5,2019,"South and Islands",3587,8.18497332128901,66.9937882702129,23.8907750639684,256.764031206058,5.54815749660876,22.8290042469439,545.402605398117,1,-0.0343474656166524,4,27.4765471768368,26.8803375376523,0,0,27.4765471768368,27.4765471768368,25.6309834365665,26.8943611926254,26.6897960384678,-1.84556374027036,-0.582185984211407,-0.786751138369013
6,2019,"North East",6299,8.74820815114058,76.5311458556824,25.9914775873801,103.278331287714,4.6374275892401,26.2223346338362,681.557222924133,0,0.342352276402927,4,27.6558310628478,29.6092914848453,0,0,27.6558310628478,27.6558310628478,28.3537488865389,28.9111034569581,28.8679844533396,0.697917823691135,1.25527239411032,1.2121533904918
7,2019,"South and Islands",4801,8.47649145982425,71.8509074684734,21.2940430517708,78.4633743319657,4.36263194689163,12,255.528516621249,0,-1.936613444441,4,21.4613357325205,21.0197695401617,0,0,21.4613357325205,21.4613357325205,20.6917184916725,22.6772551528956,21.0469011340261,-0.769617240847936,1.21591942037513,-0.414434598494356
8,2019,"South and Islands",1830,7.5118138441999,56.4273472299133,21.7363711877759,167.003260092106,5.11801333373583,21.3553858176639,464.188592990908,0,1.39367097976495,4,26.1408069593151,27.1628923427659,0,0,26.1408069593151,26.1408069593151,25.8154836933531,26.8456581559112,26.3672632222001,-0.325323265961963,0.704851196596103,0.226456262885026
9,2019,"North East",1290,7.16218484888405,51.2968918095842,23.3533679380232,132.314383324117,4.88518078270303,25.8886651667357,604.587523063063,0,-0.157522735618335,4,26.4256304170177,25.7656899727308,0,0,26.4256304170177,26.4256304170177,26.7201726109871,26.2340590634597,26.5433275962491,0.294542193969413,-0.191571353557954,0.117697179231364
10,2019,"North East",2754,7.9207715144254,62.7386213837329,23.211262370144,67.7980992364357,4.21653415969253,36.6407212003251,850.477393212041,0,0.284345678893564,4,27.7629231618064,27.5721372581186,0,0,27.7629231618064,27.7629231618064,26.7915890664015,27.6769808676179,27.1443904905703,-0.971334095404881,-0.08594229418852,-0.618532671236096
11,2019,"South and Islands",4848,8.48633727517333,72.0179203479963,21.5238464536095,223.44217233119,5.40915264380229,23.1413747201262,498.091396201437,0,-0.259634480914693,4,24.829923388856,24.1178040338915,0,0,24.829923388856,24.829923388856,24.2097779396226,24.9531454407071,24.3449102467336,-0.620145449233455,0.123222051851098,-0.485013142122423
12,2019,"Center",1294,7.16586168199184,51.3495736454389,20.6375578294386,225.10557686742,5.41656952267207,25.1788443701807,519.62985676804,0,1.24426604074983,4,27.3031650458502,25.9712461780245,0,0,27.3031650458502,27.3031650458502,26.6497499600073,26.0995273492054,26.0396544450599,-0.653415085842873,-1.20363769664481,-1.26351060079028
13,2019,"North West",7482,8.92020760247728,79.5701036712935,20.447922946792,261.879555042833,5.56788468448344,33.636038686689,687.78712730073,0,0.174944000493445,4,27.5755037438962,26.7461565604216,0,0,27.5755037438962,27.5755037438962,26.4249360518013,26.7901616747828,26.7689415668919,-1.15056769209495,-0.785342069113458,-0.806562177004338
14,2019,"North West",1005,6.91277249764589,47.7864236042094,27.328868627968,256.495065275403,5.54710942573337,27.0393474811807,738.954775099164,0,-0.012820598096498,4,30.6774365765926,29.6714672010344,0,0,30.6774365765926,30.6774365765926,29.3641434568816,29.1001824876754,29.6431916125681,-1.31329311971095,-1.57725408891717,-1.03424496402443
15,2019,"Center",719,6.57721184818334,43.2597156958833,18.7175132938513,70.6912453112666,4.25832173654017,34.4408466476493,644.64700497887,0,0.902773355888619,4,25.5305335153431,25.0891649986633,0,0,25.5305335153431,25.5305335153431,24.5985441861697,25.5891964393712,24.6034458947988,-0.931989329173405,0.0586629240281269,-0.927087620544285
16,2019,"South and Islands",4172,8.33623312119931,69.4927826509803,17.2199381852919,65.0011395371597,4.17440480108288,26.0189371414685,448.044489223083,0,-0.874708957283175,4,20.8728141762534,20.2324390463957,0,0,20.8728141762534,20.8728141762534,21.1209726308458,22.1873388923077,21.2265008824211,0.248158454592438,1.31452471605436,0.353686706167696
17,2019,"Center",6628,8.79910823977861,77.4243058153399,31.633656954978,228.821698353811,5.4329430904715,27.5263100522006,870.757849427675,1,0.857702848510357,4,32.5089518206166,32.3806890711697,0,0,32.5089518206166,32.5089518206166,31.8097280021923,31.2264807591666,31.9060447668328,-0.699223818424315,-1.28247106145001,-0.60290705378376
18,2019,"Center",9536,9.16284538768411,83.957735598604,21.6560360556492,107.322095596264,4.67583455198124,23.0590144434687,499.366848195495,1,0.190456751900787,4,26.8765062839497,27.5615764559981,0,0,26.8765062839497,26.8765062839497,26.0406842876704,27.1371845968411,26.9564320278449,-0.835821996279311,0.260678312891415,0.0799257438952026
19,2019,"North East",600,5.98467535142645,35.8163390619713,17.7943905018863,72.7233808011914,4.28666293945401,23.035829456374,409.908544881574,0,0.0605462911258852,4,23.3304830776877,22.9745874887977,0,0,23.3304830776877,23.3304830776877,23.7797265742803,23.9041367205047,23.6248410316633,0.449243496592626,0.573653642816968,0.294357953975613
20,2019,"North West",6085,8.7135303524629,75.9256112032922,25.7604526501476,620.454507927329,6.43045228677136,27.3097708223983,703.512058156774,0,-0.038340829443112,4,30.3351230932505,28.9450205208296,0,0,30.3351230932505,30.3351230932505,29.2169727555115,28.5059539279423,28.9207531531163,-1.11815033773897,-1.82916916530815,-1.41436994013412
21,2019,"South and Islands",1562,7.35384027479482,54.0789667871944,23.6964633227008,144.237043000694,4.9714580781351,17.5637912557815,416.1997353002,0,-0.972043929353759,4,24.0317989601232,25.1751884389176,0,0,24.0317989601232,24.0317989601232,24.3903639939773,25.6432249524021,25.6108455594647,0.358565033854052,1.61142599227887,1.57904659934148
22,2019,"North West",4644,8.4433875221435,71.2907928490886,24.4131054234423,163.897007989858,5.09923823048772,23.3468927456246,569.970153908735,0,-0.560667819054107,4,27.6674555299743,29.0650962541413,0,0,27.6674555299743,27.6674555299743,27.9038586577842,28.3352870260537,28.1121048872435,0.236403127809837,0.667831496079387,0.444649357269185
23,2019,"South and Islands",1043,6.94962893508659,48.2973423353927,18.3975252630413,38.7365646257476,3.65678397634276,17.5004420113867,321.964824018875,0,-0.593287985774852,4,22.0175716479654,21.5678835526488,0,0,22.0175716479654,22.0175716479654,22.1593723560488,22.9396807414686,21.9572633085003,0.14180070808338,0.922109093503266,-0.0603083394651058
24,2019,"North West",600,6.3613747814852,40.4670891105159,22.5553625864567,135.745064317646,4.91077859953535,26.020059753315,586.891882257288,1,1.37586682080604,4,30.6256825927484,29.6993075331436,0,0,30.6256825927484,30.6256825927484,29.0798962264895,28.6496836211059,29.455295256825,-1.54578636625888,-1.97599897164242,-1.17038733592335
25,2019,"Center",2397,7.78191620176788,60.5582197713374,26.1461810896943,305.807035243869,5.72295429925999,24.2356869827863,633.670660685076,0,-0.0794079682069027,4,28.4201520762445,28.1899396906807,0,0,28.4201520762445,28.4201520762445,27.0866348189752,27.9632760961548,27.8760279853818,-1.33351725726931,-0.456875980089691,-0.544124090862692
26,2019,"North East",600,6.32659865095325,40.0258504902435,23.9818184484714,199.988892091285,5.29826182546209,32.6616708352221,783.286260194031,1,-1.95852782318052,4,26.3764840958743,28.1365385676451,0,0,26.3764840958743,26.3764840958743,26.7134808844667,27.9931790601453,28.1510139456289,0.336996788592433,1.61669496427103,1.77452984975461
27,2019,"North West",4005,8.29534109131844,68.8126838213163,23.6846137987644,80.6529238334538,4.39015505727371,34.5068453646383,817.281305875141,0,-0.744339009798601,4,27.8511180682801,27.2186904889412,0,0,27.8511180682801,27.8511180682801,26.5630816752066,27.4392606548779,26.6077515122377,-1.28803639307347,-0.411857413402263,-1.24336655604241
28,2019,"South and Islands",699,6.54961214141303,42.897419202945,24.0414938212618,184.853351824468,5.21956281789051,18.2378311089385,438.464703918761,1,1.57709601490865,4,28.4950372503885,27.0689057124741,0,0,28.4950372503885,28.4950372503885,27.234824393677,26.8871915143897,27.3470493084089,-1.2602128567115,-1.60784573599877,-1.14798794197955
29,2019,"North West",2781,7.93073657017128,62.8965825454522,26.8873376687386,134.452038775698,4.90120754642064,24.4214566643192,656.627951696018,0,0.231054267069112,4,28.646295523286,29.6543340861735,0,0,28.646295523286,28.646295523286,29.4556885658398,28.9599105576103,29.3618555778316,0.809393042553872,0.313615034324293,0.715560054545669
30,2019,"North East",1994,7.59795320098669,57.7288928443839,24.9156757595317,534.160736171553,6.28069679773414,33.1774610626878,826.638862362418,0,-0.655807374768553,4,28.9576706670831,28.2819782630691,0,0,28.9576706670831,28.9576706670831,27.4476523945879,28.1937684116673,28.123654004009,-1.51001827249515,-0.763902255415786,-0.834016663074088
31,2019,"Center",14472,9.57998362827982,91.7760863181093,20.3697345111264,556.457784115451,6.3215913082073,18.1588653436054,369.891266072536,1,-1.32569984692357,4,23.4831039417736,24.082903339242,0,0,23.4831039417736,23.4831039417736,24.3145283379352,24.7025301943456,24.2531575958054,0.831424396161676,1.21942625257205,0.770053654031802
32,2019,"North East",814,6.70250980529942,44.9236376901348,23.2168934875255,62.235919427723,4.13093231582695,33.8534623022005,785.972228454151,1,-1.16546688392993,4,27.5112145174626,26.666942285982,0,0,27.5112145174626,27.5112145174626,26.347965763834,27.024250218203,26.7408952014124,-1.16324875362863,-0.486964299259611,-0.770319316050266
33,2019,"South and Islands",2521,7.83230789705924,61.3450469943365,21.272603350237,162.348653437373,5.08974620431903,25.3698605040185,539.68297955283,0,-0.214041581761554,4,25.1866561069625,25.2018676781662,0,0,25.1866561069625,25.1866561069625,24.2816442281107,25.6757042986122,25.2861555935779,-0.905011878851766,0.48904819164974,0.099499486615354
34,2019,"Center",5757,8.65822041648686,74.9647807804699,26.547876526223,97.1997121899022,4.57676775045277,24.238281964256,643.474916794847,0,1.16858123468384,4,29.1328654334536,29.3072819508276,0,0,29.1328654334536,29.1328654334536,27.9346978293134,28.704503709152,28.953113876525,-1.19816760414021,-0.428361724301649,-0.179751556928583
35,2019,"North West",6006,8.70043581923168,75.6975834445696,25.8806137425296,63.129211198238,4.14518359742167,29.9325296442137,774.67223805871,0,-0.995619376913875,4,27.2500557753151,27.1247874170218,0,0,27.2500557753151,27.2500557753151,26.7196729591526,27.4532222153391,27.5360123272102,-0.530382816162493,0.203166440023963,0.285956551895094
36,2019,"North East",2415,7.78956496381199,60.6773223254473,27.1005883443778,406.182203015424,6.00680183483201,26.1814960895672,709.533947763297,0,-0.571398288629317,4,28.3791566042879,29.7687102642159,0,0,28.3791566042879,28.3791566042879,28.9891599612631,29.1112527086973,29.687536567198,0.610003356975266,0.732096104409429,1.30837996291011
37,2019,"South and Islands",3361,8.11995854916113,65.9337268400949,25.172163606762,42.1954274267225,3.74231186035416,22.3363675654493,562.254698738261,1,0.151528772471403,4,26.9339253812973,26.1590550617669,0,0,26.9339253812973,26.9339253812973,25.9624535025189,26.5342629686991,26.3224472123528,-0.971471878778317,-0.399662412598136,-0.611478168944483
38,2019,"Center",4615,8.43708166883491,71.1843470865901,24.8738330000967,76.5060385739012,4.33736967332379,18.3255887588546,455.827634416199,0,1.78961638049566,4,27.6468979584763,26.9415911635884,0,0,27.6468979584763,27.6468979584763,27.0916372520895,26.8768575249808,26.9826286940742,-0.555260706386822,-0.770040433495495,-0.664269264402151
39,2019,"South and Islands",1546,7.3431083485808,53.9212402189971,22.2008359714137,45.0606622223964,3.80800963135408,14.9398538140329,331.677243962245,0,-0.186570669818089,4,23.7774063226948,23.4451908037062,0,0,23.7774063226948,23.7774063226948,23.5066356649518,24.357507153904,23.8054157361371,-0.270770657742982,0.580100831209208,0.0280094134423408
40,2019,"North West",3039,8.01920759064866,64.3076903819171,28.1806931368305,41.8719615998538,3.73461642870325,28.6997512066927,808.778881859187,0,-0.205467851230267,4,29.5596685074581,28.8663138351509,0,0,29.5596685074581,29.5596685074581,28.0445611719956,28.7291267268183,28.6936095536076,-1.51510733546247,-0.830541780639848,-0.866058953850452
41,2019,"North West",23817,10.0781556093553,101.56922048638,25.7867033484373,161.14082798388,5.08227869062479,27.0775278750602,698.24017872322,1,-1.36486111203693,4,27.4767000625557,26.6119920900866,0,0,27.4767000625557,27.4767000625557,27.4576534843693,27.0274842952963,27.6846424538984,-0.0190465781864475,-0.449215767259432,0.207942391342741
42,2019,"Center",711,6.56638392919163,43.1173979055461,26.6908148938294,74.3092592255678,4.30823556341518,26.336941440211,702.954428850296,0,2.20923952263251,4,28.9922969810124,28.4268494438814,0,0,28.9922969810124,28.9922969810124,29.2974895735428,28.2318418221392,28.8335777832998,0.305192592530336,-0.76045515887321,-0.158719197712625
43,2019,"North East",7806,8.9626128566475,80.328429218143,29.2698032796982,425.996163325195,6.05443033994993,28.7845882144044,842.519234522737,0,0.519204036426713,4,30.4786372071201,29.9668864910069,0,0,30.4786372071201,30.4786372071201,29.9990468598934,29.5297430182774,30.0133789447725,-0.479590347226761,-0.948894188842775,-0.465258262347643
44,2019,"Center",1398,7.24311825541548,52.462762061933,20.1681130763592,40.5577994060289,3.70272810253564,25.8044523120853,520.427112103655,0,-0.612898951154699,4,23.379956541825,25.4331021563102,0,0,23.379956541825,23.379956541825,23.3540496760743,25.7335314366279,24.8954243610241,-0.0259068657507022,2.35357489480291,1.51546781919911
45,2019,"Center",1280,7.154477941112,51.1865546098583,18.3651169361189,154.183157866144,5.03814123250605,23.0869178847309,423.993946647659,1,1.98373683378401,4,27.1519964053094,26.5235046848822,0,0,27.1519964053094,27.1519964053094,26.3090006770595,26.1961140742854,26.1851412039251,-0.842995728249903,-0.955882331024007,-0.966855201384266
46,2019,"South and Islands",600,6.02291609341112,36.2755182682707,23.2112323232754,77.9598910942318,4.35619447769421,19.9932327367465,464.067569945938,0,-0.882707755644959,4,25.2517470135005,24.0871889388087,0,0,25.2517470135005,25.2517470135005,23.7271559074219,24.9884859585073,24.0176691586704,-1.52459110607853,-0.263261054993198,-1.23407785483007
47,2019,"Center",946,6.85177719545865,46.9468507362072,22.9518277120063,108.294839757013,4.68485750519875,23.126067336656,530.785513167186,0,-0.368819052229961,4,25.6202173492539,25.7040310386369,0,0,25.6202173492539,25.6202173492539,25.1410866235111,26.0787416979399,25.7933775589142,-0.479130725742817,0.458524348686009,0.173160209660299
48,2019,"South and Islands",1549,7.34544062429826,53.9554979650913,23.5884241246397,166.06552641667,5.11238244791803,21.6651585810655,511.04694933775,0,0.125708417881826,4,25.8243125813028,26.4230828312783,0,0,25.8243125813028,25.8243125813028,25.8818177519083,26.5447460841813,25.8824452203046,0.0575051706055305,0.720433502878517,0.0581326390018333
49,2019,"North West",21015,9.9530071571072,99.0623514694272,21.6291554597878,227.640328659716,5.4277668775035,29.5843629390545,639.884785187595,1,-0.371633395853726,4,28.4322007940002,27.4651076148548,0,0,28.4322007940002,28.4322007940002,27.1614681677865,27.2520633975113,27.6972627613361,-1.27073262621371,-1.1801373964889,-0.734938032664168
50,2019,"Center",2329,7.75336890546237,60.1147293841907,19.9421067462938,217.459710708841,5.38201359524977,17.0237400347994,339.489240995124,0,1.59698746022642,4,26.0567517282104,27.671972073806,0,0,26.0567517282104,26.0567517282104,25.956623352701,26.9059576465753,26.1647290550645,-0.100128375509403,0.849205918364955,0.107977326854115
51,2019,"South and Islands",600,6.25708366843188,39.1510960337569,25.9541477517168,36.9637373074192,3.60993735928642,13.7323125503478,356.410468904481,0,1.38358002987268,4,28.5364321276968,25.553579220187,0,0,28.5364321276968,28.5364321276968,26.6868382081484,25.9373300275769,25.6050910512406,-1.84959391954831,-2.59910210011982,-2.93134107645616
52,2019,"North East",2852,7.95568555902247,63.2929327140386,18.6978849140877,331.720744102729,5.80429348274559,29.9293199793274,559.614980530371,0,-0.560440940307086,4,24.7013745384658,24.0648118392414,0,0,24.7013745384658,24.7013745384658,24.5930075195028,24.8338466973284,24.57896612367,-0.108367018963008,0.132472158862534,-0.122408414795789
53,2019,"North East",2512,7.82893614905459,61.2922412259738,28.2144555161654,157.793617030879,5.06128795785272,34.4910099078203,973.145064751817,0,0.84043896473449,4,30.7809769624119,31.3469173649311,0,0,30.7809769624119,30.7809769624119,29.8872087132813,30.5050648465126,30.8142396262849,-0.893768249130574,-0.275912115899263,0.033262663873014
54,2019,"North West",1046,6.95261453172059,48.3388488266923,22.0772527609066,201.533972949786,5.30595796742239,39.1199042449553,863.660013998341,0,0.404904204619336,4,29.9438320684154,29.2871066454935,0,0,29.9438320684154,29.9438320684154,27.8439247556319,28.7110382946017,28.6171806039187,-2.0999073127835,-1.23279377381371,-1.32665146449666
55,2019,"Center",10535,9.26249186167236,85.7937554875466,17.3736792688644,152.01907181741,5.02400598545822,14.2745918469729,248.002180443253,1,0.380948323989116,4,23.9548302391794,25.5629332726792,0,0,23.9548302391794,23.9548302391794,23.7745907791805,25.3100176907791,25.2897163420429,-0.180239459998898,1.35518745159971,1.33488610286348
56,2019,"North West",3669,8.20778061879011,67.3676626861866,18.790174250878,295.177585043671,5.6875771584195,31.5193505485285,592.254089081359,0,1.47702146868386,4,27.3932605907934,28.0316780894863,0,0,27.3932605907934,27.3932605907934,27.6158238830981,27.3855030705482,28.0021269214033,0.222563292304681,-0.00775752024518539,0.608866330609903
57,2019,"South and Islands",3034,8.01761693581971,64.282181329543,15.8264240247109,90.7841463809841,4.50848467103464,12,189.917088296531,1,-0.570562651597994,4,22.0245850778483,20.6761765299849,0,0,22.0245850778483,22.0245850778483,21.2046153158637,22.0611514022349,21.2345823033354,-0.81996976198468,0.0365663243865733,-0.790002774512928
58,2019,"Center",2469,7.8114198506094,61.0182800824945,27.7670459018779,323.680820452348,5.77975790818003,14.8655586822988,412.772650288451,1,-0.114063003985155,4,28.0534436041181,28.4431694984852,0,0,28.0534436041181,28.0534436041181,27.9553498535057,27.938155891431,28.6793681226512,-0.0980937506123745,-0.115287712687135,0.625924518533132
59,2019,"North East",4355,8.37898933795752,70.2074623256058,28.6680760796735,13.0502829523994,2.56880981570985,21.8629690917742,626.769261250531,0,1.36103702332733,4,29.5027158905327,28.4238657127619,0,0,29.5027158905327,29.5027158905327,28.2150665790376,28.2481875027225,28.6078987575129,-1.28764931149511,-1.25452838781016,-0.894817133019728
60,2019,"South and Islands",3224,8.07825944494832,65.2582756598967,22.0434631408639,226.651504818956,5.42341361676017,19.0566189928074,420.073878357435,0,0.819848812939287,4,25.594553693195,26.7462229635472,0,0,25.594553693195,25.594553693195,25.5496874938263,26.5446128271146,26.3252367866255,-0.0448661993686734,0.950059133919627,0.730683093430514
61,2019,"South and Islands",13537,9.51320723340575,90.5011118657234,23.715203285316,76.6701021654376,4.33951183010464,16.1807472828605,383.729711121361,0,0.215311372633384,4,24.2847785597476,24.7390037519469,0,0,24.2847785597476,24.2847785597476,23.6827088570341,25.3278713032246,24.588737153651,-0.602069702713425,1.043092743477,0.303958593903417
62,2019,"North West",3865,8.25975577911217,68.2235655305768,21.8100333690739,188.809482305363,5.24073847652523,30.5734622641382,666.808232188975,1,0.0437958488982893,4,30.602991506199,29.0227648896054,0,0,30.602991506199,30.602991506199,28.1455450630017,28.28018745551,28.7757010940795,-2.45744644319737,-2.32280405068908,-1.82729041211959
63,2019,"North East",771,6.64758913097971,44.1904412543195,19.7149957813878,207.470320623291,5.33498829629977,29.6744847713571,585.03234208216,0,1.16916217446322,4,29.0911526686375,27.528026713052,0,0,29.0911526686375,29.0911526686375,27.1259930690397,27.1118286524814,26.9207703931746,-1.96515959959783,-1.97932401615613,-2.1703822754629
64,2019,"South and Islands",5724,8.6524026195825,74.8640710913582,22.1139546805716,157.884954066028,5.06186662898253,22.2233874973054,491.446983964193,0,-0.550791462639458,4,25.4067462087718,23.9392063815279,0,0,25.4067462087718,25.4067462087718,24.4075947095198,24.8661112635042,24.2823885634218,-0.999151499251997,-0.540634945267502,-1.12435764534994
65,2019,"Center",1228,7.11312634674559,50.5965664247663,27.874501500398,160.647375374226,5.07921174788858,21.3608879397566,595.424102926579,1,1.84985948343589,4,30.7212910196831,29.6585778234613,0,0,30.7212910196831,30.7212910196831,29.7940280484142,28.9424507023052,29.7224903586007,-0.92726297126881,-1.77884031737786,-0.99880066108236
66,2019,"North East",2454,7.80567453286042,60.9285549129458,19.9812530185692,243.529370313655,5.4952375525535,32.707460111643,653.536036085498,0,0.632497299166768,4,27.0080518578252,24.5223536754865,0,0,27.0080518578252,27.0080518578252,25.9533310966074,25.3155769225896,25.6186271302373,-1.0547207612178,-1.69247493523553,-1.38942472758788
67,2019,"North West",6013,8.7017478552855,75.7204157369658,23.8645921133391,51.5890389553216,3.943309226576,26.4083519491256,630.224547651387,1,0.38533510284832,4,28.4347869372522,28.2233086175534,0,0,28.4347869372522,28.4347869372522,27.7301034243704,27.8480064219716,27.9742127577448,-0.704683512881797,-0.58678051528053,-0.460574179507319
68,2019,"North East",2203,7.69743854002891,59.2505600775225,23.307582430971,141.776630536706,4.95425279471004,24.1234731456225,562.259838862911,0,-2.06751230476916,4,24.7739856843593,22.8211595086928,0,0,24.7739856843593,24.7739856843593,24.3179231189702,24.3184813770799,24.2276666170852,-0.456062565389075,-0.455504307279373,-0.546319067274116
69,2019,"Center",630,6.4449849189022,41.5378306048768,19.4416756992787,235.615132137208,5.46219967780152,26.2198956392826,509.758707887865,0,2.04533516688494,4,27.4884681009189,26.3232033827926,0,0,27.4884681009189,27.4884681009189,26.0136451137072,26.2401500842634,25.9690300859983,-1.47482298721168,-1.24831801665555,-1.51943801492059
70,2019,"North West",1064,6.96954796916057,48.5745988944302,19.9569040798752,280.507043049349,5.63659883355786,29.6134713290892,590.993206786767,0,-0.833468264216774,4,26.0309737669929,26.5576720080882,0,0,26.0309737669929,26.0309737669929,25.5214189906792,26.5205567108454,26.4215895890721,-0.509554776313625,0.489582943852547,0.390615822079251
71,2019,"North West",3684,8.21179052043495,67.4335035515052,19.3036294098065,146.002338094307,4.98362263592467,29.4027284409602,567.579373461473,0,-0.918339076825339,4,26.982487855588,25.9646192507336,0,0,26.982487855588,26.982487855588,24.8045688435576,26.0786924025871,26.2662821858573,-2.1779190120304,-0.903795453000903,-0.716205669730744
72,2019,"North West",3919,8.27354131106538,68.4514858259055,17.4880792584055,468.979495665764,6.1505590482278,25.3302604528473,442.977602435449,0,-0.212719909063773,4,25.7370433984267,27.0173630487324,0,0,25.7370433984267,25.7370433984267,25.42316265758,26.4812137752174,26.1086985060587,-0.313880740846741,0.744170376790738,0.371655107632009
73,2019,"Center",2444,7.80145317039013,60.8626715697902,21.6178529510469,71.4823466231236,4.26945051883915,21.8431689498278,472.20241434225,0,-1.54277529769251,4,23.7377532809376,23.0933429558435,0,0,23.7377532809376,23.7377532809376,23.029304865002,24.2789490174565,23.8076399685089,-0.708448415935631,0.541195736518887,0.0698866875713016
74,2019,"South and Islands",3345,8.11533806876119,65.8587119702847,20.4956439218659,35.3378628375643,3.56495499074384,24.6206117551957,504.615291672996,1,-1.37071131340008,4,22.6191347463118,24.5466873064183,0,0,22.6191347463118,22.6191347463118,22.4297189687484,25.1727414128781,24.4227367194033,-0.189415777563337,2.55360666656631,1.8036019730915
75,2019,"North West",2927,7.98172878479618,63.7079943940439,26.1811691195106,179.280705844972,5.18895276659432,25.3278193291412,663.111921284656,0,0.491724138882028,4,28.7934202907618,28.7858897437825,0,0,28.7934202907618,28.7934202907618,28.6824742238907,28.3788088919432,28.7843522243615,-0.110946066871136,-0.414611398818618,-0.0090680664003493
76,2019,"Center",1901,7.55029670594786,57.006980347847,26.9691994237883,182.53620928517,5.2069485603845,21.4043126727935,577.257177001688,1,0.414310307224211,4,28.6150443053242,29.227947122136,0,0,28.6150443053242,28.6150443053242,28.8580582183195,28.5952000653254,29.0686270774762,0.243013912995309,-0.0198442399988643,0.453582772151947
77,2019,"South and Islands",4392,8.38747017455844,70.3496559291073,16.5132261609403,87.5853535775757,4.47261378736042,26.7837104535184,442.285468148091,0,-0.208993947885466,4,22.5491068942651,21.4167179255832,0,0,22.5491068942651,22.5491068942651,21.957817649519,22.8870716482807,22.07107390884,-0.591289244746037,0.337964754015609,-0.478032985425102
78,2019,"Center",1483,7.30152110011711,53.3122103754554,21.2773786888882,97.8004656031041,4.58292933779737,24.8402644020591,528.535712414721,0,-0.166371001415701,4,26.2551489322521,26.208247174697,0,0,26.2551489322521,26.2551489322521,25.3053119561312,26.2974512636368,25.4596595722404,-0.949836976120899,0.0423023313846898,-0.795489360011647
79,2019,"South and Islands",5328,8.580641379444,73.6274064826266,18.1036199932158,81.1794668635302,4.39666234405154,12,217.24343991859,1,-1.67079007932037,4,22.1978833477825,22.28363209876,0,0,22.1978833477825,22.1978833477825,21.3525828589593,23.2425070265043,21.7367620221343,-0.845300488823185,1.04462367872179,-0.461121325648136
80,2019,"South and Islands",5023,8.5217408100472,72.6200664336239,19.9281635156287,437.722614488899,6.08158540950348,14.4756039602905,288.472202708152,0,-0.44134346076065,4,23.0255367239186,22.4936539306753,0,0,23.0255367239186,23.0255367239186,23.4215836639201,23.570592112733,23.4083210788071,0.396046940001469,0.545055388814433,0.38278435488845
81,2019,"North West",8440,9.0407594456691,81.7353313544551,23.4970224739706,242.113800188598,5.48940786433763,34.8748367235962,819.454822270397,1,0.549626328216843,4,30.9432629592646,30.3791981252644,0,0,30.9432629592646,30.9432629592646,29.5042809808148,29.4270485665526,30.0237319229859,-1.43898197844977,-1.516214392712,-0.919531036278666
82,2019,"South and Islands",1832,7.51331324043667,56.449875848921,23.3282123057103,387.380987414528,5.95940867236672,13.4249680874202,313.180505740725,0,0.740570341199691,4,26.1488798114597,25.665846649586,0,0,26.1488798114597,26.1488798114597,25.5695525731757,25.8017514714873,25.6494905890731,-0.579327238283941,-0.347128339972336,-0.499389222386601
83,2019,"Center",3151,8.05540979335887,64.889626938942,21.3625165797272,87.771853543422,4.47474087456974,25.9828155641447,555.058328277034,0,-0.343087626172048,4,24.7231920963413,23.6904757226313,0,0,24.7231920963413,24.7231920963413,24.6619712029013,24.7458504884032,24.4398572302182,-0.0612208934399625,0.0226583920619099,-0.283334866123116
84,2019,"South and Islands",5431,8.59982054001394,73.9569133204456,15.320290370062,997.61770170704,6.90537013850174,22.5295778158071,345.159674053071,0,-0.109328714007815,4,22.5417519730781,20.5707121078399,0,0,22.5417519730781,22.5417519730781,21.4463915723428,22.1612087026771,21.4308506622109,-1.09536040073532,-0.380543270401024,-1.11090131086722
85,2019,"South and Islands",1247,7.12815015259071,50.8105245978789,18.8574504539401,98.3602302022533,4.58863655775043,15.1483021084819,285.658356472013,0,0.106661794896626,4,22.8351665897411,23.8976803187689,0,0,22.8351665897411,22.8351665897411,22.6264271925093,24.3917572605978,23.5593292195627,-0.20873939723176,1.55659067085672,0.72416262982167
86,2019,"North West",4347,8.37713352687729,70.1763661271316,22.5996985995985,84.7346808813158,4.43952497335948,25.2799222206485,571.31862280795,1,-1.69445458594374,4,26.54706758794,24.9800349127333,0,0,26.54706758794,26.54706758794,25.2812716387328,25.6523176152158,25.4789918768746,-1.26579594920719,-0.894749972724163,-1.06807571106537
87,2019,"South and Islands",3950,8.28140075149497,68.5815984068615,22.0198885358395,99.2017976535766,4.59715613563446,14.1834343706024,312.317643896059,0,0.489097046614514,4,24.9438345755616,25.3097941982917,0,0,24.9438345755616,24.9438345755616,24.8073208796257,25.5001228755848,25.3311570948103,-0.136513695935871,0.556288300023201,0.387322519248681
88,2019,"North East",600,5.90634009989238,34.8848533755968,28.5925662035851,230.453504896511,5.44004912797475,19.2529466646055,550.491152121827,0,1.70764489690293,4,30.5023558841294,30.4177515720413,0,0,30.5023558841294,30.5023558841294,29.8148568135694,29.4067064589884,29.8913787054581,-0.687499070559941,-1.095649425141,-0.610977178671259
89,2019,"Center",4290,8.36402878156594,69.9569774588634,24.6869162273504,134.303117934859,4.90009931945373,20.4863744869543,505.745410761569,1,-0.26747620973848,4,26.0434701753269,26.9422022594421,0,0,26.0434701753269,26.0434701753269,26.561465853406,26.9294338963829,27.0799984206172,0.517995678079107,0.88596372105599,1.0365282452903
90,2019,"North East",1169,7.0638614469767,49.8981385420838,19.9386265510294,208.473946326149,5.33981407576264,24.7278779496974,493.039923838452,0,-0.39136925565971,4,23.3633878188426,24.5098465435044,0,0,23.3633878188426,23.3633878188426,24.9054473944512,25.1026419566645,24.7287043794804,1.54205957560855,1.73925413782181,1.36531656063771
91,2019,"North East",730,6.59317521738884,43.4699594471904,28.6124942221479,92.0220156378816,4.52202784883302,26.8438038844163,768.068183543333,0,0.190475308415779,4,30.4641866523422,29.881552694065,0,0,30.4641866523422,30.4641866523422,29.3644709615762,29.3438589413334,29.6313677460598,-1.09971569076604,-1.12032771100881,-0.832818906282458
92,2019,"North West",6228,8.73680428225238,76.3317490663836,19.9990775329573,905.145664052674,6.80809588550243,24.9917940654086,499.812827201808,0,0.268167210964247,4,27.7502522937202,26.3341312202093,0,0,27.7502522937202,27.7502522937202,26.2838550313955,26.2667443733594,26.55123022553,-1.46639726232472,-1.48350792036088,-1.19902206819019
93,2019,"South and Islands",3443,8.14420534280697,66.3280806658056,24.2310592654736,232.76844482547,5.45004416038771,20.0745934726885,486.428664167005,0,-0.469822651353866,4,25.6001169917944,24.8720503876838,0,0,25.6001169917944,25.6001169917944,24.8541989450586,25.5713564958339,25.6043053046757,-0.745918046735778,-0.0287604959604906,0.00418831288134669
94,2019,"South and Islands",600,6.25321207361196,39.1026612375664,19.0602965380906,143.787710172065,4.96833797690629,18.3888816043771,350.497536383268,0,-0.676139511128113,4,23.8832520217439,23.2090410549722,0,0,23.8832520217439,23.8832520217439,22.7102756538807,24.0504454789408,23.0768459655585,-1.17297636786313,0.167193457196984,-0.806406056185402
95,2019,"South and Islands",4192,8.34082293834713,69.5693272888576,21.8146868794554,63.0293316549707,4.14360019986688,24.296802692434,530.027142907355,1,0.0557047689443001,4,24.6831789537108,25.050461151222,0,0,24.6831789537108,24.6831789537108,25.2232740136258,25.5992624599196,25.1495941582376,0.540095059915025,0.91608350620886,0.466415204526829
96,2019,"North West",5036,8.52430112702455,72.663709704192,23.1884565520054,45.9050471719048,3.82657507119354,25.3404936042969,587.606934949609,1,-0.768398867302175,4,27.0790927820146,25.8250233344756,0,0,27.0790927820146,27.0790927820146,25.9063941914,26.2405563265575,25.9844591987271,-1.17269859061469,-0.838536455457177,-1.09463358328757
97,2019,"South and Islands",6617,8.79735787529643,77.3935055860402,25.4387652801817,81.6469121781534,4.40240400092002,24.0524155561497,611.863753754282,1,-0.675771690102369,4,27.8535469374033,25.1119098762282,0,0,27.8535469374033,27.8535469374033,25.3903502074103,25.9510161707737,25.9789908920304,-2.46319672999298,-1.90253076662965,-1.87455604537288
98,2019,"South and Islands",4027,8.30068002126734,68.9012888154667,17.4525549287413,316.668811921635,5.7578564703929,12,209.430659144895,0,0.140732463622616,4,22.3784514152323,22.6355184890697,0,0,22.3784514152323,22.3784514152323,22.4431378817937,23.4172014218786,22.4924799648295,0.0646864665613869,1.03875000664631,0.114028549597151
99,2019,"North East",6188,8.73037169184298,76.2193898777332,26.5866361963024,598.689319883856,6.39474279892779,38.6531745776661,1027.65789032857,1,0.87638162261798,4,32.7539317310275,32.2124668986123,0,0,32.7539317310275,32.7539317310275,31.1360389707929,31.0263013013654,31.5362515733247,-1.61789276023459,-1.72763042966204,-1.21768015770273
100,2019,"North West",4516,8.41543462424921,70.8195399150124,24.0470403300795,163.838376028595,5.09888042986717,28.7551798820769,691.476970322993,1,-1.31619186162962,4,28.5334583725135,28.0144889218448,0,0,28.5334583725135,28.5334583725135,26.9582842784006,27.803999151296,28.0554369852983,-1.57517409411295,-0.729459221217542,-0.478021387215183
101,2019,"South and Islands",8717,9.07303447096045,82.3199545112365,27.9996453177103,211.349532116832,5.35351331322673,26.3614812503748,738.112125059964,1,0.209190042978629,4,30.9742975667855,28.5387557475814,0,0,30.9742975667855,30.9742975667855,27.9272365183251,28.4226039321399,28.4799463330956,-3.04706104846034,-2.55169363464555,-2.49435123368992
102,2019,"North East",10104,9.22070515879031,85.0214036253422,23.2207446505199,128.738204004672,4.85778091596535,27.2983283987871,633.88751313427,0,0.0768094317327854,4,27.3202028412947,27.6736864166931,0,0,27.3202028412947,27.3202028412947,26.3092513219097,27.4682894368852,27.2791022919045,-1.010951519385,0.148086595590499,-0.0411005493902472
103,2019,"South and Islands",11906,9.38481716862429,88.0747932885053,23.7134518890151,383.62787215884,5.9496729998036,15.0731605973962,357.436668641754,0,0.5111967232026,4,26.0974855653724,24.8345372592868,0,0,26.0974855653724,26.0974855653724,25.450539167616,25.3549146647891,25.2497408075209,-0.646946397756341,-0.742570900583267,-0.847744757851508
104,2019,"South and Islands",2229,7.70928758853484,59.4331151227373,29.191906676813,133.091372145419,4.89103590095154,21.4837819864479,627.152558813382,1,0.595322512459295,4,28.5095832389039,29.8598899846403,0,0,28.5095832389039,28.5095832389039,28.6360747056707,29.1858414790347,29.1194483259185,0.126491466766794,0.676258240130778,0.609865087014633
105,2019,"Center",4733,8.4623512737381,71.6113890801368,22.3056085903915,721.746438260134,6.58167388366441,23.1709568948818,516.842295162065,0,-1.28873355776974,4,27.2622634426606,24.1122516079732,0,0,27.2622634426606,27.2622634426606,25.218362310458,25.0185315133459,24.6089615826482,-2.0439011322026,-2.2437319293147,-2.65330186001239
106,2019,"North West",4924,8.50177784310496,72.2802264935104,25.2197739156614,103.15865002442,4.63626809469662,29.9860436366916,756.241241142519,1,-1.07530950429748,4,28.8741821739981,28.2092106195229,0,0,28.8741821739981,28.8741821739981,27.8558227460093,28.0765547629541,28.045553809155,-1.01835942798887,-0.797627411044022,-0.828628364843173
107,2019,"North East",9781,9.18824395987866,84.4238270662467,27.6501152452829,315.037347019158,5.7526911937633,18.3151604683247,506.416297685029,1,0.846638305634856,4,31.5875923649639,29.7326908340853,0,0,31.5875923649639,31.5875923649639,29.5931838212501,28.8639314502767,29.2475112433008,-1.9944085437138,-2.72366091468713,-2.34008112166309
108,2019,"Center",2399,7.78283339726288,60.5724956895505,21.9020455816592,148.361439359357,4.99965145437641,16.9667254591263,371.605994377281,0,1.14065425253773,4,26.542341510406,26.8838327451534,0,0,26.542341510406,26.542341510406,26.6461897668048,26.5621599325529,26.6698344282801,0.103848256398784,0.0198184221469404,0.127492917874143
109,2019,"North West",13384,9.50183041074257,90.2847811545123,26.9975057885298,45.4066498908818,3.81565856768857,35.2296191772715,951.111847666089,1,0.940352376261914,4,31.4939004830247,31.3290542288283,0,0,31.4939004830247,31.4939004830247,30.6350709633437,30.3955725982003,31.145017073854,-0.858829519681034,-1.09832788482446,-0.348883409170718
110,2019,"North West",46502,10.747260109,115.503599850503,27.4757160757597,853.32460064608,6.74914001513526,35.8987846192892,986.34481366444,0,1.86627629701237,4,33.1139651881733,32.2799339597989,0,0,33.1139651881733,33.1139651881733,32.2317303428532,31.0681986021628,32.330349702156,-0.882234845320177,-2.04576658601052,-0.783615486017361
111,2019,"North West",2418,7.79049691847451,60.6918422367608,23.8717644565466,104.436173941279,4.64857610912388,32.1691543740262,767.93447598304,1,0.689444650569614,4,30.3238829339132,28.9289059503269,0,0,30.3238829339132,30.3238829339132,29.0756818724506,28.4678251333699,28.7983437127765,-1.24820106146259,-1.85605780054325,-1.52553922113664
112,2019,"South and Islands",2507,7.82685880580282,61.2597187659732,23.0224793053641,56.568202226091,4.03544702921584,21.1451962703365,486.814843541685,0,0.0208424012347026,4,25.6930664659797,24.5245687770323,0,0,25.6930664659797,25.6930664659797,24.4081460193634,25.2824872797655,24.7973352371629,-1.28492044661627,-0.410579186214179,-0.895731228816807
113,2019,"North West",5009,8.51889920818224,72.5716437191679,28.8138866819661,256.993724385101,5.54905166586206,28.6323861961596,825.010331290433,0,-1.63621709863579,4,30.9817617906426,28.2910482448135,0,0,30.9817617906426,30.9817617906426,28.1430369682116,28.422957542964,28.6365750219079,-2.83872482243102,-2.55880424767862,-2.34518676873466
114,2019,"North East",3971,8.28670876610403,68.6695421742254,23.4231317527193,149.95936546843,5.01036436051994,27.6187041502837,646.916546151469,1,2.8458587097096,4,31.1800836057881,33.171988849192,0,0,31.1800836057881,31.1800836057881,31.3358985276439,30.9686838168592,30.6280413232882,0.155814921855796,-0.211399788928922,-0.552042282499851
115,2019,"North West",6156,8.72518422320872,76.1288397289303,21.2436980595929,70.2067912541502,4.25144504786472,34.8595837275514,740.546471191201,0,0.633133169702915,4,29.7717973135429,27.3767049826442,0,0,29.7717973135429,29.7717973135429,27.1474379890842,27.3009872810467,27.2475861420425,-2.62435932445868,-2.4708100324962,-2.52421117150041
116,2019,"North East",1394,7.24022364473771,52.420838425819,26.3591381598577,45.8538624414485,3.82545943597118,25.258687402574,665.797230981104,1,-0.156591119070658,4,29.2022928692085,29.0759931345427,0,0,29.2022928692085,29.2022928692085,28.8475833556549,28.5756975489369,28.6637072378091,-0.354709513553573,-0.626595320271583,-0.538585631399414
117,2019,"South and Islands",2834,7.94953665781213,63.1951330738988,22.3316186446649,270.941857882254,5.60190425130135,12,267.979423735978,1,0.0826906130926445,4,25.6392070938188,27.7608375093832,0,0,25.6392070938188,25.6392070938188,25.3125185607677,27.0100574028452,26.5459563037274,-0.326688533051087,1.37085030902636,0.906749209908547
118,2019,"North West",1979,7.5902684432804,57.6121750410582,24.6848498965324,284.643722114803,5.65123830040174,19.9272063618922,491.900097900534,0,-1.02135154764006,4,26.8403244206623,25.9844022611749,0,0,26.8403244206623,26.8403244206623,26.4863246793301,26.3069777171761,26.7410860644983,-0.353999741332167,-0.533346703486149,-0.0992383561639514
119,2019,"North West",1166,7.06094782719309,49.8569842183428,27.5707696562228,58.0484999284745,4.0612788667846,28.34960786082,781.620508174912,1,-0.616238766012751,4,30.975654600084,29.7111651037479,0,0,30.975654600084,30.975654600084,29.2719662755161,29.1930971350418,29.6207300597866,-1.70368832456792,-1.78255746504227,-1.35492454029744
120,2019,"South and Islands",2629,7.87448565648082,62.0075243541221,17.0518337992346,210.697309876316,5.35042255317437,24.2997309289878,414.354973167221,1,0.635303209183185,4,24.8057155611324,23.2377544150732,0,0,24.8057155611324,24.8057155611324,23.3800086597947,24.03298382735,23.8445267526229,-1.42570690133768,-0.772731733782415,-0.961188808509473
121,2019,"North West",2677,7.89257311623279,62.2927103950806,21.3727706368747,240.942016545526,5.4845563092962,29.2426537598085,624.996531621929,0,0.297046672513099,4,28.2548524410314,28.3517721520441,0,0,28.2548524410314,28.2548524410314,28.0385353432752,27.7783788204805,28.2407967829582,-0.216317097756253,-0.476473620550895,-0.0140556580732643
122,2019,"North East",3876,8.26244897898298,68.2680631302969,21.8314664422632,102.841689512596,4.63319081081774,27.9155735650592,609.437907502121,1,-0.0744896964789947,4,27.3733790503243,26.2490290896435,0,0,27.3733790503243,27.3733790503243,26.428188067372,26.4573711486225,26.5807301028611,-0.945190982952241,-0.916007901701747,-0.79264894746321
123,2019,"North West",8408,9.03698401522032,81.6670800913477,26.5923543911067,518.14062772838,6.250246687516,26.8834089237376,714.893137341071,1,-1.94215633328767,4,28.9576392486592,30.1333683498079,0,0,28.9576392486592,28.9576392486592,28.8757362835495,29.3189005856455,29.419090518782,-0.0819029651096912,0.361261336986324,0.461451270122804
124,2019,"Center",1990,7.59569078596107,57.6945185159339,20.0601836524665,91.4569203197428,4.51586804523506,26.7983999873119,537.580825337733,0,-0.984085430343316,4,23.4228727219098,23.3317406459602,0,0,23.4228727219098,23.4228727219098,23.6704698095623,24.4219041512583,24.057433175235,0.24759708765253,0.999031429348531,0.634560453325225
125,2019,"South and Islands",9645,9.1741573985261,84.1651639729312,19.2346328615867,109.438898502892,4.69536638897428,19.2269044383756,369.822447936966,0,-0.0403944781594508,4,24.3291590773343,23.5101186462192,0,0,24.3291590773343,24.3291590773343,22.8461370305403,24.2750560275277,23.3726817088259,-1.48302204679394,-0.054103049806578,-0.956477368508338
126,2019,"North East",5484,8.60964783399261,74.1260358253737,21.1837378856792,76.6829877999687,4.33967988194585,34.368249550303,728.047990063229,0,-0.493012413904232,4,26.3543377308678,25.1522357061924,0,0,26.3543377308678,26.3543377308678,25.3755932290712,25.8769655168576,25.8930691106824,-0.978744501796591,-0.477372214010234,-0.461268620185415
127,2019,"North West",1605,7.38059748675412,54.4732192614813,30.5861246467046,1186.70342524964,7.07893451103218,33.4537683252763,1023.22112789888,0,-1.70638128926076,4,30.7147606885946,30.9056751349174,0,0,30.7147606885946,30.7147606885946,30.2004550689727,30.426823193781,31.0279009824097,-0.514305619621954,-0.28793749481364,0.313140293815064
128,2019,"North West",4148,8.3303591908641,69.3948842488139,23.022818439231,113.663466640437,4.73324203549568,27.5585317363569,634.47507261793,0,0.891922406751805,4,28.1040030078482,27.1621419382132,0,0,28.1040030078482,28.1040030078482,27.9890401448751,27.1345344902463,27.302049522234,-0.114962862973055,-0.969468517601854,-0.801953485614131
129,2019,"Center",750,6.62068988929403,43.8335346102002,29.0744246146772,229.752106410149,5.43700092946428,27.8611398273728,810.046609589932,1,-0.921459149057769,4,30.6785977710743,28.937905604139,0,0,30.6785977710743,30.6785977710743,28.6049253719208,28.8276413980406,28.8958917598377,-2.07367239915352,-1.85095637303376,-1.78270601123661
130,2019,"North West",14654,9.59246654863166,92.0154144866175,20.9321632501284,336.851370657782,5.81964179644331,32.7598710971743,685.734969859215,0,1.01467100433184,4,28.0182432328305,28.4875637767167,0,0,28.0182432328305,28.0182432328305,27.8637196229646,27.9153042339604,27.8770295778704,-0.154523609865933,-0.102938998870123,-0.141213654960136
131,2019,"South and Islands",5345,8.58391503305447,73.6835972946985,20.2474342155925,96.9483634281695,4.57417850097031,22.9493976264263,464.666418728541,0,0.53088651401795,4,24.839484011992,24.7335932156475,0,0,24.839484011992,24.839484011992,23.8454643951289,25.2259938118646,24.6479127764739,-0.994019616863142,0.386509799872542,-0.191571235518136
132,2019,"North West",15177,9.62756857530282,92.6900766721583,21.5059498888704,120.217384858903,4.78930164441237,30.8234436572111,662.887434694401,1,1.35103761311015,4,29.3411278030117,27.8684161373812,0,0,29.3411278030117,29.3411278030117,28.5401371772558,27.5286626220768,28.4744288763429,-0.800990625755961,-1.81246518093491,-0.866698926668864
133,2019,"South and Islands",9079,9.11372089300676,83.059908515628,23.7118934950843,49.1226107217122,3.89431943229847,22.1289924917237,524.720313117272,0,-0.893793824521516,4,25.2267325725578,24.461644444542,0,0,25.2267325725578,25.2267325725578,24.248143169641,25.3304758670488,24.3481037953249,-0.978589402916743,0.103743294491068,-0.878628777232887
134,2019,"North West",2786,7.93232730146461,62.9218164175609,21.9860480119929,75.7270255960628,4.3271351059258,27.550683215591,605.730643941192,1,0.278274717135735,4,27.9621523984857,27.1625259194537,0,0,27.9621523984857,27.9621523984857,27.2813360424002,27.0385185513159,27.1417692456209,-0.680816356085479,-0.923633847169775,-0.820383152864782
135,2019,"Center",1288,7.16050393632851,51.2728166221761,20.3473863934113,227.479537023647,5.42706028719671,17.9223517335234,364.673015800626,1,-0.659385377331466,4,24.6167135858857,24.8411052098259,0,0,24.6167135858857,24.6167135858857,24.640958733483,25.1734643216513,24.9996933006009,0.024245147597302,0.556750735765615,0.382979714715248
136,2019,"North East",4234,8.35079244438363,69.7357344491748,18.3243501423213,57.8683428138775,4.05817047881625,22.9832873676008,421.153805145507,0,0.305439271663199,4,25.2083879336241,25.3048419439753,0,0,25.2083879336241,25.2083879336241,24.0826190238971,25.4205713954406,25.1326758107495,-1.12576890972705,0.212183461816458,-0.0757121228746165
137,2019,"North East",1097,7.00074946061391,49.010493010286,20.2712286468552,235.144704487406,5.46020108841563,31.9211363710872,647.080654045756,0,-0.326516166041466,4,25.7664532353196,26.2335030199603,0,0,25.7664532353196,25.7664532353196,26.2551106801099,26.4048152710226,26.6377618713265,0.488657444790302,0.638362035703,0.871308636006919
138,2019,"South and Islands",5233,8.56278387047051,73.3212676123899,23.0278099377925,59.9377865220025,4.09330713297847,18.7194891755317,431.068838866707,0,0.572208043476274,4,25.7331495560353,25.0168340173191,0,0,25.7331495560353,25.7331495560353,24.3612644949819,25.5233068804309,24.6762776739688,-1.37188506105346,-0.209842675604445,-1.05687188206655
139,2019,"North West",5703,8.64877231813048,74.8012626108601,19.7926161367709,286.734693777673,5.65855737630294,25.4293014980232,503.312403176587,0,-0.853041254588744,4,25.4235604743069,25.9677631368236,0,0,25.4235604743069,25.4235604743069,25.0420388700041,26.0278516310675,26.0961049694664,-0.381521604302737,0.604291156760599,0.67254449515956
140,2019,"South and Islands",5231,8.56235254713284,73.3138811413923,19.3062811058808,134.288182583468,4.89998810698053,24.0337008313901,464.001384265457,1,0.00649630537470096,4,23.6877306744626,24.3459824009326,0,0,23.6877306744626,23.6877306744626,23.7637180286626,24.9259267544676,23.9143761351947,0.0759873542000413,1.23819608000498,0.226645460732112
141,2019,"North West",3073,8.03027855577554,64.4853736833485,31.1629944906182,102.863046693034,4.63339845971206,31.4101765624701,978.8351591656,0,-0.232129853739978,4,31.0006414345436,30.6718246965228,0,0,31.0006414345436,31.0006414345436,30.780452009407,30.2564947868968,31.0364064835024,-0.220189425136585,-0.74414664764678,0.0357650489587407
142,2019,"South and Islands",6315,8.7507125363015,76.5749698929842,25.1605484142339,66.3285140027032,4.19461988019143,26.5276735232712,667.450813999256,0,1.018481423035,4,28.1606429270616,25.8863635343598,0,0,28.1606429270616,28.1606429270616,26.0857631976116,26.4941567097997,26.8827079618332,-2.07487972944991,-1.66648621726186,-1.27793496522833
143,2019,"North West",7424,8.9124861623957,79.4324095948949,25.3359907747066,106.140797678309,4.66476649271265,31.2050303749124,790.61036170322,0,1.23846839254309,4,29.1203618413863,31.048518342207,0,0,29.1203618413863,29.1203618413863,29.5556432211461,29.9197127031255,30.2895677495313,0.435281379759793,0.799350861739207,1.16920590814502
144,2019,"North West",7006,8.85446458431591,78.4015430749048,26.2082471210275,409.672947070534,6.01535915130246,31.8525349889953,834.799108422762,1,-0.717822753552813,4,28.8869110469876,30.4289655827713,0,0,28.8869110469876,28.8869110469876,29.7044438754148,29.6346921411378,30.3785802878808,0.817532828427112,0.747781094150106,1.49166924089313
145,2019,"Center",2637,7.87724248828792,62.0509492192884,28.1712346743704,165.823413189666,5.11092344617944,12.1411256169634,342.030498966486,0,-1.22570870499704,4,26.1475421726511,26.4445346447419,0,0,26.1475421726511,26.1475421726511,26.6178116930654,26.610090421331,26.7701581843757,0.470269520414291,0.462548248679866,0.622616011724631
146,2019,"North East",3131,8.04913539847484,64.7885806629806,21.1802330502808,89.5881152559853,4.49522266895082,29.8006298099248,631.184284419352,0,-0.712528628256111,4,25.94439675945,24.6761598969454,0,0,25.94439675945,25.94439675945,24.5350389868604,25.4538586263777,24.9914341994549,-1.4093577725896,-0.49053813307227,-0.952962559995015
147,2019,"North East",3043,8.0206557492373,64.3309186477734,23.7266454943722,49.5805055636811,3.90359772348287,23.3098495807434,553.064537529439,0,1.67106718515678,4,28.7899281670117,28.4983298388853,0,0,28.7899281670117,28.7899281670117,27.5387096221941,27.91631739597,27.8894083177801,-1.25121854481751,-0.873610771041665,-0.900519849231596
148,2019,"Center",2022,7.6118912236222,57.9408880002567,25.8429227362268,207.31330177047,5.33423118414855,18.2868885892069,472.58664889686,0,0.127746495102924,4,27.4681487296294,25.9184906025405,0,0,27.4681487296294,27.4681487296294,26.5726888813779,26.3079733109614,26.4973540054147,-0.895459848251562,-1.16017541866803,-0.970794724214716
149,2019,"North West",1344,7.20336402126172,51.8884532228078,27.7302037210873,124.995110952011,4.82827462415348,29.3932826168963,815.081714998026,0,0.574888871035653,4,28.4817975623241,30.8332678514354,0,0,28.4817975623241,28.4817975623241,30.1865166904826,29.9531745813838,30.2086597892,1.70471912815847,1.4713770190597,1.72686222687589
150,2019,"Center",3130,8.04890419527072,64.7848587446467,21.3852973650936,57.63954501526,4.05420887754118,25.9131337246116,554.160070362255,0,-1.17554589348512,4,24.5339490757931,23.3870728035708,0,0,24.5339490757931,24.5339490757931,23.7841409603612,24.5544322074376,23.845230485633,-0.74980811543189,0.0204831316445393,-0.688718590160025
151,2019,"North East",12756,9.45372635026684,89.3729419057295,19.844246671313,323.1423570966,5.77809296017313,36.9964677067489,734.16703113999,0,-0.346141946230298,4,26.9230841843134,26.5854314039874,0,0,26.9230841843134,26.9230841843134,25.4650315320547,26.7122769055786,26.7238221682274,-1.45805265225871,-0.210807278734762,-0.199262016085964
152,2019,"North West",4490,8.40971710400112,70.723341769329,24.8916085287092,303.787084453111,5.71632707593706,30.4341902225829,757.555948908802,0,-1.11010786922352,4,28.7302365255554,27.9790226929029,0,0,28.7302365255554,28.7302365255554,27.287143734956,27.9138629821439,27.9189176806486,-1.4430927905994,-0.816373543411572,-0.811318844906847
153,2019,"South and Islands",886,6.78667581969998,46.0589686817004,24.7650372652258,148.754486569277,5.00229720578114,19.0349331822113,471.400829598546,0,-1.25167805606941,4,24.4892055397878,23.5688034688017,0,0,24.4892055397878,24.4892055397878,23.8206397572841,24.7602649717004,24.5269649159084,-0.668565782503702,0.271059431912569,0.0377593761206647
154,2019,"South and Islands",13937,9.5422836440378,91.0551771432714,18.2268367894815,521.789808419972,6.25726484092885,17.1234126325683,312.105647332769,0,0.509450642378785,4,24.3271009588224,23.2102850809161,0,0,24.3271009588224,24.3271009588224,23.164745616805,23.9545579003982,23.2876590576018,-1.16235534201744,-0.37254305842422,-1.0394419012206
155,2019,"North East",1969,7.58540673385729,57.5383953180475,23.3082772004948,215.733900235475,5.37404570486386,27.601199856315,643.336417317248,0,-0.830752988205731,4,26.2605523365232,26.9749254751666,0,0,26.2605523365232,26.2605523365232,26.5159807610361,27.0440036798675,27.1758487965017,0.255428424512818,0.783451343344215,0.915296459978443
156,2019,"North West",5779,8.66195094008477,75.0293940884355,29.0881864410609,82.5781314855352,4.41374489348284,25.9713218411802,755.458651837047,0,0.376629539744297,4,31.3260925318428,30.5484653113337,0,0,31.3260925318428,31.3260925318428,29.4054638258405,29.7766262370362,29.908116201218,-1.92062870600229,-1.54946629480652,-1.41797633062474
157,2019,"North West",6584,8.79247301199364,77.3075816666366,26.6395616362761,41.8170302932196,3.73330367983915,38.9743127337927,1038.25860630337,0,1.23307016353062,4,31.2535559643137,30.7035429768008,0,0,31.2535559643137,31.2535559643137,30.0921579952027,30.0898399744826,30.6788986789565,-1.16139796911098,-1.16371598983108,-0.574657285357162
158,2019,"North West",7210,8.88318953332268,78.9110562849337,25.8492874791406,564.681128450357,6.3362611974031,35.0414003289629,905.795230775016,1,0.619200640109591,4,31.9639925588732,32.9694026523837,0,0,31.9639925588732,31.9639925588732,31.5995700469653,31.3078490745959,32.0575637584678,-0.364422511907875,-0.65614348427734,0.09357119959461
159,2019,"South and Islands",703,6.55493688995938,42.9671976313504,19.4572812090189,282.120323897896,5.64233366042487,17.1277927276167,333.260279591027,1,0.347163578923165,4,26.0574483583922,24.6371547533746,0,0,26.0574483583922,26.0574483583922,24.3201125699168,24.9535258013687,24.7516516610953,-1.73733578847539,-1.10392255702348,-1.30579669729688
160,2019,"South and Islands",7107,8.86885082432277,78.6565149440906,18.9280418884138,109.508369123699,4.69600097668932,18.3235537665053,346.828993237015,0,-0.0494110008511605,4,23.5905755838501,24.6708027267031,0,0,23.5905755838501,23.5905755838501,23.2834340385132,24.9612834579842,23.8233483512948,-0.307141545336911,1.37070787413405,0.23277276744469
161,2019,"North East",4141,8.32870984882218,69.3674077458676,24.1163239604115,91.6909631289886,4.51842382619454,16.5759373084571,399.750674078223,1,-0.557222881365068,4,28.2183808572739,27.5501144956136,0,0,28.2183808572739,28.2183808572739,26.2606751922273,27.146546425158,26.9642021993293,-1.95770566504657,-1.07183443211592,-1.25417865794459
162,2019,"North East",10226,9.23264891350767,85.2418059600943,24.9899253740585,214.112046029306,5.36649945757809,26.557466705578,663.669111096437,0,-2.07470349869189,4,25.7766060847991,26.1168254718732,0,0,25.7766060847991,25.7766060847991,25.8886244711249,26.6250522207138,26.5452123455412,0.112018386325897,0.84844613591471,0.768606260742157
163,2019,"Center",23184,10.0512370240252,101.027365713135,21.533478550102,177.927429341118,5.18137576682891,18.598727231516,400.495293899049,0,0.870233726548616,4,26.3860942795077,24.7699418724375,0,0,26.3860942795077,26.3860942795077,25.9822092740838,25.2423540708948,24.9361149056411,-0.403885005423913,-1.14374020861291,-1.4499793738666
164,2019,"North East",1309,7.17713216096265,51.5112260559245,24.056721705133,330.237621155486,5.79981245944628,29.9312957145534,720.048851279052,1,-0.230118369038562,4,28.3908939094146,29.0175286272453,0,0,28.3908939094146,28.3908939094146,28.8105311504387,28.4740524425365,28.907128152514,0.41963724102412,0.08315853312196,0.516234243099419
165,2019,"South and Islands",5221,8.56046159855143,73.2815027802737,18.7735363071492,285.488838606928,5.65420293413547,15.4172764971223,289.436800076083,1,-0.398001418644214,4,22.6047335863062,23.7159474258716,0,0,22.6047335863062,22.6047335863062,23.4660718048736,24.276905268088,23.6769463885391,0.861338218567333,1.67217168178182,1.0722128022329
166,2019,"North West",1888,7.54311704796342,56.8986147992764,24.7482312533743,351.112573906199,5.8611068954246,27.6719560960573,684.831968698448,0,-0.624806719180053,4,29.1484124163103,27.6969756487367,0,0,29.1484124163103,29.1484124163103,27.2186172022398,27.6356636985191,27.2688505904607,-1.92979521407051,-1.51274871779117,-1.87956182584958
167,2019,"South and Islands",4074,8.31233799422242,69.0949629301935,23.41699362737,119.6303059527,4.78440620367098,22.8979514712686,536.201183682524,1,1.31601931787156,4,26.0799680817596,26.9196716190515,0,0,26.0799680817596,26.0799680817596,26.5899084636412,26.8801786226268,26.8711397115529,0.509940381881563,0.800210540867223,0.791171629793343
168,2019,"North East",3119,8.04520585227801,64.7253372055283,19.1927788087284,50.8755394829532,3.92938224779407,33.7175325119617,647.133143478189,0,0.456362919431519,4,26.1997325954613,27.3841571245629,0,0,26.1997325954613,26.1997325954613,26.1214131445516,27.069143070031,25.8245926065718,-0.0783194509097136,0.86941047456969,-0.375139988889508
169,2019,"South and Islands",14262,9.56538674755751,91.4966236303489,23.5239892231081,80.0386114731342,4.38250916165319,20.0465775336187,471.575473861046,1,-1.82258278593168,4,23.6135094097676,24.0496815177162,0,0,23.6135094097676,23.6135094097676,23.121243150911,24.9923691200309,23.9768487549948,-0.492266258856542,1.37885971026336,0.363339345227264
170,2019,"Center",1389,7.23654744942077,52.3676189877182,25.0104829292856,78.9235229339617,4.36847931946325,20.8330893733468,521.045626136371,0,0.715911559686028,4,26.5131875010379,27.858242915362,0,0,26.5131875010379,26.5131875010379,26.9572102383541,27.5459541106471,27.116247122349,0.444022737316207,1.03276660960928,0.603059621311154
171,2019,"North East",2203,7.69763665384891,59.2536100546782,22.0607254758938,108.796194741283,4.68947635900583,30.8576449872993,680.742034897402,0,-0.575096474052088,4,26.4144496348915,26.1481797731229,0,0,26.4144496348915,26.4144496348915,25.4097539815941,26.4969432708259,26.5264563870305,-1.00469565329739,0.0824936359344512,0.112006752139024
172,2019,"North East",8402,9.0361987821638,81.6528884307785,23.6693630149408,315.65699425616,5.75465616283255,25.4962847932369,603.48082030344,0,-1.38905593080166,4,27.6384586323554,27.0324984845266,0,0,27.6384586323554,27.6384586323554,26.1098020194891,27.0509471618162,26.7893139066497,-1.52865661286625,-0.587511470539198,-0.849144725705692
173,2019,"North West",642,6.46450158371027,41.7897807257926,17.8785993122565,364.928441960354,5.8997012849386,27.123193600867,484.924710458659,0,0.41240804911941,4,26.9301200981955,27.295533155195,0,0,26.9301200981955,26.9301200981955,26.6454635472595,26.7324171667424,26.3529273495707,-0.284656550936024,-0.197702931453069,-0.577192748624807
174,2019,"North East",653,6.48173044388455,42.0128295471798,24.9098214752966,178.795178419637,5.18624089604269,28.3580499329313,706.393961216864,0,0.914129191378566,4,29.0850433956007,29.0483109412726,0,0,29.0850433956007,29.0850433956007,28.4218672988332,28.525610253689,28.7716091656871,-0.663176096767486,-0.559433141911626,-0.313434229913575
175,2019,"North West",12935,9.46771137221099,89.6375586274933,25.4530967655912,309.39504861297,5.73461893482077,26.4517320641675,673.278495846747,1,-0.282383289137288,4,29.3991500758365,29.107789876648,0,0,29.3991500758365,29.3991500758365,28.9357012690883,28.5528043321059,28.704465956733,-0.4634488067482,-0.846345743730659,-0.694684119103492
176,2019,"South and Islands",3254,8.0877670330968,65.4119755816475,26.8096711252702,241.914605157376,5.48858479263246,24.9373394241069,668.561868699539,0,-0.967965818993479,4,24.7387947028824,25.1105169938823,0,0,24.7387947028824,24.7387947028824,25.5238194853866,26.1010069789687,25.411780387744,0.785024782504141,1.36221227608627,0.672985684861548
177,2019,"North East",13496,9.51013675924503,90.4427011795435,28.4955153383302,95.0311855343814,4.5542051065151,27.5317834402798,784.532357314078,1,-2.2344747405585,4,28.6066501852352,25.9679115220955,0,0,28.6066501852352,28.6066501852352,26.0830312282056,26.8863623254086,26.3724292044173,-2.52361895702961,-1.72028785982664,-2.23422098081796
178,2019,"North East",1121,7.02183034888553,49.3061014485299,26.2138469394153,229.154028826917,5.43439439241488,22.9627998262115,601.943319944741,0,-1.50425529931315,4,27.0686989296407,28.0585582070701,0,0,27.0686989296407,27.0686989296407,26.7519046222465,27.8441769931467,27.8646457971907,-0.316794307394233,0.775478063505972,0.795946867549951
179,2019,"Center",7596,8.93541111586085,79.8415718094497,21.9335143332344,140.593402573829,4.94587205490315,22.7476474631449,498.935851680254,0,-0.700011193075895,4,24.4605416757366,25.0756294317307,0,0,24.4605416757366,24.4605416757366,24.6274203922997,25.5827888977241,25.5370509060209,0.166878716563126,1.12224722198753,1.07650923028426
180,2019,"South and Islands",3380,8.1257597941172,66.0279722316916,24.6557809495184,351.671690054688,5.86269804165573,28.7065336247447,707.782004871691,0,2.52156540939064,4,31.3066262809348,29.657085953465,0,0,31.3066262809348,31.3066262809348,28.8736436246046,28.8971140273317,29.1475718868794,-2.4329826563302,-2.40951225360316,-2.15905439405546
181,2019,"North East",11688,9.36627757538556,87.7271556191705,24.2779324816379,118.275206304776,4.77301416579619,22.6166737187207,549.086077502335,1,0.609257500779211,4,27.9200995554845,28.6009028059292,0,0,27.9200995554845,27.9200995554845,28.6442379913157,28.0079646838851,28.5860515075453,0.724138435831208,0.0878651284005549,0.665951952060734
182,2019,"Center",2117,7.6576698767183,58.6399079407989,24.9008672990923,103.666511320693,4.64117912499578,23.6452872490293,588.788160036997,0,-0.576586765213279,4,26.415747976941,24.9708608208547,0,0,26.415747976941,26.415747976941,25.2897005616587,25.8016990200854,25.6459311756509,-1.12604741528238,-0.614048956855687,-0.769816801290148
183,2019,"South and Islands",2968,7.99578240650991,63.9325362922533,18.7687980756475,230.26255499164,5.43922020129983,19.3552238347435,363.274287863261,0,-6.97089267394287e-05,4,22.9236195477733,23.7110617137369,0,0,22.9236195477733,22.9236195477733,23.324521527904,24.3667399410433,23.867399302931,0.400901980130694,1.44312039327002,0.943779755157681
184,2019,"North East",861,6.75770435512279,45.6665681512455,18.6839678417482,133.784893148889,4.89623323510815,34.5724014115463,645.949636185342,0,-0.457170777980535,4,24.180868874161,24.7740224956408,0,0,24.180868874161,24.180868874161,24.3025564789589,25.3898837842543,24.9181715013743,0.121687604797909,1.20901491009328,0.737302627213317
185,2019,"South and Islands",1688,7.43100383785547,55.2198180382228,22.082590168244,146.604313607897,4.9877372133573,21.7049061362044,479.300546846005,1,1.67333223124098,4,26.8528093179706,26.6154932431969,0,0,26.8528093179706,26.8528093179706,26.5938975991355,26.5390721404575,26.4232785240855,-0.258911718835076,-0.313737177513087,-0.429530793885132
186,2019,"North East",5889,8.68081412661224,75.3565339007906,27.6299979781048,274.250305501068,5.61404121310574,25.9866444562064,718.010933782711,1,0.412324741752344,4,30.0809155207014,30.1997612689955,0,0,30.0809155207014,30.0809155207014,28.8963334224577,29.4247927027748,29.5370842059801,-1.18458209824369,-0.656122817926594,-0.543831314721245
187,2019,"Center",815,6.70328053240818,44.9339698961625,23.1455791844714,49.0314178249851,3.89246127274423,23.5405923129216,544.860643428086,0,-0.86164030098008,4,25.3443892969215,24.239203230674,0,0,25.3443892969215,25.3443892969215,24.1908740328196,25.1826597930164,24.5279862563581,-1.15351526410194,-0.161729503905129,-0.816403040563422
188,2019,"North East",11403,9.34165592918191,87.2665354992196,18.9715476495541,111.198770163588,4.71131932207536,28.7300609614149,545.053720504076,0,-0.425676591529575,4,23.299504741659,24.5123213593242,0,0,23.299504741659,23.299504741659,23.671935587881,25.1139073489572,24.4514437692553,0.37243084622202,1.81440260729822,1.15193902759633
189,2019,"North West",2571,7.85223441378577,61.6575852890416,23.677631221251,141.790196496244,4.95434847557433,24.3897136643817,577.490645737137,1,0.710336329823387,4,30.9700981542165,29.4878072472378,0,0,30.9700981542165,30.9700981542165,29.1644856856869,28.5691777199765,29.4489314767067,-1.80561246852957,-2.40092043424001,-1.52116667750975
190,2019,"South and Islands",5012,8.51968377877643,72.5850116903462,23.3950155228657,226.22193507703,5.42151653102753,25.6992160224026,601.233557769588,1,0.708989183627062,4,28.2007943497556,27.0654655772395,0,0,28.2007943497556,28.2007943497556,26.7029495558691,27.0530584985473,26.8550346733702,-1.49784479388649,-1.14773585120828,-1.34575967638543
191,2019,"North East",10499,9.2590416406028,85.7298521024165,22.0232015752187,52.4588365439446,3.96002879622757,25.4254292998584,559.949354607254,1,-0.849542137476995,4,28.4146315525531,25.6147270613226,0,0,28.4146315525531,28.4146315525531,25.2729772015825,26.0054321406221,25.7410917880079,-3.14165435097062,-2.40919941193103,-2.67353976454518
192,2019,"North West",899,6.80108582865328,46.2547684487085,22.7282568248516,245.865618269229,5.50478511947582,28.8769349901064,656.322394769682,0,0.648812373577382,4,29.3812733789845,27.9233301097436,0,0,29.3812733789845,29.3812733789845,27.3465480454308,27.6257674609639,27.8401804378604,-2.03472533355364,-1.75550591802063,-1.54109294112409
193,2019,"North East",1215,7.10260191267559,50.4469539299429,20.7152906043684,86.4860872560793,4.45998356003136,21.892188803859,453.50305303764,0,-0.665796203110901,4,24.4827698200972,24.7303146032188,0,0,24.4827698200972,24.4827698200972,24.6282929283384,25.2368995869236,24.2787292045266,0.145523108241242,0.75412976682636,-0.204040615570566
194,2019,"North West",1253,7.13313525091944,50.8816185079096,26.4642510608933,612.187172256854,6.41703807277472,30.1215448286997,797.144124688663,0,-0.249100681056305,4,32.146070605723,29.5925556846101,0,0,32.146070605723,32.146070605723,29.4928373502015,29.073773489397,29.4619386611948,-2.65323325552156,-3.07229711632599,-2.68413194452818
195,2019,"Center",3703,8.21687824560942,67.5170881031693,21.5404631077108,23.7388333954679,3.16711224709235,21.0153000011203,452.679294371607,1,-0.597068857102999,4,24.1975862222625,23.6310652089742,0,0,24.1975862222625,24.1975862222625,24.2108525268799,24.5894085585874,24.6749172969236,0.0132663046174493,0.391822336324925,0.477331074661109
196,2019,"North West",2513,7.82926581363299,61.2974031805222,28.0267057311191,299.115569233563,5.70083001788719,32.7017870282974,916.523361923818,0,1.09786272015585,4,32.579136953053,31.6111482372795,0,0,32.579136953053,32.579136953053,31.13748933657,30.5896028858637,31.3468572875108,-1.441647616483,-1.98953406718931,-1.23227966554215
197,2019,"North West",4461,8.40318290656904,70.6134829612541,23.6200163112496,425.767191917226,6.05389269903811,20.6222969006138,487.09898916793,0,-1.07384664367958,4,28.3296687322686,26.169803560397,0,0,28.3296687322686,28.3296687322686,26.0726748840425,26.3563989772408,26.134981193183,-2.25699384822605,-1.97326975502772,-2.19468753908553
198,2019,"North West",6120,8.71926753015248,76.0256262623713,22.8195000625751,109.72665025793,4.69799227540588,42.0591711047443,959.769257656569,0,-0.455577936549153,4,27.5603414287392,27.881078246899,0,0,27.5603414287392,27.5603414287392,27.226348163387,27.9873596832707,27.8778224425868,-0.333993265352294,0.427018254531443,0.317481013847516
199,2019,"North West",4954,8.50800983779356,72.386231399992,21.2741580710568,160.524226448913,5.07844487478617,29.9735430051935,637.661891842107,1,1.43275632162331,4,29.2995527512971,29.5978190532893,0,0,29.2995527512971,29.2995527512971,29.1319124041645,28.5755525517288,28.8537519141859,-0.167640347132576,-0.724000199568305,-0.445800837111189
200,2019,"South and Islands",600,6.08243572483225,36.9960243467157,17.5413308858898,218.329757098685,5.38600656713231,20.3638968986278,357.209853624976,0,-0.468965270848023,4,22.2235296617286,23.3382988854536,0,0,22.2235296617286,22.2235296617286,22.7128876614831,24.0526710346035,23.3126016474837,0.489357999754432,1.82914137287484,1.08907198575512
201,2019,"North West",928,6.83345357735485,46.6960877938638,31.8288825683064,178.65978205423,5.1854833383817,34.6198422434441,1101.91089329987,0,-0.0293820444276718,4,32.5325803359517,31.6225736582242,0,0,32.5325803359517,32.5325803359517,31.6121540505442,31.0507665924172,31.7977462383016,-0.920426285407515,-1.48181374353448,-0.734834097650161
202,2019,"South and Islands",1331,7.1935842898932,51.7476549357983,26.3751773025241,124.611437709615,4.82520039756268,18.2098748549225,480.288677955357,0,-0.632507798445637,4,26.4343979347221,26.2971520616622,0,0,26.4343979347221,26.4343979347221,25.9337861263657,26.5876151722137,26.1739145374666,-0.500611808356414,0.153217237491599,-0.260483397255499
203,2019,"North West",1700,7.43817053909526,55.3263809686647,27.8754864450571,712.183663897789,6.56833583305995,32.7603782077343,913.211478664642,0,-0.890633363050874,4,30.2342878017326,30.2192539765515,0,0,30.2342878017326,30.2342878017326,29.7026598556498,29.6976772682933,30.1810064972622,-0.53162794608285,-0.536610533439337,-0.0532813044703779
204,2019,"South and Islands",9372,9.14549313824118,83.6400447416165,19.1283634930871,76.7135195841423,4.34007795860479,28.0988586897046,537.485182757557,1,-0.954986626485922,4,23.6504865036243,24.7989802169188,0,0,23.6504865036243,23.6504865036243,22.8655678656735,25.2944550832605,24.1315105268445,-0.784918637950799,1.64396857963622,0.481024023220211
205,2019,"South and Islands",4632,8.44071498605271,71.2456694757748,16.0164995400006,219.170050291483,5.38984791385695,22.9156373057209,367.028294365898,1,0.101835006313344,4,23.0997812677794,21.1919082949108,0,0,23.0997812677794,23.0997812677794,22.0662139451611,22.6213794358865,21.804302863981,-1.03356732261831,-0.478401831892825,-1.29547840379839
206,2019,"North West",2342,7.75865627031366,60.1967471208775,20.4027555903184,1061.69578378892,6.96762270482291,22.6698469226637,462.52734603304,0,-0.475933053713292,4,27.3287077437871,26.1126176882102,0,0,27.3287077437871,27.3287077437871,26.1101647414182,26.1031493835311,26.3114674843525,-1.21854300236884,-1.22555836025596,-1.01724025943455
207,2019,"Center",2022,7.61204680923299,57.9432566259542,25.2862994940309,122.676602574043,4.80955164546548,19.110778977103,483.240880779255,1,-0.102285769721118,4,28.9419870584916,27.3146487488994,0,0,28.9419870584916,28.9419870584916,26.3411430105569,27.1709091350377,27.250913984439,-2.6008440479347,-1.77107792345393,-1.69107307405265
208,2019,"South and Islands",6474,8.77555363562978,77.0103416118151,27.8337336272084,167.440531169308,5.1206282504291,18.7326664654762,521.400048527405,1,-0.011535590522089,4,29.0543581561491,26.7359582754623,0,0,29.0543581561491,29.0543581561491,26.8201931446395,27.0009946361649,27.4317802909809,-2.23416501150967,-2.05336351998428,-1.62257786516825
209,2019,"North East",8729,9.07437183221604,82.3442241493159,27.6887073483143,113.584463748944,4.73254673416079,21.9856081369149,608.753069577752,0,1.54884996223385,4,30.1746866366895,28.9781723734042,0,0,30.1746866366895,30.1746866366895,28.9814974633754,28.5188415599932,29.0100190897568,-1.19318917331406,-1.65584507669626,-1.16466754693262
210,2019,"North East",937,6.84281190383664,46.8240747512885,23.7228251776677,75.1068690871715,4.3189120204618,23.9922910296571,569.164925708281,0,-0.872397739462949,4,27.0748169869964,25.2693295634927,0,0,27.0748169869964,27.0748169869964,25.6218729467619,25.8972666242429,25.7822477702358,-1.4529440402345,-1.1775503627535,-1.29256921676056
211,2019,"North East",1105,7.00750473407896,49.105122598139,20.227102320784,492.81616429951,6.20013621261382,19.9907352430041,404.354647227947,0,-1.0783887171924,4,24.9026156033128,24.4260033046081,0,0,24.9026156033128,24.9026156033128,24.2726103111673,24.9544483556182,24.6320472346294,-0.630005292145441,0.051832752305458,-0.270568368683385
212,2019,"South and Islands",2977,7.99853784267512,63.9766076207059,22.6462373617538,172.613092700339,5.1510526315102,26.2353945552273,594.13297237694,1,1.21810711665891,4,27.554537892998,28.2947371468017,0,0,27.554537892998,27.554537892998,26.6154320904136,27.7770778154798,27.3400983445248,-0.939105802584411,0.222539922481719,-0.214439548473216
213,2019,"South and Islands",1535,7.33612210166984,53.8186874906088,16.6250446728298,117.533925653765,4.76672702087824,16.4615997029199,273.674830447286,0,0.143884030819516,4,21.8500223037856,24.1956743182762,0,0,21.8500223037856,21.8500223037856,22.5946043596742,24.4356711684898,23.5387013677843,0.744582055888586,2.58564886470421,1.68867906399866
214,2019,"North East",2836,7.95023490617995,63.2062350634421,23.2634955551811,627.780563372616,6.44219068402514,30.2386668138702,703.45709101907,1,-0.393122123126167,4,26.365607379165,28.6488239326096,0,0,26.365607379165,26.365607379165,27.7155638521512,28.1743806364372,28.4487920204902,1.3499564729862,1.80877325727222,2.08318464132517
215,2019,"South and Islands",12564,9.43857849304564,89.0867639693837,21.6997584782476,472.187983749003,6.15737717695152,19.0349004820672,413.052743118338,1,-1.65546892370397,4,24.7254491706086,25.1032460309937,0,0,24.7254491706086,24.7254491706086,24.8412729289383,25.4783084254479,25.0716298728824,0.115823758329697,0.752859254839382,0.346180702273873
216,2019,"North West",6077,8.71229928454889,75.9041588235511,20.8430653222193,184.465018537999,5.2174598440839,28.7700311630214,599.655638853139,0,0.245915656631793,4,28.4844164098565,26.2760107351327,0,0,28.4844164098565,28.4844164098565,26.8941051048397,26.4048833090005,26.9473407339552,-1.59031130501678,-2.07953310085604,-1.53707567590132
217,2019,"South and Islands",4953,8.5078256064304,72.3830965494329,23.5810704865954,123.819287421912,4.81882314312308,23.223045098046,547.624263370408,1,1.35495653736557,4,27.3295451286142,28.7836722133227,0,0,27.3295451286142,27.3295451286142,26.9177010224106,28.0812262283944,27.7644804017374,-0.411844106203688,0.751681099780196,0.434935273123145
218,2019,"South and Islands",1625,7.3931737663834,54.6590183399398,20.7416749719374,96.8771051401641,4.57344321791652,16.4345146634361,340.879361470532,1,-0.493672636767381,4,23.952192121355,23.9336425710701,0,0,23.952192121355,23.952192121355,24.1192882872578,24.5931701103263,24.2695203176319,0.167096165902862,0.64097798897134,0.317328196276904
219,2019,"North East",2501,7.82455222429563,61.2236175107297,19.3410597953054,132.272265817351,4.88486241813506,27.4358184076702,530.637804355889,1,0.611106011592485,4,25.2897462649017,25.3632414276817,0,0,25.2897462649017,25.2897462649017,25.9122544206185,25.6544548779013,26.0946633444525,0.622508155716773,0.364708612999568,0.804917079550791
220,2019,"Center",10260,9.23604136614563,85.3044601171533,30.1659579245385,44.1594403526188,3.78780672871414,21.0905541545442,636.216769231181,0,-1.30796383710108,4,25.3013016444688,27.313914855461,0,0,25.3013016444688,25.3013016444688,26.8944847644861,27.6458194295172,27.4295016782998,1.59318312001726,2.34451778504834,2.12820003383099
221,2019,"North East",21644,9.98247919712546,99.6498909210426,22.5778047928054,443.323171162597,6.09429901009534,27.5303410326684,621.574665714949,1,1.7585878673227,4,28.6431674479114,28.3185683579481,0,0,28.6431674479114,28.6431674479114,29.320257319527,27.8228041849831,28.3527128318228,0.67708987161561,-0.820363262928257,-0.290454616088581
222,2019,"North East",729,6.59211036254007,43.4559190319081,24.3057492580535,425.604342810598,6.05351014194764,24.9027054150802,605.278913666109,0,-0.985841364740524,4,27.7992379053166,26.5641413585217,0,0,27.7992379053166,27.7992379053166,26.9083954031161,26.7942595114095,27.1232238942253,-0.890842502200488,-1.00497839390717,-0.676014011091322
223,2019,"North West",3539,8.17169424960016,66.7765869089484,16.9310586915684,125.007451825118,4.82837335012637,25.8538658945518,437.733320864595,1,-1.21041055168523,4,24.0943279742248,24.6423648055198,0,0,24.0943279742248,24.0943279742248,23.7604652577566,24.9425315211709,24.4766298729637,-0.333862716468186,0.84820354694606,0.382301898738902
224,2019,"North East",2506,7.82661469419212,61.2558975713441,22.2685910482553,85.271336227197,4.44583836317412,25.4294614157817,566.27827684543,0,0.292402587083059,4,27.1790396530594,25.504904042157,0,0,27.1790396530594,27.1790396530594,25.6206080931515,25.9582618164591,25.785119185824,-1.55843155990789,-1.22077783660033,-1.39392046723545
225,2019,"South and Islands",33236,10.4114015111743,108.397281426883,21.9327104887965,142.724452308893,4.96091586445562,16.0178835060948,351.315601582444,1,-0.0949734352796557,4,24.5509410190177,25.2066446214289,0,0,24.5509410190177,24.5509410190177,25.3095207313682,25.4791607298724,26.0247848499426,0.758579712350475,0.928219710854677,1.47384383092484
226,2019,"North East",7834,8.96623741384946,80.3934133615138,25.5102189918377,58.3935166348958,4.06720486714563,33.2644359074397,848.583044638737,0,1.82820609793919,4,30.9086610126179,30.2679591879674,0,0,30.9086610126179,30.9086610126179,29.03693255243,29.5100303020381,29.1690470877675,-1.87172846018789,-1.39863071057978,-1.73961392485046
227,2019,"Center",1599,7.37721859256308,54.4233541624584,22.0286334508778,207.02765013882,5.3328523598948,30.9509736732946,681.807653996776,1,1.78688223923566,4,28.889161041548,26.5438537519662,0,0,28.889161041548,28.889161041548,27.7459563724855,26.7463043574869,27.1396237018901,-1.14320466906252,-2.14285668406113,-1.74953733965795
228,2019,"Center",6879,8.83628327218729,78.079902066337,23.5488270194759,151.558461255738,5.02097143339193,26.5977891065635,626.346734770965,0,0.393992443883071,4,26.813799988591,26.1885643977573,0,0,26.813799988591,26.813799988591,26.6707428542169,26.5398801551842,27.1522424792708,-0.143057134374082,-0.273919833406836,0.338442490679753
229,2019,"Center",957,6.86396009303969,47.1139481588415,17.1346309383824,394.196378879494,5.97684920867819,22.8514589410331,391.5513153582,1,0.378877739816361,4,24.4041304966939,25.6649239905592,0,0,24.4041304966939,24.4041304966939,24.9476043565348,25.5417776342234,25.5401330150514,0.543473859840947,1.13764713752951,1.13600251835754
230,2019,"South and Islands",5086,8.53430489354574,72.8343600159987,24.3454954261652,91.6889339134342,4.51840169491857,19.6750286212266,478.998319307741,0,0.984011908085173,4,26.9007058996178,26.1459453109556,0,0,26.9007058996178,26.9007058996178,26.0509722334962,26.373077887463,26.0017772182996,-0.849733666121619,-0.527628012154814,-0.898928681318253
231,2019,"South and Islands",2260,7.7229965460833,59.6446756508146,18.7194560669326,131.829351072026,4.88150829129721,26.0992301769445,488.563392678074,1,-2.2397380632325,4,22.0014725203498,23.0478201382912,0,0,22.0014725203498,22.0014725203498,22.7197088315971,24.1031746929867,23.1898591196508,0.718236311247253,2.10170217263694,1.18838659930105
232,2019,"South and Islands",979,6.88698553107148,47.4305697051879,26.480629608868,94.1810239881299,4.54521871742704,16.4789407100841,436.372725290233,0,0.155034219309304,4,25.3459111208173,26.9328658012283,0,0,25.3459111208173,25.3459111208173,26.8846752791026,26.9397476585183,26.6622520117535,1.5387641582853,1.59383653770092,1.31634089093615
233,2019,"South and Islands",3106,8.04109546833501,64.6592163308779,21.1759649137227,54.8117417361163,4.00390443626004,21.5824343552781,457.028872660093,0,1.30898406102647,4,24.5278529913036,25.0591440392277,0,0,24.5278529913036,24.5278529913036,24.7695944026349,25.4756599228884,24.9070068895947,0.241741411331329,0.947806931584807,0.379153898291047
234,2019,"North West",5634,8.63654305034675,74.5898758604928,22.7422881943328,216.286263875808,5.37660282597627,21.2769913963055,483.887470243119,1,-1.41096664378478,4,28.1728599498816,27.075638883736,0,0,28.1728599498816,28.1728599498816,27.3801930451846,26.8736132404109,27.4837300368482,-0.792666904697018,-1.29924670947075,-0.689129913033462
235,2019,"South and Islands",4496,8.41096893601568,70.7443984426207,21.7851706003159,119.836693892923,4.78612993171249,12,261.422047203791,1,-0.114326071812829,4,24.0702786274821,26.5659526676401,0,0,24.0702786274821,24.0702786274821,24.2168604049324,26.2155846779762,25.6563151287999,0.146581777450308,2.14530605049412,1.58603650131787
236,2019,"North East",3095,8.03765810348319,64.603947788489,21.0069703443992,264.396841082397,5.57745116041144,23.7573156513104,499.069225349609,0,-0.0600266044493493,4,26.6437590424609,26.7025633066263,0,0,26.6437590424609,26.6437590424609,26.0223814788563,26.5567829110931,26.1580160426736,-0.621377563604653,-0.0869761313678126,-0.485742999787362
237,2019,"South and Islands",14491,9.58131331472522,91.8015648349307,19.6593247714652,213.386291180067,5.36310409678574,23.4784881929839,461.571224528881,1,-0.326073057637612,4,24.2264383466641,24.3611458037892,0,0,24.2264383466641,24.2264383466641,24.2100976247233,24.9528594408126,24.1373983528802,-0.0163407219407716,0.726421094148584,-0.0890399937839028
238,2019,"North West",2143,7.67003504825636,58.8294376414809,21.1955149599155,66.7433321157213,4.20085439889325,32.660211045807,692.249991815399,0,0.0998688379668647,4,25.7276162862216,26.5995860929135,0,0,25.7276162862216,25.7276162862216,26.8641941914889,26.7464827617794,26.6449517480085,1.13657790526722,1.01886647555781,0.917335461786859
239,2019,"South and Islands",15623,9.65647160197759,93.2474437997996,22.7590617844047,36.9081600618465,3.6084326664861,20.2489085325827,460.846160359809,0,-1.23212917425153,4,24.4980962314166,22.8377386724342,0,0,24.4980962314166,24.4980962314166,22.4713022523655,24.1692191193528,23.4128305739183,-2.02679397905111,-0.328877112063786,-1.08526565749829
240,2019,"Center",866,6.76413669760138,45.7535452638377,30.8002581571555,261.11444373734,5.56495879296992,17.0442045560088,524.965900408439,0,1.55525769814553,4,32.5235569147687,30.2389600358108,0,0,32.5235569147687,32.5235569147687,30.1487289190823,29.3892987552013,30.2788430367764,-2.37482799568639,-3.13425815956742,-2.24471387799226
241,2019,"South and Islands",3932,8.27688735066006,68.5068642155164,21.8285096321536,133.505536104244,4.89414294592614,18.5077870191197,403.997407216702,1,0.375773482160205,4,25.1436253768257,24.608406117741,0,0,25.1436253768257,25.1436253768257,24.9578711356816,25.1618305284187,25.319429266837,-0.18575424114411,0.0182051515930191,0.175803890011323
242,2019,"South and Islands",2753,7.92044020356727,62.7333730182847,26.9615807963997,134.580006537622,4.90215886633813,23.6204581834472,636.844891760993,0,-1.25322753350207,4,26.4461628171084,24.8579923347996,0,0,26.4461628171084,26.4461628171084,24.8116644476825,25.9102912637912,25.1059714229972,-1.63449836942585,-0.535871553317151,-1.34019139411118
243,2019,"Center",6916,8.84166251531435,78.1749960347149,19.8899567124314,146.25789466327,4.98537146525862,23.281264459016,463.063342300497,0,-0.630387297939961,4,23.9975342445103,24.2087487251967,0,0,23.9975342445103,23.9975342445103,24.1447752662935,24.8718445791362,24.1808353061073,0.147241021783156,0.874310334625871,0.183301061596925
244,2019,"North West",11705,9.36776819728033,87.7550809979768,22.2158997316515,47.1411858760628,3.85314705366299,27.6059690227736,613.291439805015,0,1.77873550700335,4,28.4464304580623,28.57486377525,0,0,28.4464304580623,28.4464304580623,28.2137115439878,27.953266303464,28.4347627391276,-0.232718914074425,-0.493164154598261,-0.011667718934671
245,2019,"Center",3899,8.26848431898736,68.3678329333399,22.3285785159506,188.815801088918,5.24077194241765,19.945030382452,445.3441768976,1,0.466439185820012,4,26.7814136828432,25.9294980577418,0,0,26.7814136828432,26.7814136828432,26.6746861401183,26.0772309132092,26.4722822144732,-0.106727542724908,-0.704182769633967,-0.309131468370037
246,2019,"North East",600,6.3776825726088,40.674834996958,30.5464424684231,586.85091539864,6.37477081039605,29.8994810761687,913.322778528891,0,0.782829975687686,4,32.0182730096686,31.9947026470563,0,0,32.0182730096686,32.0182730096686,31.8611092259646,30.9735524809368,31.7995073472546,-0.157163783704025,-1.04472052873176,-0.218765662414015
247,2019,"North West",2165,7.68034259667508,58.9876624023018,24.7954452732637,172.52448902558,5.15053919176097,32.7144483189517,811.16931293758,1,0.297796471707598,4,30.9556146445554,29.6720358246924,0,0,30.9556146445554,30.9556146445554,29.1504178439217,29.0451253629929,29.6195846026737,-1.8051968006337,-1.91048928156245,-1.33603004188167
248,2019,"South and Islands",1976,7.5886484684266,57.5875855773534,16.8044325525925,560.388483188025,6.32863026319533,24.458168257074,411.00563883596,1,-1.49727949558758,4,23.4208800062829,22.8560912699485,0,0,23.4208800062829,23.4208800062829,22.67554387413,23.7734192820969,23.0881490114329,-0.745336132152982,0.352539275813974,-0.332730994850035
249,2019,"Center",2582,7.85632558950887,61.7218517683719,26.6255203453127,174.942534313711,5.1644575446463,23.0056262186964,612.536768942559,1,0.502686683360903,4,30.5792851503239,29.2088929050479,0,0,30.5792851503239,30.5792851503239,28.4042667307473,28.6078130318909,28.6697930375215,-2.1750184195766,-1.97147211843304,-1.90949211280236
250,2019,"Center",4145,8.32966129213178,69.3832572416384,17.3497310523191,85.8416036465759,4.452503779958,24.8288426075685,430.773741581675,1,1.22531415568705,4,26.7960980230729,24.7945447930238,0,0,26.7960980230729,26.7960980230729,25.0034535936911,25.0540716514253,24.823767652683,-1.79264442938179,-1.74202637164761,-1.97233037038996
251,2019,"North East",844,6.73855374466888,45.4081065697909,18.0319658763115,38.0756957475711,3.63957617169559,27.758335903147,500.537365788741,0,-0.0775211462829832,4,22.7764507240477,24.4698236748637,0,0,22.7764507240477,22.7764507240477,23.6419143431068,24.9765270632636,24.3993761338367,0.865463619059184,2.20007633921589,1.62292540978908
252,2019,"North West",3201,8.07129713284922,65.14583740674,22.7259237608568,279.91151556036,5.63447353736986,28.9801318464342,658.600266921643,0,-0.213910366667925,4,29.4647595529375,27.5866742271002,0,0,29.4647595529375,29.4647595529375,27.5235432575615,27.4159054403239,27.5458309686308,-1.94121629537601,-2.04885411261357,-1.91892858430668
253,2019,"North West",2037,7.61909199640748,58.0505628497205,26.2172778335389,413.896765868885,6.02561658492586,38.7073459628567,1014.80124330712,1,-0.238850887345012,4,31.6639811231528,31.9655160480131,0,0,31.6639811231528,31.6639811231528,30.5456553753533,30.8327540604283,31.3461394101571,-1.11832574779957,-0.831227062724558,-0.317841712995779
254,2019,"North West",9127,9.11897202978301,83.1556508799649,28.1684318678315,492.698061962252,6.19989653603752,33.4436946672006,942.0564346416,0,-1.65131455301521,4,31.0144773744046,28.7020425692294,0,0,31.0144773744046,31.0144773744046,29.1040409471708,28.7928947933045,29.3618656664791,-1.91043642723384,-2.22158258110014,-1.65261170792553
255,2019,"South and Islands",1554,7.34833642907783,53.9980482749124,19.4380926687887,104.735134677842,4.65143463634836,22.4270898188796,435.939850190628,0,-0.526773427898059,4,22.9978684488721,23.742312706026,0,0,22.9978684488721,22.9978684488721,22.7936684267494,24.516909923764,23.8382864885789,-0.204200022122635,1.51904147489196,0.84041803970684
256,2019,"North West",1653,7.41053428763056,54.9160184281481,25.0625842598179,154.952717962934,5.04312002498301,23.9042279500387,599.101727163741,0,-0.177437622715379,4,27.6744925948256,28.7439681270527,0,0,27.6744925948256,27.6744925948256,27.7642632041221,28.2068326302942,28.5453973059321,0.089770609296508,0.532340035468607,0.870904711106444
257,2019,"Center",3005,8.00815505706209,64.1305474179491,19.9535349212463,51.9879288092564,3.95101155334964,26.6188307184879,531.139768304092,0,-0.804376986765968,4,23.2444179131183,23.9382088077525,0,0,23.2444179131183,23.2444179131183,23.4560102235507,24.7905964184636,24.2602892264133,0.211592310432422,1.54617850534532,1.01587131329496
258,2019,"South and Islands",6598,8.79454539024944,77.3440286211577,16.6279544920817,40.4843107034205,3.70091450901859,19.9580192734341,331.861036230752,0,-0.916622201416699,4,21.3470667696373,20.9198336899509,0,0,21.3470667696373,21.3470667696373,20.1646319679399,22.440548241077,21.3482435399596,-1.18243480169742,1.09348147143968,0.00117677032226737
259,2019,"South and Islands",9160,9.12265466097251,83.2228280633635,20.6445016864532,367.494238497639,5.90670764097255,16.1638627251271,333.694891288484,1,0.025493744755911,4,26.0701342342276,25.1684525396367,0,0,26.0701342342276,26.0701342342276,24.1041674044158,25.3582773403204,25.2605948771628,-1.96596682981174,-0.711856893907211,-0.80953935706474
260,2019,"North West",3688,8.2127897135098,67.4499148783323,25.4492829436191,207.193168310259,5.33365153836618,27.2719039189415,694.050399244337,1,-0.955333971808193,4,28.2333559425289,28.3774653608446,0,0,28.2333559425289,28.2333559425289,28.1452779875677,28.1175926542399,28.1753991080318,-0.0880779549611965,-0.115763288288992,-0.0579568344970518
261,2019,"North West",873,6.77225638209995,45.8634565048934,29.8218479642497,434.595263052853,6.07441516820668,35.1661683157719,1048.72012499816,0,-0.434952132051517,4,31.1526854952621,30.235316273037,0,0,31.1526854952621,31.1526854952621,29.9835883637558,29.9914530232721,30.439179840578,-1.16909713150627,-1.16123247199002,-0.713505654684099
262,2019,"North East",1748,7.4661887604431,55.7439746065668,23.5768319691388,93.9869341589858,4.54315577430018,26.8827526256672,633.810141523281,1,0.336902946631222,4,28.7890918037761,28.8093430508331,0,0,28.7890918037761,28.7890918037761,27.5566995717014,28.2059721756629,28.2365025307947,-1.23239223207473,-0.583119628113209,-0.552589272981425
263,2019,"South and Islands",1985,7.59331365360192,57.6584122419774,22.9852899217847,229.960175730524,5.43790614493346,21.6587281921209,497.83214683303,1,-1.97930117638623,4,23.2727341167442,25.6742833846537,0,0,23.2727341167442,23.2727341167442,24.4860962256655,26.0202993720296,25.2660124248057,1.21336210892128,2.74756525528534,1.9932783080615
264,2019,"Center",5438,8.60123526623285,73.9812481050877,25.5384709082662,475.02368965331,6.16336467574536,22.0725714363766,563.699723498532,1,-0.265392625427963,4,27.7826116552758,27.5244137841468,0,0,27.7826116552758,27.7826116552758,27.8059834992493,27.4195179610646,27.5716444751545,0.0233718439735249,-0.363093694211191,-0.210967180121344
265,2019,"North West",4628,8.43979397096384,71.2301222723177,25.7838154267548,53.1663419635557,3.9734255262696,21.9851017402848,566.859805409929,0,-0.290836929797685,4,27.8939362775643,26.6693907115148,0,0,27.8939362775643,27.8939362775643,26.6815760723434,26.8977430500837,27.1837222779076,-1.21236020522092,-0.9961932274806,-0.710213999656698
266,2019,"North East",4865,8.48975433377831,72.0759286479076,19.293203674452,118.191173948983,4.77230343170165,26.2587500387983,506.61541273506,0,-0.1607921007917,4,24.8593834576665,25.2501739176122,0,0,24.8593834576665,24.8593834576665,25.8994460049454,25.5499629784862,25.7599601843089,1.04006254727892,0.690579520819742,0.900576726642406
267,2019,"South and Islands",762,6.63643544096003,44.0422753620303,20.0664577409399,131.401946320574,4.87826091812174,23.5720931576218,473.008411212918,1,-0.492646698618837,4,23.8333563563295,23.8995676659045,0,0,23.8333563563295,23.8333563563295,23.6968616605564,24.699356192534,23.9624918457863,-0.136494695773074,0.865999836204487,0.1291354894568
268,2019,"Center",10306,9.24048578189598,85.3865774854217,26.3061560879478,340.141481555472,5.82936165327734,19.40784532716,510.545808507019,1,0.666598150942646,4,29.5175951098878,28.4838206327979,0,0,29.5175951098878,29.5175951098878,28.2385548047325,28.00271773063,28.2459272106152,-1.27904030515534,-1.51487737925786,-1.27166789927264
269,2019,"North East",5372,8.5888631013186,73.7685693731922,24.9147011862186,47.1909810933227,3.85420279580238,31.1746685277015,776.707550947097,0,-1.26366336995496,4,27.1308010136944,27.0109756314907,0,0,27.1308010136944,27.1308010136944,25.7873842439332,27.3280382845465,27.1368876448679,-1.34341676976115,0.197237270852071,0.00608663117348485
270,2019,"North West",11526,9.35234073837175,87.4662772866078,20.0144176504684,168.044905664691,5.12423123930931,26.1694213812102,523.765729194638,1,-0.630574169541706,4,25.912553111687,27.253203032738,0,0,25.912553111687,25.912553111687,25.8349969260939,26.8782684821371,25.8873557031163,-0.0775561855931066,0.96571537045001,-0.0251974085707616
271,2019,"South and Islands",918,6.82251040007179,46.5466481590877,18.0531710452428,173.764780158654,5.15770254648834,25.6803750664405,463.612203580437,0,-1.46545147765269,4,21.4400029560603,22.3139760953831,0,0,21.4400029560603,21.4400029560603,21.3546050879553,23.5697060205758,21.913798347487,-0.0853978681049519,2.12970306451553,0.473795391426762
272,2019,"Center",2257,7.7219408570103,59.628370599165,16.3100220015487,45.9964269183254,3.8285637177836,23.5634007225231,384.319584215661,0,0.253946241833614,4,23.1971119116033,23.900149645101,0,0,23.1971119116033,23.1971119116033,23.0473961366715,24.3704699933933,23.4486897711449,-0.149715774931806,1.17335808179007,0.251577859541641
273,2019,"Center",665,6.49975712302167,42.2468426582709,25.1506869922538,211.193624206356,5.35277536295955,21.3842181665127,537.827777680028,1,0.792738388999834,4,29.0333442099252,29.1557615948654,0,0,29.0333442099252,29.0333442099252,27.9299098080921,28.3946447476277,28.6916310610652,-1.10343440183308,-0.638699462297502,-0.341713148859991
274,2019,"South and Islands",4783,8.47282405121195,71.7887474027957,20.1543525495621,82.9244984629578,4.41793053673473,14.2173941154581,286.542373339012,0,0.603146901596724,4,23.5383560713294,24.131192948378,0,0,23.5383560713294,23.5383560713294,23.8889370488604,24.6153664876638,23.8209394951613,0.350580977530978,1.07701041633441,0.282583423831898
275,2019,"South and Islands",16354,9.7022093034077,94.132865367131,24.8606755788822,285.568214623712,5.65448093093752,12,298.328106946586,0,-1.38214490073846,4,24.2207054973265,23.3717573530006,0,0,24.2207054973265,24.2207054973265,23.6148005402513,24.4229167144845,23.6536339717806,-0.605904957075243,0.202211217158027,-0.56707152554586
276,2019,"North West",3525,8.16775976775715,66.7122996237924,32.8710496739317,139.277635840594,4.93646932116735,26.5599700782886,873.054095781563,0,0.331597315590395,4,32.2183780193159,31.5397885752158,0,0,32.2183780193159,32.2183780193159,31.8768383262813,30.7699254595994,31.8020099977557,-0.341539693034598,-1.44845255971649,-0.416368021560174
277,2019,"South and Islands",2947,7.98847864388527,63.8157910438111,20.1496189846557,1409.74507000668,7.25116416561197,20.7508912899557,418.122553084617,0,1.6076886548254,4,26.6932614033867,28.1400378641885,0,0,26.6932614033867,26.6932614033867,26.3292532509344,27.3127986859198,26.5292818601156,-0.364008152452289,0.61953728253307,-0.163979543271179
278,2019,"South and Islands",1647,7.40673818244663,54.8597705033128,24.2714183099258,250.347317161872,5.52284922236891,22.2450174369957,539.918123524915,0,1.17684934701753,4,28.3736758983517,27.2901013479395,0,0,28.3736758983517,28.3736758983517,27.4449612248106,27.1682302390977,27.4550572382699,-0.928714673541151,-1.20544565925398,-0.918618660081822
279,2019,"North West",2509,7.82771729453041,61.2731580430905,25.1393317357196,686.037576561046,6.53093240255377,24.9444148886165,627.085920838354,1,-0.180125399045931,4,30.7422239775025,29.8627454972943,0,0,30.7422239775025,30.7422239775025,29.4920422166544,28.9531137053172,29.7941139297286,-1.25018176084816,-1.78911027218531,-0.948110047773913
280,2019,"Center",4568,8.42679054615558,71.0107989087771,22.5567480712421,199.630935437656,5.2964703390307,22.1134730803521,498.808041253695,1,0.32949342864715,4,26.2737266789469,27.8139127705612,0,0,26.2737266789469,26.2737266789469,27.0756786793249,27.3479400009713,27.2249738447086,0.801952000377973,1.07421332202436,0.951247165761682
281,2019,"South and Islands",30571,10.3278002894729,106.663458819237,28.190519656624,84.0318715741706,4.43119615038245,25.3862751756837,715.652289348579,1,-0.081354565478345,4,28.1474033419457,27.4440252929035,0,0,28.1474033419457,28.1474033419457,27.2319237685262,27.7139636286522,27.3745123457125,-0.915479573419461,-0.43343971329341,-0.772890996233166
282,2019,"South and Islands",2995,8.00462875433872,64.0740814947863,26.0504407534012,448.089287739581,6.10499251554692,18.0925163703722,471.318025786324,1,0.526096766001481,4,28.543919131236,27.3369676541409,0,0,28.543919131236,28.543919131236,27.1719556844059,27.2141619278656,27.4120999244592,-1.37196344683011,-1.32975720337041,-1.13181920677675
283,2019,"North East",1413,7.25352138043048,52.6135724163621,27.6078315505969,482.691183937297,6.17937707843771,23.2028393478332,640.580080210541,0,1.09727462608851,4,30.5268222248079,29.9337357699603,0,0,30.5268222248079,30.5268222248079,29.5606724631605,29.1577826295776,29.4779105834452,-0.966149761647458,-1.36903959523033,-1.04891164136272
284,2019,"North East",1378,7.22826704714615,52.2478445048589,25.808430155204,376.38533547667,5.93061344700718,25.2621248094871,651.975783717692,0,-0.530757301307509,4,27.1836865921624,27.8937067482483,0,0,27.1836865921624,27.1836865921624,28.1324917067143,27.7797660844565,27.5331271460808,0.948805114551924,0.596079492294088,0.349440553918384
285,2019,"North East",991,6.89909850716658,47.5975602115882,24.1966798309703,418.355949145498,6.03633262313888,27.5668174646424,667.025456150752,1,-0.815346873050166,4,27.1679181264345,27.9689905774543,0,0,27.1679181264345,27.1679181264345,27.2237211379828,27.7530617305437,28.0346586112297,0.0558030115482673,0.585143604109142,0.866740484795216
286,2019,"North East",3368,8.12212086148731,65.9688472886074,22.7508841110908,37.3246476432334,3.61965390314582,21.2712320770327,483.939335884688,0,-0.713853825797606,4,24.7305594286352,24.3108952676074,0,0,24.7305594286352,24.7305594286352,24.0886366763933,25.1282085153294,24.4545595931932,-0.64192275224195,0.397649086694113,-0.275999835442086
287,2019,"North West",1595,7.37483174797819,54.388143310987,20.9054130666362,1254.88632533409,7.13480027004046,32.1010153513713,671.084985778845,0,0.550249240175623,4,29.1432620809761,26.5712743962802,0,0,29.1432620809761,29.1432620809761,28.1837120454507,26.6851073457725,27.4690714833109,-0.959550035525446,-2.45815473520365,-1.67419059766523
288,2019,"South and Islands",5491,8.61090979026595,74.147767416098,22.1945699900907,287.150245185476,5.66000558116847,26.9728983559923,598.651880397673,0,-0.208572626947741,4,25.265803289433,25.3930507831274,0,0,25.265803289433,25.265803289433,24.1829855474055,25.9242033996317,25.9720038988338,-1.08281774202746,0.658400110198755,0.706200609400771
289,2019,"North West",2475,7.81417395724872,61.0613146341441,23.6026370618744,183.19749323911,5.21056476895379,30.5236455146945,720.438526888644,0,0.110416560878401,4,28.590620563974,27.1693058834536,0,0,28.590620563974,28.590620563974,27.7916038421021,27.2811008863226,27.6735063327592,-0.799016721871912,-1.30951967765148,-0.917114231214846
290,2019,"South and Islands",4486,8.40861341237888,70.704779518838,22.4694135753127,64.9097077537779,4.17299719270552,18.8417691512127,423.363503549167,0,0.196678038955492,4,24.9964890316923,24.5613593207563,0,0,24.9964890316923,24.9964890316923,24.4487187745168,25.1936400626678,24.6020657265131,-0.547770257175468,0.197151030975551,-0.394423305179149
291,2019,"North West",5633,8.6364367554934,74.5880398316373,24.2858031269803,53.5712525793141,3.98101259172356,29.5689616608424,718.105981564447,1,-0.937444784816671,4,28.3085135216452,28.5133137402681,0,0,28.3085135216452,28.3085135216452,27.0429758362613,28.1664354005095,27.7974965440613,-1.26553768538391,-0.142078121135658,-0.511016977583857
292,2019,"Center",3948,8.28097824602704,68.5746007111731,23.8182793191722,121.416216448255,4.79922444835576,26.0200569986175,619.752985493851,0,0.473385698737793,4,26.1835070943788,27.7640350923912,0,0,26.1835070943788,26.1835070943788,27.2775442864535,27.5420739288379,27.4974904228981,1.09403719207474,1.35856683445915,1.31398332851934
293,2019,"South and Islands",844,6.73837987932901,45.405763398146,18.2657186712644,302.694823961232,5.71272511631501,25.8337284677745,471.871616422202,0,-1.79740596057535,4,21.3770080198642,20.1991706359978,0,0,21.3770080198642,21.3770080198642,21.0971164084165,22.2569027948207,21.2068025594859,-0.279891611447788,0.879894774956441,-0.170205460378337
294,2019,"South and Islands",1989,7.59524128944842,57.6876902449421,19.8257090297656,54.5483727360724,3.99908788114802,14.4760668530865,286.998289324727,0,-0.118747856670892,4,22.2683288112389,21.2428403573336,0,0,22.2683288112389,22.2683288112389,22.1681714163928,22.772901484084,22.5729889502054,-0.100157394846139,0.504572672845075,0.304660138966454
295,2019,"South and Islands",752,6.62325268724475,43.8674761590948,22.8483211165893,157.867309669195,5.06175486796684,22.1624083612686,506.373822955249,1,0.386566927462717,4,27.5358509653241,26.0000577118324,0,0,27.5358509653241,27.5358509653241,25.4266678676772,26.2288866827737,25.6952115239981,-2.10918309764692,-1.30696428255042,-1.840639441326
296,2019,"North West",800,6.68440998876631,44.6813368979189,26.4410490774224,222.925456832839,5.40683744128581,30.7075877603629,811.94083502101,0,1.04382384240132,4,30.2965087708559,30.3609647741334,0,0,30.2965087708559,30.2965087708559,30.2668255519582,29.5763661283814,30.2941221361558,-0.0296832188976914,-0.720142642474507,-0.00238663470008404
297,2019,"South and Islands",3520,8.16622369662251,66.687209463279,23.0872314417866,185.094155938946,5.22086464662801,17.5208691116818,404.508360242649,1,-1.02772277705923,4,26.0253506630531,24.4656045084193,0,0,26.0253506630531,26.0253506630531,24.2490196037413,25.1451133296776,24.6342743740675,-1.7763310593118,-0.880237333375462,-1.39107628898553
298,2019,"North East",600,6.18914207395574,38.3054796116092,15.7598627522302,534.04488633693,6.28047989223835,29.3976893888937,463.303550001658,0,0.106290437135441,4,25.3619333506792,23.9227843730523,0,0,25.3619333506792,25.3619333506792,24.4402090407485,24.4526264361844,24.687585830683,-0.921724309930656,-0.909306914494795,-0.674347519996154
299,2019,"South and Islands",854,6.75045884018,45.5686945529643,26.5210397644773,282.870875354424,5.6449905226876,19.8734186721608,527.063726860483,1,-0.635178405591151,4,26.4507278737219,25.3002128578445,0,0,26.4507278737219,26.4507278737219,26.1208172284718,26.025512155657,26.3206962840809,-0.329910645250163,-0.425215718064869,-0.130031589640989
300,2019,"Center",2787,7.93270039400651,62.927735541071,19.1140602033695,146.113058304887,4.98438069398835,16.8089223042962,321.286752878079,1,1.25529497074727,4,26.8703865639391,25.1946797280974,0,0,26.8703865639391,26.8703865639391,25.6125679390386,25.2706410343041,26.0556032284658,-1.25781862490051,-1.59974552963493,-0.814783335473308
301,2019,"Center",12959,9.46955919182975,89.6725512875673,23.6480653862791,85.0308287181654,4.44301388153585,19.0430871115609,450.332169170802,1,-2.21431321269366,4,23.9967988338641,23.9223526516818,0,0,23.9967988338641,23.9967988338641,23.5297987193201,24.8923251571611,24.1759366062046,-0.467000114543968,0.895526323297009,0.179137772340546
302,2019,"Center",1690,7.43268343126064,55.2447829893364,23.2861287099746,195.203549701973,5.27404285876228,19.6763122680533,458.185140011543,0,1.12468393039629,4,26.5152350850076,27.4276402195037,0,0,26.5152350850076,26.5152350850076,26.4400443187606,27.0949277937306,27.1269711462682,-0.0751907662470472,0.579692708722995,0.611736061260597
303,2019,"South and Islands",7072,8.86394846538389,78.5695823969814,22.1827894035084,113.732947261353,4.7338531324069,20.2404097588874,448.988747122116,0,0.16641870104709,4,23.8809101179183,24.492657753552,0,0,23.8809101179183,23.8809101179183,24.1722357987474,25.1660155989812,24.5126651787447,0.29132568082915,1.28510548106292,0.631755060826396
304,2019,"South and Islands",5242,8.5645204442674,73.3510104402742,27.7333394526529,54.1779160327033,3.9922733721428,21.4042350679396,593.610916863546,1,0.0344922354006611,4,26.6826984997545,28.4558523625324,0,0,26.6826984997545,26.6826984997545,27.438671685797,28.1724607723301,28.1444484554357,0.755973186042482,1.48976227257554,1.46174995568115
305,2019,"North East",10726,9.2804348441601,86.1264708967008,20.1827745359869,193.833941736,5.26700182207846,22.7634766806887,459.430117501535,1,0.0557382778010369,4,25.9556708551143,27.479729333521,0,0,25.9556708551143,25.9556708551143,26.234411202776,26.9498607742164,26.8112359698603,0.278740347661703,0.994189919102116,0.855565114746039
306,2019,"North East",600,6.37441032192416,40.6331069522533,25.4484992789207,486.939456076195,6.18813979518211,28.9224397382402,736.032686823233,0,-2.23347022452157,4,26.3881614136388,25.8897005424171,0,0,26.3881614136388,26.3881614136388,26.2800655584446,26.599483198916,26.6744042907029,-0.108095855194208,0.211321785277264,0.28624287706414
307,2019,"South and Islands",5512,8.6146351245289,74.211938328767,21.1691766605758,87.8331789529851,4.47543932166074,20.0356154906141,424.137483824178,0,1.13373091785263,4,25.8534845251484,26.3308489045615,0,0,25.8534845251484,25.8534845251484,24.5676331008355,26.2368495507125,25.181838782202,-1.28585142431285,0.383365025564174,-0.67164574294636
308,2019,"South and Islands",2205,7.69858832060587,59.2682621301692,18.6096920231578,380.853145993475,5.94241385723755,31.5913445349226,587.905192392381,0,-0.0102876616358904,4,25.2213548079293,22.7363814239803,0,0,25.2213548079293,25.2213548079293,23.0389290111948,24.0255320556553,23.8823587092149,-2.18242579673448,-1.19582275227403,-1.33899609871435
309,2019,"North East",10007,9.21101237670449,84.8427490038033,24.7892331815733,272.184136104866,5.60647880822829,29.9435204864285,742.276911615293,1,0.111188687757507,4,28.1133392610634,30.1646477024449,0,0,28.1133392610634,28.1133392610634,29.3016108140708,29.268903349611,29.0943084870752,1.18827155300739,1.15556408854754,0.980969226011787
310,2019,"South and Islands",6738,8.81547735732283,77.7126410374714,21.6221818171351,51.9096441093331,3.94950459389834,13.9322415027119,301.245458891872,0,-0.206285497144039,4,23.0780237646196,22.530182734116,0,0,23.0780237646196,23.0780237646196,23.2871608452538,23.7077835263162,23.0532072697347,0.209137080634132,0.629759761696619,-0.0248164948849272
311,2019,"North East",4446,8.39967415832811,70.554525966085,19.3413084699967,90.5755234363679,4.50618401580245,28.7888119511762,556.813292432428,1,0.824672854147144,4,27.8955228108882,27.5139981761671,0,0,27.8955228108882,27.8955228108882,26.844369400772,27.0457344080068,27.0985668004927,-1.05115341011626,-0.849788402881476,-0.796956010395547
312,2019,"North East",6169,8.72721367661013,76.1642585572109,22.8940051594709,481.706673213017,6.17733536700299,26.4975195245785,606.634348708881,1,-1.54254638289273,4,26.3714740302314,27.7646727471655,0,0,26.3714740302314,26.3714740302314,26.5950680802985,27.4724483815521,27.4258552456788,0.223594050067053,1.10097435132065,1.05438121544737
313,2019,"North West",3612,8.19201937285433,67.1091814052207,19.8137464043408,829.660192304184,6.72101621009834,29.6458065774682,587.394493478095,1,0.86292561665901,4,29.8385024875096,28.1265710891146,0,0,29.8385024875096,29.8385024875096,28.2648935790788,27.4985105802962,28.2789350157484,-1.5736089084308,-2.33999190721336,-1.55956747176118
314,2019,"North East",1555,7.34893704145859,54.0068756393222,24.1447834075972,167.16502398374,5.11898149206789,26.9123990941253,649.79404710647,0,1.60358777505556,4,28.5051162008128,28.1995309348196,0,0,28.5051162008128,28.5051162008128,28.9915389365935,27.8738996800753,28.3469955372642,0.486422735780746,-0.631216520737436,-0.158120663548562
315,2019,"South and Islands",3670,8.20790739624119,67.3697438252708,21.9451848917509,73.7579261598673,4.30078846279921,18.9685340785531,416.267987479324,0,0.485973473731107,4,26.2655766023293,22.6720673573565,0,0,26.2655766023293,26.2655766023293,23.8430052736788,23.9612474394978,23.9776330552857,-2.42257132865053,-2.30432916283154,-2.28794354704365
316,2019,"Center",3256,8.0883086040027,65.4207360735841,25.9843153953215,239.995911014281,5.48062188575635,22.3821777748214,581.585566535116,0,-1.0155052463817,4,27.131048895345,27.3682751177824,0,0,27.131048895345,27.131048895345,26.6199528927994,27.3692819624717,27.3243951401151,-0.511096002545546,0.238233067126703,0.193346244770151
317,2019,"North East",3383,8.12642024990576,66.0387060780784,29.8826913541927,142.600836527425,4.96004937421422,23.3935760532075,699.063012868832,0,-1.33923050863797,4,27.3651971380593,29.461230576746,0,0,27.3651971380593,27.3651971380593,27.7329119392291,29.0648082556162,29.2649710137551,0.367714801169853,1.69961111755695,1.89977387569582
318,2019,"South and Islands",2700,7.90093684277148,62.4248029934638,18.3600551708802,250.721268856432,5.52434183944538,25.1210224540545,461.22335820536,0,0.540479557518327,4,24.3227033218562,24.4286291404321,0,0,24.3227033218562,24.3227033218562,24.3592101596234,24.9198723774884,24.0506774651814,0.0365068377671349,0.597169055632151,-0.272025856674848
319,2019,"South and Islands",6986,8.85165652905509,78.3518233083635,21.1823830240492,143.523526417583,4.96649896892266,21.4887919450966,455.183821705139,1,1.16844826005396,4,27.9141108958581,25.7438587948938,0,0,27.9141108958581,27.9141108958581,25.7170821675524,25.9061077470109,25.7814214936264,-2.19702872830566,-2.00800314884716,-2.13268940223167
320,2019,"North West",5639,8.63738987650406,74.6045038787348,22.0737732981458,186.040238662127,5.2259629872089,38.5954404846648,851.94700360057,0,-0.569355165018087,4,26.7304432356022,27.2391200265522,0,0,26.7304432356022,26.7304432356022,26.4224392225683,27.4027262331613,26.8941395727728,-0.308004013033926,0.672282997559115,0.163696337170574
321,2019,"Center",8050,8.99340855487985,80.8813974349861,25.0744186893837,245.465948850109,5.50315823639312,19.452498727965,487.760097659697,1,0.687755177533399,4,28.1481090930769,28.2724244514665,0,0,28.1481090930769,28.1481090930769,27.8185588666574,27.7692018839986,28.0060123142741,-0.329550226419506,-0.378907209078303,-0.142096778802827
322,2019,"South and Islands",1779,7.4837332752499,56.0062637350826,18.0259320139843,112.582560980283,4.72368682786991,28.5337059872381,514.34664423297,0,0.654964352483794,4,23.8975503650354,23.0629135903371,0,0,23.8975503650354,23.8975503650354,23.3271043964199,24.1051274704597,23.4882422657679,-0.570445968615442,0.20757710542431,-0.409308099267449
323,2019,"North West",3453,8.14712773944224,66.3756904027892,25.4336361378958,68.515190922869,4.22705548597925,35.7800246095936,910.016126925362,0,0.992768987565942,4,31.4004778121451,29.3206230483573,0,0,31.4004778121451,31.4004778121451,29.3384393900922,28.9848841027668,29.2253354006435,-2.0620384220529,-2.41559370937822,-2.17514241150155
324,2019,"South and Islands",2813,7.94210471938696,63.0770273737086,22.558753792784,400.518665801868,5.99276037166924,12.810566237682,288.990409702019,0,-1.29571449040782,4,24.1753336843002,23.9556125504415,0,0,24.1753336843002,24.1753336843002,23.393088711731,24.6466731092878,24.2864214087925,-0.78224497256911,0.471339424987598,0.111087724492346
325,2019,"South and Islands",2675,7.89162337732261,62.2777195295048,20.9173159970449,155.779398503296,5.04844089429097,12.4604314147913,260.638781362694,0,-1.48094728365748,4,20.9090418883031,22.37384208527,0,0,20.9090418883031,20.9090418883031,22.0053292760933,23.5170233409175,22.5829316555818,1.09628738779025,2.60798145261448,1.67388976727879
326,2019,"South and Islands",3892,8.26666171777793,68.3376959561751,23.3806502571816,240.583841976747,5.48306864408155,18.2691911723804,427.145569283016,1,-0.184813517442624,4,25.8318750866225,25.0165890892444,0,0,25.8318750866225,25.8318750866225,25.4998251101032,25.538612731949,25.6080383260611,-0.332049976519368,-0.293262354673523,-0.223836760561383
327,2019,"South and Islands",3361,8.11987579902591,65.9323829916066,23.1628378605331,440.300269687093,6.08745692526911,18.5750797865181,430.251561341586,0,0.531672604363002,4,26.256240803408,26.3252568569541,0,0,26.256240803408,26.256240803408,25.7239896236219,26.3563710101814,25.7534364541161,-0.532251179786098,0.100130206773496,-0.502804349291868
328,2019,"South and Islands",2105,7.6521370568909,58.5552015374429,16.4329317851428,170.534410492284,5.13893709742956,16.9190537119174,278.029655517105,1,1.10557327132136,4,23.7762757582673,23.5932277817406,0,0,23.7762757582673,23.7762757582673,23.7323335184426,24.0496016963506,23.2802251115816,-0.0439422398247089,0.273325938083332,-0.496050646685728
329,2019,"North East",5520,8.61616358756337,74.2382749676528,16.6476766460324,64.115060338567,4.16067928700971,27.6778582394633,460.772034225308,0,-0.437781121861492,4,23.2916412097342,23.5880632829295,0,0,23.2916412097342,23.2916412097342,22.450703042209,24.2894122868853,23.5824801139053,-0.840938167525227,0.997771077151089,0.290838904171093
330,2019,"North West",1511,7.32023682184404,53.5858671278814,23.3880004073538,434.852454963437,6.07500678956068,30.2414243557892,707.286445152157,0,0.884529455283194,4,30.0067637929899,27.9933930856476,0,0,30.0067637929899,30.0067637929899,29.6471598504398,27.7725045024469,27.8669496085431,-0.359603942550052,-2.23425929054295,-2.13981418444676
331,2019,"North East",924,6.82825409769791,46.6250540227283,23.1880296328432,194.533724991513,5.27060554130018,36.6901703961649,850.772758380338,0,-0.432176033339707,4,28.0352390861763,26.326655292562,0,0,28.0352390861763,28.0352390861763,26.5917905545546,26.8894733956832,27.1186794919304,-1.44344853162163,-1.14576569049312,-0.916559594245918
332,2019,"North West",2350,7.76225177228559,60.2525525763508,25.9605012757695,1151.39801413331,7.04873214749931,35.04646102275,909.823696092309,1,0.0544338639312764,4,30.6894933843418,31.5345248496891,0,0,30.6894933843418,30.6894933843418,30.4432961345029,30.4132256036245,31.3116947471228,-0.246197249838936,-0.276267780717355,0.622201362781002
333,2019,"Center",3703,8.2168052553462,67.5158886042849,22.8532141441257,134.597448033336,4.90228845739743,27.6889074209136,632.780530707009,0,1.28429863526994,4,27.8459349383037,26.9699282545919,0,0,27.8459349383037,27.8459349383037,26.9279288237078,27.0011987239323,26.9800704056328,-0.918006114595862,-0.844736214371434,-0.865864532670855
334,2019,"South and Islands",2780,7.93016406546452,62.8875021051848,21.203270129923,375.216606078299,5.92750347542318,16.2039654851923,343.57705735848,0,1.05996801840899,4,26.5638942016182,27.1093748342848,0,0,26.5638942016182,26.5638942016182,25.4147914435258,26.6287904622085,26.2691208234256,-1.14910275809244,0.0648962605903272,-0.294773378192616
335,2019,"South and Islands",4507,8.41345554391241,70.7862341893905,20.7938087183886,161.08440305113,5.08192847017095,23.7490764946779,493.833753868712,0,-0.233806026206929,4,24.6723639466808,24.8960048602494,0,0,24.6723639466808,24.6723639466808,23.9601193851234,25.396980768901,24.526818963988,-0.712244561557455,0.724616822220199,-0.145544982692776
336,2019,"North East",3358,8.11901200392498,65.9183559198779,27.6180602976043,229.289354256515,5.43498476164485,17.6201038165689,486.633089656049,0,0.526265873359883,4,30.2773063398057,28.3428214086431,0,0,30.2773063398057,30.2773063398057,28.0372421950714,27.9593890344026,28.3042535799549,-2.24006414473427,-2.31791730540314,-1.97305275985085
337,2019,"Center",3204,8.0720282247303,65.1576396608426,23.6426974157681,15.4416789419043,2.73707027844553,23.6599792974308,559.385731392496,1,-0.712111843762252,4,25.3925356617534,25.7329323318404,0,0,25.3925356617534,25.3925356617534,24.88651895663,26.173058783887,25.7251407575939,-0.506016705123358,0.780523122133651,0.332605095840549
338,2019,"South and Islands",4798,8.47604402950152,71.8433223900484,26.6556378535501,222.506636207911,5.40495692681505,17.7955927911796,474.352876830929,1,0.343541965922289,4,27.5654512085713,27.2234606795532,0,0,27.5654512085713,27.5654512085713,26.6398004835781,27.1813228823155,27.3476592624837,-0.92565072499325,-0.384128326255848,-0.217791946087587
339,2019,"Center",1537,7.3374783402597,53.8385883937803,20.118523725347,338.179411163063,5.82357655691491,22.7812869356169,458.325861708145,1,0.780329637939005,4,29.1712065773144,26.1135024261749,0,0,29.1712065773144,29.1712065773144,26.291779944595,26.081961993019,26.4818135570364,-2.87942663271946,-3.0892445842954,-2.68939302027799
340,2019,"South and Islands",7239,8.88720002403384,78.982324267187,23.092344559882,108.321010031147,4.68509913363256,16.3012017570867,376.432967714799,0,-0.423532537944644,4,24.7978055216619,24.4588101403478,0,0,24.7978055216619,24.7978055216619,23.8175337022192,25.1056829819142,24.7172835055132,-0.980271819442741,0.307877460252335,-0.0805220161486524
341,2019,"South and Islands",1251,7.13155060321668,50.8590140062402,17.7550464259744,142.273862765524,4.95775381124356,24.313267574594,431.683194554054,0,-0.479715645775146,4,24.7660121941361,22.3490356063284,0,0,24.7660121941361,24.7660121941361,22.0423365978532,23.5343003140317,22.2362871202143,-2.72367559628288,-1.23171188010444,-2.52972507392182
342,2019,"North West",12739,9.45238842436129,89.3476469249993,26.778364648823,51.2254503213831,3.93623648513333,33.8866466155739,907.428979797643,1,-0.819711872839678,4,29.4464239087915,29.1759023170857,0,0,29.4464239087915,29.4464239087915,28.743103378723,28.9680202858333,29.1563143268751,-0.703320530068453,-0.478403622958172,-0.290109581916347
343,2019,"North East",2006,7.60399149592991,57.8206866701744,22.4444588941882,216.155535363693,5.37599821968554,32.1472443282863,721.527503887645,0,0.683532832999075,4,26.4496543839025,28.9481934649823,0,0,26.4496543839025,26.4496543839025,27.3239918918815,28.3388611833438,28.0401175346853,0.874337507979096,1.88920679944135,1.59046315078287
344,2019,"South and Islands",5296,8.57468628521017,73.5252448897714,23.5045372247596,61.8199116976533,4.12422550832465,24.1872451892367,568.510004914801,1,2.68533023612385,4,28.4167696401541,28.8083869707363,0,0,28.4167696401541,28.4167696401541,28.428359820229,28.1187673205555,28.414468492024,0.0115901800748972,-0.298002319598655,-0.0023011481301296
345,2019,"North East",2254,7.72060903037702,59.6078037999391,20.8752002889888,245.280816932158,5.50240374572852,28.0456750366459,585.459083629878,0,1.99052665952781,4,28.3040963224973,28.1302789884447,0,0,28.3040963224973,28.3040963224973,27.9222508303205,27.5598159256529,27.6236617014826,-0.381845492176875,-0.744280396844474,-0.680434621014694
346,2019,"North West",4610,8.43594987743267,71.1652503345563,22.7006012523059,665.7256044546,6.50087758031945,25.8192094743414,586.111578926783,0,0.673393526846272,4,30.2871155476125,28.1758094336104,0,0,30.2871155476125,30.2871155476125,27.7125912364031,27.6949943962945,28.1854725566314,-2.57452431120937,-2.59212115131796,-2.10164299098104
347,2019,"North East",889,6.79014028364786,46.1060050716175,17.1408697895766,382.431624268883,5.94654987720575,24.8049236072566,425.177965692379,1,-0.40205383215381,4,26.297697233869,27.017345770192,0,0,26.297697233869,26.297697233869,25.0212695479888,26.4386504690651,26.182222023873,-1.27642768588016,0.1409532351961,-0.115475209995971
348,2019,"Center",2024,7.61307424655878,57.9588994836165,23.3414508432654,168.647153726668,5.12780868455924,16.6239020575685,388.025992699993,0,-0.233619976288718,4,26.6622343306362,26.8483158944363,0,0,26.6622343306362,26.6622343306362,25.9366686463875,26.6437267198897,26.7142035031178,-0.725565684248668,-0.018507610746493,0.0519691724815807
349,2019,"Center",7125,8.87133336809107,78.700555727806,19.7899821079826,230.65808265034,5.44093645231349,22.3461345849778,442.22960361928,1,-1.78723394108427,4,23.7797043583562,23.3407062278903,0,0,23.7797043583562,23.7797043583562,23.6775099134415,24.2915867112534,24.7570138774362,-0.102194444914719,0.511882352897132,0.97730951907991
350,2019,"North East",6252,8.74073355760197,76.4004231249891,20.4297909266635,278.994675873593,5.63119269874894,27.6021434358248,563.906019521679,1,-2.37387164726525,4,25.4308649486511,25.0774962599308,0,0,25.4308649486511,25.4308649486511,24.4768758533551,25.5789776427579,25.5971325175434,-0.953989095295995,0.14811269410686,0.166267568892323
351,2019,"North West",10046,9.21497913728982,84.9158405006867,23.5059647421428,444.975361169894,6.09801891247583,33.4686907032545,786.713863636381,1,-0.494609713983038,4,28.1132320711797,29.3937712079774,0,0,28.1132320711797,28.1132320711797,28.806571013188,28.7639333453031,29.2813789635052,0.693338942008353,0.650701274123389,1.16814689232549
352,2019,"North East",2478,7.8151708126717,61.0768948312357,21.2295257054597,98.0100322931269,4.58506984376912,22.1183299239027,469.561653681331,0,0.703450719910795,4,28.6673306646524,25.2029219249483,0,0,28.6673306646524,28.6673306646524,25.4749902501432,25.5853741608699,25.5806031668805,-3.19234041450921,-3.0819565037825,-3.08672749777196
353,2019,"North East",3837,8.25245892508116,68.1030783101517,18.4003557574966,142.873317871558,4.96195834861825,34.6312761016544,637.227800606532,1,0.876971645862871,4,26.390150000748,25.7328397087761,0,0,26.390150000748,26.390150000748,26.3470308073723,25.967972279925,26.4415448981763,-0.0431191933756843,-0.422177720823036,0.0513948974282918
354,2019,"South and Islands",4363,8.38100138360456,70.2411841919816,20.7216739429489,376.936121494889,5.932075734086,17.6484859429734,365.706171297012,1,-0.042656645769811,4,25.0665948652475,26.0986936828115,0,0,25.0665948652475,25.0665948652475,24.5143482833556,25.9906029852133,25.7280215448231,-0.552246581891854,0.924008119965794,0.661426679575566
355,2019,"South and Islands",1043,6.94997390722039,48.3021373110443,22.1046819142632,274.298571572381,5.6142171903922,22.1500090639312,489.618904756246,0,-0.434772662254064,4,24.7793085632282,25.1463871460424,0,0,24.7793085632282,24.7793085632282,24.7262819303746,25.6256160790291,25.2475053597082,-0.0530266328535802,0.846307515800902,0.468196796480022
356,2019,"North West",2580,7.85547675641938,61.7085150706452,25.1972237534622,82.2559301391171,4.40983548600231,26.2630012962098,661.754720098067,1,0.993778044825168,4,28.7423945030067,30.2691726739379,0,0,28.7423945030067,28.7423945030067,29.0655235483924,29.2568835970356,29.3025785463916,0.323129045385684,0.514489094028857,0.560184043384925
357,2019,"North East",10361,9.24579656304585,85.4847540852305,23.3898677906288,124.063593762994,4.82079428706829,26.2921921022716,614.970897197948,0,0.328187247718869,4,27.3605556139019,27.1512636890869,0,0,27.3605556139019,27.3605556139019,26.8641219097542,27.1242818094654,26.9560383908575,-0.496433704147726,-0.236273804436504,-0.404517223044358
358,2019,"South and Islands",2507,7.82698034990255,61.2616213977606,21.7672204742357,256.164912887675,5.54582142804511,19.2892291594902,419.87290389268,0,0.378006214685051,4,26.7386838473794,23.8719280903989,0,0,26.7386838473794,26.7386838473794,24.8326481085915,24.7132277989691,25.0287928872517,-1.90603573878791,-2.02545604841033,-1.70989096012772
359,2019,"Center",877,6.77650163382007,45.920974393166,23.8952486158466,59.8953537257743,4.09259893493052,18.960374309114,453.06285796579,0,-1.3086965139202,4,25.0168571305591,23.0498052961662,0,0,25.0168571305591,25.0168571305591,22.7625443578647,24.3590478718078,23.7206344668058,-2.25431277269446,-0.657809258751367,-1.29622266375327
360,2019,"Center",3406,8.13343085696329,66.1526975050027,19.7461155873467,1354.20931059523,7.21097302837515,20.8036914700348,410.792096410806,0,-0.348174101943868,4,25.8840737395226,24.6274055539302,0,0,25.8840737395226,25.8840737395226,23.9976718433613,25.0619355061844,24.5439536226271,-1.88640189616138,-0.822138233338276,-1.34012011689552
361,2019,"Center",6692,8.8086991362604,77.5931804731546,20.5148850955915,1068.48867229894,6.97400047320458,24.1284490832891,494.992360478507,0,1.02051551371302,4,27.3099111797768,28.9216934750196,0,0,27.3099111797768,27.3099111797768,27.6155873061665,27.9245757763567,28.3407996736319,0.305676126389624,0.614664596579903,1.03088849385512
362,2019,"Center",5666,8.64221855080299,74.6879414798432,19.621834129268,559.015203644496,6.32617667071815,25.2872834366804,496.182881174329,1,0.80873496727985,4,28.9646990252532,25.985621211843,0,0,28.9646990252532,28.9646990252532,26.0740124196961,26.0202506966432,26.3204682472295,-2.89068660555709,-2.94444832861003,-2.64423077802366
363,2019,"North East",4078,8.31331939619786,69.1112793831995,24.1594442869222,160.211978146651,5.07649780179325,13.3334207257106,322.128035176898,0,0.550117857334236,4,27.0516951393697,26.8359623430196,0,0,27.0516951393697,27.0516951393697,27.4819270738152,26.6000740679637,27.2056362337551,0.43023193444548,-0.451621071405931,0.153941094385448
364,2019,"South and Islands",1272,7.14831757552151,51.0984441605098,21.3078648691353,164.479074759382,5.10278335700403,22.5346118594373,480.164464379305,0,-1.14361944743648,4,22.2237053880826,22.9551391772509,0,0,22.2237053880826,22.2237053880826,23.0217572557115,24.1837878281561,23.4823278988096,0.798051867628814,1.96008244007348,1.25862251072698
365,2019,"North East",7467,8.91823624174201,79.5349376635207,23.1931159301962,103.257975775634,4.63723047607936,24.7109749019315,573.124505648665,0,-0.988273395081078,4,24.5370140278327,25.6121927474965,0,0,24.5370140278327,24.5370140278327,25.2374343773395,26.0881418738396,25.957460738271,0.700420349506768,1.55112784600692,1.4204467104383
366,2019,"Center",6481,8.77662434793373,77.0291349447432,22.3139899289382,289.047077122916,5.66658957146531,25.7716382131703,575.068075540922,0,0.39785715900806,4,29.003599582164,27.3335734448215,0,0,29.003599582164,29.003599582164,26.9746378871202,27.1268080831693,26.9048177402439,-2.02896169504382,-1.8767914989947,-2.09878184192011
367,2019,"North East",1581,7.36597387335456,54.257571102942,25.9506632591182,63.9194338289299,4.15762344392395,30.0079595088352,778.726452307036,0,-0.522669928779461,4,27.1083885913283,26.0955264296294,0,0,27.1083885913283,27.1083885913283,26.6528155917495,26.8124015299147,26.7823467285296,-0.455572999578855,-0.295987061413626,-0.326041862798753
368,2019,"Center",26969,10.2024373604048,104.089728092983,20.3761883554248,241.40645750391,5.48648205852897,26.3645652895621,537.209348249011,0,0.492163966236171,4,24.7883194367981,25.3572391801018,0,0,24.7883194367981,24.7883194367981,25.4276836423545,25.71884227071,25.4939882770168,0.639364205556394,0.930522833911951,0.705668840218738
369,2019,"South and Islands",3779,8.23724056651098,67.8521321505742,23.7755829098905,144.023498128832,4.96997646771358,21.8278858379088,518.970709486825,1,-0.651194854478078,4,25.690968608252,26.0501262110292,0,0,25.690968608252,25.690968608252,25.2575746226355,26.3300480612367,26.0988743344296,-0.433393985616529,0.639079452984717,0.407905726177571
370,2019,"North East",3772,8.2354664182579,67.8229071262536,24.9165910972049,89.7495211213517,4.49702269165891,26.1811984981383,652.346217412868,1,-2.07889674862361,4,26.1014205233638,27.1779234833958,0,0,26.1014205233638,26.1014205233638,25.7567149181984,27.2766141442396,27.3326701061428,-0.34470560516537,1.17519362087583,1.23124958277904
371,2019,"South and Islands",8040,8.99220866417085,80.8598166599892,14.2349038002986,63.8293035809734,4.15621238868006,19.2791093651534,274.436267168395,0,0.880593853722933,4,21.2828166801236,21.6439001407986,0,0,21.2828166801236,21.2828166801236,21.8293513158371,22.6868845105762,22.0495961103027,0.546534635713527,1.40406783045258,0.766779430179074
372,2019,"North East",3830,8.25060535200273,68.072488674496,26.9839394493754,56.4248324625797,4.03290935349369,28.9646858412856,781.581328911432,1,0.69151781591167,4,31.4686418446694,31.8932384341821,0,0,31.4686418446694,31.4686418446694,29.2717340785651,30.5371032305228,30.4640557066915,-2.19690776610434,-0.931538614146614,-1.00458613797792
373,2019,"North West",5230,8.56208813357513,73.3093532071081,25.3559259662714,150.582005576839,5.01450782334536,24.1736873502834,612.946226785575,0,0.619425367706826,4,30.2409193468416,28.1784394507988,0,0,30.2409193468416,30.2409193468416,29.2739851620903,27.8841388355893,28.3708434227176,-0.966934184751349,-2.3567805112523,-1.870075924124
374,2019,"Center",3255,8.08808443584001,65.4171098412775,22.6955550946518,140.911613121016,4.94813283652323,26.0180662993255,590.494457152645,0,-0.474181480247254,4,25.6662635963366,25.2802941051973,0,0,25.6662635963366,25.6662635963366,25.8795856607111,25.8716830128695,26.0147068999762,0.213322064374502,0.205419416532909,0.348443303639609
375,2019,"South and Islands",3435,8.14178212750855,66.2886162118176,20.7444108117972,168.018851676647,5.12407618546892,17.147454359455,355.713837609078,0,0.63088431862177,4,24.6986609727131,24.8531710683037,0,0,24.6986609727131,24.6986609727131,24.5243192749404,25.1927446022422,24.8523514519789,-0.174341697772647,0.494083629529122,0.153690479265851
376,2019,"South and Islands",6330,8.75306284794285,76.6161092200374,27.7709222494757,34.4077768449598,3.53828260990355,18.679878342951,518.757449091758,0,-0.584854880356809,4,27.5292658452569,23.860164816553,0,0,27.5292658452569,27.5292658452569,24.6296585852334,25.17792882025,25.1525447280995,-2.89960726002355,-2.35133702500693,-2.37672111715741
377,2019,"Center",3976,8.28799393028634,68.6908433884632,26.553968475707,55.8189868898125,4.02211407835215,22.0709246337017,586.070636953021,1,1.09855763747222,4,28.9760838174117,30.4413834355389,0,0,28.9760838174117,28.9760838174117,29.8488870889954,29.3486013460399,29.7518859001592,0.872803271583738,0.372517528628201,0.775802082747497
378,2019,"North West",1317,7.18300275818358,51.5955286240729,25.2798287955719,393.542614612418,5.97518935834051,40.539141837367,1024.82256516804,1,-0.791535162970479,4,30.755724569225,29.8229986187089,0,0,30.755724569225,30.755724569225,29.697473994065,29.4381453376044,29.7075985323862,-1.05825057516,-1.31757923162058,-1.04812603683881
379,2019,"North East",3002,8.00712777146878,64.1140951486267,24.1395200912482,144.389024020983,4.97251121263473,26.9092454365055,649.576270854855,0,0.099744235908492,4,27.2771689032546,26.0895497260622,0,0,27.2771689032546,27.2771689032546,26.4969757960888,26.5408428604665,26.7872440502968,-0.780193107165768,-0.736326042788065,-0.489924852957753
380,2019,"North East",1564,7.35520533796013,54.0990455635573,21.601608429466,145.934615317052,4.98315868110376,28.1746730440818,608.618254726486,0,-2.39968106499012,4,24.2388092482982,23.2293984634765,0,0,24.2388092482982,24.2388092482982,23.5951199956964,24.5361074653762,24.2176530740455,-0.64368925260187,0.297298217077987,-0.0211561742527913
381,2019,"North East",2328,7.75293928844127,60.1080676102562,26.5275183475173,605.763918373901,6.40649033652536,27.7107792566266,735.098205154164,0,0.107736674508563,4,30.2003867359295,30.2856821494182,0,0,30.2003867359295,30.2003867359295,29.6951504633201,29.4368395301404,30.1466111980632,-0.505236272609373,-0.763547205789127,-0.0537755378662759
382,2019,"South and Islands",2477,7.81488839723637,61.0724806612596,23.7820884265415,217.989053333037,5.38444484745968,19.2691467589816,458.260552126106,0,-1.62893177814646,4,25.1896011264869,24.5874447478358,0,0,25.1896011264869,25.1896011264869,23.771231024803,25.3300987277868,24.9813399574396,-1.41837010168387,0.140497601299945,-0.20826116904724
383,2019,"Center",5030,8.52316353783351,72.6443166926546,23.1076656304288,704.944881032043,6.55811961682255,26.0408357532838,601.742925323797,1,-0.59742870762175,4,27.1622844809869,27.4324039326792,0,0,27.1622844809869,27.1622844809869,27.0935601077002,27.2688036196539,27.2943189229665,-0.0687243732867415,0.106519138666972,0.132034441979567
384,2019,"Center",677,6.51834376107578,42.4888053875555,19.0527667539052,261.779746220714,5.56750348692584,18.9721621349888,361.472179975214,1,-1.0684745119896,4,25.4202322099086,24.1146419833688,0,0,25.4202322099086,25.4202322099086,23.4480011436402,24.6357589729824,24.0787938829598,-1.97223106626846,-0.784473236926182,-1.34143832694883
385,2019,"North West",3503,8.16142473931583,66.6088537755165,20.8928818417711,64.3355820778641,4.16411285420408,31.8264275492925,664.945790233057,0,0.919580438280522,4,26.9315596576947,26.4517729769594,0,0,26.9315596576947,26.9315596576947,26.9028812619713,26.601167272201,27.1092426066491,-0.0286783957233858,-0.330392385493621,0.177682948954445
386,2019,"North West",13143,9.48364537349067,89.939529570131,21.8160004546991,122.926799542308,4.81158905254255,25.6426680391186,559.420457601111,1,-0.752057182984034,4,27.677966422619,25.6312050720156,0,0,27.677966422619,27.677966422619,26.3501561267637,26.0031837799147,26.4983365871154,-1.3278102958553,-1.67478264270435,-1.17962983550369
387,2019,"Center",5729,8.65337460098748,74.8808919850153,21.2796008019023,113.51690873972,4.73195180150604,27.3432094158952,581.852581013066,0,0.737746711275487,4,26.4458867537417,27.9939602502608,0,0,26.4458867537417,26.4458867537417,25.6841459122823,27.4925722323968,26.9609891406077,-0.761740841459407,1.04668547865508,0.515102386866047
388,2019,"Center",11201,9.32377359155856,86.9327539866448,16.2274665387201,328.733373137567,5.79524700620557,21.1796662518937,343.692325403865,0,0.0917968386427777,4,24.5100412883969,23.0464985881976,0,0,24.5100412883969,24.5100412883969,22.7496752888374,23.7753257661631,23.1200675758199,-1.76036599955952,-0.73471552223381,-1.38997371257701
389,2019,"Center",4440,8.39835580561125,70.5323802376442,24.1301404088138,31.6505507840447,3.45475555077825,15.9086278913773,383.877424730507,0,-0.358119725923537,4,24.3814783462021,24.4015262678378,0,0,24.3814783462021,24.3814783462021,24.2785214423635,25.1389414930217,24.9707153426516,-0.102956903838557,0.757463146819621,0.589236996449504
390,2019,"North East",5657,8.64073174228203,74.6622450420802,30.5100369926964,242.569923908159,5.49129001482684,26.6571367659859,813.310228849596,0,-0.37710889459763,4,29.6575668328335,30.2144251231835,0,0,29.6575668328335,29.6575668328335,29.4679954838547,29.7209495013601,29.6795747643285,-0.189571348978816,0.0633826685265824,0.0220079314949437
391,2019,"South and Islands",9457,9.1545463421211,83.8057187300429,19.1579807527273,70.9487655491926,4.26195800457086,29.2153379652276,559.706882422252,1,-0.866217179396738,4,23.6793436381412,22.6537895096152,0,0,23.6793436381412,23.6793436381412,23.3215525662975,23.9695029885209,23.8533307671983,-0.357791071843703,0.290159350379788,0.173987129057096
392,2019,"North West",11656,9.36360564977467,87.6771107644921,22.1147210260937,186.287477459224,5.22729105827497,24.1095912799394,533.176885209,0,0.84434826818653,4,27.5011864877523,27.7840064691034,0,0,27.5011864877523,27.5011864877523,27.2605977049363,27.3468606850501,27.4348638976464,-0.240588782816072,-0.154325802702182,-0.066322590105937
393,2019,"North West",8561,9.0549356184022,81.9918590534088,22.3798571469766,562.541858524717,6.33246554646496,23.03853206128,515.599056407486,1,0.723268974693434,4,29.7503508269944,28.6481502323932,0,0,29.7503508269944,29.7503508269944,28.161852422906,27.8857300192978,28.5612115476147,-1.58849840408847,-1.86462080769662,-1.18913927937973
394,2019,"North West",1580,7.36507117564892,54.2442734223745,25.1720414083213,94.8361976033484,4.55215116764092,32.3053051017451,813.190477729582,0,-1.06719592241769,4,29.7354387889113,28.7618363900018,0,0,29.7354387889113,29.7354387889113,27.7721832363135,28.4946615400606,28.3759198671567,-1.96325555259778,-1.24077724885066,-1.35951892175454
395,2019,"North West",6092,8.71475700316637,75.9469896242373,24.3768359325287,197.222389129648,5.28433197086411,33.8524550775024,825.215743337573,0,-0.29036637812125,4,28.5342000625931,28.0797303689788,0,0,28.5342000625931,28.5342000625931,28.2052815066623,28.0330777266144,28.1372753325806,-0.328918555930713,-0.501122335978689,-0.396924730012458
396,2019,"Center",3921,8.27414672802903,68.4615040769536,30.2249086385966,518.274621658445,6.25050525941736,23.5568492561711,712.003616580965,0,0.381722485057328,4,30.8703128464457,30.0434580047528,0,0,30.8703128464457,30.8703128464457,29.6721945961906,29.4686223391031,29.9525407141629,-1.19811825025506,-1.40169050734252,-0.917772132282721
397,2019,"North West",5989,8.69761199506687,75.648454416731,28.4741150990439,134.700742370033,4.90305559468571,28.7910109623194,819.798559958915,0,-0.695495788751328,4,29.7250907200154,28.8960962162852,0,0,29.7250907200154,29.7250907200154,28.8989681302966,28.7788180165417,29.2290157236822,-0.826122589718842,-0.94627270347371,-0.496074996333238
398,2019,"Center",697,6.5462110224986,42.8528787510822,23.6430949690452,78.3811975125361,4.36158407094689,19.4765554253605,460.486049591669,0,1.21268978238382,4,26.9486154163389,27.4590216678595,0,0,26.9486154163389,26.9486154163389,26.8762429745188,27.1383006211192,26.9341217370045,-0.0723724418201463,0.189685204780222,-0.0144936793344179
399,2019,"South and Islands",6974,8.84996631052828,78.3219036974855,19.5334923135542,224.779177904975,5.41511848875171,20.5621020050951,401.649661467041,0,-0.130405578635591,4,23.3275037883031,24.3795245488457,0,0,23.3275037883031,23.3275037883031,23.9391180707792,24.881556101443,23.8944896289135,0.611614282476118,1.55405231313998,0.566985840610442
400,2019,"South and Islands",3821,8.24816683945791,68.032256211533,21.6623114916991,240.578894078287,5.48304807765739,18.2246420202523,394.787872267414,1,1.39636184820822,4,26.5933387526303,26.2286878088018,0,0,26.5933387526303,26.5933387526303,26.8009984498906,26.1638184738959,26.3237283348447,0.207659697260336,-0.42952027873438,-0.2696104177856
401,2019,"Center",14964,9.61341426772589,92.4177338829157,18.824283630103,444.944014012165,6.09794846304273,24.5682074587249,462.478905486249,0,-0.370961576330197,4,24.0014377312884,23.4946773942143,0,0,24.0014377312884,24.0014377312884,23.8815845533743,24.3585120186749,23.9884998430026,-0.119853177914155,0.35707428738645,-0.0129378882858262
402,2019,"North West",1470,7.29274386929706,53.1841131431699,26.623370348126,481.606649994265,6.17712770202691,27.8068791783593,740.312842591053,0,0.252605101108832,4,29.1154357648326,31.1490145999729,0,0,29.1154357648326,29.1154357648326,30.8563451886124,29.9941707633227,30.7605518253191,1.74090942377981,0.878734998490049,1.64511606048647
403,2019,"South and Islands",1024,6.93170191746356,48.048491472568,14.710533577655,177.701368956632,5.18010443888238,22.0974720276065,325.065604243397,0,0.35975053780936,4,23.8008829037833,22.0115736212798,0,0,23.8008829037833,23.8008829037833,21.790767954493,23.0104923248204,21.7551276600597,-2.01011494929028,-0.790390578962889,-2.04575524372359
404,2019,"South and Islands",1689,7.43212385075058,55.2364649328956,24.6857657939484,151.044311688493,5.01757324865614,20.065353220648,495.328610177763,0,-1.64788182375074,4,24.2757855450856,25.993327292162,0,0,24.2757855450856,24.2757855450856,24.5567265780425,26.3169942683968,25.7145625303327,0.280941032956949,2.04120872331123,1.43877698524713
405,2019,"North East",15839,9.67021848280206,93.5131255051265,25.2280990632841,819.293344075404,6.7084421931985,28.6295710008113,722.269653347794,1,0.926003707815791,4,29.9053844526986,29.5773790988808,0,0,29.9053844526986,29.9053844526986,30.124732301322,28.898173230237,30.0235243977994,0.21934784862335,-1.00721122246165,0.11813994510079
406,2019,"Center",4545,8.42184867855487,70.9275351644765,27.3281422414047,788.287371637143,6.66986270819524,26.8108558737364,732.690882931269,1,-0.35182526666767,4,30.7934490119138,29.2303268953867,0,0,30.7934490119138,30.7934490119138,29.098373685311,28.8136492884337,29.88275204849,-1.69507532660271,-1.97979972348004,-0.91069696342371
407,2019,"North East",2515,7.83017025853349,61.3115662776225,27.9890368217639,52.8191630057499,3.96687406058194,23.5271827357897,658.503183904387,0,-0.0431069719422062,4,28.8283012943959,28.0522977236929,0,0,28.8283012943959,28.8283012943959,27.83750895304,28.0143077410981,27.8364413705856,-0.990792341355913,-0.813993553297774,-0.991859923810313
408,2019,"Center",5877,8.67888541905753,75.3230521171294,24.3530752704614,220.358195585807,5.39525438408763,26.2663906967953,639.667389722402,0,0.4886531880285,4,27.1976754128122,28.6626679382669,0,0,27.1976754128122,27.1976754128122,27.8266974331729,28.1656446188219,27.8647628262818,0.629022020360637,0.967969206009634,0.667087413469517
409,2019,"South and Islands",1813,7.50282587134199,56.2923960556787,27.1869451557508,255.097801101701,5.54164700536033,22.2351432029691,604.505618789386,1,0.413418835246598,4,28.5856976494041,29.4575015356625,0,0,28.5856976494041,28.5856976494041,27.8311477210281,28.7871548990897,28.7893540669261,-0.754549928375994,0.201457249685582,0.203656417522001
410,2019,"North East",8844,9.08747434409503,82.5821899545855,22.509607721142,150.753709072432,5.01564743943352,28.3377789115038,637.872286986402,0,1.33641119813844,4,27.6485123784727,27.7010821668121,0,0,27.6485123784727,27.6485123784727,27.7263027823416,27.4494793255858,27.3202567438859,0.077790403868903,-0.199033052886946,-0.328255634586817
411,2019,"South and Islands",4170,8.33558770268484,69.4820223491507,14.0657367890644,79.7203671210793,4.37852510046544,12.5046645037003,175.887319544605,0,-0.650538296224929,4,21.1071142575957,19.3944681779164,0,0,21.1071142575957,21.1071142575957,18.825201519432,21.1321719472474,19.523915094778,-2.28191273816377,0.0250576896517032,-1.58319916281777
412,2019,"North West",5427,8.5991886108246,73.9460447645355,22.7439432913155,88.7339118008664,4.48564213643994,27.2708705196911,620.247132604661,0,-0.259631291108157,4,26.6015482382361,26.6134341819047,0,0,26.6015482382361,26.6015482382361,26.2253131013334,26.7539280797,26.8181292410543,-0.376235136902675,0.152379841463933,0.216581002818259
413,2019,"North West",3176,8.06340630182084,65.018521188244,20.1475521302932,399.798805264615,5.9909614337292,28.8586608901513,581.431374694778,1,1.87544034727868,4,29.226200015333,30.0152982361377,0,0,29.226200015333,29.226200015333,29.92739369676,28.703048300508,29.2871541002492,0.701193681427014,-0.523151714825033,0.060954084916137
414,2019,"North West",4266,8.35840640063085,69.8629575581067,24.8197466547286,109.630853922935,4.69711884879171,23.1766521564908,575.23863482887,0,-1.05925631333247,4,28.1204709418071,26.7639175286863,0,0,28.1204709418071,28.1204709418071,26.0055716744073,26.91224049983,27.2040309355481,-2.11489926739976,-1.20823044197703,-0.916440006258945
415,2019,"South and Islands",3078,8.03192606767672,64.5118363566248,18.5071492040339,116.98171669124,4.76201765499046,22.4922607683956,416.267625976735,0,2.52881155987472,4,27.1384662622169,24.7685872163175,0,0,27.1384662622169,27.1384662622169,25.0470542909702,25.0863284219129,24.3428494681425,-2.09141197124667,-2.05213784030396,-2.79561679407442
416,2019,"North West",645,6.46956930113256,41.8553269421569,26.3085039673621,210.768099969334,5.35075847679719,27.4045754174093,720.973381092786,1,0.37309369946631,4,28.048065115304,30.5510838441194,0,0,28.048065115304,28.048065115304,30.5880680977201,29.5739457997581,30.4173389874789,2.5400029824161,1.52588068445413,2.36927387217488
417,2019,"South and Islands",1574,7.36151818747523,54.1919500245286,20.9056972433782,40.1361978445346,3.69227861652337,20.5774938038607,430.186855491002,0,0.149565714053333,4,24.450631061408,25.4563455559418,0,0,24.450631061408,24.450631061408,23.83730206781,25.6769831904659,24.8245831181904,-0.613328993597996,1.22635212905788,0.373952056782439
418,2019,"South and Islands",2267,7.72636519354877,59.6967191040819,23.8774615736087,121.727169751898,4.8017822269409,16.9134286300549,403.849742192109,0,0.821312092716945,4,26.924818802498,26.4512314746215,0,0,26.924818802498,26.924818802498,25.4207584260834,26.4439442626536,25.4351532261109,-1.50406037641453,-0.480874539844365,-1.48966557638704
419,2019,"South and Islands",14242,9.56393913945738,91.4689318632448,21.4404004859046,59.7495681140106,4.0901619625681,18.1580181170243,389.315180459314,1,-0.10548020929013,4,25.4216228355304,24.0180697386843,0,0,25.4216228355304,25.4216228355304,24.1153609918299,24.7480424485293,24.2774439000078,-1.30626184370043,-0.673580387001099,-1.14417893552254
420,2019,"North East",11613,9.35990167901303,87.6077594407909,23.2962801048151,101.722873794839,4.62225219216859,23.3618585544882,544.244400654427,0,0.357282827203608,4,25.5536717869157,26.1413596718262,0,0,25.5536717869157,25.5536717869157,26.9005443023405,26.3918339789357,26.437840863741,1.34687251542476,0.838162192020011,0.884169076825231
421,2019,"North West",8353,9.03043123539963,81.5486882972813,23.5327972363559,101.453985621879,4.61960535206374,22.8936946601478,538.752674428302,1,-0.9695887814575,4,26.519565909189,27.3178791734742,0,0,26.519565909189,26.519565909189,27.2927384676968,27.1415710510616,27.6192264406583,0.773172558507824,0.622005141872663,1.09966053146938
422,2019,"South and Islands",1370,7.22244096110401,52.163653436633,18.5997163842831,169.578769663339,5.13331753665045,23.3786981886793,434.837155743188,0,-0.890040669895691,4,21.7480626201911,22.5049317981126,0,0,21.7480626201911,21.7480626201911,22.149158511053,23.6855966391726,22.168341401891,0.401095890861903,1.93753401898144,0.420278781699871
423,2019,"South and Islands",2141,7.66883919693245,58.8110946284076,23.7415594567019,195.527399083482,5.27570051837011,18.8921368368347,448.528789975858,1,1.68699379513545,4,27.570689441197,26.4056515040699,0,0,27.570689441197,27.570689441197,26.5363875021702,26.4636896356857,26.4945757422105,-1.03430193902676,-1.10699980551127,-1.07611369898646
424,2019,"South and Islands",12370,9.42300802030649,88.7930801507605,24.8178142030073,326.276925634913,5.78774648591316,20.9873509108323,520.860175518351,0,-0.453556905975201,4,26.3865179049903,24.8806360557449,0,0,26.3865179049903,26.3865179049903,25.42004557603,25.654180831029,25.4390945415038,-0.966472328960279,-0.732337073961279,-0.947423363486497
425,2019,"South and Islands",2071,7.63587170855327,58.3065367494842,20.8181091621892,63.0298979862601,4.14360918502871,18.0479548424755,375.724294064916,1,-0.656714370026694,4,25.8947173804041,24.3210634774824,0,0,25.8947173804041,25.8947173804041,23.5209475004901,24.8862323201899,24.1965517637597,-2.37376987991396,-1.00848506021422,-1.69816561664437
426,2019,"Center",5971,8.69460160835325,75.596097127979,25.0299528327418,220.442357832421,5.39563624498587,25.3170206149984,633.683831858962,1,-1.0528080511745,4,28.4590972341152,24.9358257087765,0,0,28.4590972341152,28.4590972341152,26.0908981928606,25.8437069003088,26.1704204311329,-2.36819904125467,-2.61539033380645,-2.28867680298232
427,2019,"North West",2106,7.65239663102969,58.5591741985945,25.5918082298285,261.203624474663,5.56530027354897,28.6642720708446,733.570553884685,1,1.82376057166056,4,31.8502384183257,31.4592817935007,0,0,31.8502384183257,31.8502384183257,30.9225160428136,30.1219210097551,31.028786776941,-0.927722375512033,-1.72831740857061,-0.821451641384616
428,2019,"North West",4599,8.43368197130157,71.1269915930572,27.2662503401941,690.458473068631,6.53735583066232,35.5157313145119,968.380821036553,0,-1.24844578351416,4,30.7783348403,28.9364646518278,0,0,30.7783348403,30.7783348403,29.3203598638473,28.9219680068141,29.4682765918962,-1.45797497645266,-1.85636683348594,-1.31005824840379
429,2019,"North East",1820,7.50682201986049,56.3523768378624,22.2868131428807,198.524426513166,5.29091214803849,34.7913342334078,775.387965051467,0,0.361109684112993,4,28.5928452177786,25.9314729967319,0,0,28.5928452177786,28.5928452177786,27.1101339626039,26.4926275179975,27.1287712959401,-1.48271125517476,-2.10021769978108,-1.46407392183851
430,2019,"North West",5036,8.52445011794966,72.666249813412,23.5070796365534,140.309272932197,4.94384907852517,32.1127745044433,754.877547626632,1,-0.651418522490696,4,28.7508273098744,27.4605241879682,0,0,28.7508273098744,28.7508273098744,27.6494019296655,27.502947772966,27.9474914112716,-1.10142538020896,-1.24787953690839,-0.803335898602828
431,2019,"South and Islands",3037,8.01877487821739,64.3007505475302,26.3265505255482,123.245829368894,4.81418097355832,20.7537086630648,546.373559710683,0,1.6356036895722,4,28.5532541616834,26.0410684392373,0,0,28.5532541616834,28.5532541616834,27.2727097421291,26.5064914854125,26.4212085103608,-1.2805444195543,-2.04676267627095,-2.13204565132262
432,2019,"Center",10427,9.2521442280374,85.6021728164057,28.822013735249,249.843815752971,5.52083598564466,27.1384168447288,782.183823051685,0,-1.12264418270175,4,27.9659529774275,27.6904080559139,0,0,27.9659529774275,27.9659529774275,27.7792817925368,27.9900629146222,28.1343427146689,-0.186671184890699,0.024109937194698,0.168389737241384
433,2019,"Center",4862,8.48924503064052,72.0672811902548,25.7880231183051,194.232780949335,5.2690573415572,18.3602970672511,473.475765229222,0,-0.935693139782908,4,25.9638062708426,25.5493522363586,0,0,25.9638062708426,25.9638062708426,25.5021322533685,26.0728043593723,26.1538158235714,-0.461674017474113,0.108998088529674,0.190009552728853
434,2019,"South and Islands",3760,8.2322185148604,67.7694216764104,19.0353329506622,369.329246919712,5.9116885142811,25.1794894766405,479.299965715547,1,-1.54899032194812,4,23.3821454728738,22.3446990644338,0,0,23.3821454728738,23.3821454728738,22.8917842669434,23.6657276759777,23.6727646248348,-0.490361205930359,0.283582203103933,0.290619151961035
435,2019,"North West",1623,7.3918767133459,54.6398413453054,23.3908216621353,80.6665064650414,4.39032345151604,29.7208933970967,695.196117090824,0,-1.77895460755173,4,26.8757417893125,25.3359307646482,0,0,26.8757417893125,26.8757417893125,25.4105047121109,26.0791897801291,25.6433517939325,-1.46523707720155,-0.796552009183326,-1.23238999538
436,2019,"North West",5488,8.61028603502996,74.1370256050319,25.2539301362667,100.476204594558,4.60992092926124,34.6573967759776,875.235476885412,1,0.37271886764261,4,30.4853661883549,29.8198297811128,0,0,30.4853661883549,30.4853661883549,30.1942412465779,29.2458441904919,29.8607084371625,-0.291124941776943,-1.23952199786298,-0.624657751192405
437,2019,"North East",2141,7.66900177868013,58.813588281399,21.1372534677056,554.696686766938,6.31842145402539,28.7773089554426,608.273273509664,0,1.62421103314335,4,29.6396631551162,28.9130816188878,0,0,29.6396631551162,29.6396631551162,28.1531661658031,28.0981199314656,28.1746091319983,-1.48649698931316,-1.54154322365062,-1.46505402311789
438,2019,"Center",6811,8.82635956196085,77.9046231170178,25.452646998653,53.7116105829026,3.98362919011649,26.8786170717664,684.131952139639,1,-0.146064888274242,4,26.9925256074272,26.8875154079013,0,0,26.9925256074272,26.9925256074272,26.8191822506757,27.1643481012282,27.4274287580859,-0.173343356751495,0.171822493801006,0.434903150658695
439,2019,"South and Islands",2787,7.93274389340729,62.9284256783907,20.5204991812942,171.659357565495,5.14551203380081,22.6575615434006,464.944473101473,1,0.248552081243402,4,25.0168226186067,25.8614743368725,0,0,25.0168226186067,25.0168226186067,24.8431214951055,25.9544118706792,25.6304549227669,-0.173701123501175,0.937589252072563,0.613632304160205
440,2019,"North East",11837,9.37901796382636,87.9659779657775,21.9422459975171,138.17792223253,4.92854214627464,27.2967553604919,598.952121053957,0,-1.64457986054076,4,24.8287969546989,25.4458067557314,0,0,24.8287969546989,24.8287969546989,24.9414752865345,25.9433010690165,26.0519369609025,0.112678331835621,1.11450411431754,1.22314000620358
441,2019,"North West",7213,8.88366828345652,78.9195621704913,26.0699065762168,201.597907951784,5.30627515892008,30.4584957174754,794.050137806683,0,0.160025155570591,4,28.5183190446661,28.5267230258878,0,0,28.5183190446661,28.5183190446661,28.2678372674086,28.373969429236,28.6884676662667,-0.250481777257491,-0.144349615430155,0.170148621600624
442,2019,"South and Islands",5029,8.5230636780876,72.6426144607362,22.1440817696994,273.549652611114,5.61148315058073,17.7831840739762,393.792282259746,0,-1.19571703746125,4,23.1834788086128,22.7293054758524,0,0,23.1834788086128,23.1834788086128,22.5599202616429,23.9805326579359,23.1332240369122,-0.623558546969821,0.797053849323117,-0.0502547717005193
443,2019,"South and Islands",2052,7.62633539095268,58.1609914952974,27.6609465053855,176.914750661152,5.17566798186783,25.4076753585425,702.800348918847,0,1.06655325214401,4,29.2636776765716,27.393764960508,0,0,29.2636776765716,29.2636776765716,28.1823708164713,27.6353660156033,28.1843616771116,-1.08130686010026,-1.62831166096829,-1.07931599945997
444,2019,"Center",6037,8.70566074386703,75.7885289873075,21.2642225523177,158.122634177061,5.06337089764376,13.7741603483765,292.896811119188,1,0.212003178463817,4,25.5631808054535,25.8746017379672,0,0,25.5631808054535,25.5631808054535,25.4344174754103,25.7885769950705,25.364657132235,-0.128763330043153,0.225396189617044,-0.198523673218496
445,2019,"South and Islands",5312,8.57768217457964,73.5766314881012,23.515627263651,119.1285472172,4.78020313880029,12,282.187527163812,0,-0.733624275668149,4,24.2237913630151,23.441813417543,0,0,24.2237913630151,24.2237913630151,22.7409098281687,24.368973185041,23.8305590530251,-1.48288153484633,0.145181822025883,-0.39323230998999
446,2019,"North West",8551,9.05379546882445,81.9712123913061,28.2142643730285,313.783229953576,5.74870239704032,29.4487892031571,830.875924043463,1,-0.593987907845405,4,31.9468957068912,28.2880540547254,0,0,31.9468957068912,31.9468957068912,29.6680459293547,28.3937809862865,29.1035685953335,-2.27884977753651,-3.55311472060474,-2.84332711155768
447,2019,"North East",2316,7.74771976167698,60.02716150548,24.5406201472107,69.8745858286122,4.24670200413909,28.7050633655515,704.440056355614,0,-1.14805574443567,4,26.5954259564892,25.4689716227976,0,0,26.5954259564892,26.5954259564892,25.561972741959,26.2413912786058,26.029859870065,-1.03345321453019,-0.354034677883348,-0.565566086424155
448,2019,"Center",4428,8.39572396254622,70.4881808552728,21.7414744745701,231.488178986799,5.44452880953053,26.8898782570699,584.625601750381,1,-0.649168680535258,4,28.2164144108298,26.3374828025423,0,0,28.2164144108298,28.2164144108298,25.5538615490771,26.4767076172136,26.1105990140462,-2.66255286175273,-1.73970679361619,-2.10581539678362
449,2019,"South and Islands",3267,8.09166078471034,65.4749742548191,20.5612638986266,34.5713932016279,3.54302655400744,21.619678116647,444.527907159743,1,-0.675608043926399,4,24.8414097702272,24.984091285984,0,0,24.8414097702272,24.8414097702272,23.8524687343159,25.376923831728,24.7773247359824,-0.988941035911218,0.535514061500844,-0.064085034244723
450,2019,"North East",1458,7.28481438788921,53.0685206659977,22.4407553837674,251.867789303533,5.52890430421585,38.6798046776495,868.004035063036,0,-0.711758674296524,4,27.8318814574047,28.7583260281399,0,0,27.8318814574047,27.8318814574047,27.4125976201325,28.4036191742345,27.9853886087051,-0.419283837272157,0.571737716829784,0.153507151300367
451,2019,"North West",2034,7.61784455340241,58.0315556398027,28.0872999950353,94.2298664915822,4.54573718538207,30.7944706451481,864.933535198581,1,-0.79059262173271,4,30.724567262582,30.829753448337,0,0,30.724567262582,30.724567262582,30.221413483211,30.0345342983431,30.2200282746389,-0.50315377937099,-0.690032964238867,-0.50453898794304
452,2019,"Center",1270,7.14670141551296,51.0753411224949,21.8968912102311,154.057531578376,5.03732611432713,24.473177406437,535.886503237436,0,1.41350455725987,4,27.1562379374206,28.1760253437308,0,0,27.1562379374206,27.1562379374206,26.6055697312297,27.585243325548,27.2995201987557,-0.55066820619092,0.429005388127411,0.143282261335056
453,2019,"South and Islands",13538,9.51326230656766,90.502159713561,20.9317915447319,264.672449540997,5.57849302199145,25.8059099592146,540.163927888401,0,0.117885901684717,4,24.6774286721095,26.0906204656238,0,0,24.6774286721095,24.6774286721095,24.3359883674321,26.2178525368441,25.726468579437,-0.341440304677374,1.54042386473457,1.0490399073275
454,2019,"North West",9696,9.17943964188566,84.2621121390219,21.9583240170519,128.251157466074,4.85399050908675,30.0593883650709,660.053789474627,1,0.4241378216516,4,29.2718346849204,28.2931463654149,0,0,29.2718346849204,29.2718346849204,27.637354518055,27.8194786228343,28.2243226669342,-1.63448016686545,-1.45235606208618,-1.04751201798626
455,2019,"North East",4626,8.43951955113714,71.225490254026,24.8694253409964,200.659306903263,5.3016084794063,30.9391896336004,769.439866703755,0,-0.0291489297537219,4,26.7673359744881,27.9653345586276,0,0,26.7673359744881,26.7673359744881,28.050934742064,27.9189347565517,28.1912462483643,1.28359876757592,1.15159878206364,1.42391027387621
456,2019,"South and Islands",3773,8.23549574759547,67.8233902086631,18.8711279431003,314.627232782539,5.75138855007722,21.9132677287626,413.52807896089,0,-0.128701223521185,4,24.1887971695709,24.5897544436461,0,0,24.1887971695709,24.1887971695709,23.4157114135674,24.9909924014119,24.0600234052347,-0.773085756003518,0.802195231840965,-0.128773764336248
457,2019,"North East",2554,7.84550640535975,61.5519707565409,23.9942886370876,149.412888229977,5.00671353557755,27.8687422034818,668.690644382927,0,-0.303832228636612,4,26.4961089702296,27.861582552745,0,0,26.4961089702296,26.4961089702296,27.5588425037751,27.6756254409349,27.689656018252,1.06273353354544,1.17951647070529,1.1935470480224
458,2019,"North West",2302,7.74145564635658,59.9301355245062,21.8768165130411,114.591172961852,4.74137077654839,31.3300647894922,685.402078741409,0,-0.259317209286426,4,26.9027670094277,27.5422350927081,0,0,26.9027670094277,26.9027670094277,26.0979187190869,27.3725475826017,26.8726016741128,-0.804848290340825,0.469780573174006,-0.0301653353149263
459,2019,"North East",2547,7.84262987105816,61.5068432944137,19.1123864206626,349.673167021557,5.85699890970284,37.5051195597917,716.812337779889,0,1.45878663165002,4,27.8747645798753,27.4582256409715,0,0,27.8747645798753,27.8747645798753,26.9796071722072,27.1992131526531,27.2754632884954,-0.895157407668119,-0.675551427222196,-0.59930129137993
460,2019,"North East",1649,7.40813565227635,54.880473842528,26.6719339955594,66.3273816273174,4.19460280781963,21.5548598500865,574.909799205041,0,-0.610474935133458,4,27.4746436164101,26.0335472241958,0,0,27.4746436164101,27.4746436164101,26.5541307087186,26.557739739414,26.6476489560826,-0.920512907691432,-0.916903876996098,-0.82699466032749
461,2019,"North East",1986,7.59392058297557,57.6676298205401,27.6108241146509,171.616732377718,5.14526369032892,24.3127504638458,671.295076800642,0,-1.36186473673944,4,26.6852836264243,27.0843746150086,0,0,26.6852836264243,26.6852836264243,27.3371647184394,27.3973183387907,27.745178883048,0.651881092015049,0.712034712366311,1.05989525662361
462,2019,"South and Islands",2336,7.75633785492186,60.1607769196939,20.3726151910485,69.7941784685835,4.24555060326121,16.7306207368165,340.846498178539,0,-1.04436857190446,4,24.6601208898658,23.5215994849034,0,0,24.6601208898658,24.6601208898658,21.9089737695729,24.3115680630359,23.8496730326648,-2.7511471202929,-0.348552826829902,-0.810447857200977
463,2019,"North West",741,6.6077295860193,43.6620902819548,30.073951696771,103.34250844125,4.6380487962363,32.2292611850892,969.261244102987,0,1.03063540040413,4,31.3136615824284,31.9331164919785,0,0,31.3136615824284,31.3136615824284,31.3664614271637,30.9779287560753,31.7493019065408,0.0527998447353575,-0.335732826353063,0.43564032411237
464,2019,"North West",8969,9.10155671321542,82.8383346038767,19.2077695385494,182.51779710469,5.2068476866498,23.8495306214945,458.096287780244,1,-1.3371622679598,4,25.582873744172,25.5457002106237,0,0,25.582873744172,25.582873744172,24.6007787001284,25.6704102247836,25.6712006511869,-0.982095044043561,0.0875364806116856,0.0883269070149844
465,2019,"North East",925,6.8299993360394,46.6488909302987,19.0308448779505,311.695210949535,5.74202582236118,26.1675242463441,497.990094772183,0,1.04911247832628,4,25.5481508045902,26.3484096116834,0,0,25.5481508045902,25.5481508045902,26.5049159592759,26.217447203919,26.3657135716509,0.956765154685744,0.669296399328804,0.817562767060711
466,2019,"South and Islands",8486,9.04622739705055,81.834230119148,22.6064018387368,161.956586282898,5.08732831340971,17.3908954544949,393.145570979774,0,1.32358221483804,4,27.0616183441399,26.1220392478294,0,0,27.0616183441399,27.0616183441399,25.1546969384792,26.1490127499972,25.7736439152236,-1.90692140566068,-0.912605594142761,-1.28797442891635
467,2019,"South and Islands",13648,9.52138420253441,90.6567571322717,19.7239629499389,173.211796891317,5.1545151051906,13.9814040148671,275.768694777365,0,-0.23185657717326,4,25.0437070263502,23.5795792719408,0,0,25.0437070263502,25.0437070263502,22.9507643390408,24.2285194432838,23.5123319484883,-2.09294268730944,-0.815187583066347,-1.53137507786186
468,2019,"South and Islands",2620,7.87092737790764,61.951497788296,27.6452256968999,58.1979099208141,4.06384944207904,18.5242647286672,512.107479293129,1,-0.0871711217297828,4,27.4270331313776,27.8449071793789,0,0,27.4270331313776,27.4270331313776,26.9655948585222,27.678674577037,27.2744954824417,-0.461438272855393,0.251641445659359,-0.152537648935894
469,2019,"North East",1251,7.13134118320015,50.8560270712066,25.0539332936997,26.6609636332996,3.28320045938239,29.582883703603,741.167594945347,1,-0.918179481733512,4,28.5149077143494,27.1360195958924,0,0,28.5149077143494,28.5149077143494,26.496696601925,27.3702029118901,27.0366721932531,-2.01821111242445,-1.14470480245936,-1.47823552109631
470,2019,"Center",600,6.25678068481365,39.1473045378572,22.7157189696995,149.419910645288,5.00676053453709,19.2031525013005,436.213415551825,0,-0.307249315877982,4,25.5928217329656,24.603237524223,0,0,25.5928217329656,25.5928217329656,24.8950640253873,25.2505542806202,24.8534091166558,-0.697757707578372,-0.342267452345485,-0.739412616309806
471,2019,"North East",7254,8.88926740864677,79.0190750624296,17.24846908714,67.8964317245966,4.21798348126323,21.7356776364828,374.907163800914,1,0.712199778480769,4,26.3203391035253,26.307469347644,0,0,26.3203391035253,26.3203391035253,24.7770540541667,25.9331306699988,25.6574719044005,-1.54328504935856,-0.387208433526464,-0.662867199124843
472,2019,"South and Islands",5029,8.5230624376284,72.6425933157121,24.4908363385082,584.093625162283,6.37006128703753,22.6094310724836,553.723876102978,1,0.622782417375555,4,27.870470306146,28.1461203179214,0,0,27.870470306146,27.870470306146,27.892466657246,27.7389346846738,27.8507148065751,0.0219963510999754,-0.131535621472253,-0.0197554995709837
473,2019,"South and Islands",1128,7.02827510690713,49.3966509783705,25.8379861126863,156.292084075903,5.0517265904373,14.6040697238819,377.339750714363,0,-1.92711631532358,4,24.1050282617768,25.3906878530882,0,0,24.1050282617768,24.1050282617768,24.3666377705436,25.8541580879866,25.4220078325226,0.261609508766835,1.7491298262098,1.31697957074579
474,2019,"North West",2332,7.75429775778779,60.1291337164328,24.7350772251579,187.902198739913,5.23592160800031,26.9782460127956,667.308998525809,1,-0.342840735433995,4,28.1495190858825,29.0115773820774,0,0,28.1495190858825,28.1495190858825,29.1951956461012,28.4429722123974,29.0667483374277,1.04567656021869,0.293453126514883,0.917229251545212
475,2019,"Center",600,6.30382040044231,39.7381516410326,25.8203788891456,79.0348678495485,4.36988912027822,22.399023885582,578.35128347275,0,-0.518931909933603,4,27.3461599655511,27.0531014151021,0,0,27.3461599655511,27.3461599655511,26.3425578032397,27.1566800274484,26.8619618454435,-1.00360216231137,-0.189479938102675,-0.484198120107585
476,2019,"Center",5548,8.62114359778641,74.3241169336536,24.1357831314859,99.9889619667689,4.60505979956342,29.1245143772405,702.942962818921,1,0.292069152546354,4,26.1863193541072,27.7291864307171,0,0,26.1863193541072,26.1863193541072,27.7230081007167,27.6434330608873,27.3620909398621,1.53668874660946,1.45711370678006,1.17577158575493
477,2019,"North East",3639,8.19934512289813,67.2292604443934,22.4328384381579,82.0370330491017,4.4071707678635,27.1096377620579,608.146124033231,0,1.14113672732958,4,27.2792565760313,26.5203646026903,0,0,27.2792565760313,27.2792565760313,26.7082835751329,26.661882411472,27.118860847248,-0.570973000898451,-0.617374164559337,-0.160395728783289
478,2019,"North West",5981,8.69634724864871,75.62645546908,16.9209138426826,187.876942606728,5.23578718790912,31.1145703263332,526.486963743973,0,0.683471299587869,4,25.5863052140514,26.3766015274597,0,0,25.5863052140514,25.5863052140514,25.7160902893348,26.1491557467092,26.3836258777128,0.129785075283426,0.562850532657741,0.797320663661402
479,2019,"Center",2388,7.77837891406012,60.503178530695,22.3321622681739,92.6753638756587,4.52910267539174,31.3592974191869,700.32091858121,0,-0.386213584370608,4,26.1470143406532,26.073756201821,0,0,26.1470143406532,26.1470143406532,25.2626800213175,26.4903584508362,26.374104193717,-0.884334319335711,0.343344110183047,0.227089853063834
480,2019,"North West",4499,8.41158629095012,70.7547839301,27.8212302742555,154.248335108922,5.03856386926807,27.787716591542,773.08846208904,1,0.779026071600271,4,32.0518648950099,30.6194351265271,0,0,32.0518648950099,32.0518648950099,30.3998979843873,29.7704008704682,30.3138217695492,-1.65196691062269,-2.28146402454174,-1.7380431254607
481,2019,"South and Islands",2422,7.79238630649559,60.72128434966,20.6062929931953,1140.21909381981,7.03897571048411,23.6395493489409,487.123480111376,0,0.0571070971965823,4,26.294174284949,25.7153354620235,0,0,26.294174284949,26.294174284949,25.0392482270449,25.8950800635803,25.822413867702,-1.25492605790406,-0.399094221368653,-0.471760417246951
482,2019,"North West",5576,8.62621965844693,74.4116655957763,22.9490360435356,74.8990257270942,4.31614088278963,32.8065850866957,752.879503619898,1,-1.09881033397931,4,27.8343753604496,26.7095609735933,0,0,27.8343753604496,27.8343753604496,26.6112893563536,26.9939004292042,27.0855617039299,-1.22308600409598,-0.840474931245314,-0.748813656519623
483,2019,"North East",5128,8.54246245441909,72.9736647851598,22.0587758047252,114.583570109305,4.74130442671902,26.9217268550269,593.860336971087,1,0.357877967261937,4,28.3949681823498,27.9715146000131,0,0,28.3949681823498,28.3949681823498,26.9916722634689,27.5386294950921,27.5108300981096,-1.40329591888091,-0.856338687257733,-0.884138084240242
484,2019,"Center",5024,8.52201954811168,72.6248171783975,25.1384354135862,45.801298830538,3.82431244946341,25.0441142345757,629.569848176355,0,0.0828031321869541,4,27.0780951909677,27.1078677956008,0,0,27.0780951909677,27.0780951909677,26.4069273117801,27.2164599128148,26.8596372862698,-0.671167879187632,0.138364721847111,-0.218457904697924
485,2019,"North West",3444,8.14432969708906,66.3301062148868,23.759066587886,132.732832502563,4.88833832974464,27.6564497642118,657.091431532432,0,0.624266741120967,4,27.0916187477025,27.5946629494954,0,0,27.0916187477025,27.0916187477025,27.8814473942435,27.4788147437529,27.2315428658361,0.789828646541014,0.387195996050401,0.139924118133575
486,2019,"South and Islands",11843,9.37947922476908,87.9746305278748,19.1288004209763,63.9958264439225,4.15881786941958,15.87412637171,303.652995221796,0,0.0825658265874211,4,22.3102395002822,23.5800721131054,0,0,22.3102395002822,22.3102395002822,23.4252897085997,24.229593958274,23.8981980621663,1.11505020831751,1.91935445799177,1.5879585618841
487,2019,"South and Islands",2416,7.78970411943168,60.6794902682908,25.0672814257331,52.413414835054,3.95916256686502,23.1097067883036,579.297523728582,0,0.745460248902926,4,26.3694459345933,26.3821401937178,0,0,26.3694459345933,26.3694459345933,26.5490338090726,26.6905868695768,26.6843666103619,0.179587874479285,0.321140934983454,0.314920675768601
488,2019,"South and Islands",5575,8.62610952331161,74.4097655081673,21.5592917705287,103.956050641242,4.643968219837,12.7516098583615,274.915677480365,1,-0.0419484592693014,4,25.9451580340618,24.012608167317,0,0,25.9451580340618,25.9451580340618,23.8580975879309,24.6070818068665,24.0350647028023,-2.08706044613081,-1.33807622719522,-1.9100933312595
489,2019,"Center",1484,7.30231091328479,53.3237446742782,26.2395228996619,173.599558616455,5.15675125969108,23.2609892327658,610.35725964195,1,-0.161401573207404,4,29.5790480329663,26.4759402688844,0,0,29.5790480329663,29.5790480329663,27.4943824345866,26.8568405806913,27.4428073131532,-2.08466559837967,-2.72220745227497,-2.1362407198131
490,2019,"North West",1947,7.57385366702483,57.3632593695054,28.0551070580116,603.078188995913,6.40204685498108,36.9139520495351,1035.62487668401,1,0.102411443568081,4,33.3709744691232,32.2489291848891,0,0,33.3709744691232,33.3709744691232,31.7647823292897,31.1443362378925,31.725362313876,-1.60619213983347,-2.22663823123068,-1.64561215524721
491,2019,"North West",2334,7.75522109856555,60.1434542876362,29.6673551646853,851.664397004305,6.74719254900055,26.4431523470094,784.498392352609,0,-0.406236192595962,4,32.4767453725048,30.5288418311472,0,0,32.4767453725048,32.4767453725048,29.9774413106452,29.8343920600553,30.1942608619382,-2.49930406185963,-2.64235331244949,-2.28248451056665
492,2019,"South and Islands",4439,8.39818549098205,70.5295195409415,26.8186083512908,49.4414423284672,3.90078898603432,17.0133825408065,456.27524309258,1,2.17565474163283,4,28.7022361998738,28.2792631446583,0,0,28.7022361998738,28.7022361998738,28.3909589549553,27.8346856468248,28.4003146378895,-0.311277244918493,-0.867550553048986,-0.301921561984269
493,2019,"Center",1066,6.97192387962255,48.6077225832512,23.8428423413989,544.55423892728,6.299967549767,20.5038924018746,488.871073922902,0,1.7226614375358,4,28.5980883816305,28.5475972494838,0,0,28.5980883816305,28.5980883816305,28.305705715761,27.8731305385951,28.2172499539391,-0.292382665869464,-0.724957843035384,-0.380838427691398
494,2019,"North West",3595,8.18729696393693,67.0318315756909,23.744574803214,138.611704057285,4.9316765280483,26.7311606250715,634.72004303874,0,0.689357914902456,4,29.4999332057163,28.3984142907167,0,0,29.4999332057163,29.4999332057163,28.1796702817578,27.9573185102538,28.1694122130149,-1.32026292395841,-1.5426146954625,-1.33052099270131
495,2019,"South and Islands",6507,8.78069981630085,77.1006892639857,17.3919628879705,98.8118498760542,4.59321753557858,17.0803769267327,297.061281622284,1,-0.185181347774874,4,23.1800317445442,22.3648124875695,0,0,23.1800317445442,23.1800317445442,22.2318711817162,23.3533453378138,22.503284974003,-0.948160562827972,0.173313593269651,-0.676746770541172
496,2019,"South and Islands",2631,7.87496182067823,62.0150236771398,17.3993430452544,62.1289066668814,4.12921136641362,20.2550625920914,352.424782442899,0,-1.3596493049455,4,21.0306410803294,21.1941620802914,0,0,21.0306410803294,21.0306410803294,21.0085976416323,22.6843702401982,21.0930086494118,-0.0220434386970787,1.65372915986885,0.062367569082376
497,2019,"North East",1918,7.55900703212298,57.1385873116846,22.271942849886,396.522100643206,5.98273177884865,18.6618913970389,415.636578665629,1,1.08781153610977,4,28.8147930091114,28.297825248969,0,0,28.8147930091114,28.8147930091114,28.1259075827071,27.5320848734336,27.7129435648619,-0.688885426404294,-1.28270813567783,-1.10184944424958
498,2019,"South and Islands",3839,8.25302858050932,68.1124807507037,21.6592192007873,245.746853190889,5.50430195402521,24.7385390368567,535.817439706512,1,-0.956208715781305,4,26.4473286705199,25.951849788522,0,0,26.4473286705199,26.4473286705199,24.5155641204414,26.1668139995125,25.7562763060774,-1.93176455007852,-0.280514671007463,-0.691052364442509
499,2019,"North East",1394,7.23961973973772,52.4120939760001,29.7726092719745,91.3697200178761,4.51491413273831,26.3019394458,783.077366214935,0,-0.00538899238849086,4,28.6019490636168,29.685377743222,0,0,28.6019490636168,28.6019490636168,29.52432270365,29.3060303039846,29.6372495773508,0.922373640033225,0.704081240367778,1.03530051373402
500,2019,"South and Islands",3717,8.22059391842923,67.5781643717156,23.3500773373962,81.2699432432734,4.39777624639245,29.1831323209463,681.428396641562,0,0.777753601413646,4,26.9285901252118,25.8054252502022,0,0,26.9285901252118,26.9285901252118,26.1505412288254,26.3559468841469,26.455253101719,-0.77804889638638,-0.572643241064942,-0.473337023492782
501,2019,"North West",835,6.7270300509149,45.2529333059121,28.1428164526682,142.438566004068,4.95891079099066,28.6449425410286,806.149360229392,0,0.486888893751362,4,30.92392832014,30.1959384062185,0,0,30.92392832014,30.92392832014,29.9451776588605,29.5632899000489,29.9883871421518,-0.978750661279431,-1.36063842009106,-0.93554117798816
502,2019,"South and Islands",7033,8.85839147975668,78.4710996086258,20.6405052569758,164.309673426681,5.10175289991798,18.7075417649527,386.1331141446,0,-0.62498197913082,4,23.1119004344763,22.5938144203858,0,0,23.1119004344763,23.1119004344763,22.6449676479868,23.7983175158462,23.288541886956,-0.466932786489487,0.686417081369868,0.176641452479711
503,2019,"Center",2021,7.61128826034766,57.9317089821062,21.526566337846,120.413947901971,4.79093537252693,30.7074055221276,661.025002035221,0,-1.42934457025625,4,24.5091527505151,24.8682140999602,0,0,24.5091527505151,24.5091527505151,23.5149323976822,25.6328424566681,24.8392579063238,-0.994220352832908,1.12368970615307,0.330105155808745
504,2019,"South and Islands",3888,8.26558186529302,68.3198435718608,20.7426842458721,97.0345616012308,4.5750672202091,14.4055665225473,298.810117760104,0,0.280856205846249,4,24.4452741948966,24.4004377705954,0,0,24.4452741948966,24.4452741948966,22.9787778340136,24.8349172481255,24.2058415419604,-1.46649636088299,0.389643053228877,-0.239432652936166
505,2019,"South and Islands",2803,7.93837042651787,63.0177250286135,27.4690633568125,71.2272736645013,4.26587580215599,20.6167856959516,566.323792495921,0,0.379029401342948,4,26.7772565596801,27.3734160652537,0,0,26.7772565596801,26.7772565596801,26.6572325159324,27.4391605267354,26.6368245999814,-0.120024043747698,0.661903967055295,-0.140431959698621
506,2019,"Center",4975,8.51216189847935,72.4569001859235,21.8735973838278,70.0581205836279,4.24932519159776,20.9297637008687,457.809224531455,1,-0.0888696549387477,4,24.3930678444818,25.9640829852411,0,0,24.3930678444818,24.3930678444818,25.350858646886,26.0884832092708,25.3678788619798,0.957790802404244,1.69541536478902,0.974811017498013
507,2019,"South and Islands",20048,9.90586707004835,98.1262024094682,26.8597967847819,432.299135697911,6.06911779236072,19.3128401078152,518.738960632902,0,0.0263592273776231,4,27.9167872400339,27.0323153724429,0,0,27.9167872400339,27.9167872400339,26.073940303604,27.1284452943813,27.1322578490152,-1.8428469364299,-0.788341945652583,-0.78452939101868
508,2019,"North East",3651,8.20280626649386,67.2860306456309,24.8036132968567,201.159969597832,5.30410046016949,25.2303615570821,625.804131401744,1,1.67258445986885,4,30.428627311169,31.1035587087668,0,0,30.428627311169,30.428627311169,30.0795298216666,29.7156619750845,29.8229120236583,-0.34909748950238,-0.712965336084508,-0.605715287510737
509,2019,"North West",4454,8.4015364234194,70.5858142740428,22.5369432038815,163.903480219101,5.09927771931996,20.5897871622083,464.030863854697,1,-0.960666415909449,4,27.6134592956578,26.9350221966159,0,0,27.6134592956578,27.6134592956578,26.3403990268433,26.747870629604,27.0801690534586,-1.27306026881451,-0.865588666053757,-0.533290242199158
510,2019,"North East",4700,8.45525079366424,71.4912659837598,25.5600189245299,104.042078550031,4.64479541875488,35.9830864566811,919.728370795765,0,-0.032325244874819,4,27.3325600454627,29.2937124839723,0,0,27.3325600454627,27.3325600454627,28.1909585001094,28.9874595194998,29.1865432121811,0.858398454646647,1.65489947403704,1.85398316671839
511,2019,"Center",4912,8.4994624068771,72.2408612059171,18.3979057195441,68.0330272313238,4.21999328184296,16.5719297770612,304.888801629277,1,0.159864742596571,4,23.8236645486759,22.6605493326047,0,0,23.8236645486759,23.8236645486759,22.8957867493311,23.6081812462733,22.8146161475046,-0.92787779934481,-0.215483302402646,-1.00904840117132
512,2019,"South and Islands",4674,8.44977416127635,71.3986833765735,19.2389893844264,318.432739508377,5.76341127377322,19.6085936690957,377.249525443263,0,0.366369987476874,4,23.8112081262043,23.4122993605013,0,0,23.8112081262043,23.8112081262043,23.2705524077847,24.2229081558546,22.9205897760178,-0.540655718419622,0.411700029650294,-0.890618350186447
513,2019,"South and Islands",3601,8.18899738437159,67.0596781612448,18.2862044564582,23.8587937848813,3.17215286153108,17.6105371495016,322.029882903839,1,-0.186041376212716,4,23.1694307865948,21.6488735673383,0,0,23.1694307865948,23.1694307865948,22.0389638189028,22.9844689242357,21.9935663965251,-1.13046696769204,-0.184961862359092,-1.17586439006975
514,2019,"South and Islands",9453,9.15412116852688,83.7979343680719,25.3711470751674,306.531896978941,5.72532181840831,22.7299811513106,576.685694805683,0,0.445266351488215,4,27.6240831448056,26.5001942679098,0,0,27.6240831448056,27.6240831448056,26.6812759332712,26.7794218921298,27.3395122021581,-0.942807211534465,-0.844661252675859,-0.28457094264752
515,2019,"Center",1904,7.55161043104551,57.0268201022753,18.8817323413305,57.0492450366772,4.04391484285816,21.6405088302489,408.610295462958,0,0.501747056750132,4,23.9802778458781,22.7076272102066,0,0,23.9802778458781,23.9802778458781,23.4929798632872,23.796813837441,23.6563781522902,-0.48729798259097,-0.183464008437181,-0.323899693587943
516,2019,"South and Islands",11511,9.35107105335917,87.4425298449718,23.8326300483158,88.2160816142766,4.47978927762005,17.4006531330332,414.703328718647,1,-0.560013544899437,4,26.2981435888179,25.4570854864839,0,0,26.2981435888179,26.2981435888179,24.8645965577851,25.8272349248093,25.4707896099174,-1.43354703103277,-0.470908664008565,-0.827353978900476
517,2019,"North East",3515,8.16469656700802,66.6622700313125,22.5475325384083,133.92120176166,4.89725158042895,22.7734701945352,513.485560223754,0,0.153182554296388,4,27.403371159818,26.5325789629688,0,0,27.403371159818,27.403371159818,26.557171060356,26.5567550630223,26.568173755068,-0.846200099461992,-0.846616096795753,-0.835197404750041
518,2019,"South and Islands",947,6.85368109639683,46.9729445711073,18.8074491907692,791.570787705377,6.6740193101993,18.8551728339605,354.617705057883,0,-0.998481357301674,4,23.3230908230258,23.4543248475389,0,0,23.3230908230258,23.3230908230258,22.4802801730924,24.1959177415094,23.4194362170805,-0.842810649933337,0.872826918483653,0.0963453940547261
519,2019,"South and Islands",8997,9.10467271164988,82.895065186262,21.2774050714789,478.437860419512,6.17052633917794,24.414489491076,519.476982514988,0,0.520652441196038,4,25.6344258807917,25.1319898961597,0,0,25.6344258807917,25.6344258807917,24.9296888883791,25.6063504099978,25.3611484942477,-0.704736992412652,-0.0280754707939614,-0.273277386544045
520,2019,"South and Islands",22539,10.0230166348084,100.460862461646,18.2474193626769,165.092604804963,5.10650655770582,29.97330614975,546.935487000393,1,2.10198471643891,4,26.0861861501168,26.3664223696938,0,0,26.0861861501168,26.0861861501168,26.2976227315994,26.2452767889677,27.1177510273621,0.211436581482609,0.15909063885092,1.03156487724529
521,2019,"South and Islands",1017,6.92436283232534,47.9468006336886,25.3301782842569,274.725542453544,5.61577257186391,16.9129205894032,428.407293837062,0,1.23236030242916,4,28.75822972163,28.0377664114726,0,0,28.75822972163,28.75822972163,27.7972980238395,27.5608963757748,27.3791685723693,-0.960931697790556,-1.19733334585525,-1.37906114926068
522,2019,"North West",2342,7.75882800542856,60.1994120178226,25.6521836210338,516.201461426983,6.246497118406,37.5773447792704,963.94094826874,1,0.325273956438789,4,30.8448811677787,31.056179113797,0,0,30.8448811677787,30.8448811677787,30.1238009649897,30.1616123863631,31.0538621466711,-0.721080202789025,-0.683268781415549,0.20898097889242
523,2019,"Center",1253,7.13345319294794,50.8861544559792,16.4943428243158,131.7434946783,4.88085680994664,29.2670919833668,482.741448644436,0,2.09284718986868,4,27.0764937645364,25.5215053366536,0,0,27.0764937645364,27.0764937645364,25.5992740805352,25.5292614194246,26.0197591228719,-1.47721968400121,-1.54723234511187,-1.05673464166451
524,2019,"North East",3665,8.20665005518426,67.3491051282558,28.66277692885,621.048377520284,6.43140898150838,21.4928795985689,616.045613492412,0,-0.222097781860535,4,28.1691583502043,28.9047763072853,0,0,28.1691583502043,28.1691583502043,28.9437336961474,28.5380466465137,29.0001766513748,0.774575345943127,0.368888296309397,0.831018301170534
525,2019,"North East",6117,8.71879940758851,76.0174631097657,20.4754128199216,201.190399369577,5.30425172023609,30.318716002467,620.788226320475,1,-0.264151423868314,4,26.6833753694117,26.6965357725985,0,0,26.6833753694117,26.6833753694117,26.3625128049501,26.6758530713459,26.2281425191093,-0.32086256446167,-0.0075222980658971,-0.45523285030243
526,2019,"South and Islands",2541,7.84040423639104,61.4719385900185,20.9804689929741,93.8603159533224,4.54180767657968,17.5972324816335,369.198190443068,1,0.390489687334356,4,24.3772106696286,24.2763390879547,0,0,24.3772106696286,24.3772106696286,24.3719202606228,24.8591441508859,24.4521436401096,-0.00529040900580213,0.481933481257343,0.0749329704810258
527,2019,"North West",907,6.80994459205499,46.3753453468589,21.2792560791608,154.95404628149,5.04312859735837,30.518375951451,649.408336991029,0,0.645316767430452,4,27.6637853482434,28.1706033694173,0,0,27.6637853482434,27.6637853482434,27.3187972415769,27.6893701224052,27.5714193131057,-0.344988106666417,0.025584774161814,-0.0923660351376192
528,2019,"North West",1490,7.30624137319678,53.3811630034124,22.9687646667748,282.972808071655,5.64535080847437,29.9238931282089,687.314859175549,0,-1.87874398335468,4,27.1566794715181,25.9220044668018,0,0,27.1566794715181,27.1566794715181,25.8669738178789,26.4149381620002,26.3085927954297,-1.28970565363918,-0.74174130951786,-0.848086676088361
529,2019,"North West",2305,7.74263119579537,59.9483378341037,22.1281820010056,217.248426743785,5.38104152243359,42.6501122485078,943.769446198301,0,-0.636843647053438,4,28.7831331424265,25.5778701376792,0,0,28.7831331424265,28.7831331424265,26.8936689717342,26.4726693155413,26.7746373846398,-1.88946417069232,-2.31046382688523,-2.00849575778673
530,2019,"Center",1888,7.54343113002032,56.9033532133597,20.6030816653945,132.67211715037,4.88788079982041,18.4403849103921,379.928756250117,0,1.03591696328299,4,28.1238260212459,25.3414582694557,0,0,28.1238260212459,28.1238260212459,25.2812858683215,25.5234904373172,25.5594206754205,-2.84254015292442,-2.60033558392873,-2.56440534582536
531,2019,"North West",7464,8.91780322361019,79.5272143350323,25.2963714130075,278.116745970336,5.62804097507009,29.7746007841396,753.189360109618,1,-0.827445041315284,4,28.9372180788606,26.8985887394214,0,0,28.9372180788606,28.9372180788606,27.5790356661239,27.2494612631695,28.1403469944695,-1.35818241273665,-1.68775681569106,-0.796871084391064
532,2019,"North West",3115,8.04412194543613,64.7078978730472,27.0800235364292,112.960240825968,4.72703590570059,28.9210857038442,783.183681559188,0,1.19909754545462,4,29.5177274055387,29.6739198624465,0,0,29.5177274055387,29.5177274055387,29.2835099290848,29.1431589704118,29.7545453575318,-0.234217476453995,-0.374568435126985,0.236817951993039
533,2019,"Center",2925,7.98092781704925,63.6952088209506,25.7413903761381,161.982001359384,5.08748522634017,20.4596194435651,526.659051044034,0,-1.05055273193544,4,25.5272628036034,26.5085919200883,0,0,25.5272628036034,25.5272628036034,25.7655505957181,26.7430029299524,26.7045448818966,0.238287792114651,1.21574012634892,1.17728207829311
534,2019,"North West",10907,9.29718747104653,86.4376948717845,22.5176314732113,330.141719783439,5.79952201616081,26.5373018375726,597.557183071831,1,-0.554399783066082,4,27.2892412783447,28.1278478314991,0,0,27.2892412783447,27.2892412783447,27.8756252125557,27.6685671395642,28.2165194636745,0.586383934210971,0.379325861219463,0.927278185329744
535,2019,"Center",1563,7.35425309279554,54.0850385528928,21.0208005828947,84.9756178659712,4.44236436670574,22.0068842469115,462.602325205173,0,-1.25763129124447,4,23.4173603486856,23.6286277604766,0,0,23.4173603486856,23.4173603486856,23.1975136409053,24.570330478187,23.5831922662114,-0.219846707780299,1.15297012950138,0.165831917525836
536,2019,"North West",6544,8.78624691208674,77.1981348001537,23.7923591808699,213.842486903493,5.36523970150253,25.2451907194716,600.642645187232,1,-2.31783993137646,4,25.7683369766881,25.7419791535449,0,0,25.7683369766881,25.7683369766881,25.9335645450909,26.2395026089463,26.3557017035996,0.16522756840282,0.471165632258234,0.587364726911588
537,2019,"North West",6108,8.71737235112674,75.992580708189,26.0916903191976,303.833930882831,5.71648127215026,27.471483228439,716.777433005461,0,0.233202357264161,4,29.7444066738356,28.5734254710592,0,0,29.7444066738356,29.7444066738356,29.463974648666,28.3071928435862,28.9570703650027,-0.280432025169546,-1.43721383024937,-0.787336308832884
538,2019,"North East",7857,8.96910392860799,80.4448252821713,17.9430804884215,79.0141620947432,4.36962710342267,25.3257833673276,454.422569392287,1,-0.241537636736952,4,25.2586801256906,25.2188247589676,0,0,25.2586801256906,25.2586801256906,24.6152042740327,25.3861838386814,25.2903807651623,-0.643475851657893,0.12750371299083,0.0317006394717154
539,2019,"Center",4593,8.4323468119669,71.1044727572883,28.2609117730793,105.0441731241,4.65438095810959,16.7283968689458,472.759748018335,1,0.360889159725611,4,29.9272593777783,29.7607823408472,0,0,29.9272593777783,29.9272593777783,28.5685686367186,28.8745272698581,29.2304157249681,-1.35869074105975,-1.05273210792025,-0.69684365281028
540,2019,"South and Islands",3504,8.16176878385847,66.6144696811666,14.3394871016585,111.981365130107,4.71833247468505,16.0043555178823,229.494249519029,1,1.58460009887566,4,24.4311874483608,23.0075681645292,0,0,24.4311874483608,24.4311874483608,22.0026603206107,23.4973831975162,22.6061413778866,-2.42852712775018,-0.933804250844666,-1.82504607047427
541,2019,"Center",3909,8.27114499760711,68.411839571441,26.3326445125858,456.869864762361,6.12439859052265,24.0828407068052,634.164883185533,1,-0.795617843771957,4,28.6413668930094,26.7702017569245,0,0,28.6413668930094,28.6413668930094,27.8482247919992,27.0781061665096,28.3545677385165,-0.793142101010162,-1.56326072649983,-0.286799154492925
542,2019,"North East",1141,7.03954241428332,49.5551574024939,21.8371715552012,354.912822001129,5.87187218748991,29.9072622071705,653.090015564367,0,0.278114496802603,4,29.1718709480234,27.4792280237606,0,0,29.1718709480234,29.1718709480234,27.1312614350131,27.2896816262408,27.4773808527002,-2.04060951301029,-1.8821893217826,-1.6944900953232
543,2019,"South and Islands",5729,8.65334577706576,74.8803931374619,22.641765074736,130.087355412316,4.8682061894985,20.3873067122962,461.604609086398,1,-1.24426158551855,4,24.7454217554468,23.9233925801931,0,0,24.7454217554468,24.7454217554468,23.4662183459385,24.8489935846426,23.9102830925359,-1.27920340950831,0.103571829195804,-0.835138662910961
544,2019,"Center",2224,7.70728519149373,59.4022450230185,24.5528024220776,132.624578699789,4.88752242030169,22.3768843945905,549.415221362052,1,-0.509853852237864,4,25.1334468850668,27.4529935013998,0,0,25.1334468850668,25.1334468850668,26.6475433773338,27.2993637504567,27.3633044292437,1.51409649226704,2.16591686538992,2.2298575441769
545,2019,"Center",7035,8.8586696004181,78.4760270893718,28.3292657498012,33.2416935921065,3.5038049191137,14.2716839137483,404.306326289738,1,0.066731945656612,4,27.971676347592,26.3538242221962,0,0,27.971676347592,27.971676347592,27.1914608118872,26.6405496465369,26.7796059597934,-0.780215535704855,-1.33112670105508,-1.19207038779861
546,2019,"North West",2354,7.76375044654764,60.2758209962686,22.5941003804797,402.883009296115,5.99864622028826,33.6246707906408,759.719187104322,1,0.948138429788891,4,30.0989008882359,30.2655780743428,0,0,30.0989008882359,30.0989008882359,29.3802292651548,29.2276654457042,29.8108772783431,-0.718671623081104,-0.871235442531646,-0.288023609892758
547,2019,"South and Islands",8982,9.10299505639128,82.8645189966841,18.6654606572251,99.4953785823113,4.60011119667695,15.5027898540834,289.366714098622,0,-0.384234066817766,4,21.6614816798683,22.5178398720209,0,0,21.6614816798683,21.6614816798683,22.2966944975817,23.5139457507854,22.4956770170709,0.635212817713331,1.85246407091711,0.834195337202555
548,2019,"North West",2756,7.92157751271875,62.7513902900113,23.9475171322222,103.903627930845,4.64346381502055,32.0063342521384,766.472237842716,0,-0.244863630342265,4,28.7941674232992,27.2914251219334,0,0,28.7941674232992,28.7941674232992,27.5873386211141,27.4362739365112,27.7027022951908,-1.2068288021851,-1.35789348678803,-1.09146512810844
549,2019,"Center",2811,7.94124610904063,63.0633897643529,27.6856398675697,179.267777709202,5.1888806528559,22.3430397801508,618.581352900038,1,-1.84616949154846,4,28.0362780334326,26.4126670129364,0,0,28.0362780334326,28.0362780334326,26.1143600896313,26.9109226773392,26.5019927318438,-1.92191794380126,-1.12535535609342,-1.53428530158881
550,2019,"North West",683,6.52653191070257,42.595618781419,29.9091166542182,321.361006700187,5.77256512267055,40.9125893779183,1223.65940833029,0,-0.660192919310786,4,33.159257907525,30.6955528883125,0,0,33.159257907525,33.159257907525,31.1134165978175,30.5079464180672,31.5908029839724,-2.04584130970743,-2.65131148945773,-1.56845492355261
551,2019,"North East",689,6.53556843342693,42.7136547480065,15.6594983240668,71.8727453726948,4.27489712989778,25.9496947064509,406.359200765713,0,-0.800256836989495,4,22.2784292734794,24.4807885493151,0,0,22.2784292734794,22.2784292734794,22.5376423603443,24.7273338367738,23.6218205046167,0.259213086864928,2.44890456329443,1.34339123113733
552,2019,"South and Islands",986,6.89333590015185,47.5180798323223,25.4713555958301,89.4256353448788,4.49340738989903,15.8313804923356,403.246722093169,0,0.686342303444868,4,26.2438386327733,26.0119778494318,0,0,26.2438386327733,26.2438386327733,25.3752291698992,26.257998360635,25.937976063273,-0.868609462874069,0.0141597278617382,-0.305862569500313
553,2019,"North West",1698,7.43745771561033,55.3157772714917,19.0065230334021,519.73359265605,6.25331635847852,20.222951568134,384.367994783114,0,-0.696410219793838,4,24.6505464232387,25.157006358065,0,0,24.6505464232387,24.6505464232387,24.9606750459708,25.3202468426453,25.2929667543126,0.310128622732119,0.669700419406595,0.642420331073936
554,2019,"North East",600,5.14735358100672,26.4952488879027,22.4521653081381,78.7918823647733,4.36680997588189,20.592873081238,462.354590589463,0,-0.578216148243326,4,25.3111090976099,24.4988353701022,0,0,25.3111090976099,25.3111090976099,24.9039127563021,25.2023703291324,24.9384444696431,-0.407196341307813,-0.108738768477451,-0.372664627966827
555,2019,"North East",5566,8.62437246654323,74.379800441669,28.3728790270056,95.1867950653938,4.55584122488029,27.2101742381355,772.030981962363,1,-0.273310725691838,4,30.1218613943733,28.6039238707338,0,0,30.1218613943733,30.1218613943733,29.2203266590419,28.5281611994781,29.4279807630827,-0.901534735331424,-1.59370019489524,-0.693880631290607
556,2019,"North East",8551,9.05380782624277,81.9714361545349,25.8146958454129,109.961286948581,4.70012836701703,24.1211888596877,622.681153842598,1,0.851584150726657,4,28.9169493678869,29.1632033885819,0,0,28.9169493678869,28.9169493678869,29.1797826474984,28.5448560393602,29.2088395419682,0.262833279611474,-0.372093328526667,0.291890174081288
557,2019,"North West",8495,9.04728088141485,81.8532913472147,25.9569706259878,255.557606814195,5.54344785121305,33.1565126175249,860.642624073286,1,0.112590409231342,4,30.3685870949714,29.7411636987521,0,0,30.3685870949714,30.3685870949714,30.0514764874029,29.2184190924344,29.6826243266145,-0.317110607568473,-1.15016800253697,-0.685962768356941
558,2019,"North East",2209,7.70029980668086,59.2946171127693,26.6056528871785,165.113394265005,5.10663247583043,27.3028403742827,726.409893832208,1,0.6829104305804,4,29.0587996711343,30.1109572579614,0,0,29.0587996711343,29.0587996711343,29.1173921851947,29.3200529617291,29.9371076321494,0.0585925140603578,0.261253290594798,0.878307961015054
559,2019,"South and Islands",1174,7.06779210074841,49.9536851794016,17.154577059878,250.967371927727,5.52532293836224,24.8708317043314,426.648599015209,1,0.4073621287603,4,24.0289650428479,25.4260376231972,0,0,24.0289650428479,24.0289650428479,24.5804514858341,25.4363701731187,24.6923029622461,0.551486442986132,1.40740513027077,0.66333791939816
560,2019,"South and Islands",984,6.89117401353945,47.4882792848815,20.7496358711076,122.870322914712,4.81112951397655,18.2399461400377,378.472240714397,0,-0.208390933255695,4,23.5682934161707,24.4502995885891,0,0,23.5682934161707,23.5682934161707,24.2819207577022,24.9673534695183,24.314267461507,0.713627341531495,1.39906005334763,0.745974045336347
561,2019,"South and Islands",2222,7.70616605962345,59.3849953384924,17.9122415081649,281.291621728405,5.63939193093709,23.3223119258356,417.754883744322,0,-0.379339632333214,4,23.5795525598611,21.9897394998455,0,0,23.5795525598611,23.5795525598611,23.4517443627492,23.2989149762559,22.7643720224343,-0.127808197111996,-0.280637583605269,-0.815180537426883
562,2019,"North West",5280,8.57171992056754,73.4743823966543,20.7409273967052,1861.98218061804,7.52939688776868,32.61526462138,676.470835536373,1,-0.152390887883711,4,29.0022893332675,27.6739170942824,0,0,29.0022893332675,29.0022893332675,27.7714981567708,27.378720968422,27.950778209768,-1.23079117649672,-1.62356836484548,-1.05151112349946
563,2019,"North West",2826,7.94668615044339,63.1498207736487,28.8079674320127,111.453380184465,4.71360638852821,33.1828843927654,955.931452887026,0,0.684803593651179,4,31.0793373919745,31.1498902119994,0,0,31.0793373919745,31.0793373919745,30.8732235640519,30.3932491935076,30.8273396351235,-0.206113827922614,-0.686088198466948,-0.251997756851079
564,2019,"South and Islands",2042,7.62148657422891,58.0870576011516,28.4880023826992,218.074375569353,5.38483617693952,13.3515393221146,380.358684021103,0,-1.32424958816545,4,27.0805305172199,24.9137743237121,0,0,27.0805305172199,27.0805305172199,25.110996648702,25.7100990838951,25.1645980972925,-1.9695338685179,-1.37043143332478,-1.91593241992739
565,2019,"North West",3735,8.22552626776484,67.6592823816893,21.8965610197665,113.697339820373,4.7335400040041,23.0054486506344,503.740210165721,0,-1.95399940697965,4,26.2042184532822,25.6290816474919,0,0,26.2042184532822,26.2042184532822,24.8162961686652,25.936226387409,25.4766228012555,-1.38792228461703,-0.26799206587317,-0.7275956520267
566,2019,"Center",6346,8.75556936933621,76.6599949812585,22.2589812057393,70.9228702096946,4.26159295147696,26.6824697520121,593.924592732745,0,0.552948710537142,4,24.6462350322951,25.1182223979995,0,0,24.6462350322951,24.6462350322951,25.9021552757349,25.7484058237076,25.8527854119138,1.25592024343976,1.10217079141251,1.20655037961865
567,2019,"South and Islands",1552,7.34738042915737,53.9839991707647,15.4810394034298,102.010067080486,4.62507150528156,20.2050146646156,312.79462816979,0,-2.04187243226335,4,19.4348800440593,20.1597703734766,0,0,19.4348800440593,19.4348800440593,19.153004948509,21.8701441850628,20.6241310328726,-0.281875095550312,2.43526414100344,1.18925098881324
568,2019,"North West",2176,7.68536485340252,59.0648329299148,27.8909679152043,392.004511233845,5.97127334797385,36.6088527803771,1021.05633830993,0,0.41434884114815,4,30.6846757740513,31.0710163662762,0,0,30.6846757740513,30.6846757740513,31.0932276438637,30.3725873217635,31.1145733544814,0.408551869812417,-0.312088452287806,0.429897580430097
569,2019,"North East",6388,8.76216796727922,76.7755874868141,26.1787799420318,41.2442523624131,3.71951176640366,32.8176278373433,859.125457373306,1,0.183077184244977,4,27.4106739157406,29.1945751811124,0,0,27.4106739157406,27.4106739157406,28.5270533290713,28.8841592149902,28.5934895105886,1.11637941333073,1.47348529924961,1.18281559484801
570,2019,"North West",2920,7.97950810813326,63.6725496477645,22.0103701045398,1223.3994159015,7.10938866936965,27.8794776346545,613.637621059986,1,0.9108387325832,4,28.964789214229,28.0592663283079,0,0,28.964789214229,28.964789214229,29.6552018314758,27.6162073364582,28.7618540217878,0.690412617246778,-1.34858187777087,-0.202935192441206
571,2019,"North East",1924,7.56226445191867,57.1878436407528,22.8013143793072,240.634367457749,5.48327863397885,30.6987441885015,699.971717291951,0,0.303949751229378,4,27.6753636194526,28.2714909392651,0,0,27.6753636194526,27.6753636194526,27.0038687418037,27.9049536193539,27.8207992845883,-0.671494877648826,0.229589999901354,0.145435665135725
572,2019,"North East",1010,6.91768932338945,47.8544255749364,21.4131912593752,35.9793668469433,3.58294563100633,27.8403149229167,596.149988165654,1,-0.195770715055686,4,26.7780593790517,26.3967578189313,0,0,26.7780593790517,26.7780593790517,26.2510421782472,26.5096943774909,26.2867822190298,-0.527017200804547,-0.268365001560788,-0.491277160021902
573,2019,"Center",1041,6.94771724781777,48.2707749556246,14.4741774863392,110.779817287659,4.70754460327753,26.7402082418137,387.042520113682,0,0.939059375923325,4,24.7680637742156,22.9024044776722,0,0,24.7680637742156,24.7680637742156,22.9825434374392,23.6376130812643,23.0061064225759,-1.78552033677648,-1.13045069295137,-1.76195735163972
574,2019,"South and Islands",1674,7.4228714145698,55.0990200372375,21.4269128148948,157.010972272627,5.05631568999311,24.6169446014416,527.465125744184,0,-0.955355238262272,4,23.2323907683622,24.1803481058214,0,0,23.2323907683622,23.2323907683622,23.9036588885965,25.0241091269676,24.2650596663663,0.67126812023438,1.79171835860546,1.03266889800411
575,2019,"North West",5367,8.58805128860933,73.7546249357844,18.7038361145187,376.87892777176,5.93192398937543,29.8475241978447,558.263201020618,0,1.05691736187366,4,27.8037064084275,27.8537426647362,0,0,27.8037064084275,27.8037064084275,26.769474278595,27.2252383355869,27.5778792856376,-1.03423212983244,-0.578468072840593,-0.225827122789902
576,2019,"Center",4314,8.36967240471474,70.0514161622435,17.4907269883252,268.40386968629,5.59249282260272,31.9233368418485,558.362369257117,0,1.93744666100074,4,26.5431978486795,26.7254450249201,0,0,26.5431978486795,26.5431978486795,26.6998842860801,26.4426505235618,26.1751801003808,0.156686437400545,-0.100547325117699,-0.368017748298751
577,2019,"North East",4212,8.3456882259449,69.6505119646754,24.5270650940375,106.027829187882,4.66370159916292,29.8142753852953,731.256673106697,0,0.357549559737113,4,28.8425594447544,26.9110916411812,0,0,28.8425594447544,28.8425594447544,27.1892641227667,27.1851691803944,27.5223670882104,-1.65329532198778,-1.65739026436002,-1.32019235654406
578,2019,"North East",6921,8.84227668921793,78.1858570486868,25.7349604141493,757.785636836334,6.63040054463915,30.4462711468893,783.533582723653,1,-0.849756830031316,4,28.9091696919315,28.0853865526365,0,0,28.9091696919315,28.9091696919315,28.2803518850663,28.0626097715593,28.5632363823629,-0.628817806865229,-0.846559920372229,-0.345933309568604
579,2019,"North West",4126,8.32503082759394,69.3061382803894,26.0189852461458,346.952307101998,5.84918732699054,31.483542424979,819.169825851935,1,-1.06610730212446,4,27.986566174332,28.5393769300306,0,0,27.986566174332,27.986566174332,28.0608145150693,28.4107195246196,28.5223596152429,0.0742483407372951,0.424153350287636,0.535793440910961
580,2019,"Center",9244,9.13177795294035,83.3893685818075,22.7546226939158,211.27264885489,5.3531494740046,18.5456055931955,421.998257903339,1,0.276462571118764,4,26.6235771259948,27.8310280052135,0,0,26.6235771259948,26.6235771259948,27.3175940219455,27.2732501243522,27.3051709518452,0.694016895950728,0.649672998357406,0.681593825850385
581,2019,"North East",2494,7.82145931653104,61.1752258401502,25.9360352588795,269.94014713999,5.59820025716504,25.3275255669728,656.895596125177,0,-0.785400374024101,4,27.7209030973038,25.495777820437,0,0,27.7209030973038,27.7209030973038,27.0925063710864,26.2790379986654,26.8368592514222,-0.628396726217392,-1.44186509863842,-0.884043845881564
582,2019,"Center",5969,8.6943294195865,75.5913640562873,19.8659273415588,119.529846168474,4.78356609891905,20.3107363853209,403.491613284338,0,-1.05718313247475,4,24.0855311565701,22.6464842594048,0,0,24.0855311565701,24.0855311565701,23.1272618275764,23.8086778168188,23.4279961255554,-0.958269328993687,-0.276853339751248,-0.657535031014728
583,2019,"South and Islands",992,6.89992718810026,47.6089952010852,21.3014751452301,158.244314054822,5.06414013023548,19.6589792592875,418.765258072308,0,0.136041340209503,4,24.0432561189941,25.0717082386306,0,0,24.0432561189941,24.0432561189941,23.6899733743232,25.442560780052,24.9256696214893,-0.35328274467091,1.39930466105789,0.882413502495208
584,2019,"North East",3209,8.07372754253093,65.1850764310226,24.0084631187369,161.624631497113,5.0852765571025,23.2895848547731,559.147139036511,0,0.410382030830078,4,27.8073513620816,27.9624803740723,0,0,27.8073513620816,27.8073513620816,27.5083838732596,27.6019029826442,27.6931972267999,-0.298967488821937,-0.205448379437357,-0.114154135281652
585,2019,"North West",1066,6.97150958222417,48.6019458550435,34.9560358414195,77.3414875199334,4.34823051950768,36.8999072904615,1289.87448179043,0,-0.759232385732015,4,33.6189257267291,33.2345190082237,0,0,33.6189257267291,33.6189257267291,32.4332107950015,32.4868774376142,32.6382196944251,-1.18571493172754,-1.13204828911484,-0.980706032304013
586,2019,"North West",1616,7.38789333440729,54.5809679205797,19.1860955100283,173.895900176793,5.15845684533071,32.0663315318823,615.227699426925,0,1.10380991048704,4,27.0395876203187,26.7538853055385,0,0,27.0395876203187,27.0395876203187,26.9770002572312,26.6304629750885,26.7995319762439,-0.0625873630874487,-0.409124645230175,-0.240055644074779
587,2019,"South and Islands",15723,9.6628829341088,93.3713065982911,18.3784636139252,175.445204384855,5.167326768426,21.7736827608182,400.166836360847,1,-0.648518960957938,4,23.2623418611097,22.6762381531778,0,0,23.2623418611097,23.2623418611097,22.9293439904903,23.7372195746893,23.0359699933272,-0.332997870619337,0.474877713579652,-0.226371867782486
588,2019,"South and Islands",740,6.60692556422276,43.6514654111802,20.66335371643,119.949802658018,4.78707334408233,26.1722693904604,540.806859976777,0,-0.254775533741285,4,23.2933329026226,24.5682364033959,0,0,23.2933329026226,23.2933329026226,23.4814763982189,25.2417314334467,24.3509450553278,0.188143495596332,1.94839853082415,1.05761215270522
589,2019,"North West",1039,6.94649226634458,48.253754806385,26.4334489000057,150.063424309053,5.0110580334564,25.6293584960691,677.472338145769,0,1.18378851041327,4,31.6444156341642,29.0427236206858,0,0,31.6444156341642,31.6444156341642,29.26390835591,28.5737222100662,28.8442571788049,-2.38050727825423,-3.07069342409805,-2.80015845535934
590,2019,"South and Islands",1747,7.46574898873944,55.737407962864,22.991677993313,98.0759911645484,4.58574259823418,14.4124517560446,331.366449869137,0,1.29369472185831,4,26.324257838547,25.5765591278372,0,0,26.324257838547,26.324257838547,24.773787892662,25.7488498404517,25.4562045134794,-1.55046994588497,-0.575407998095283,-0.868053325067589
591,2019,"Center",7499,8.92249111162971,79.6108476371111,23.8688871892652,137.347067830377,4.92251106415452,16.1122675661822,384.58189690046,0,-0.311458960455878,4,25.9499590280554,26.6542144074407,0,0,25.9499590280554,25.9499590280554,26.0146582989366,26.547315326436,26.3837446172451,0.0646992708811887,0.597356298380628,0.43378558918965
592,2019,"North West",1095,6.99876279092572,48.9826806036464,26.2220808976673,222.493990267701,5.40490009120871,29.3472117607648,769.544960911747,0,-0.304569709895187,4,29.5699857208991,29.6059135917285,0,0,29.5699857208991,29.5699857208991,28.6315992963223,29.0333649359539,29.4357459139564,-0.93838642457678,-0.536620784945161,-0.134239806942663
593,2019,"North East",4241,8.35252725661179,69.7647115724428,18.7532184865444,100.944394374258,4.61456981448262,22.2203830745661,416.703698652051,0,0.568559229422064,4,26.5729325013803,26.2661600368658,0,0,26.5729325013803,26.5729325013803,24.6178021406687,26.0468487579516,25.3648189997112,-1.95513036071158,-0.526083743428696,-1.20811350166915
594,2019,"South and Islands",951,6.85705975576688,47.0192684941578,21.7867276796152,67.2449472618632,4.20834188200668,18.7971989435428,409.529454522517,0,0.291461903016133,4,25.3186094778289,24.0328162577034,0,0,25.3186094778289,25.3186094778289,24.1904943770858,24.8029040395939,24.0790054061899,-1.12811510074312,-0.515705438234942,-1.23960407163893
595,2019,"South and Islands",3539,8.17162696539194,66.7754872615206,21.9566610845736,168.334342658108,5.12595213657803,25.1228886712213,551.61475201948,1,-0.176703097985117,4,26.4293139496945,26.0127230878138,0,0,26.4293139496945,26.4293139496945,25.2709346738758,26.2424022234193,25.9396112720546,-1.15837927581863,-0.186911726275191,-0.489702677639915
596,2019,"Center",2087,7.64344430253257,58.4222408059175,24.9017363682083,220.298118144399,5.39498171153122,26.6306166802152,663.14859589353,0,-0.0492557891564361,4,26.1315176880409,29.3984837800249,0,0,26.1315176880409,26.1315176880409,26.9387973110696,28.6916984588235,28.7075320347911,0.807279623028649,2.56018077078259,2.57601434675021
597,2019,"North East",9179,9.12467432740388,83.2596815811835,25.0321390923626,352.748475139951,5.86575526794527,30.5272932455183,764.163450635156,1,0.270091236414044,4,30.1766508289365,29.9282436808587,0,0,30.1766508289365,30.1766508289365,28.9777425495008,29.1612880702911,29.2175689116576,-1.19890827943561,-1.01536275864535,-0.959081917278894
598,2019,"Center",1946,7.57333114635156,57.3553446522987,17.9437223920277,79.0468947934683,4.37004128133389,31.0920326790376,557.906802996504,0,0.423907414095806,4,25.5074531286639,23.9228419340634,0,0,25.5074531286639,25.5074531286639,23.9283925308736,24.6984057601241,24.3792051412959,-1.57906059779034,-0.809047368539854,-1.12824798736796
599,2019,"Center",4972,8.51151978506923,72.4459690516249,15.924988250923,174.610767987402,5.16255931382573,23.7760106541929,378.632690321842,1,-0.409231625591469,4,25.182726239922,23.917964181611,0,0,25.182726239922,25.182726239922,23.2146924833646,24.3522676267053,23.7838568312785,-1.96803375655736,-0.830458613216617,-1.3988694086435
600,2019,"North West",7845,8.96767856185059,80.4192587886746,25.8398261848699,275.188630552454,5.61745679180626,30.7655781561749,794.977192032588,1,-0.848838935746012,4,29.4898462373879,28.7384285715826,0,0,29.4898462373879,29.4898462373879,28.7925174281104,28.4955235436246,28.9484311986329,-0.697328809277462,-0.994322693763287,-0.541415038754998
601,2019,"North East",1483,7.30150079896833,53.3119139173352,20.1774973976588,142.496931148836,4.95932046367917,27.3114285480722,551.076278455071,1,-1.37479291237812,4,25.2111534014077,25.3815473418257,0,0,25.2111534014077,25.2111534014077,24.1181252314089,25.7402007943901,25.9302254509454,-1.09302816999874,0.529047392982459,0.719072049537708
602,2019,"South and Islands",2709,7.90444756408009,62.4802912932917,25.4534644934055,69.7922907471603,4.24552355592011,26.7906325068506,681.914413268997,1,-1.21001393551682,4,25.6857504149747,25.5478556074699,0,0,25.6857504149747,25.6857504149747,25.3208979183963,26.315585911066,25.6815575809466,-0.364852496578429,0.629835496091282,-0.00419283402812098
603,2019,"South and Islands",3543,8.17259019613815,66.7912305140134,21.5349590174375,184.608392424024,5.21823678378738,21.3328912602759,459.402939013492,0,0.451656485189609,4,26.8539043916203,27.20166627489,0,0,26.8539043916203,26.8539043916203,25.4118423038474,26.8524521488491,26.2756826165546,-1.44206208777286,-0.0014522427712258,-0.578221775065636
604,2019,"South and Islands",1388,7.23556113516327,52.3533449406852,20.3452525200428,81.860009935702,4.40501059243857,24.0499051393132,489.301393142402,0,0.342177411043077,4,24.0465571146956,25.5076677442737,0,0,24.0465571146956,24.0465571146956,24.7693185127846,25.751582818309,24.9932471021256,0.72276139808902,1.70502570361339,0.946689987429973
605,2019,"South and Islands",1875,7.53629319037634,56.7957150513129,20.0603177530155,70.5744970864612,4.25666884816958,22.8876284158843,459.133098635586,1,-0.232847593726608,4,24.7458799932997,25.7370399708455,0,0,24.7458799932997,24.7458799932997,24.3479105662493,25.8418731733003,25.3746419322789,-0.397969427050413,1.09599318000058,0.628761938979135
606,2019,"South and Islands",7311,8.89711231438432,79.1586075347691,20.8044263207404,133.538867889743,4.89439258070727,20.3472371325212,423.312595754171,1,-0.126819687002709,4,24.3624921308331,23.5685074832618,0,0,24.3624921308331,24.3624921308331,24.5702549551666,24.4702566552794,24.1691984373333,0.207762824333482,0.107764524446285,-0.1932936934998
607,2019,"North West",3461,8.14917521706041,66.4090567183515,21.4117937272123,116.050386537438,4.75402446349851,32.6349548754969,698.772922091021,0,0.154079668319017,4,27.8700314329666,27.0276037419473,0,0,27.8700314329666,27.8700314329666,26.935763115033,27.037525795164,27.1730425190134,-0.934268317933572,-0.832505637802619,-0.696988913953195
608,2019,"North West",3389,8.12833922131139,66.069898496709,30.2837922191378,81.5599040662664,4.40133776947048,27.4865486959537,832.396929529476,0,0.275627505849796,4,29.6255013285073,30.1125645275034,0,0,29.6255013285073,29.6255013285073,31.1351065019078,29.6676251206657,30.7400862175685,1.50960517340051,0.0421237921584741,1.11458488906123
609,2019,"North West",9356,9.14374928032331,83.6081509014131,22.4335679891468,695.732360138435,6.54496504634896,27.3752092340796,614.123617569845,1,0.882187818433134,4,30.1945793180779,29.3726152039673,0,0,30.1945793180779,30.1945793180779,28.1081611694986,28.4706982683866,28.9372029291736,-2.08641814857934,-1.7238810496913,-1.25737638890427
610,2019,"South and Islands",3988,8.29106321078926,68.7417291653031,22.428870394716,118.011558631033,4.77078257416872,18.9678793116713,425.428106744092,1,-0.43222602111233,4,24.9351243506696,26.6185187169115,0,0,24.9351243506696,24.9351243506696,25.5657617349403,26.4930203078262,26.0553198703079,0.630637384270653,1.55789595715652,1.12019551963827
611,2019,"South and Islands",1742,7.46277416612624,55.6929982546011,21.4785831520226,137.21588852212,4.92155551414165,13.8790127542627,298.101529510413,0,0.445672476956819,4,24.9164113506041,24.8377100953303,0,0,24.9164113506041,24.9164113506041,23.5828663151775,25.152738166393,24.4215793293422,-1.3335450354266,0.236326815788974,-0.494832021261885
612,2019,"South and Islands",1921,7.56045352996324,57.1604575787336,28.3741329385636,348.79452659522,5.85448299981084,24.3500383561987,690.911225377903,0,-0.00969311609833169,4,28.468504110434,29.0539101718884,0,0,28.468504110434,28.468504110434,27.5428009374813,28.7100197744036,28.3066355204916,-0.925703172952709,0.241515663969551,-0.161868589942387
613,2019,"North East",3267,8.09152305868265,65.472745409193,23.9113726447727,126.170407403822,4.83763343294151,18.6509772530942,445.970467287914,0,-0.162372776959576,4,27.7960546113712,27.4183169581495,0,0,27.7960546113712,27.7960546113712,26.6174476203392,27.109794476451,27.1169743101685,-1.178606991032,-0.686260134920246,-0.67908030120276
614,2019,"Center",1168,7.06267466141656,49.8813733730155,21.7862080052613,119.559978167549,4.78381815480907,26.3205987360641,573.426038886911,0,1.40349087114104,4,28.54554725654,26.3938226635864,0,0,28.54554725654,28.54554725654,26.4176752679045,26.5007392282676,26.3857558781961,-2.12787198863558,-2.04480802827244,-2.15979137834394
615,2019,"Center",2767,7.92549810859355,62.8135202693199,21.649409632601,147.330509643009,4.99267842790699,16.4753976605586,356.682632813429,0,-1.24072512406638,4,24.6254320035302,22.3829651261334,0,0,24.6254320035302,24.6254320035302,23.1330528072678,23.6863592429267,22.9692067136163,-1.49237919626238,-0.939072760603459,-1.65622528991386
616,2019,"South and Islands",1085,6.98972436082066,48.8562466402498,18.326628305673,88.301506071623,4.48075716376823,17.2024149520736,315.262264786605,1,0.328903983795862,4,23.3531815650889,25.2272826056485,0,0,23.3531815650889,23.3531815650889,24.0582656024577,25.2380723016867,24.5316025423077,0.70508403736881,1.88489073659778,1.1784209772188
617,2019,"South and Islands",6891,8.83791191270153,78.1086869766716,20.7964076161307,139.425267736807,4.93752874256645,21.1531930037829,439.910424089353,1,-1.04613848612714,4,22.4675451477762,22.7183416729218,0,0,22.4675451477762,22.4675451477762,22.6592019476717,23.9538522406386,23.5356863062421,0.191656799895501,1.48630709286235,1.06814115846592
618,2019,"North East",1476,7.29716356267423,53.2485960604205,26.9226497871016,114.12368415777,4.73728280901532,27.7323097534574,746.627263279756,0,-0.110565070635916,4,27.7776167902253,28.9353926745821,0,0,27.7776167902253,27.7776167902253,28.464033126994,28.6215264761505,28.943767606448,0.686416336768794,0.843909685925222,1.16615081622278
619,2019,"South and Islands",4474,8.40601225441247,70.6610420213327,23.7309233741442,173.946537419647,5.15874799579274,19.9253449699303,472.846834684804,1,-2.66666883994093,4,23.4396977029914,24.1172003321026,0,0,23.4396977029914,23.4396977029914,23.2103841720747,25.0485841023289,24.3599465919427,-0.229313530916642,1.60888639933755,0.920248888951352
620,2019,"Center",1539,7.33868603528503,53.8563127244876,16.9353994597043,325.436867428025,5.78516848716252,28.107165949618,476.006083036982,0,-0.851534578926868,4,23.9405174290464,23.5224670102636,0,0,23.9405174290464,23.9405174290464,23.1031064794117,24.2838603320047,23.478520578562,-0.837410949634709,0.343342902958277,-0.461996850484439
621,2019,"Center",2163,7.67941254667075,58.9733770619641,20.8869442539522,158.471671556607,5.06557584899404,33.3706457210742,697.010816894467,0,-1.13842552880706,4,24.6194363991316,23.2501320779347,0,0,24.6194363991316,24.6194363991316,24.5605384548405,24.6194215834494,24.7543543921856,-0.0588979442911928,-1.48156822810108e-05,0.13491799305395
622,2019,"Center",1491,7.3070093405195,53.3923855024393,26.2678457669569,49.3766166678913,3.89947696532609,26.714097422993,701.721790910642,0,-0.0316797429389597,4,28.2221328298281,26.7475756271142,0,0,28.2221328298281,28.2221328298281,27.2958518521759,27.1453359291492,27.8152913086245,-0.926280977652265,-1.07679690067893,-0.406841521203596
623,2019,"North East",1556,7.34979839478504,54.0195364439848,23.3542668641904,133.095801552184,4.8910691813437,24.3155850604776,567.872662461315,0,-0.899571265092644,4,27.8636129449129,26.6860301470651,0,0,27.8636129449129,27.8636129449129,25.7624865384971,26.7689767467637,26.3669243919973,-2.10112640641573,-1.09463619814915,-1.49668855291558
624,2019,"South and Islands",2451,7.80435840463118,60.9080101079373,23.4216809579497,63.9034240259347,4.15737294407834,19.3817376670458,453.952876048224,0,2.20804324948844,4,27.3174427019621,26.4986223395749,0,0,27.3174427019621,27.3174427019621,26.7068736119699,26.5107424091988,26.2296809616418,-0.610569089992204,-0.806700292763292,-1.08776174032032
625,2019,"South and Islands",3991,8.291835884415,68.7545423340723,20.6214849282547,346.052003749806,5.84658906361876,19.0999127798543,393.868563520744,0,-0.323560187349594,4,23.2140517601276,25.0277932537958,0,0,23.2140517601276,23.2140517601276,24.2399801468498,25.3440661794397,25.0755138424558,1.02592838672217,2.13001441931204,1.86146208232814
626,2019,"North East",600,6.20188781863758,38.4634125149652,23.1296807046105,43.9576586918609,3.78322686815029,26.7398698516549,618.48465175162,0,-0.857106148451568,4,26.4026871825069,25.602450341312,0,0,26.4026871825069,26.4026871825069,25.4743258766165,26.1355710398718,25.7802401958824,-0.928361305890359,-0.267116142635054,-0.622446986624539
627,2019,"South and Islands",4787,8.47362130783023,71.8022580685144,24.3645547032993,661.345780527968,6.49427682036244,22.1289169746401,539.161208153387,0,-0.259881614217424,4,25.5793685456114,25.6320399552969,0,0,25.5793685456114,25.5793685456114,25.8640210008246,26.1255780751437,25.952202532024,0.284652455213209,0.546209529532309,0.372833986412619
628,2019,"South and Islands",10728,9.28058062402898,86.1291767191022,21.3186587152331,161.251461753591,5.08296502077334,15.5668912513018,331.86524184365,1,-1.45287197134547,4,24.5873261788835,22.8232596730254,0,0,24.5873261788835,24.5873261788835,22.3878368216108,23.913952605111,23.2271152747758,-2.19948935727274,-0.673373573772505,-1.36021090410774
629,2019,"North East",4184,8.33899780449624,69.5388843833932,26.7225808691723,129.740656810664,4.86553751028685,34.7770417356595,929.33231017174,0,-0.667749564457026,4,29.9058444773225,28.4801387291553,0,0,29.9058444773225,29.9058444773225,27.5204170437417,28.5530557332907,28.7727967684824,-2.38542743358072,-1.35278874403171,-1.13304770884008
630,2019,"North East",877,6.77652926037037,45.9213488166559,21.6932571528746,79.545366338356,4.37632750466939,41.0059746061024,889.553151934425,0,-2.77901438716223,4,23.2599188631214,23.2632389956518,0,0,23.2599188631214,23.2599188631214,23.839400155771,24.9173628367237,24.2587060846692,0.57948129264966,1.65744397360239,0.99878722154785
631,2019,"Center",2136,7.66669837987733,58.7782640480136,24.9332056695301,121.120382064032,4.79678494410979,18.776931852032,468.169103709464,1,0.85859544980692,4,28.4575385490293,27.6087552114888,0,0,28.4575385490293,28.4575385490293,27.5017786805816,27.3171909197909,27.366598957696,-0.955759868447711,-1.14034762923838,-1.09093959133327
632,2019,"North East",3697,8.21528570539149,67.4909192212097,21.2464372044372,198.203714974263,5.28929536528361,25.242019288818,536.302977733064,0,-0.0461999591725784,4,26.3898682090827,26.0252526742749,0,0,26.3898682090827,26.3898682090827,26.4713806311413,26.1899015930635,26.2559739963284,0.0815124220586192,-0.199966616019129,-0.133894212754306
633,2019,"Center",2696,7.89948718980146,62.4018978618374,25.181938179772,110.77554553796,4.7075060418124,23.5964391333182,594.204071517974,0,0.348357778525527,4,26.6237625748119,26.5312076991683,0,0,26.6237625748119,26.6237625748119,26.4397099766668,26.8101721033302,26.7491186719889,-0.184052598145101,0.186409528518293,0.12535609717704
634,2019,"North West",21890,9.99377139867326,99.8754667689397,23.0490324937766,186.317456890881,5.22745197633567,35.016123845883,807.087776329861,0,-0.525708243550323,4,28.4810968762885,28.7132915528327,0,0,28.4810968762885,28.4810968762885,27.7159420749481,28.333483431334,28.5194576845084,-0.76515480134038,-0.147613444954487,0.0383608082198847
635,2019,"North East",1161,7.05743411977116,49.8073763549101,21.518093323036,45.9454835226323,3.82745555284202,26.1420847113265,562.527818477036,0,-1.29699205971522,4,24.9262084341719,25.1414369964536,0,0,24.9262084341719,24.9262084341719,24.0966929272167,25.6805772246181,25.1948479343738,-0.829515506955222,0.754368790446176,0.268639500201903
636,2019,"South and Islands",1942,7.57143408972135,57.3266141749945,22.7814252414985,79.8902956383507,4.38065438905477,19.441819110565,442.912348626074,1,-0.803440254940835,4,24.8861913743539,24.6146183420609,0,0,24.8861913743539,24.8861913743539,24.8921957787278,25.269997670344,24.9801491373977,0.0060044043739147,0.383806295990137,0.0939577630437931
637,2019,"North East",18217,9.81013725864442,96.2387930334434,27.2682614904912,75.5474162251657,4.32476048859939,27.3823131531504,746.668075274622,0,-0.221261063973945,4,27.1394253267968,29.0009388596913,0,0,27.1394253267968,27.1394253267968,27.7449349059079,28.6829652644857,28.82950295643,0.605509579111089,1.54353993768885,1.69007762963317
638,2019,"South and Islands",2521,7.83229190496009,61.3447964845033,23.5981141778702,305.399344464443,5.72162024630038,21.8631525472854,515.929170099036,0,1.58211631314325,4,28.2804200856828,26.379691951884,0,0,28.2804200856828,28.2804200856828,26.8312982250839,26.5240669333651,26.4763683606436,-1.4491218605989,-1.75635315231766,-1.8040517250392
639,2019,"South and Islands",1434,7.26849252028202,52.8309835173956,22.5024007317321,146.222578214771,4.98512996914558,21.889202307652,492.55960202474,1,-0.478079447144295,4,24.3319687001809,24.027354620156,0,0,24.3319687001809,24.3319687001809,24.7776706158836,24.9456543170572,24.8058645446903,0.445701915702717,0.613685616876317,0.473895844509393
640,2019,"North West",13067,9.47787332949557,89.8300828499634,22.7571386736093,327.671029699116,5.79201014685058,31.8609069190419,725.063077023593,1,0.128332430474268,4,29.4099333916855,28.3331478609924,0,0,29.4099333916855,29.4099333916855,28.1400805940005,27.9730041742439,28.4861746126438,-1.26985279768494,-1.43692921744156,-0.923758779041695
641,2019,"Center",7801,8.96195094464683,80.3165647342562,25.7678301246956,32.0970252718407,3.46876335518261,27.8426209900826,717.443927898735,0,2.05924500079163,4,28.7856713744182,27.5349237674008,0,0,28.7856713744182,28.7856713744182,28.184574732396,27.6334725099189,28.3626149579048,-0.601096642022238,-1.15219886449939,-0.423056416513475
642,2019,"North East",5162,8.54901081519009,73.0855859182371,20.278144523493,36.758491723577,3.60436926627512,26.4511711897108,536.380672200611,1,-0.188337430648886,4,25.1734526533954,24.444252602131,0,0,25.1734526533954,25.1734526533954,25.1306012982501,25.1355628352265,24.6917872147876,-0.0428513551453378,-0.0378898181688641,-0.481665438607767
643,2019,"North East",1168,7.06285705580101,49.8839497906781,20.9928049225687,86.9700137005357,4.4655633891334,28.6163759902646,600.737998754503,0,1.19684901038271,4,27.4762752280073,27.0499856055902,0,0,27.4762752280073,27.4762752280073,27.3220507084728,26.9036861063048,27.3837487583934,-0.15422451953458,-0.572589121702546,-0.0925264696139436
644,2019,"South and Islands",1477,7.29743694475877,53.2525859627302,13.0287896000721,326.041861461591,5.78702578251431,22.1799154795546,288.977452130499,0,-0.362455848733313,4,20.4464343585363,21.8244362804993,0,0,20.4464343585363,20.4464343585363,21.2908138766813,22.7494730154495,21.7596214300111,0.844379518145089,2.30303865691326,1.31318707147488
645,2019,"Center",9586,9.16802367381986,84.0526580837214,26.7240491585222,274.484467337311,5.61489467405645,22.9920692129672,614.441187903479,0,1.07501745028536,4,29.9580628897033,28.2025222437761,0,0,29.9580628897033,29.9580628897033,28.4862834146035,27.9803820477879,28.7051702582802,-1.47177947509976,-1.97768084191531,-1.25289263142302
646,2019,"Center",11799,9.37578227366303,87.905293243134,21.1402184111224,400.090727071168,5.99169133906666,16.6622526217934,352.243659646009,1,-0.534412881785441,4,26.4939203009208,26.0943856820601,0,0,26.4939203009208,26.4939203009208,25.9480531591612,25.995104055388,25.7901603281297,-0.54586714175954,-0.498816245532794,-0.703759972791008
647,2019,"North East",2983,8.00056694869534,64.0090715005562,24.2440055853619,311.693493672532,5.7420203128709,21.5934595192826,523.511953192772,0,0.821760970308158,4,29.7119902638635,29.5769499378151,0,0,29.7119902638635,29.7119902638635,28.2735319265678,28.5901085403037,28.5812577385583,-1.43845833729574,-1.12188172355984,-1.13073252530525
648,2019,"North East",1411,7.25187885429636,52.5897469173907,27.2220916523694,146.975456840392,4.99026561256988,21.3598388569138,581.459491042748,0,-1.03841379526294,4,27.1900554303318,26.8141131940452,0,0,27.1900554303318,27.1900554303318,26.9933367521999,27.0907702261717,27.149828473231,-0.196718678131877,-0.0992852041601111,-0.0402269571007565
649,2019,"South and Islands",600,5.85858360054412,34.3230018045645,25.6313912633857,63.703462176867,4.15423891238634,13.8276280961044,354.421345975836,0,-0.598320927946932,4,25.8059017005603,24.983585847471,0,0,25.8059017005603,25.8059017005603,24.9965819020496,25.5561901633367,25.326430695381,-0.809319798510714,-0.249711537223671,-0.479471005179292
650,2019,"Center",3274,8.09372194960029,65.5083349974415,24.7687430302785,192.624999602149,5.26074529157486,16.1780614864807,400.710247686685,0,0.180807220924137,4,27.3463449538562,26.5603461996526,0,0,27.3463449538562,27.3463449538562,25.6464271924938,26.5604507896814,26.4570423392671,-1.69991776136239,-0.785894164174813,-0.889302614589088
651,2019,"South and Islands",2764,7.92447617525752,62.7973226522241,20.6475135288832,66.1146830851129,4.1913908566087,22.7317264218223,469.353628829449,0,1.57559155046953,4,25.4382296536256,25.6467428946919,0,0,25.4382296536256,25.4382296536256,25.1193001340432,25.8317194681018,25.3504277946721,-0.318929519582454,0.39348981447619,-0.0878018589535401
652,2019,"North West",1618,7.38887778839453,54.59551497183,27.9682312831149,476.053381103415,6.16552999311886,33.393843987111,933.966752063778,0,0.327582160892034,4,31.3426282742983,30.6409929295187,0,0,31.3426282742983,31.3426282742983,29.8776245840018,29.9955720148158,30.8032447011884,-1.46500369029649,-1.34705625948251,-0.539383573109887
653,2019,"North West",1021,6.92811896835,47.9988324396111,19.5179102847419,1542.16482121198,7.34094243635668,25.9728401124124,506.935563154013,1,0.086504983843672,4,30.1384088534448,27.8467100164849,0,0,30.1384088534448,30.1384088534448,27.3992840426509,27.2031091254248,27.4905005065796,-2.73912481079389,-2.93529972802001,-2.64790834686515
654,2019,"South and Islands",1259,7.13813537152344,50.9529765821941,21.5661624896486,139.223566450473,4.93608103278399,17.5333883508598,378.127902168754,0,-0.356215927009564,4,25.0482426142707,23.5129968519847,0,0,25.0482426142707,25.0482426142707,22.5769497644267,24.4222385479747,23.8951862590856,-2.47129284984393,-0.626004066296012,-1.1530563551851
655,2019,"South and Islands",3615,8.19285461183072,67.1228666905959,21.7719440590612,262.030689761881,5.56846163339688,25.3276032273249,551.431160615416,1,-2.03942329721566,4,24.5201031990002,22.0178022660137,0,0,24.5201031990002,24.5201031990002,23.4457006776939,23.7086458096765,23.7188527047517,-1.07440252130626,-0.811457389323618,-0.801250494248489
656,2019,"North West",3282,8.09632080830082,65.5504106309248,26.7474062302895,269.853235189836,5.59787823783783,29.053392548153,777.102892853513,1,-1.98347630789279,4,29.8482407455775,28.2799588644234,0,0,29.8482407455775,29.8482407455775,28.1306970560635,28.2359392820484,28.5304195108125,-1.71754368951401,-1.61230146352915,-1.31782123476502
657,2019,"South and Islands",1396,7.2416984738171,52.4421967856849,22.6807618566374,38.8970150745848,3.66091751437909,18.7277611564624,424.759890897707,1,-1.3219002627017,4,24.0150646284117,24.9247439054843,0,0,24.0150646284117,24.0150646284117,23.3258773261177,25.4371108564238,24.4744314092762,-0.689187302294023,1.42204622801207,0.459366780864475
658,2019,"North East",14248,9.56435340941196,91.4768561401302,27.7458386651065,117.07002540068,4.76277226346157,29.4505604254699,817.130498162059,0,0.343757381818591,4,30.2295126946571,29.2288854552791,0,0,30.2295126946571,30.2295126946571,29.3047170163317,28.943478978142,29.4110710260629,-0.924795678325388,-1.28603371651513,-0.81844166859414
659,2019,"North West",2949,7.98911855930989,63.8260153547097,20.8308216121169,679.489375254611,6.52134159734623,35.8298664429189,746.365556258417,0,-0.317556623710856,4,26.6462112322711,27.236214717815,0,0,26.6462112322711,26.6462112322711,27.3413310062874,27.1957251692708,27.3058793507796,0.695119774016256,0.549513936999709,0.65966811850846
660,2019,"North West",21880,9.99331221142437,99.8662889550034,25.5481200636858,335.889741040287,5.81678295444385,29.4317846779745,751.926768641439,0,1.60127247538573,4,30.4886687239723,30.1782622922018,0,0,30.4886687239723,30.4886687239723,30.2271473720528,29.3335833463478,30.0406018994371,-0.26152135191942,-1.15508537762449,-0.448066824535157
661,2019,"Center",5403,8.59470060554828,73.868878499012,18.891386231049,48.7242610610408,3.88617707977921,27.2777447422606,515.314411438012,0,0.584483961493866,4,25.2483372876631,25.1951040776145,0,0,25.2483372876631,25.2483372876631,24.457457536537,25.5029195185138,25.1368920855855,-0.790879751126052,0.25458223085079,-0.111445202077512
662,2019,"North West",1400,7.24404601982424,52.4762027373315,23.6827511493372,1916.30488989157,7.55815407420713,22.7300552408434,538.310241879581,0,0.0841145748948887,4,29.4286949887523,30.4420966692528,0,0,29.4286949887523,29.4286949887523,28.8187995708689,29.1226670437542,29.7069909626997,-0.609895417883347,-0.306027944998096,0.27829597394744
663,2019,"South and Islands",3048,8.02208538964692,64.3538539987865,23.5443759797187,149.794685806953,5.00926559519987,21.747517178921,512.031721085907,0,-0.0236196353738181,4,24.5627838527224,25.2454835162571,0,0,24.5627838527224,24.5627838527224,24.4875628105169,25.7997732254709,25.4902577880387,-0.0752210422054702,1.23698937274852,0.927473935316318
664,2019,"Center",4885,8.49386922897894,72.1458144789952,24.1016135076622,218.349269256953,5.38609593326672,17.8873117193314,431.113073750403,0,-0.250786528825242,4,26.2285741741745,26.7468910632259,0,0,26.2285741741745,26.2285741741745,26.0328812029407,26.6780346773541,26.8034194198722,-0.195692971233861,0.449460503179548,0.574845245697681
665,2019,"South and Islands",4807,8.47783712615843,71.8737223376702,18.4419324309627,354.277472394884,5.87008042643158,22.1186242551995,407.910173980241,0,-0.168118594407674,4,23.5929820720022,22.1793246709855,0,0,23.5929820720022,23.5929820720022,22.8118691124689,23.4368580109946,22.8807309944307,-0.781112959533296,-0.15612406100762,-0.712251077571494
666,2019,"South and Islands",3466,8.15088113609098,66.4368632946838,21.6989967617483,54.1768052798921,3.99225286998475,25.4106250410759,551.385070480308,0,0.902652655639661,4,25.4942671211967,24.7750859979482,0,0,25.4942671211967,25.4942671211967,24.5143917161508,25.4456240068171,24.3836071448493,-0.979875405045942,-0.0486431143795905,-1.11065997634745
667,2019,"North East",8782,9.0805041197713,82.4555550691835,24.8077030012242,80.1746882297857,4.38420785695034,29.3208776057783,727.383623379394,0,-1.37717624238822,4,26.3712357178534,26.9669957396998,0,0,26.3712357178534,26.3712357178534,25.4198957047259,27.2318201673063,27.2923565914154,-0.951340013127513,0.860584449452848,0.921120873561911
668,2019,"South and Islands",3373,8.1235875994983,65.9926754867225,17.4461671753184,426.404964883424,6.0553895165067,27.3406327509544,476.989249652137,0,1.58267535254922,4,26.520924369714,24.8885114358829,0,0,26.520924369714,26.520924369714,24.5656870183548,25.1773226493044,25.2357996838514,-1.95523735135913,-1.34360172040955,-1.28512468586258
669,2019,"South and Islands",1771,7.47922309392873,55.9387780887569,18.5142054809037,93.2209475804849,4.53497245588419,27.1272012123736,502.238577367705,1,1.16961120271323,4,26.2488035791187,24.6622771448293,0,0,26.2488035791187,26.2488035791187,25.0434559336258,25.1281090521415,24.5219864299115,-1.20534764549286,-1.12069452697718,-1.72681714920722
670,2019,"North East",3975,8.28784920753531,68.6884444868436,15.1783356556277,84.3927886593796,4.43548195552709,31.0235054346911,470.885178701932,0,1.29289870833144,4,25.1300313402724,23.5272124791904,0,0,25.1300313402724,25.1300313402724,23.7779084211648,24.1787452645256,23.8688283233406,-1.35212291910755,-0.9512860757468,-1.26120301693174
671,2019,"South and Islands",2346,7.76027945894923,60.2219372809894,19.843697024541,142.15950815895,4.95694972406938,17.9881042686678,356.950491153296,1,0.16065240796591,4,26.4397612505463,24.9874731688017,0,0,26.4397612505463,26.4397612505463,24.2369773981533,25.2270112587037,24.2714835319788,-2.20278385239301,-1.21274999184264,-2.16827771856753
672,2019,"North West",5495,8.61158707602878,74.159431968026,26.8942450130162,155.590547708892,5.04722786252694,27.7138350435919,745.342669912674,1,-0.317852799573852,4,28.0999377002798,28.9176678890532,0,0,28.0999377002798,28.0999377002798,28.4946814761653,28.6070684622867,28.7060836809562,0.394743775885505,0.507130762006888,0.606145980676349
673,2019,"North West",7209,8.88312634559183,78.9099336717477,30.5492523925834,86.8016462218564,4.46362558717605,27.80273870969,849.352882047369,1,-0.694625409858487,4,30.4832838931538,31.0257623556112,0,0,30.4832838931538,30.4832838931538,29.9448427948167,30.2810783076924,30.7559529428311,-0.538441098337124,-0.202205585461439,0.272669049677337
674,2019,"Center",2606,7.86544150066072,61.865170000316,24.5555694870379,215.989459773453,5.37522960914841,24.9439947996873,612.513997588033,0,0.619783098340231,4,28.4268178625044,27.9648808889183,0,0,28.4268178625044,28.4268178625044,27.0812297604491,27.7024268945321,27.3298466063306,-1.34558810205531,-0.724390967972255,-1.09697125617381
675,2019,"North West",2368,7.76970955287148,60.3683865359823,23.8646445703798,137.259720780437,4.92187490324002,25.0559397928342,597.951097532823,0,-0.424945603490451,4,27.697190153008,27.2560034025275,0,0,27.697190153008,27.697190153008,27.3409953678146,27.1964110440669,27.1880427272688,-0.356194785193303,-0.500779108941011,-0.509147425739197
676,2019,"North East",1521,7.32688725114751,53.6832767910279,21.4877010969057,122.266786026503,4.80620542793921,25.8354700054918,555.144857176082,0,0.7145718575514,4,26.2974981410081,25.278960280892,0,0,26.2974981410081,26.2974981410081,26.0911041108223,25.7563481099352,26.0688498630562,-0.206394030185773,-0.541150031072888,-0.228648277951937
677,2019,"North East",5149,8.54665134471922,73.0452492081909,22.8255313114263,94.3940564938373,4.54747811029897,25.721192598641,587.099887027507,1,0.909520108771858,4,31.033732589971,27.7957668907381,0,0,31.033732589971,31.033732589971,27.5969442758859,27.4634679171956,27.6741132519009,-3.43678831408506,-3.57026467277536,-3.35961933807004
678,2019,"North East",607,6.40794155432203,41.061714963607,24.9759913530382,244.492808593237,5.49918589577577,29.1072880446287,726.983374513039,1,-0.135584897262032,4,28.9901844239819,29.6111952195819,0,0,28.9901844239819,28.9901844239819,28.2814220909338,28.9108931624293,29.4871387063051,-0.708762333048124,-0.079291261552644,0.496954282323134
679,2019,"North West",1794,7.49242266214934,56.1363973482891,24.8908428160932,170.570897618919,5.13915103210548,28.1141170403236,699.784068163942,0,1.73337085951209,4,29.508006505105,28.6523111475971,0,0,29.508006505105,29.508006505105,30.7130248638877,28.2660911836538,28.6427448547677,1.20501835878279,-1.24191532145119,-0.865261650337249
680,2019,"South and Islands",1133,7.03221634794439,49.4520667642964,20.4533060387429,69.9078769655589,4.24717833195462,24.3334763566161,497.700038908386,0,-2.49368261311335,4,21.9005947935131,21.5381420776752,0,0,21.9005947935131,21.9005947935131,21.4766703490007,23.2616330029541,22.0556464251163,-0.423924444512409,1.36103820944098,0.155051631603222
681,2019,"North West",7330,8.89968601571828,79.2044111783716,28.7614189023009,537.793155947041,6.2874740177349,22.1284561926073,636.445798216792,1,0.117681395898738,4,30.0615326716106,30.9436136383043,0,0,30.0615326716106,30.0615326716106,30.7836966120242,29.8570506461895,30.6813118070509,0.722163940413655,-0.204482025421026,0.619779135440293
682,2019,"Center",1171,7.06566337233708,49.9235988911858,20.5648618942242,374.965575514113,5.92683422312763,12,246.77834273069,0,0.407101429859495,4,26.6199905237113,25.5077853650526,0,0,26.6199905237113,26.6199905237113,25.2732176441246,25.4582607234886,25.4800466282698,-1.34677287958674,-1.16172980022272,-1.1399438954415
683,2019,"Center",2561,7.84831762847984,61.5960895975074,21.4767864402202,315.15052790906,5.75305039106182,22.5650770519005,484.625340850781,1,-0.750697179262158,4,26.1925073335623,24.7725558042593,0,0,26.1925073335623,26.1925073335623,25.0674433915488,25.3469100324265,25.1613616165354,-1.12506394201345,-0.845597301135737,-1.03114571702683
684,2019,"North West",2101,7.65040435990613,58.5286868700707,23.7938814116834,129.999608063859,4.86753143555764,37.5405579508959,893.235584012046,0,0.236630054238789,4,29.837772656095,28.9142721733988,0,0,29.837772656095,29.837772656095,28.0896954355907,28.6122272011896,28.4630736934185,-1.74807722050424,-1.22554545490532,-1.37469896267642
685,2019,"North West",1583,7.36692851341297,54.2716357217371,21.18735966184,211.570794168568,5.35455966667995,33.0475505030543,700.190338451033,0,-0.946891829993758,4,26.1855904617403,26.7735059016128,0,0,26.1855904617403,26.1855904617403,26.1710874226554,26.8658652596664,26.6989872955496,-0.0145030390848824,0.680274797926039,0.513396833809256
686,2019,"South and Islands",7025,8.85721900734882,78.4503285441413,24.0608962909364,461.410054501126,6.13428713679205,26.102034956518,628.038356071177,1,-0.265592902159763,4,27.969007637645,26.9065366168135,0,0,27.969007637645,27.969007637645,27.1048432712035,27.0250468759675,27.0206472946307,-0.864164366441521,-0.943960761677499,-0.94836034301429
687,2019,"North East",3790,8.24024894119929,67.901702612936,16.4120535768767,407.19525018815,6.00929280060087,23.4331006864934,384.585303939075,0,-0.0450380622603642,4,25.2686932228259,24.0166158586571,0,0,25.2686932228259,25.2686932228259,24.048410605103,24.4502577939841,23.9609698642749,-1.22028261772291,-0.818435428841791,-1.30772335855102
688,2019,"North East",1612,7.38522080896589,54.5414863971827,23.1604872296954,79.1940639570429,4.37190134597415,20.7289470714489,480.092513933325,1,0.191952027381703,4,28.954697359386,27.8713031781869,0,0,28.954697359386,28.954697359386,26.5823699560998,27.3954879845671,26.9769871211265,-2.37232740328617,-1.55920937481885,-1.97771023825948
689,2019,"South and Islands",2882,7.96635444117629,63.4628030824493,24.6524032549509,328.914765356431,5.79579864533551,23.592961905937,581.623210883855,0,1.80711111571409,4,28.2928493932671,28.5622966425298,0,0,28.2928493932671,28.2928493932671,27.2168196722686,28.0463149127191,27.8100963520276,-1.07602972099849,-0.246534480548014,-0.482753041239484
690,2019,"North East",1294,7.16531006070261,51.341668266006,27.9059483440087,103.725214843359,4.64174523749525,30.390359812246,848.071811076375,0,-1.26181475122053,4,28.126105641718,26.1319277850182,0,0,28.126105641718,28.126105641718,27.4991504471772,27.0360297168462,27.4636755146528,-0.626955194540837,-1.09007592487184,-0.662430127065228
691,2019,"Center",4785,8.47329638847276,71.7967516869055,20.1242972050109,83.101285074328,4.42006016593351,22.5217054066925,453.23349316798,0,-0.730874095132177,4,24.2347715182547,23.4124394708735,0,0,24.2347715182547,24.2347715182547,23.7625235201851,24.3701162496958,23.7346025172901,-0.472247998069612,0.135344731441077,-0.500169000964554
692,2019,"Center",5653,8.63988206153454,74.6475620372263,17.3874841210901,122.360068841378,4.80696808189596,24.519324034341,426.329357306967,1,-1.82593305446708,4,21.1046423410255,21.6339291758922,0,0,21.1046423410255,21.1046423410255,22.2842024024739,23.0546810207691,22.6227333716229,1.17956006144834,1.9500386797436,1.51809103059735
693,2019,"North East",600,5.55986344390183,30.9120815148359,21.9268796400976,242.048778726059,5.48913927082891,26.982120919092,591.633717827489,0,-1.30916884261424,4,26.5113797069734,25.2070152054637,0,0,26.5113797069734,26.5113797069734,24.8057404906882,25.7823755460776,25.4300072957704,-1.70563921628522,-0.729004160895876,-1.08137241120299
694,2019,"South and Islands",1886,7.54219246571108,56.884667189829,22.9758963442774,488.359959553193,6.19105275597895,25.701476606808,590.51446241289,0,-0.488315889673355,4,25.0040917561953,24.8134563440682,0,0,25.0040917561953,25.0040917561953,25.1975267315811,25.5931129548947,25.4474456524745,0.193434975385731,0.589021198699417,0.44335389627917
695,2019,"South and Islands",12049,9.39672706625067,88.2984795576078,24.2780276627916,1248.05149431877,7.12933880955151,21.4834686992276,521.576247372564,1,-0.358932701368055,4,26.5289409435879,26.6505755330148,0,0,26.5289409435879,26.5289409435879,26.1550020827091,26.7415944280563,26.7851769620246,-0.373938860878777,0.212653484468358,0.256236018436663
696,2019,"North East",2780,7.93030122659393,62.8896775445171,28.8353075613865,80.9962012103354,4.39440225493483,28.3876595310382,818.566893525411,0,1.03128274461446,4,31.0454490700452,29.9199220661988,0,0,31.0454490700452,31.0454490700452,29.3726926457147,29.4447167689929,29.3964756044496,-1.67275642433047,-1.60073230105229,-1.64897346559559
697,2019,"Center",10638,9.27220812841873,85.9738435767144,27.8012864694807,112.647182827241,4.72426065837416,30.7620441565579,855.224401983278,1,-0.637190165217007,4,28.4755025005841,29.165382130083,0,0,28.4755025005841,28.4755025005841,28.4613774033683,28.9546639425641,29.1250607928704,-0.0141250972158105,0.479161441979976,0.649558292286315
698,2019,"North West",2371,7.7710142434696,60.3886623722074,22.0905283262411,78.131853067569,4.35839782347434,30.8769995595546,682.089233399673,0,-0.259193689268047,4,28.5659813223767,26.279038207863,0,0,28.5659813223767,28.5659813223767,26.7149473679201,26.5830063865062,26.8880513359424,-1.8510339544566,-1.98297493587055,-1.67792998643432
699,2019,"North West",2287,7.73509021533203,59.8316206393254,21.2989672859589,149.874638326162,5.00979920017487,24.963339420248,531.69334966015,1,1.12295932187615,4,27.7112699463726,28.673736975502,0,0,27.7112699463726,27.7112699463726,28.1292004910462,27.8596708508905,28.372111631765,0.417930544673666,0.148400904517935,0.66084168539243
700,2019,"North East",3842,8.25374640551646,68.1243297265759,24.1965655077682,121.374971980842,4.79888469576361,26.9648004325005,652.455560068896,0,0.042592153503761,4,27.338795254276,26.676974419445,0,0,27.338795254276,27.338795254276,27.2485112826523,26.9187425844965,27.3558474420146,-0.090283971623645,-0.420052669779484,0.0170521877386101
701,2019,"Center",6177,8.72861969886296,76.1888018473784,23.9435159182713,178.866243621103,5.18663828417583,12,287.322191019256,0,-0.180222294643793,4,26.3916157986582,26.5363079183585,0,0,26.3916157986582,26.3916157986582,26.0205329082058,26.3544168115252,26.065440727803,-0.371082890452371,-0.0371989871329248,-0.326175070855172
702,2019,"South and Islands",1031,6.9386215124948,48.1444684936557,15.637515096681,224.265578643793,5.41283096850945,24.4933230523854,383.01470899956,0,0.131391995580941,4,24.769980179438,21.4039982529045,0,0,24.769980179438,24.769980179438,22.3006870851574,22.753569219105,21.8315044739164,-2.4692930942806,-2.01641096033309,-2.93847570552161
703,2019,"North East",809,6.69556642769457,44.8306097876707,24.3910036732036,67.8742629803804,4.21765691971088,34.0209013298939,829.80392930314,0,-0.617843614084984,4,26.5462250937694,26.9599799409291,0,0,26.5462250937694,26.5462250937694,26.6458355782021,27.3325530332378,26.9304273516977,0.0996104844327022,0.786327939468343,0.384202257928294
704,2019,"North East",1929,7.5649155204233,57.2279468311413,22.2570296534157,198.442859310691,5.29050119627225,27.9687740423174,622.501833229542,1,0.0201107733571241,4,27.6426198732453,26.6019543025009,0,0,27.6426198732453,27.6426198732453,27.3351333805271,26.7213555653078,27.4952627017252,-0.307486492718233,-0.921264307937491,-0.147357171520174
705,2019,"South and Islands",1707,7.44222200675892,55.3866683978867,26.0641506057923,66.0358810584512,4.19019824670177,16.3062976522917,425.009797832207,1,0.537121372670979,4,26.8726500259074,26.8463176866812,0,0,26.8726500259074,26.8726500259074,26.4674961066827,26.8466559038859,27.1989054506851,-0.405153919224723,-0.0259941220214905,0.326255424777681
706,2019,"South and Islands",1517,7.32456524776483,53.6492560687642,19.6871307487675,469.545962221128,6.15176618996145,16.1431610337102,317.812521969061,1,1.95719677652269,4,27.4220492920532,26.5003828158335,0,0,27.4220492920532,27.4220492920532,26.6581553400468,26.1239754887234,26.1629357213387,-0.763893952006434,-1.29807380332984,-1.25911357071451
707,2019,"South and Islands",600,5.7475005148309,33.0337621679815,16.5066752283387,125.171349804154,4.8296835970491,12.4651739091546,205.758577383176,0,-0.532883324860282,4,22.4917061658919,20.3458000918819,0,0,22.4917061658919,22.4917061658919,20.2090922557033,21.911862701678,20.4279984818242,-2.28261391018856,-0.579843464213855,-2.06370768406766
708,2019,"North West",1712,7.44531026741433,55.4326449780653,20.5514886418923,887.169223027452,6.78803574542932,33.7032358380963,692.651668521652,0,-0.276897840470681,4,27.7216297736066,27.7164844798373,0,0,27.7216297736066,27.7216297736066,27.7187555141148,27.4150661531505,27.5581441700083,-0.00287425949181497,-0.306563620456114,-0.163485603598364
709,2019,"North East",6088,8.71400610442444,75.9339023879464,15.580111748233,57.4782473496124,4.05140656926391,30.7541804883489,479.153568733803,1,0.508291522575854,4,24.5186145748432,24.654491905746,0,0,24.5186145748432,24.5186145748432,24.6316127266836,24.924314481549,24.5998417480075,0.112998151840429,0.405699906705816,0.0812271731642511
710,2019,"North West",16683,9.72217132859117,94.5206153424802,20.9118070541381,149.324443345157,5.006121410804,26.2322490440035,548.563730604302,1,1.56178140058896,4,29.3150951381185,27.8320088919195,0,0,29.3150951381185,29.3150951381185,28.7195546578166,27.327005109484,28.4189507132021,-0.595540480301921,-1.98809002863453,-0.896144424916372
711,2019,"South and Islands",2450,7.80373582816956,60.8982928758573,24.9135498434248,132.65568584638,4.88775694318854,19.3935527868155,483.162243995418,0,-0.588063147865423,4,25.4474213722606,24.7127468233552,0,0,25.4474213722606,25.4474213722606,25.1929428892465,25.5061147430951,25.4218907412522,-0.254478483014047,0.0586933708345612,-0.025530631008337
712,2019,"North East",5253,8.56648130308267,73.3846019160651,25.0791048382796,73.3110753254328,4.2947116933237,19.6180618504624,492.003429871601,1,1.38651986396088,4,28.6244766200301,27.9995405008284,0,0,28.6244766200301,28.6244766200301,28.2006833025954,27.6024993550589,28.1252618492754,-0.423793317434708,-1.02197726497123,-0.499214770754694
713,2019,"Center",5595,8.62961705016215,74.4702904324492,26.1536192355367,169.164052812357,5.13086897077294,24.8323831028772,649.456692383626,0,-1.89400506806033,4,25.7945678980328,26.0158464994054,0,0,25.7945678980328,25.7945678980328,26.0131354705293,26.6106658633182,26.3743849346545,0.218567572496497,0.816097965285408,0.579817036621694
714,2019,"North West",5358,8.58637908138808,73.7259057292989,22.9892023065276,702.58995787664,6.55477344692662,24.2218357115532,556.840681408372,1,1.53465267264406,4,31.6577550510833,31.5706345129924,0,0,31.6577550510833,31.6577550510833,31.0146182212041,29.8186172043774,30.5619405068027,-0.643136829879143,-1.8391378467059,-1.09581454428057
715,2019,"North East",3058,8.0255598913952,64.4096115703714,23.0198634477665,55.2632875877031,4.01210881080748,29.5469914990917,680.167709601409,1,-1.00626296483463,4,24.742457365881,26.2080813053945,0,0,24.742457365881,24.742457365881,25.1693355982263,26.5895343253076,26.592667376929,0.426878232345306,1.84707695942662,1.85021001104797
716,2019,"North West",2394,7.78051629275369,60.5364337818057,22.751908207841,659.128765802568,6.49091891117028,26.9360909681115,612.847469184527,1,-0.467751861982764,4,28.5158615902111,28.4713331062546,0,0,28.5158615902111,28.5158615902111,28.4307465549052,27.9183339507605,28.8636369868929,-0.0851150353058436,-0.59752763945059,0.347775396681808
717,2019,"South and Islands",2090,7.64477517763069,58.4425875165184,19.7900995001089,233.398616062326,5.45274779036755,20.61032143016,407.880311832094,0,0.0684040945014804,4,24.0736511615828,25.0670306583714,0,0,24.0736511615828,24.0736511615828,24.0783284860741,25.3384332416182,24.7799779151666,0.00467732449127567,1.26478208003541,0.70632675358376
718,2019,"North West",14160,9.55819078624191,91.3590111061998,20.318762339759,996.646379240014,6.90439602223187,28.4392306983252,577.849969684849,1,-1.00344916825411,4,26.5217163568482,27.8452690810911,0,0,26.5217163568482,26.5217163568482,27.1939953400757,27.3380343307526,27.9992720489086,0.672278983227422,0.816317973904397,1.47755569206039
719,2019,"North West",4576,8.42851717098918,71.0399017016595,24.9406387893619,125.193929665124,4.82986397238772,25.6628654975386,640.048258674087,0,-0.88805975852164,4,29.0022498671609,27.2939827319778,0,0,29.0022498671609,29.0022498671609,27.2040569722628,27.3357761902207,27.5491228412292,-1.79819289489815,-1.66647367694024,-1.4531270259317
720,2019,"Center",867,6.76555935123271,45.7727933350523,16.437801939374,471.434759388763,6.15578072428928,20.3389271175093,334.327255616981,0,-0.371489706807686,4,24.040139158765,24.4258859797027,0,0,24.040139158765,24.040139158765,23.6748245958104,24.646772851049,24.1615037936719,-0.365314562954655,0.606633692283999,0.121364634906914
721,2019,"Center",4552,8.42327775853215,70.9516081973825,20.9165295127053,134.364204269691,4.9005540553359,21.4768059858982,449.220246242686,0,-0.15255327106311,4,25.9822981247063,23.1679097727504,0,0,25.9822981247063,25.9822981247063,23.7261749526559,24.2564593093753,23.96681108898,-2.25612317205038,-1.72583881533105,-2.01548703572628
722,2019,"North East",2746,7.9179831438748,62.6944570666855,30.4071307316633,520.943315160529,6.25564123575845,31.7628089070937,965.815882842836,0,-0.472133152570704,4,30.9332922760008,28.8440618463698,0,0,30.9332922760008,30.9332922760008,29.3036241643128,29.0420814162082,29.433828143914,-1.62966811168805,-1.8912108597926,-1.49946413208677
723,2019,"South and Islands",600,5.41140839822038,29.28334085233,22.4461981084394,139.354560610404,4.93702148113123,18.4556631471046,414.259471222535,1,-0.357823189407207,4,24.9441723828912,26.5418204153364,0,0,24.9441723828912,24.9441723828912,25.104321659034,26.431490356518,25.6297438999624,0.160149276142743,1.48731797362676,0.68557151707116
724,2019,"Center",1224,7.10978121079994,50.5489888654438,25.6269570943472,88.655380108765,4.48475672000486,24.4279647534891,626.014404639889,1,0.104036284322571,4,27.7761351611068,28.1263974890626,0,0,27.7761351611068,27.7761351611068,27.7664124111961,27.8834472882673,27.7661325559794,-0.00972274991076105,0.107312127160426,-0.0100026051274398
725,2019,"Center",4389,8.38692526907902,70.3405154691163,26.0002995133501,233.591704052079,5.45357473684776,25.7723217515783,670.088084695464,1,0.641699236668088,4,28.7503232873178,28.5258660822082,0,0,28.7503232873178,28.7503232873178,28.4813281899555,28.2129423815158,28.4345981625617,-0.268995097362222,-0.53738090580196,-0.315725124756053
726,2019,"South and Islands",9676,9.17741039226977,84.2248615081412,24.6041621087414,57.4993926571268,4.05177438526277,25.1455305391517,618.684709695596,0,-2.52994350732764,4,23.0281722178948,22.582564177365,0,0,23.0281722178948,23.0281722178948,23.3579327677372,24.3140313583408,23.73190657279,0.329760549842433,1.28585914044604,0.703734354895204
727,2019,"Center",2849,7.95466157156787,63.2766407181786,22.5994243729489,212.10328081784,5.35707332971051,13.044107101784,294.789311959414,1,-1.77726989288782,4,24.8963659826442,24.1549641627467,0,0,24.8963659826442,24.8963659826442,24.3706885570573,24.7822378982903,24.5649744397504,-0.525677425586974,-0.114128084353936,-0.331391542893847
728,2019,"North West",3420,8.13729618741612,66.215589241737,26.993034765594,134.730858905953,4.90327915076379,37.79922072814,1020.31567922704,0,0.0394114820815086,4,31.2283033665959,31.4102177837676,0,0,31.2283033665959,31.2283033665959,29.7237324629073,30.533915453116,30.7824538839372,-1.50457090368858,-0.69438791347995,-0.445849482658748
729,2019,"North West",8524,9.05063884091861,81.9140634287445,18.7277319875744,519.247143825657,6.2523799621646,31.3396202707671,586.920009023281,0,0.159136225632834,4,28.6693200060844,28.1081423745148,0,0,28.6693200060844,28.6693200060844,26.6236014436118,27.423446356156,27.8472723363391,-2.04571856247262,-1.24587364992843,-0.822047669745285
730,2019,"North East",3292,8.09936180563405,65.5996616585636,23.8953671552881,114.671790770295,4.7420740546571,25.1496271828537,600.959575352904,0,-0.00678570670328844,4,25.9615073256336,26.3107518611113,0,0,25.9615073256336,25.9615073256336,26.8466916767158,26.6050482972906,26.7752793649267,0.885184351082167,0.64354097165694,0.813772039293092
731,2019,"South and Islands",2941,7.98659473890733,63.7856955235422,23.4269667861546,218.579669673299,5.38715056900802,19.0323345561903,445.869869510853,1,2.08954626177427,4,30.3623579033999,27.5080216053821,0,0,30.3623579033999,30.3623579033999,27.6957595110579,27.1382934900244,27.3512962578349,-2.66659839234196,-3.22406441337544,-3.01106164556496
732,2019,"Center",6714,8.81197611345018,77.6509230240166,22.7332513198104,65.4256460064343,4.18091432236722,13.8890832613951,315.744020383068,0,-0.0790857299528126,4,24.1103624502767,25.3952593596386,0,0,24.1103624502767,24.1103624502767,24.9768684908135,25.5996887244508,25.3629940782527,0.866506040536763,1.48932627417409,1.25263162797593
733,2019,"North West",6211,8.73405152091161,76.2836559699384,24.8138180563594,141.581905186239,4.95287838486123,24.2965662659322,602.890574717121,1,1.98920915098646,4,30.359927968636,29.0688467504378,0,0,30.359927968636,30.359927968636,30.6047298448647,28.4023878682303,29.5131973879009,0.244801876228731,-1.95754010040564,-0.846730580735052
734,2019,"North East",5591,8.6289274154351,74.4583883408474,31.9959113363705,201.014260016266,5.30337585089713,32.8318761271199,1050.48579757003,1,-1.43833935378551,4,31.0529931779343,32.3737726016711,0,0,31.0529931779343,31.0529931779343,30.4390295052843,31.4699139147261,31.3662741904499,-0.61396367264993,0.416920736791816,0.313281012515624
735,2019,"Center",4188,8.33989358260882,69.5538249692397,24.9994299400306,230.038352824548,5.4382460464328,13.1614255443822,329.028135807711,1,0.329446058315171,4,26.7449719371751,27.4859335128569,0,0,26.7449719371751,26.7449719371751,27.5798290674647,27.0678416445945,27.1881555109834,0.834857130289578,0.322869707419365,0.44318357380822
736,2019,"North West",1807,7.49931193343271,56.2396794749262,30.4966468969128,279.310551968181,5.63232425228825,38.4610885601932,1172.9342370911,0,1.02825678342883,4,34.2438044431595,33.1383773233306,0,0,34.2438044431595,34.2438044431595,32.1135263654556,32.0205847357891,32.2392001093311,-2.13027807770386,-2.22321970737036,-2.00460433382835
737,2019,"South and Islands",3206,8.07267362214309,65.1680594096449,22.7043912734581,106.873816940604,4.67164885763406,19.3187882899769,438.621328264736,0,0.181756569808193,4,24.6174165011317,25.057244511795,0,0,24.6174165011317,24.6174165011317,24.9159694292074,25.5396487587233,25.4077952565217,0.298552928075765,0.922232257591624,0.79037875539008
738,2019,"South and Islands",5616,8.63340359014035,74.5356575502483,23.6606013323644,118.77613664014,4.77724051671897,16.1273581205202,381.582991033897,1,0.39912476818524,4,28.1434343696588,25.3221238059287,0,0,28.1434343696588,28.1434343696588,25.3231959040993,25.6902500559284,25.363155056644,-2.82023846555944,-2.45318431373038,-2.78027931301483
739,2019,"North East",1255,7.13527288556431,50.9121191514692,26.0918223720315,86.689147104983,4.46232869838461,27.3933078430499,714.741322423234,0,-0.360409755254926,4,28.2735719557291,28.5241604155991,0,0,28.2735719557291,28.2735719557291,27.3683866733125,28.2735191503841,28.4536075560144,-0.905185282416571,-5.28053449748711e-05,0.180035600285279
740,2019,"South and Islands",11248,9.32797541021726,87.0111252536179,18.3862229665094,117.140251532169,4.76337194793753,14.9495619476612,274.865979221343,1,-0.652914694051081,4,23.8822701455138,22.1771619167066,0,0,23.8822701455138,23.8822701455138,21.6285916523084,23.2643472759739,22.5947048078299,-2.25367849320532,-0.617922869539882,-1.28756533768389
741,2019,"North West",1380,7.2298375518543,52.2705510262025,22.3994773019852,424.542895967608,6.05101305121765,31.8048410728965,712.41181570559,0,-0.666560250852499,4,26.9610696533294,26.7432384279523,0,0,26.9610696533294,26.9610696533294,27.2338860319522,26.9322990181895,27.4327037212263,0.27281637862281,-0.0287706351399386,0.471634067896908
742,2019,"North West",2112,7.65552388774141,58.6070459957794,27.5938610733941,347.046671957899,5.84945927222196,37.2788870437076,1028.66843005482,1,-1.04421850920442,4,31.0355726073948,29.8036980612702,0,0,31.0355726073948,31.0355726073948,30.4974151073846,29.564680786085,30.5735174914211,-0.538157500010215,-1.47089182130977,-0.462055115973719
743,2019,"South and Islands",4875,8.49192336797227,72.1127624875135,26.5402448469718,124.618325201283,4.82525566778073,15.9685345852786,423.808817740631,1,1.00466214366415,4,27.5835074327744,29.3401538498262,0,0,27.5835074327744,27.5835074327744,27.7551633262679,28.447569073869,28.5634478844402,0.171655893493561,0.864061641094608,0.979940451665815
744,2019,"South and Islands",2568,7.8507826800197,61.6347886888972,20.8640673575718,67.0561289977602,4.20553001491267,20.4736964570074,427.164581937481,0,0.928671604571619,4,24.5061477411161,24.134750944381,0,0,24.5061477411161,24.5061477411161,23.8580287152502,24.8361580389654,24.1646241209481,-0.648119025865885,0.330010297849288,-0.341523620168051
745,2019,"South and Islands",7655,8.94310921613569,79.9792024517311,23.2216526513419,100.936676587925,4.61449335574085,20.7863187182755,482.692673175881,1,-0.418552597282298,4,26.0306890526273,24.9891172344294,0,0,26.0306890526273,26.0306890526273,25.1452143794385,25.5821746276763,25.3248941580597,-0.885474673188757,-0.448514424950964,-0.705794894567521
746,2019,"North West",4870,8.49078013355857,72.0933472764329,28.783085598388,320.296740081048,5.76924787885819,30.8658119218091,888.413306609174,1,-0.703884260190109,4,29.3365576249949,29.43979950607,0,0,29.3365576249949,29.3365576249949,30.3151297448657,29.2266495494918,29.7238651883328,0.978572119870819,-0.109908075503132,0.387307563337938
747,2019,"North East",2245,7.71650486529137,59.5444473360653,22.613352602908,170.706697585793,5.13994686503416,26.9873049959944,610.273443676643,0,0.352962563939626,4,28.1607212639035,26.6197110892308,0,0,28.1607212639035,28.1607212639035,26.5323970832171,26.737748854259,26.6671300271308,-1.62832418068635,-1.42297240964444,-1.49359123677268
748,2019,"North West",834,6.72567286879559,45.2346755380531,26.2154829335374,359.150462802455,5.8837414171249,23.5522050807528,617.432430341648,0,0.797625164919989,4,30.1632238604066,29.308870901262,0,0,30.1632238604066,30.1632238604066,29.4596108113714,28.6534081402947,29.2888868617395,-0.703613049035209,-1.50981572011185,-0.874336998667093
749,2019,"North East",11091,9.31391453078797,86.7490038868232,22.3590366070737,68.5921140190317,4.2281775721331,27.0114105393863,603.949117058835,1,-0.566727719223486,4,26.5001159733081,26.446682374837,0,0,26.5001159733081,26.5001159733081,26.2795839346004,26.6057844361411,26.7592619912554,-0.220532038707677,0.105668462833034,0.259146017947376
750,2019,"Center",4431,8.39642902314131,70.5000203406497,31.0922939813247,286.640962150973,5.65823042964392,33.2848036734789,1034.90090092648,0,0.863765692145525,4,31.9118907589142,30.1634741784579,0,0,31.9118907589142,31.9118907589142,30.5452494030817,30.0021389687848,30.5105140017472,-1.36664135583255,-1.90975179012938,-1.40137675716706
751,2019,"North East",3956,8.28298194015375,68.6077898209132,22.4186772260129,176.02730138283,5.17063910450141,23.2479428383241,521.188126661187,0,-0.37057247918522,4,24.4844414079563,25.9217909181556,0,0,24.4844414079563,24.4844414079563,25.4402663811759,26.1733027288583,26.0711429986016,0.955824973219531,1.68886132090192,1.58670159064525
752,2019,"South and Islands",4773,8.47067104106293,71.7522678859022,18.9085601999378,197.467200479907,5.28557249702999,20.2411168198835,382.730375902741,1,-0.723047026756012,4,24.248252147987,22.5632382147895,0,0,24.248252147987,24.248252147987,22.9106076851915,23.6745181448266,23.5753916903844,-1.33764446279542,-0.573734003160382,-0.672860457602606
753,2019,"South and Islands",3318,8.10704429381416,65.7241671818647,16.8556005696279,250.425183234161,5.52316020619033,17.6214513836115,297.020145979273,1,-2.07369264795943,4,22.1280638355072,21.5359434118424,0,0,22.1280638355072,22.1280638355072,20.756368760851,22.7988237522213,21.8852958706763,-1.37169507465617,0.670759916714118,-0.242767964830911
754,2019,"Center",8837,9.08675710792738,82.5691547384689,18.6349790747901,256.984972671935,5.54901761109202,29.015025283648,540.694389015287,1,0.223337207111912,4,26.7519944238903,24.9801279432474,0,0,26.7519944238903,26.7519944238903,25.2943160860888,25.3843595112577,25.4850792933947,-1.45767833780149,-1.36763491263262,-1.26691513049562
755,2019,"Center",10475,9.25671593547573,85.6867899100902,24.4460978694297,352.515713544577,5.8650951986902,21.0813130035052,515.355840899768,1,-0.111111783116082,4,25.9801151892223,29.0617927734954,0,0,25.9801151892223,25.9801151892223,27.1155895690348,28.2661779061078,28.154138338448,1.13547437981259,2.28606271688556,2.17402314922571
756,2019,"North West",1832,7.5133457509539,56.450364373377,27.1010247796088,57.2230111351742,4.04695611006077,27.1998836191213,737.144719964282,0,0.88131858865764,4,30.0203236656458,30.1218014272078,0,0,30.0203236656458,30.0203236656458,29.9379148105304,29.3691081029584,30.2204254170726,-0.0824088551154425,-0.651215562687348,0.200101751426832
757,2019,"North West",3125,8.04706480905748,64.7552520411713,32.5740951421989,41.8345799855104,3.73372326991015,18.259355548859,594.78198488377,0,1.13549039432754,4,29.8364924182845,31.993134471385,0,0,29.8364924182845,29.8364924182845,30.7908222037824,30.687817558314,31.0098001163555,0.954329785497915,0.851325140029559,1.17330769807098
758,2019,"Center",3543,8.17286987258296,66.7958019541743,22.1681515164661,199.582482869355,5.29622759885055,23.4790994639277,520.488234386527,0,-1.21662154128526,4,25.6544316417397,25.3324335794103,0,0,25.6544316417397,25.6544316417397,24.3083995256156,25.7857401509781,25.6980023737717,-1.34603211612417,0.131308509238377,0.0435707320319665
759,2019,"North West",4624,8.43903722612896,71.2173493039904,29.9616748166339,189.207898097053,5.2428464004455,29.0609597912034,870.715027123308,0,-0.294736931172028,4,29.8016714867893,29.6003083010942,0,0,29.8016714867893,29.8016714867893,30.0216957832686,29.3738577610971,30.3127656112681,0.220024296479291,-0.427813725692168,0.51109412447882
760,2019,"North East",1139,7.03752735439501,49.5267912638581,25.5168226889179,238.654706785735,5.47501776580397,27.9937612709574,714.311842746917,0,-0.237257285590228,4,28.5093332697886,28.0126090682578,0,0,28.5093332697886,28.5093332697886,27.9652629939365,27.9166619958108,28.5198024657666,-0.544070275852153,-0.592671273977817,0.0104691959779579
761,2019,"Center",2429,7.79510844458994,60.7637156629173,24.7808861212081,124.924270396319,4.82770771687956,17.8345468758341,441.955875153392,1,-0.540621878101564,4,27.687132541334,28.0987633901415,0,0,27.687132541334,27.687132541334,26.5328374123647,27.5847397504175,27.4144183135422,-1.15429512896929,-0.102392790916511,-0.27271422779177
762,2019,"South and Islands",10381,9.24770469423618,85.5200421117978,24.0834810974001,1467.03194390917,7.29099655289512,23.4868658785403,565.645490422997,1,-2.07473890801781,4,26.4226825821273,24.7557013806927,0,0,26.4226825821273,26.4226825821273,24.2016942707983,25.5893268743063,25.0203274267242,-2.22098831132906,-0.833355707820999,-1.40235515540314
763,2019,"South and Islands",2268,7.72643780359854,59.6978411328766,20.0766121637032,94.18825064308,4.54529544602269,14.0877959993413,282.835216520145,0,0.381847222486569,4,23.3615614963091,23.7224716285337,0,0,23.3615614963091,23.3615614963091,23.4138154912661,24.3480778773856,23.6629668494591,0.0522539949570628,0.986516381076548,0.301405353150017
764,2019,"North West",4170,8.33565511480177,69.4831461929209,30.2954878724734,404.412474073695,6.00243533255015,39.1878064830526,1187.21371605615,1,1.66265920335774,4,32.3035041777847,34.2243330297857,0,0,32.3035041777847,32.3035041777847,33.5278177682011,32.712763843894,33.6905813756121,1.22431359041639,0.409259666109293,1.3870771978274
765,2019,"North East",10428,9.25227830945928,85.6046539156907,25.3694477431049,93.7093372346382,4.54019783459592,32.2840032411665,819.027333165005,0,0.171821414389516,4,27.1138048768554,27.806028738598,0,0,27.1138048768554,27.1138048768554,27.9362673902512,27.9098452129313,28.3216175610255,0.822462513395759,0.796040336075887,1.20781268417005
766,2019,"South and Islands",4959,8.50890658529779,72.4014912773241,20.8842892153322,67.7892402484082,4.21640348395137,26.3043458460446,549.347566268917,0,-0.502724455898691,4,22.4214384368912,23.4676843052242,0,0,22.4214384368912,22.4214384368912,23.0383452186305,24.5702811853476,23.9250358250714,0.616906781739296,2.14884274845632,1.50359738818019
767,2019,"Center",2810,7.94111624809157,63.061327265704,24.719324652168,140.337148610867,4.94404773189554,26.1787394000328,647.120758213914,0,-0.958063329812528,4,24.6741835320759,25.9798138570541,0,0,24.6741835320759,24.6741835320759,25.8838543599043,26.5019866425087,26.3639519142065,1.20967082782846,1.82780311043286,1.68976838213067
768,2019,"North West",2207,7.69953141202405,59.2827839647451,23.8687049053961,373.392207704871,5.92262936239729,20.2191059028514,482.603872246112,0,-0.0334353261050242,4,28.2767107968354,26.9407156208979,0,0,28.2767107968354,28.2767107968354,27.1831659167703,26.8519522819043,27.1248714578538,-1.0935448800651,-1.42475851493111,-1.15183933898156
769,2019,"South and Islands",1866,7.53130329973007,56.720529392525,22.0367821054432,72.507741067883,4.28369332951087,25.369580665114,559.063921223581,1,-1.50217943808145,4,25.0214555681986,23.4783437563699,0,0,25.0214555681986,25.0214555681986,22.8568700180178,24.6559495497923,23.9422105143207,-2.16458555018082,-0.365506018406329,-1.07924505387793
770,2019,"North West",7325,8.89899345009616,79.1920844248543,20.6619439246155,65.8557902157989,4.18746735470783,25.463782318058,526.131242364329,0,0.649199324678758,4,26.102386442794,26.9654635326544,0,0,26.102386442794,26.102386442794,26.714681137802,26.7370035813657,26.6682204474321,0.612294695008067,0.634617138571695,0.565834004638099
771,2019,"South and Islands",715,6.57297023776825,43.2039377465872,21.2270303727638,360.594855915905,5.88775504532056,28.1666091320488,597.893467543768,0,-0.723052163061061,4,25.0627617181106,25.7948272176596,0,0,25.0627617181106,25.0627617181106,24.7246893302427,26.1209991392664,26.1357581384429,-0.338072387867904,1.05823742115582,1.0729964203323
772,2019,"Center",13258,9.49237251156334,90.1051358982833,31.0075388591415,101.249399008642,4.61758677025191,22.854566123791,708.663847192269,1,1.0268641325738,4,32.0332843393173,31.7095909784106,0,0,32.0332843393173,32.0332843393173,30.6156776924822,30.5618654447841,31.0054557656069,-1.41760664683502,-1.47141889453313,-1.0278285737104
773,2019,"South and Islands",3675,8.20928928718205,67.392430600642,26.497484357789,138.551774669311,4.93124408009965,26.500768154167,702.203689634433,1,0.448320236229028,4,28.0223220268423,27.7135974423973,0,0,28.0223220268423,28.0223220268423,27.0860441668636,27.7692829779034,27.4734098451241,-0.936277859978741,-0.253039048938913,-0.54891218171819
774,2019,"North East",4670,8.44899515466924,71.3855191236244,27.5299059296492,638.661605565946,6.45937474535209,31.080549994747,855.644617597143,0,1.36784709501673,4,30.5423216754158,31.4189274032216,0,0,30.5423216754158,30.5423216754158,31.0361741778802,30.3626344113564,31.1656875623789,0.493852502464382,-0.179687264059336,0.623365886963121
775,2019,"North East",2348,7.76125562172841,60.2370888258108,24.7491499987835,176.341052180126,5.17241991641054,27.9237034509373,691.087925228796,0,-0.786199334231036,4,25.648251129731,28.2035389813378,0,0,25.648251129731,25.648251129731,26.9277552634791,27.9635134058872,28.0011653896446,1.27950413374813,2.31526227615618,2.35291425991363
776,2019,"Center",3300,8.10157911247786,65.6355841157375,24.8967404598977,115.371152551969,4.74815434493843,23.9311816185747,595.808417656328,0,0.523157808379569,4,27.5678750938692,25.9988385093328,0,0,27.5678750938692,27.5678750938692,27.0124073499059,26.4595006760524,26.5647057394144,-0.555467743963252,-1.10837441781677,-1.00316935445476
777,2019,"Center",1313,7.18035679056505,51.5575236398136,16.1864992062681,210.90455319178,5.35140567659156,22.2217277429276,359.691978472803,0,-1.34797738717584,4,21.6701873496493,22.5740027628727,0,0,21.6701873496493,21.6701873496493,21.7331110039579,23.494763190634,22.5272785609186,0.0629236543085696,1.82457584098471,0.857091211269339
778,2019,"Center",876,6.77526657204532,45.9042371222747,23.0341489913654,53.2068878719069,3.97418785924336,23.3725220718559,538.366155707104,0,-0.248048447483347,4,24.981387209853,26.4080555661006,0,0,24.981387209853,24.981387209853,25.556528766629,26.5376716294447,26.0150715020228,0.575141556775954,1.55628441959172,1.03368429216982
779,2019,"North East",3272,8.09325686987248,65.5008067617381,33.889402400401,222.321130959368,5.40412287250015,23.8932671040902,809.728543550777,1,0.071240996350188,4,31.8854161421127,31.3800716047938,0,0,31.8854161421127,31.8854161421127,31.7001971314009,30.6480489333363,31.5196487349974,-0.185219010711759,-1.23736720877642,-0.365767407115317
780,2019,"South and Islands",2849,7.95464276134958,63.2763414606913,24.1229458689613,142.087643441188,4.95644407453946,20.1890691395705,487.019821998576,0,-0.116913293278337,4,26.2388657837778,25.2510026850572,0,0,26.2388657837778,26.2388657837778,25.3180528141905,25.8051608659353,25.7471239986666,-0.920812969587246,-0.433704917842512,-0.491741785111174
781,2019,"Center",1249,7.12983980098854,50.8346155877604,20.3096286563319,60.338614468685,4.0999722713971,25.0324559851216,508.399885413794,1,0.769779267498416,4,25.6928037978926,25.8034361443002,0,0,25.6928037978926,25.6928037978926,25.7423375651235,25.960408294225,25.7308915936893,0.0495337672308231,0.267604496332332,0.0380877957966241
782,2019,"Center",834,6.7265230238661,45.2461119906007,27.9422384324327,199.576910110571,5.29619967637706,26.8586779098919,750.491582138112,0,-0.90469793334856,4,27.9576073459165,27.6828876514677,0,0,27.9576073459165,27.9576073459165,26.8001208847202,27.8944170572428,27.863130795923,-1.1574864611963,-0.0631902886736277,-0.0944765499934803
783,2019,"South and Islands",8892,9.09291869098108,82.6811703207931,20.8921860347294,675.011898848016,6.51473031864015,22.4652001255007,469.347140329389,1,0.845834918973304,4,25.2635817045459,26.6024021595003,0,0,25.2635817045459,25.2635817045459,25.8839589902268,26.4493757599594,26.2882073257787,0.620377285680945,1.18579405541357,1.02462562123282
784,2019,"North West",7199,8.88176588523941,78.8857652402026,22.8110509944647,350.412951753833,5.85911232114692,28.630472851859,653.091176219393,0,1.22005205931433,4,27.7749915684604,28.2508165900698,0,0,27.7749915684604,27.7749915684604,28.609731968783,27.8332904138382,28.4391499788485,0.83474040032258,0.0582988453778022,0.664158410388037
785,2019,"North East",6148,8.72391862689084,76.1067562086129,17.8917406184175,195.375210870101,5.2749218680506,22.7975472126764,407.887801465332,0,0.978804490413871,4,25.129981166675,24.545173816372,0,0,25.129981166675,25.129981166675,25.0326270509704,24.8990614461437,24.4543289204861,-0.097354115704686,-0.230919720531322,-0.675652246188967
786,2019,"South and Islands",1824,7.50897203056,56.3846609557324,24.529344202307,108.207714448871,4.68405266191951,16.8234422520346,412.668005667791,0,0.659030468295578,4,25.7700151895732,26.2223308915837,0,0,25.7700151895732,25.7700151895732,25.9297040415715,26.3482331923801,25.3601094362008,0.159688851998308,0.578218002806917,-0.40990575337236
787,2019,"South and Islands",8360,9.031208961738,81.5627353105768,22.4603594700025,112.276334000485,4.7209631004484,26.6459099433363,598.476715732645,1,1.11817442311321,4,26.9844487395152,28.3849654078528,0,0,26.9844487395152,26.9844487395152,26.3472884407469,27.8287871811622,27.2669105461171,-0.637160298768329,0.844338441647029,0.282461806601876
788,2019,"South and Islands",1042,6.94928896084724,48.2926170613533,22.4736278325799,239.951466362618,5.48043667940297,17.9792605788239,404.059210953463,0,2.08688855157982,4,26.9227054360579,25.4759522068147,0,0,26.9227054360579,26.9227054360579,27.0383640165702,25.7470948554474,25.5025449719689,0.115658580512275,-1.17561058061053,-1.42016046408904
789,2019,"North East",2091,7.64536132042039,58.4515497197802,25.9810267926234,346.970476656372,5.84923969464528,29.4318512032783,764.669714668878,0,0.0996411812435653,4,29.0861070778758,28.8955343859731,0,0,29.0861070778758,29.0861070778758,27.4400219879956,28.5646536653212,28.6291502258709,-1.64608508988016,-0.521453412554589,-0.456956852004939
790,2019,"North East",1400,7.24457174035811,52.4838197011953,26.2313522656041,89.6405772109179,4.49580808812348,28.9375932043042,759.072201060855,0,-0.239309550127693,4,29.507878621858,27.8030876089632,0,0,29.507878621858,29.507878621858,27.4034315108297,27.8821776812909,28.4281708135012,-2.10444711102831,-1.62570094056711,-1.0797078083568
791,2019,"North West",8392,9.03498545456024,81.6309621641151,22.6103177580474,999.823520887102,6.90757878429497,25.5883596292733,578.560942125061,1,0.171527940957398,4,29.5326236425373,28.7604060000925,0,0,29.5326236425373,29.5326236425373,28.0887551271563,28.0494207911416,28.3310134634565,-1.44386851538105,-1.48320285139567,-1.2016101790808
792,2019,"North West",2317,7.74800095732543,60.0315188347157,26.2432117109504,347.640364329085,5.85116850957551,32.0264390877682,840.476621328158,1,0.467339815125135,4,29.8885311816209,30.9491397446826,0,0,29.8885311816209,29.8885311816209,30.0464163997247,29.9723767583619,30.7975370384039,0.15788521810379,0.0838455767410373,0.909005856783054
793,2019,"North West",4562,8.42559491809219,70.990649723781,24.964874774459,207.317388752009,5.33425089798852,25.8976607742582,646.531858180775,0,-1.02669587787141,4,26.7266704235689,28.016558466138,0,0,26.7266704235689,26.7266704235689,27.2749457741305,27.8016764740213,27.916918209979,0.548275350561592,1.07500605045241,1.1902477864101
794,2019,"North East",3018,8.01238456817985,64.1983064684067,21.4049484942458,142.891722603677,4.9620871588612,23.888318436229,511.328225741624,1,-0.742554982772216,4,27.1903162754756,26.3917757358783,0,0,27.1903162754756,27.1903162754756,25.8592732245175,26.399013280169,26.1048063203307,-1.33104305095812,-0.79130299530668,-1.08550995514497
795,2019,"North East",600,5.8731757075524,34.4941928917836,22.2817106082087,196.805806097426,5.28221748671053,28.9363800320348,644.752045922949,0,-0.287219299287345,4,26.7008737944993,28.4129423483428,0,0,26.7008737944993,26.7008737944993,26.6374289615626,27.8945263863461,27.6725315446191,-0.0634448329367494,1.1936525918468,0.971657750119743
796,2019,"Center",2100,7.64982209407751,58.5197780710365,20.2929746484587,59.0155489371979,4.07780095049325,24.8034417120072,503.335613856287,1,-2.00116654413653,4,23.3219262562739,22.208749637338,0,0,23.3219262562739,23.3219262562739,22.0568293563096,23.6829669760805,22.5337045460755,-1.26509689996431,0.361040719806613,-0.788221710198385
797,2019,"North East",11084,9.31328086646449,86.7372004976536,22.1614630141046,83.7189001060036,4.42746475972279,26.7665978232904,593.186967674264,0,-1.7153620728849,4,26.7241938058536,23.1346387318881,0,0,26.7241938058536,26.7241938058536,23.6653704491137,24.4891773116233,24.0883062485217,-3.05882335673984,-2.23501649423021,-2.63588755733187
798,2019,"Center",4617,8.43747727139865,71.1910227053687,23.7768492955003,204.08341384547,5.31852880167027,28.0756297795377,667.550018144328,1,-0.39427038639342,4,26.4122096942347,27.091103476426,0,0,26.4122096942347,26.4122096942347,26.8069900989313,27.1750402151039,27.213418448607,0.394780404696597,0.762830520869279,0.801208754372286
799,2019,"Center",3880,8.26349819692708,68.2854024506171,25.7294411875025,237.102509600089,5.46849257757919,25.3051667651389,651.087800023584,1,1.00256920896391,4,29.9329878293919,31.5771718141035,0,0,29.9329878293919,29.9329878293919,29.5198139564764,30.1002263565565,30.0729536133837,-0.413173872915458,0.167238527164614,0.139965783991862
800,2019,"Center",4137,8.327697064225,69.3505383935018,27.3195684525821,177.035926616981,5.17635268721432,17.759589289921,485.184315295742,1,-1.41454880474457,4,26.3602084839131,26.6871586596315,0,0,26.3602084839131,26.3602084839131,26.7651060198827,26.8947221853732,27.2134128650787,0.404897535969532,0.534513701460018,0.853204381165593
