"person_id","education_years","simulated_latent_ability","simulated_service_preference","simulated_principal_stratum","simulated_treatment_effect","simulated_earnings_without_service","simulated_earnings_with_service","scenario","simulated_lottery_order","draft_eligible","served_military","annual_earnings_thousands"
1,12,0.750117820516264,-0.451557502479159,"Never-taker",-3.5,38.7137245871233,35.2137245871233,"Failure: non-random eligibility",2593,0,0,38.7137245871233
2,13,1.21244138597656,-0.524415961487428,"Never-taker",-3.5,40.9409779721434,37.4409779721434,"Failure: non-random eligibility",3536,0,0,40.9409779721434
3,13,0.910295266283122,-1.4903921450657,"Never-taker",-3.5,45.4729220478211,41.9729220478211,"Failure: non-random eligibility",646,1,0,45.4729220478211
4,13,-0.31724842139007,0.559049923347842,"Complier",-5,45.7078236693054,40.7078236693054,"Failure: non-random eligibility",631,1,1,40.7078236693054
5,11,-0.747065104634614,-1.56261436117629,"Never-taker",-3.5,35.717214390951,32.217214390951,"Failure: non-random eligibility",525,1,0,35.717214390951
6,11,-0.923264792740913,-0.247962641349298,"Never-taker",-3.5,43.2596550453109,39.7596550453109,"Failure: non-random eligibility",4323,0,0,43.2596550453109
7,11,-0.744598993443164,-0.335996254480193,"Never-taker",-3.5,37.668637550259,34.168637550259,"Failure: non-random eligibility",276,1,0,37.668637550259
8,13,0.371494313928772,-0.365673927990954,"Never-taker",-3.5,39.6804268569411,36.1804268569411,"Failure: non-random eligibility",1989,1,0,39.6804268569411
9,15,2.07239325032279,0.374306728012568,"Complier",-5,50.1495076161581,45.1495076161581,"Failure: non-random eligibility",3472,0,0,50.1495076161581
10,13,0.378992149109183,0.213030395176794,"Complier",-5,42.7554489973615,37.7554489973615,"Failure: non-random eligibility",1495,1,1,37.7554489973615
11,13,-0.462183357910866,0.606042392750049,"Complier",-5,46.4476561185995,41.4476561185995,"Failure: non-random eligibility",4463,0,0,46.4476561185995
12,10,-1.54981401125813,-1.27992790820027,"Never-taker",-3.5,42.1118372527195,38.6118372527195,"Failure: non-random eligibility",434,1,0,42.1118372527195
13,12,0.662192680854257,0.13746290555132,"Complier",-5,56.7340079268439,51.7340079268439,"Failure: non-random eligibility",3243,0,0,56.7340079268439
14,13,0.76692451446321,0.705182625134361,"Complier",-5,45.058054480274,40.058054480274,"Failure: non-random eligibility",2782,0,0,45.058054480274
15,16,2.20937793163287,-0.104600999403941,"Never-taker",-3.5,50.604273598291,47.104273598291,"Failure: non-random eligibility",4566,0,0,50.604273598291
16,16,1.47007623927949,0.0290584861895064,"Never-taker",-3.5,48.4643948659504,44.9643948659504,"Failure: non-random eligibility",3150,0,0,48.4643948659504
17,12,-0.119374169886415,0.257285229464083,"Complier",-5,41.1451867143027,36.1451867143027,"Failure: non-random eligibility",1831,1,1,36.1451867143027
18,16,1.15279199690353,-0.35513428680708,"Never-taker",-3.5,52.2374136122472,48.7374136122472,"Failure: non-random eligibility",3708,0,0,52.2374136122472
19,11,-0.289335048444644,0.4849193898355,"Complier",-5,52.56815033843,47.56815033843,"Failure: non-random eligibility",3615,0,0,52.56815033843
20,11,-0.425584510163724,0.226132662192265,"Complier",-5,45.2582437918647,40.2582437918647,"Failure: non-random eligibility",2682,0,0,45.2582437918647
21,13,0.724447467442413,-0.509119147914325,"Never-taker",-3.5,47.7014831084939,44.2014831084939,"Failure: non-random eligibility",3203,0,0,47.7014831084939
22,13,0.542486073273509,1.26165723536284,"Complier",-5,46.3570876828518,41.3570876828518,"Failure: non-random eligibility",858,1,1,41.3570876828518
23,10,-1.32886936814926,-1.73162469205758,"Never-taker",-3.5,33.369276131035,29.869276131035,"Failure: non-random eligibility",2093,1,0,33.369276131035
24,14,-0.0103852985261703,0.456465518639114,"Complier",-5,49.2955502373677,44.2955502373677,"Failure: non-random eligibility",4118,0,0,49.2955502373677
25,10,-0.360645823999446,0.434582364823917,"Complier",-5,42.2167674047512,37.2167674047512,"Failure: non-random eligibility",125,1,1,37.2167674047512
26,11,-0.757419778745368,1.06184664280674,"Complier",-5,43.8775654429,38.8775654429,"Failure: non-random eligibility",351,1,1,38.8775654429
27,13,1.53571529104557,1.28186787667085,"Complier",-5,54.0999020283403,49.0999020283403,"Failure: non-random eligibility",1435,1,1,49.0999020283403
28,15,1.98512105447744,1.11064852420305,"Complier",-5,55.5368992845985,50.5368992845985,"Failure: non-random eligibility",4912,0,0,55.5368992845985
29,11,-0.118981194048811,0.259766330364401,"Complier",-5,41.4562925676195,36.4562925676195,"Failure: non-random eligibility",1008,1,1,36.4562925676195
30,13,0.613850243605777,-0.162733172462072,"Never-taker",-3.5,47.0531903943512,43.5531903943512,"Failure: non-random eligibility",3635,0,0,47.0531903943512
31,12,-1.77432950200885,-0.170224283303648,"Never-taker",-3.5,39.145091567864,35.645091567864,"Failure: non-random eligibility",1574,1,0,39.145091567864
32,13,-0.862336822718443,0.569742578243381,"Complier",-5,41.1201260431653,36.1201260431653,"Failure: non-random eligibility",3745,0,0,41.1201260431653
33,12,0.508285546505419,0.0094000122682039,"Never-taker",-3.5,46.1572359229597,42.6572359229597,"Failure: non-random eligibility",1213,1,0,46.1572359229597
34,13,-0.0227221430414782,-0.130598614795005,"Never-taker",-3.5,51.4246510615342,47.9246510615342,"Failure: non-random eligibility",2703,0,0,51.4246510615342
35,12,-0.0956465631415316,-0.0527592642815966,"Never-taker",-3.5,46.476599132633,42.976599132633,"Failure: non-random eligibility",3179,0,0,46.476599132633
36,10,-0.554970692523822,-0.211097713946982,"Never-taker",-3.5,41.5673843663043,38.0673843663043,"Failure: non-random eligibility",60,1,0,41.5673843663043
37,12,-0.157513277843465,-1.88950918297943,"Never-taker",-3.5,38.6769154238948,35.1769154238948,"Failure: non-random eligibility",1420,1,0,38.6769154238948
38,16,1.86353807726698,0.461441647452289,"Complier",-5,56.6823745753758,51.6823745753758,"Failure: non-random eligibility",2437,1,1,51.6823745753758
39,9,-2.43205938947711,0.205712857047789,"Complier",-5,38.1835394206872,33.1835394206872,"Failure: non-random eligibility",2355,1,1,33.1835394206872
40,12,-0.0747171443457199,1.79445744054344,"Always-taker",-2,52.2587645574148,50.2587645574148,"Failure: non-random eligibility",2266,1,1,50.2587645574148
41,12,-1.43187161485407,1.39176736701982,"Always-taker",-2,44.7232753530796,42.7232753530796,"Failure: non-random eligibility",370,1,1,42.7232753530796
42,11,-0.552277571155775,-1.07956054608719,"Never-taker",-3.5,35.5812992663723,32.0812992663723,"Failure: non-random eligibility",1091,1,0,35.5812992663723
43,13,0.0915793619105426,-0.0724254604018547,"Never-taker",-3.5,43.7833413744827,40.2833413744827,"Failure: non-random eligibility",3748,0,0,43.7833413744827
44,9,-2.7347947737201,-0.343063949912549,"Never-taker",-3.5,33.0122720798374,29.5122720798374,"Failure: non-random eligibility",640,1,0,33.0122720798374
45,13,0.665064474797054,1.49261821619897,"Always-taker",-2,45.2533831416866,43.2533831416866,"Failure: non-random eligibility",4007,0,1,43.2533831416866
46,12,0.00879023587143584,-0.129969865472138,"Never-taker",-3.5,45.3301624388321,41.8301624388321,"Failure: non-random eligibility",2298,1,0,45.3301624388321
47,10,-1.73827192478897,0.0876909900907391,"Never-taker",-3.5,48.3247665467583,44.8247665467583,"Failure: non-random eligibility",978,1,0,48.3247665467583
48,15,0.00453581564338823,1.16519121263306,"Complier",-5,56.9073375366601,51.9073375366601,"Failure: non-random eligibility",245,1,1,51.9073375366601
49,14,0.348114720278593,-0.201238296447476,"Never-taker",-3.5,44.1703403655483,40.6703403655483,"Failure: non-random eligibility",1441,1,0,44.1703403655483
50,12,0.454845388722574,0.396735002696344,"Complier",-5,49.8026666029274,44.8026666029274,"Failure: non-random eligibility",4594,0,0,49.8026666029274
51,14,1.71247204553242,-1.14421695111665,"Never-taker",-3.5,45.7392423342583,42.2392423342583,"Failure: non-random eligibility",2494,1,0,45.7392423342583
52,15,1.65215334500915,-1.37688319873382,"Never-taker",-3.5,47.7924891017516,44.2924891017516,"Failure: non-random eligibility",3419,0,0,47.7924891017516
53,11,-0.764758159643076,-0.753778371818871,"Never-taker",-3.5,39.8073841606792,36.3073841606792,"Failure: non-random eligibility",2752,0,0,39.8073841606792
54,8,-2.02981742436171,-0.667075236087738,"Never-taker",-3.5,34.1755510075571,30.6755510075571,"Failure: non-random eligibility",867,1,0,34.1755510075571
55,11,-1.07819507321517,-1.69023474536013,"Never-taker",-3.5,34.1172270889912,30.6172270889912,"Failure: non-random eligibility",4084,0,0,34.1172270889912
56,10,-0.816011542068363,-0.720804881750119,"Never-taker",-3.5,35.5807034854553,32.0807034854553,"Failure: non-random eligibility",1081,1,0,35.5807034854553
57,13,-0.20632668024656,-0.841907828035665,"Never-taker",-3.5,41.7988237715966,38.2988237715966,"Failure: non-random eligibility",1425,1,0,41.7988237715966
58,10,-1.01660862708203,-1.17347645196242,"Never-taker",-3.5,31.5338800153499,28.0338800153499,"Failure: non-random eligibility",1106,1,0,31.5338800153499
59,13,0.743630480771689,0.0976746186297322,"Never-taker",-3.5,54.4405371425186,50.9405371425186,"Failure: non-random eligibility",4025,0,0,54.4405371425186
60,18,1.30931056832701,-0.502782470715639,"Never-taker",-3.5,56.1023752451455,52.6023752451455,"Failure: non-random eligibility",3466,0,0,56.1023752451455
61,10,-1.44679758293911,2.3753363309489,"Always-taker",-2,44.5168846403728,42.5168846403728,"Failure: non-random eligibility",327,1,1,42.5168846403728
62,15,0.349748249561776,-0.198846893971727,"Never-taker",-3.5,46.6260138734179,43.1260138734179,"Failure: non-random eligibility",2329,1,0,46.6260138734179
63,11,-0.417132090854326,0.0534778957959957,"Never-taker",-3.5,47.4515304958091,43.9515304958091,"Failure: non-random eligibility",3228,0,0,47.4515304958091
64,10,-1.11253903141294,-1.27753185574522,"Never-taker",-3.5,38.1571291010704,34.6571291010704,"Failure: non-random eligibility",344,1,0,38.1571291010704
65,14,0.637573460056215,0.383655291093923,"Complier",-5,48.0932054039267,43.0932054039267,"Failure: non-random eligibility",3074,0,0,48.0932054039267
66,14,1.28255449311956,-0.150939890346313,"Never-taker",-3.5,55.4465596164652,51.9465596164652,"Failure: non-random eligibility",3441,0,0,55.4465596164652
67,13,0.899754879192479,0.0444178900265412,"Never-taker",-3.5,37.989459477145,34.489459477145,"Failure: non-random eligibility",2989,0,0,37.989459477145
68,13,-0.0973312110885379,0.501886850407789,"Complier",-5,51.4297406913414,46.4297406913414,"Failure: non-random eligibility",1973,1,1,46.4297406913414
69,15,1.22373601542371,0.571390302441587,"Complier",-5,46.1817083733483,41.1817083733483,"Failure: non-random eligibility",3759,0,0,46.1817083733483
70,11,-1.22731878976052,0.833548288695021,"Complier",-5,47.1993686610911,42.1993686610911,"Failure: non-random eligibility",1625,1,1,42.1993686610911
71,14,1.59307487858682,0.698733728709082,"Complier",-5,55.3252299623367,50.3252299623367,"Failure: non-random eligibility",4993,0,0,55.3252299623367
72,14,0.539008937108384,-1.64226329543525,"Never-taker",-3.5,45.050255308612,41.550255308612,"Failure: non-random eligibility",1702,1,0,45.050255308612
73,13,0.34038610184253,-0.258996672015442,"Never-taker",-3.5,42.9891137581262,39.4891137581262,"Failure: non-random eligibility",4555,0,0,42.9891137581262
74,12,-0.086054507127473,-0.605788723806565,"Never-taker",-3.5,45.1286918955735,41.6286918955735,"Failure: non-random eligibility",1768,1,0,45.1286918955735
75,13,0.0383091003009947,0.98164532356926,"Complier",-5,47.8354173362884,42.8354173362884,"Failure: non-random eligibility",569,1,1,42.8354173362884
76,15,1.43381764928602,0.38528021521214,"Complier",-5,54.6447550271368,49.6447550271368,"Failure: non-random eligibility",2717,0,0,54.6447550271368
77,13,0.267849858359776,0.42160104094306,"Complier",-5,46.0713022918735,41.0713022918735,"Failure: non-random eligibility",3065,0,0,46.0713022918735
78,11,-0.369881559059427,1.66050020642132,"Always-taker",-2,44.8624180884724,42.8624180884724,"Failure: non-random eligibility",3923,0,1,42.8624180884724
79,14,-0.193222993854985,-0.933670879541173,"Never-taker",-3.5,45.0440886124422,41.5440886124422,"Failure: non-random eligibility",2187,1,0,45.0440886124422
80,11,1.10686218365242,-0.570044738184399,"Never-taker",-3.5,42.9460692936543,39.4460692936543,"Failure: non-random eligibility",4292,0,0,42.9460692936543
81,12,-0.126395343890272,-1.23130405341414,"Never-taker",-3.5,45.3721538290918,41.8721538290918,"Failure: non-random eligibility",3551,0,0,45.3721538290918
82,8,-2.99553578166588,0.520691349360096,"Complier",-5,34.4804880585589,29.4804880585589,"Failure: non-random eligibility",63,1,1,29.4804880585589
83,11,-2.19055203722079,-0.308777144632468,"Never-taker",-3.5,41.4097265473006,37.9097265473006,"Failure: non-random eligibility",427,1,0,41.4097265473006
84,10,0.189328645634256,2.10217519380172,"Always-taker",-2,48.5719843279373,46.5719843279373,"Failure: non-random eligibility",2364,1,1,46.5719843279373
85,11,-1.5035574151806,-1.73642129954611,"Never-taker",-3.5,35.2697506121777,31.7697506121777,"Failure: non-random eligibility",104,1,0,35.2697506121777
86,11,-0.744459087858497,-0.930293898418387,"Never-taker",-3.5,40.5629541658562,37.0629541658562,"Failure: non-random eligibility",1667,1,0,40.5629541658562
87,10,0.0379758436447578,-1.10647422028332,"Never-taker",-3.5,38.4781502369076,34.9781502369076,"Failure: non-random eligibility",381,1,0,38.4781502369076
88,10,-1.05417557779442,-1.53833718609016,"Never-taker",-3.5,36.6297518146199,33.1297518146199,"Failure: non-random eligibility",1407,1,0,36.6297518146199
89,11,-0.111228077528332,0.22229982612833,"Complier",-5,46.8312748665719,41.8312748665719,"Failure: non-random eligibility",3679,0,0,46.8312748665719
90,13,1.27681249761783,1.16447182668014,"Complier",-5,48.6608767715659,43.6608767715659,"Failure: non-random eligibility",4484,0,0,48.6608767715659
91,11,-2.14449709297432,-0.303192306222283,"Never-taker",-3.5,43.2923161876035,39.7923161876035,"Failure: non-random eligibility",791,1,0,43.2923161876035
92,13,0.42703945643184,0.732920472867502,"Complier",-5,47.3945464315202,42.3945464315202,"Failure: non-random eligibility",1290,1,1,42.3945464315202
93,14,0.359733971179871,-0.510245275449951,"Never-taker",-3.5,48.3096012521689,44.8096012521689,"Failure: non-random eligibility",3520,0,0,48.3096012521689
94,15,1.36045098399678,-2.31759283584579,"Never-taker",-3.5,52.8244315717886,49.3244315717886,"Failure: non-random eligibility",4797,0,0,52.8244315717886
95,11,-1.18827095412511,0.0123973831471798,"Never-taker",-3.5,46.2533845021425,42.7533845021425,"Failure: non-random eligibility",72,1,0,46.2533845021425
96,13,0.59932385680322,-0.657584191390442,"Never-taker",-3.5,48.2385582092001,44.7385582092001,"Failure: non-random eligibility",3156,0,0,48.2385582092001
97,15,1.58597875914098,-0.490972383759372,"Never-taker",-3.5,50.5319893067467,47.0319893067467,"Failure: non-random eligibility",1965,1,0,50.5319893067467
98,11,-0.8225520880444,-1.6525300502478,"Never-taker",-3.5,29.3251891231999,25.8251891231999,"Failure: non-random eligibility",3555,0,0,29.3251891231999
99,15,0.0796799160457678,-0.122501778053768,"Never-taker",-3.5,50.6300198760563,47.1300198760563,"Failure: non-random eligibility",3742,0,0,50.6300198760563
100,12,-0.365673271690672,1.96751333505028,"Always-taker",-2,50.6718157813995,48.6718157813995,"Failure: non-random eligibility",3434,0,1,48.6718157813995
101,15,1.46251250657626,0.225875358321998,"Complier",-5,44.0598782859739,39.0598782859739,"Failure: non-random eligibility",3247,0,0,44.0598782859739
102,12,-0.639779367227906,1.96409896710909,"Always-taker",-2,43.550446052847,41.550446052847,"Failure: non-random eligibility",3340,0,1,41.550446052847
103,12,0.309571913407962,0.976261257213188,"Complier",-5,42.4061450283002,37.4061450283002,"Failure: non-random eligibility",3500,0,0,42.4061450283002
104,11,-0.766133140568282,-0.517774257157847,"Never-taker",-3.5,40.1146579289232,36.6146579289232,"Failure: non-random eligibility",1387,1,0,40.1146579289232
105,14,0.0402674295929347,0.693373904640936,"Complier",-5,52.9414451625814,47.9414451625814,"Failure: non-random eligibility",1701,1,1,47.9414451625814
106,12,-0.73590068078537,-0.937255538913886,"Never-taker",-3.5,37.1810956570626,33.6810956570626,"Failure: non-random eligibility",1918,1,0,37.1810956570626
107,12,-0.0907690428440356,-2.01931063750351,"Never-taker",-3.5,39.7957501914961,36.2957501914961,"Failure: non-random eligibility",3626,0,0,39.7957501914961
108,12,0.780851766601298,-0.34029224098163,"Never-taker",-3.5,45.4902267409307,41.9902267409307,"Failure: non-random eligibility",4083,0,0,45.4902267409307
109,11,-1.45043575718498,-0.238006272650112,"Never-taker",-3.5,34.1719794738658,30.6719794738658,"Failure: non-random eligibility",1553,1,0,34.1719794738658
110,12,-0.896686000008886,0.540424650353781,"Complier",-5,40.6200783335005,35.6200783335005,"Failure: non-random eligibility",365,1,1,35.6200783335005
111,12,1.28981889431341,-1.09485207610494,"Never-taker",-3.5,37.5397907328277,34.0397907328277,"Failure: non-random eligibility",3154,0,0,37.5397907328277
112,14,1.91786057663047,-0.87621046830866,"Never-taker",-3.5,48.704806646869,45.204806646869,"Failure: non-random eligibility",496,1,0,48.704806646869
113,15,2.05031224551468,-0.564879292660628,"Never-taker",-3.5,50.8792687295872,47.3792687295872,"Failure: non-random eligibility",642,1,0,50.8792687295872
114,13,-0.225486314033869,-0.31154559637006,"Never-taker",-3.5,44.1161159246349,40.6161159246349,"Failure: non-random eligibility",2690,0,0,44.1161159246349
115,9,0.0604239500324735,2.99155760448573,"Always-taker",-2,45.2093774664623,43.2093774664623,"Failure: non-random eligibility",1812,1,1,43.2093774664623
116,15,0.0884396159146575,-1.84076278884827,"Never-taker",-3.5,40.4027511041318,36.9027511041318,"Failure: non-random eligibility",4099,0,0,40.4027511041318
117,15,1.60892665039172,-2.29955836269837,"Never-taker",-3.5,49.627308626868,46.127308626868,"Failure: non-random eligibility",2255,1,0,49.627308626868
118,14,0.813222973273354,-0.113662051886431,"Never-taker",-3.5,46.2659150692093,42.7659150692093,"Failure: non-random eligibility",1505,1,0,46.2659150692093
119,12,-0.393124261339365,-0.821357443052116,"Never-taker",-3.5,39.9449080682906,36.4449080682906,"Failure: non-random eligibility",2984,0,0,39.9449080682906
120,13,-0.713857470433955,-0.515424644400738,"Never-taker",-3.5,42.2398272004256,38.7398272004256,"Failure: non-random eligibility",3095,0,0,42.2398272004256
121,14,0.244821496410284,-0.318252644561169,"Never-taker",-3.5,38.9249569646108,35.4249569646108,"Failure: non-random eligibility",3734,0,0,38.9249569646108
122,15,0.851342211993961,0.184046228554237,"Complier",-5,56.2093655382555,51.2093655382555,"Failure: non-random eligibility",2863,0,0,56.2093655382555
123,16,1.08233377431157,-0.455220979141154,"Never-taker",-3.5,46.9644687525581,43.4644687525581,"Failure: non-random eligibility",1149,1,0,46.9644687525581
124,11,0.130093129048573,1.39299402037439,"Always-taker",-2,47.629342847443,45.629342847443,"Failure: non-random eligibility",710,1,1,45.629342847443
125,13,0.785644966996094,0.748904983316431,"Complier",-5,47.4787726134748,42.4787726134748,"Failure: non-random eligibility",3180,0,0,47.4787726134748
126,13,0.680257005793743,0.85756110802842,"Complier",-5,48.4699181272845,43.4699181272845,"Failure: non-random eligibility",4172,0,0,48.4699181272845
127,12,-0.00166241438063,-0.234524736551202,"Never-taker",-3.5,44.366338797104,40.866338797104,"Failure: non-random eligibility",2542,0,0,44.366338797104
128,11,0.166350500396205,0.169257777967711,"Complier",-5,46.4174192363827,41.4174192363827,"Failure: non-random eligibility",2783,0,0,46.4174192363827
129,14,0.912609006180788,0.304988996067171,"Complier",-5,46.3483062751161,41.3483062751161,"Failure: non-random eligibility",1498,1,1,41.3483062751161
130,14,1.27368536130053,2.17955199111732,"Always-taker",-2,51.4086649740531,49.4086649740531,"Failure: non-random eligibility",3978,0,1,49.4086649740531
131,14,0.426386080056544,0.682127843911963,"Complier",-5,50.2924432839775,45.2924432839775,"Failure: non-random eligibility",3433,0,0,50.2924432839775
132,11,-1.25262267335159,0.0952171401369252,"Never-taker",-3.5,40.838523024707,37.338523024707,"Failure: non-random eligibility",612,1,0,40.838523024707
133,12,0.43820962649733,-1.12585158960178,"Never-taker",-3.5,39.1108696256245,35.6108696256245,"Failure: non-random eligibility",4151,0,0,39.1108696256245
134,13,-0.650897681589907,0.895748465561647,"Complier",-5,41.8031945586577,36.8031945586577,"Failure: non-random eligibility",465,1,1,36.8031945586577
135,15,1.0900824544266,-1.41603082425667,"Never-taker",-3.5,53.1605715146115,49.6605715146115,"Failure: non-random eligibility",3927,0,0,53.1605715146115
136,14,0.303706230835128,1.85179415542656,"Always-taker",-2,47.5662098622147,45.5662098622147,"Failure: non-random eligibility",3542,0,1,45.5662098622147
137,14,0.351465070125599,-2.08086321375669,"Never-taker",-3.5,44.1940451829952,40.6940451829952,"Failure: non-random eligibility",3393,0,0,44.1940451829952
138,12,-0.0814500917632822,0.557690786853529,"Complier",-5,42.1476714130803,37.1476714130803,"Failure: non-random eligibility",3838,0,0,42.1476714130803
139,15,0.985049662062562,-1.7623690079371,"Never-taker",-3.5,47.2605190071159,43.7605190071159,"Failure: non-random eligibility",2612,0,0,47.2605190071159
140,15,2.62077737013737,-1.05927168253786,"Never-taker",-3.5,51.5473757505005,48.0473757505005,"Failure: non-random eligibility",4550,0,0,51.5473757505005
141,14,1.12621178999177,0.0676988642013977,"Never-taker",-3.5,42.6737397204261,39.1737397204261,"Failure: non-random eligibility",2104,1,0,42.6737397204261
142,15,2.04328779590388,1.16361530261003,"Complier",-5,48.6869754284229,43.6869754284229,"Failure: non-random eligibility",4072,0,0,48.6869754284229
143,13,1.41784389849845,-0.0392341594625256,"Never-taker",-3.5,42.6912001344786,39.1912001344786,"Failure: non-random eligibility",2795,0,0,42.6912001344786
144,15,1.58884106517538,-0.919134118234163,"Never-taker",-3.5,48.8965528347187,45.3965528347187,"Failure: non-random eligibility",4748,0,0,48.8965528347187
145,15,0.47919463005622,2.2047637472519,"Always-taker",-2,52.1485734426386,50.1485734426386,"Failure: non-random eligibility",2079,1,1,50.1485734426386
146,13,-0.25237119739309,0.398011098643139,"Complier",-5,47.2315686735217,42.2315686735217,"Failure: non-random eligibility",1996,1,1,42.2315686735217
147,11,-0.709902249452947,0.833063303849458,"Complier",-5,44.8788238769234,39.8788238769234,"Failure: non-random eligibility",1302,1,1,39.8788238769234
148,13,0.0518778892661221,0.10900959756841,"Never-taker",-3.5,41.571706921822,38.071706921822,"Failure: non-random eligibility",2387,1,0,41.571706921822
149,13,-0.288921370977408,0.700225420950707,"Complier",-5,45.4463349886614,40.4463349886614,"Failure: non-random eligibility",1501,1,1,40.4463349886614
150,13,0.387981340046484,-0.0635005059889471,"Never-taker",-3.5,45.562630068872,42.062630068872,"Failure: non-random eligibility",4572,0,0,45.562630068872
151,8,-1.20200188347017,0.855148057908177,"Complier",-5,45.8865183578064,40.8865183578064,"Failure: non-random eligibility",442,1,1,40.8865183578064
152,12,-0.670940643987998,0.0938990517562264,"Never-taker",-3.5,45.4901166548958,41.9901166548958,"Failure: non-random eligibility",859,1,0,45.4901166548958
153,12,0.160248970991019,-0.528157027898732,"Never-taker",-3.5,45.2942636352556,41.7942636352556,"Failure: non-random eligibility",3663,0,0,45.2942636352556
154,14,1.09628402286353,1.0225627528093,"Complier",-5,51.0031556472664,46.0031556472664,"Failure: non-random eligibility",3457,0,0,51.0031556472664
155,14,1.24301369907357,1.38744918194289,"Always-taker",-2,54.7776265439495,52.7776265439495,"Failure: non-random eligibility",3622,0,1,52.7776265439495
156,13,-0.282339569610825,2.50216250752179,"Always-taker",-2,48.6905810631255,46.6905810631255,"Failure: non-random eligibility",2504,0,1,46.6905810631255
157,14,1.238631041741,-0.0831308036894288,"Never-taker",-3.5,55.4421983370648,51.9421983370648,"Failure: non-random eligibility",3554,0,0,55.4421983370648
158,11,-0.935534824842693,0.971879918668776,"Complier",-5,46.1727296581098,41.1727296581098,"Failure: non-random eligibility",1534,1,1,41.1727296581098
159,12,-0.886659364289093,0.705596364399411,"Complier",-5,43.8470647638268,38.8470647638268,"Failure: non-random eligibility",1196,1,1,38.8470647638268
160,13,-0.820388503089566,-0.164428623407222,"Never-taker",-3.5,44.0727740362989,40.5727740362989,"Failure: non-random eligibility",2912,0,0,44.0727740362989
161,13,0.401911810455878,-1.90051802158074,"Never-taker",-3.5,42.1278763708837,38.6278763708837,"Failure: non-random eligibility",2423,1,0,42.1278763708837
162,11,0.305069243749337,-0.997916215807391,"Never-taker",-3.5,44.861156300317,41.361156300317,"Failure: non-random eligibility",4120,0,0,44.861156300317
163,14,1.62355608158319,-0.374655692145611,"Never-taker",-3.5,47.9600398977442,44.4600398977442,"Failure: non-random eligibility",4542,0,0,47.9600398977442
164,13,0.981087200681569,0.138500241205865,"Complier",-5,51.0054734403369,46.0054734403369,"Failure: non-random eligibility",2014,1,1,46.0054734403369
165,10,-2.49751426912482,0.305052737261293,"Complier",-5,33.0137830695762,28.0137830695762,"Failure: non-random eligibility",1129,1,1,28.0137830695762
166,13,0.353930862266952,-1.68436197029041,"Never-taker",-3.5,38.8280580514652,35.3280580514652,"Failure: non-random eligibility",4062,0,0,38.8280580514652
167,15,0.408552968552837,-0.37712975583581,"Never-taker",-3.5,50.9724170831179,47.4724170831179,"Failure: non-random eligibility",3358,0,0,50.9724170831179
168,13,0.0208057329031353,-1.45144364154472,"Never-taker",-3.5,41.4517328726036,37.9517328726036,"Failure: non-random eligibility",3119,0,0,41.4517328726036
169,14,-0.142971167779315,-0.381598636349397,"Never-taker",-3.5,46.6316665038241,43.1316665038241,"Failure: non-random eligibility",1210,1,0,46.6316665038241
170,10,-0.952777756859914,2.07379191459164,"Always-taker",-2,48.9743311500057,46.9743311500057,"Failure: non-random eligibility",76,1,1,46.9743311500057
171,13,0.266403378025868,0.0208194746279746,"Never-taker",-3.5,38.5781822206516,35.0781822206516,"Failure: non-random eligibility",3382,0,0,38.5781822206516
172,11,-1.0980472118315,2.00423741910185,"Always-taker",-2,50.7421830097749,48.7421830097749,"Failure: non-random eligibility",111,1,1,48.7421830097749
173,10,-2.16880679879151,2.15147169324122,"Always-taker",-2,39.8570625400385,37.8570625400385,"Failure: non-random eligibility",2096,1,1,37.8570625400385
174,15,1.77415486910175,-1.01837052384295,"Never-taker",-3.5,56.2917390454384,52.7917390454384,"Failure: non-random eligibility",2973,0,0,56.2917390454384
175,11,-1.79137655796311,0.548978370814845,"Complier",-5,42.5487041945849,37.5487041945849,"Failure: non-random eligibility",2687,0,0,42.5487041945849
176,12,-0.764556467311331,2.22332235971132,"Always-taker",-2,44.0694305856419,42.0694305856419,"Failure: non-random eligibility",1759,1,1,42.0694305856419
177,9,-2.14301320842219,0.517821098135601,"Complier",-5,36.6801915504632,31.6801915504632,"Failure: non-random eligibility",55,1,1,31.6801915504632
178,12,-0.457733028860733,-0.349259195223592,"Never-taker",-3.5,34.3181534075083,30.8181534075083,"Failure: non-random eligibility",4288,0,0,34.3181534075083
179,16,2.92854805888534,0.969791037710383,"Complier",-5,63.1778122680752,58.1778122680752,"Failure: non-random eligibility",4810,0,0,63.1778122680752
180,13,0.100684456350076,1.17828543710519,"Complier",-5,47.9922941777199,42.9922941777199,"Failure: non-random eligibility",2111,1,1,42.9922941777199
181,16,1.42691839567205,-0.761075792600856,"Never-taker",-3.5,49.9184005327088,46.4184005327088,"Failure: non-random eligibility",2738,0,0,49.9184005327088
182,13,0.109983566218757,-0.174690039543273,"Never-taker",-3.5,42.1224843167333,38.6224843167333,"Failure: non-random eligibility",2698,0,0,42.1224843167333
183,14,1.05839489981458,-1.16838704716814,"Never-taker",-3.5,47.3318199095011,43.8318199095011,"Failure: non-random eligibility",1930,1,0,47.3318199095011
184,11,-0.661917802469085,-3.88683590279475,"Never-taker",-3.5,34.4299217215839,30.9299217215839,"Failure: non-random eligibility",2144,1,0,34.4299217215839
185,11,-0.708370354742552,0.00133550744681066,"Never-taker",-3.5,36.6997598386343,33.1997598386343,"Failure: non-random eligibility",3113,0,0,36.6997598386343
186,13,0.861443987310293,-0.124730487258582,"Never-taker",-3.5,46.2202545116788,42.7202545116788,"Failure: non-random eligibility",4388,0,0,46.2202545116788
187,15,1.15365004632231,-0.608521863082375,"Never-taker",-3.5,49.5421120101599,46.0421120101599,"Failure: non-random eligibility",4909,0,0,49.5421120101599
188,13,0.0225548732055344,0.131743569620108,"Complier",-5,47.614167256091,42.614167256091,"Failure: non-random eligibility",938,1,1,42.614167256091
189,11,0.258374647033892,0.108362828463007,"Never-taker",-3.5,44.6669338876699,41.1669338876699,"Failure: non-random eligibility",4535,0,0,44.6669338876699
190,13,-0.878993402898727,-1.23335469943312,"Never-taker",-3.5,47.16942447314,43.66942447314,"Failure: non-random eligibility",2503,0,0,47.16942447314
191,10,0.156235844076221,0.139985925454855,"Complier",-5,45.683387209232,40.683387209232,"Failure: non-random eligibility",2035,1,1,40.683387209232
192,16,0.872690074380785,-0.0984312324049621,"Never-taker",-3.5,51.2300936007246,47.7300936007246,"Failure: non-random eligibility",4320,0,0,51.2300936007246
193,12,0.55683775778808,-0.136649776998291,"Never-taker",-3.5,55.9908637471717,52.4908637471717,"Failure: non-random eligibility",4429,0,0,55.9908637471717
194,13,-1.0092152886255,-0.964429382976818,"Never-taker",-3.5,41.9445917211747,38.4445917211747,"Failure: non-random eligibility",1985,1,0,41.9445917211747
195,13,1.03208688418318,0.233982919309762,"Complier",-5,44.7100706934704,39.7100706934704,"Failure: non-random eligibility",4776,0,0,44.7100706934704
196,10,-0.980459067677302,1.1263121647508,"Complier",-5,39.7193639911223,34.7193639911223,"Failure: non-random eligibility",140,1,1,34.7193639911223
197,11,-1.22230729892037,-0.68205395840014,"Never-taker",-3.5,38.8008916238445,35.3008916238445,"Failure: non-random eligibility",502,1,0,38.8008916238445
198,13,0.106356958200348,1.13767450529947,"Complier",-5,51.2879833702425,46.2879833702425,"Failure: non-random eligibility",3090,0,0,51.2879833702425
199,13,-0.623475906240803,1.72623382266777,"Always-taker",-2,48.1650572372628,46.1650572372628,"Failure: non-random eligibility",951,1,1,46.1650572372628
200,14,-0.824526364601571,-0.275237302490426,"Never-taker",-3.5,53.1522318810747,49.6522318810747,"Failure: non-random eligibility",3452,0,0,53.1522318810747
201,11,-1.68614354594085,0.566212276208952,"Complier",-5,43.9401296952105,38.9401296952105,"Failure: non-random eligibility",570,1,1,38.9401296952105
202,13,1.56410964706288,-1.19724830349056,"Never-taker",-3.5,50.2043498536251,46.7043498536251,"Failure: non-random eligibility",3052,0,0,50.2043498536251
203,12,-0.651948416007504,0.192638724080838,"Complier",-5,35.8277965810206,30.8277965810206,"Failure: non-random eligibility",127,1,1,30.8277965810206
204,12,-0.549920054728636,0.552803524770785,"Complier",-5,46.7916810429442,41.7916810429442,"Failure: non-random eligibility",387,1,1,41.7916810429442
205,13,1.32781916572447,0.306063679325693,"Complier",-5,54.2296475182188,49.2296475182188,"Failure: non-random eligibility",4973,0,0,54.2296475182188
206,13,1.16997035326796,-0.0406718687483218,"Never-taker",-3.5,52.5189389672508,49.0189389672508,"Failure: non-random eligibility",2609,0,0,52.5189389672508
207,15,0.537052135655295,1.43356441539455,"Always-taker",-2,49.5425221909585,47.5425221909585,"Failure: non-random eligibility",2737,0,1,47.5425221909585
208,10,-1.37178305453445,-0.290146265001282,"Never-taker",-3.5,38.0516407323325,34.5516407323325,"Failure: non-random eligibility",2120,1,0,38.0516407323325
209,15,1.2853613823196,0.18598098141094,"Complier",-5,51.6731645709137,46.6731645709137,"Failure: non-random eligibility",3660,0,0,51.6731645709137
210,12,0.861785093355663,-0.0660978339882697,"Never-taker",-3.5,51.7059918868361,48.2059918868361,"Failure: non-random eligibility",3558,0,0,51.7059918868361
211,13,0.0411285573760023,-1.67364522447019,"Never-taker",-3.5,39.9825932077801,36.4825932077801,"Failure: non-random eligibility",1829,1,0,39.9825932077801
212,11,0.345537086480526,-0.526126134816064,"Never-taker",-3.5,45.7343814784359,42.2343814784359,"Failure: non-random eligibility",3135,0,0,45.7343814784359
213,12,-0.197878947403864,0.685411112798718,"Complier",-5,55.4136379206887,50.4136379206887,"Failure: non-random eligibility",1752,1,1,50.4136379206887
214,13,0.550135431704143,0.199455255054903,"Complier",-5,44.8793160589053,39.8793160589053,"Failure: non-random eligibility",2986,0,0,44.8793160589053
215,12,0.68316690921333,-0.874582284588216,"Never-taker",-3.5,44.7558184924923,41.2558184924923,"Failure: non-random eligibility",4632,0,0,44.7558184924923
216,11,-1.1139383806636,0.0712969776565443,"Never-taker",-3.5,36.0356187164204,32.5356187164204,"Failure: non-random eligibility",4184,0,0,36.0356187164204
217,16,2.19008539862442,0.280644545838832,"Complier",-5,53.9751875777762,48.9751875777762,"Failure: non-random eligibility",2057,1,1,48.9751875777762
218,13,0.510389370404195,-1.17290763621303,"Never-taker",-3.5,45.0233229381475,41.5233229381475,"Failure: non-random eligibility",2508,0,0,45.0233229381475
219,13,-1.03336781631836,1.13577331873463,"Complier",-5,42.8590599310515,37.8590599310515,"Failure: non-random eligibility",3747,0,0,42.8590599310515
220,11,-0.106916926741502,0.463831755862697,"Complier",-5,40.0478754126591,35.0478754126591,"Failure: non-random eligibility",2800,0,0,40.0478754126591
221,13,-0.0663512692109683,0.372091554032614,"Complier",-5,50.7913665984773,45.7913665984773,"Failure: non-random eligibility",656,1,1,45.7913665984773
222,12,-0.239746053308496,-0.99618280099867,"Never-taker",-3.5,45.4045356516117,41.9045356516117,"Failure: non-random eligibility",2632,0,0,45.4045356516117
223,12,-0.17901482710231,-0.239969689018059,"Never-taker",-3.5,41.9639969280637,38.4639969280637,"Failure: non-random eligibility",1665,1,0,41.9639969280637
224,11,-1.86105744887454,1.9074714699408,"Always-taker",-2,44.7640565127126,42.7640565127126,"Failure: non-random eligibility",298,1,1,42.7640565127126
225,13,0.356972644782547,-1.3113899801323,"Never-taker",-3.5,46.2008759484673,42.7008759484673,"Failure: non-random eligibility",3598,0,0,46.2008759484673
226,13,0.571295903316055,-0.4998089361165,"Never-taker",-3.5,47.0206387973936,43.5206387973936,"Failure: non-random eligibility",2711,0,0,47.0206387973936
227,15,1.0782329594932,0.965838735524037,"Complier",-5,53.2913697135672,48.2913697135672,"Failure: non-random eligibility",4387,0,0,53.2913697135672
228,14,0.960699029287169,0.0393683880752127,"Never-taker",-3.5,44.1963087697687,40.6963087697687,"Failure: non-random eligibility",3069,0,0,44.1963087697687
229,12,-0.092278925844102,0.216651945230214,"Complier",-5,45.650707161957,40.650707161957,"Failure: non-random eligibility",1697,1,1,40.650707161957
230,15,1.19629090015396,-0.336550185083955,"Never-taker",-3.5,60.7981887375578,57.2981887375578,"Failure: non-random eligibility",3901,0,0,60.7981887375578
231,13,0.462933964413051,1.30471098232372,"Complier",-5,51.7957157222335,46.7957157222335,"Failure: non-random eligibility",2971,0,0,51.7957157222335
232,13,1.39123943108851,-0.260626771235778,"Never-taker",-3.5,56.8962339482922,53.3962339482922,"Failure: non-random eligibility",3506,0,0,56.8962339482922
233,13,0.967776119442301,1.06124245577664,"Complier",-5,55.2318872709191,50.2318872709191,"Failure: non-random eligibility",3854,0,0,55.2318872709191
234,13,0.322771188040049,0.1470912134177,"Complier",-5,44.8019577356432,39.8019577356432,"Failure: non-random eligibility",3753,0,0,44.8019577356432
235,11,-0.81517488804137,2.09516647068997,"Always-taker",-2,48.9800531512659,46.9800531512659,"Failure: non-random eligibility",1832,1,1,46.9800531512659
236,15,0.0599952212730198,-0.493180017679429,"Never-taker",-3.5,41.4310845941733,37.9310845941733,"Failure: non-random eligibility",1611,1,0,41.4310845941733
237,10,-0.110619453843424,1.8780515927155,"Always-taker",-2,48.4292064293927,46.4292064293927,"Failure: non-random eligibility",3128,0,1,46.4292064293927
238,9,-1.7668936258537,-0.977976451356332,"Never-taker",-3.5,31.6796187767859,28.1796187767859,"Failure: non-random eligibility",209,1,0,31.6796187767859
239,14,0.320657309307511,1.87601515001976,"Always-taker",-2,50.9875332743794,48.9875332743794,"Failure: non-random eligibility",3631,0,1,48.9875332743794
240,14,0.0137233782379501,1.55399879389556,"Always-taker",-2,52.3835421870621,50.3835421870621,"Failure: non-random eligibility",1674,1,1,50.3835421870621
241,15,0.546855683431013,-1.42439818508182,"Never-taker",-3.5,45.2130932121967,41.7130932121967,"Failure: non-random eligibility",4437,0,0,45.2130932121967
242,9,-1.34556431067586,0.36528732115772,"Complier",-5,39.799495932738,34.799495932738,"Failure: non-random eligibility",1016,1,1,34.799495932738
243,13,0.229342390294563,-0.830431988914896,"Never-taker",-3.5,42.2390305056964,38.7390305056964,"Failure: non-random eligibility",4436,0,0,42.2390305056964
244,11,-1.68442033511788,1.39703083807945,"Always-taker",-2,44.1874941238433,42.1874941238433,"Failure: non-random eligibility",711,1,1,42.1874941238433
245,12,0.302966317772614,-0.0324052378625212,"Never-taker",-3.5,41.398895632468,37.898895632468,"Failure: non-random eligibility",1663,1,0,41.398895632468
246,13,0.134412098560124,0.21625227606452,"Complier",-5,48.1644234113036,43.1644234113036,"Failure: non-random eligibility",2182,1,1,43.1644234113036
247,12,0.641075344277479,-0.119810512592356,"Never-taker",-3.5,43.4325557581526,39.9325557581526,"Failure: non-random eligibility",1412,1,0,43.4325557581526
248,14,0.391297703239267,0.428228438666211,"Complier",-5,47.3304029668408,42.3304029668408,"Failure: non-random eligibility",3568,0,0,47.3304029668408
249,14,0.622712742640909,-0.482505215879735,"Never-taker",-3.5,46.4363188430733,42.9363188430733,"Failure: non-random eligibility",1525,1,0,46.4363188430733
250,13,0.468061372331409,-0.240805577897196,"Never-taker",-3.5,49.2749598032165,45.7749598032165,"Failure: non-random eligibility",1446,1,0,49.2749598032165
251,13,0.295749129300422,1.32518035974856,"Always-taker",-2,51.4496948790687,49.4496948790687,"Failure: non-random eligibility",716,1,1,49.4496948790687
252,10,-1.35102611678194,1.24656669662596,"Complier",-5,37.8175941048222,32.8175941048222,"Failure: non-random eligibility",2596,0,0,37.8175941048222
253,11,-0.741441837889842,-0.241636979946822,"Never-taker",-3.5,41.5778262309808,38.0778262309808,"Failure: non-random eligibility",545,1,0,41.5778262309808
254,14,1.29618018668978,0.569148538143396,"Complier",-5,56.5721943261375,51.5721943261375,"Failure: non-random eligibility",4827,0,0,56.5721943261375
255,13,0.0212955689293929,-0.853884889228163,"Never-taker",-3.5,50.0453695246784,46.5453695246784,"Failure: non-random eligibility",2250,1,0,50.0453695246784
256,9,-1.6015422383304,-1.39481150465448,"Never-taker",-3.5,30.1159663779263,26.6159663779263,"Failure: non-random eligibility",1398,1,0,30.1159663779263
257,10,-0.995515777360653,1.32601551467575,"Always-taker",-2,40.122361469673,38.122361469673,"Failure: non-random eligibility",599,1,1,38.122361469673
258,13,0.52483885678594,0.43591535964168,"Complier",-5,47.1340633495795,42.1340633495795,"Failure: non-random eligibility",4498,0,0,47.1340633495795
259,9,-1.27404532641759,-0.311762746591633,"Never-taker",-3.5,39.6391428450092,36.1391428450092,"Failure: non-random eligibility",1362,1,0,39.6391428450092
260,13,0.323254685514196,-0.887527465307657,"Never-taker",-3.5,48.9632175532414,45.4632175532414,"Failure: non-random eligibility",2274,1,0,48.9632175532414
261,10,-1.39011214290422,0.0370729686606741,"Never-taker",-3.5,34.2898159504505,30.7898159504505,"Failure: non-random eligibility",692,1,0,34.2898159504505
262,12,-0.847404221993538,-0.875635990397273,"Never-taker",-3.5,44.5476374621585,41.0476374621585,"Failure: non-random eligibility",1588,1,0,44.5476374621585
263,13,1.20856413437056,-0.732111923969256,"Never-taker",-3.5,47.0325480975155,43.5325480975155,"Failure: non-random eligibility",4573,0,0,47.0325480975155
264,14,1.41220896287246,0.548838238193871,"Complier",-5,50.5779738304192,45.5779738304192,"Failure: non-random eligibility",4823,0,0,50.5779738304192
265,12,0.256021749187886,0.453628239776278,"Complier",-5,41.1517168025772,36.1517168025772,"Failure: non-random eligibility",3348,0,0,41.1517168025772
266,11,0.0638234781323272,-1.29981972005449,"Never-taker",-3.5,42.9586663653654,39.4586663653654,"Failure: non-random eligibility",2417,1,0,42.9586663653654
267,11,-0.98493324506562,0.174127021185861,"Complier",-5,50.118273831455,45.118273831455,"Failure: non-random eligibility",2902,0,0,50.118273831455
268,9,-1.08733951197717,-0.234913365197103,"Never-taker",-3.5,35.7407772771226,32.2407772771226,"Failure: non-random eligibility",260,1,0,35.7407772771226
269,11,0.108965665282558,0.575424192056987,"Complier",-5,45.9277812274995,40.9277812274995,"Failure: non-random eligibility",4927,0,0,45.9277812274995
270,12,-0.361525611539473,0.233497948957039,"Complier",-5,56.095588843615,51.095588843615,"Failure: non-random eligibility",4660,0,0,56.095588843615
271,11,0.223513548005005,-2.62529577859387,"Never-taker",-3.5,40.9943388793975,37.4943388793975,"Failure: non-random eligibility",2871,0,0,40.9943388793975
272,14,0.288094089285329,0.116998936802692,"Never-taker",-3.5,46.1043383182624,42.6043383182624,"Failure: non-random eligibility",3521,0,0,46.1043383182624
273,15,1.74098466833694,-0.565415704546188,"Never-taker",-3.5,48.5538181535054,45.0538181535054,"Failure: non-random eligibility",3225,0,0,48.5538181535054
274,14,0.334622306428022,-0.603908325519898,"Never-taker",-3.5,35.9004274801941,32.4004274801941,"Failure: non-random eligibility",895,1,0,35.9004274801941
275,13,0.324756363970842,-0.443821975705822,"Never-taker",-3.5,43.3419785860881,39.8419785860881,"Failure: non-random eligibility",4482,0,0,43.3419785860881
276,15,1.47279402754177,0.218308351143296,"Complier",-5,49.1454659878577,44.1454659878577,"Failure: non-random eligibility",1418,1,1,44.1454659878577
277,14,0.634699043444614,-0.225234560218472,"Never-taker",-3.5,43.1322419098309,39.6322419098309,"Failure: non-random eligibility",4610,0,0,43.1322419098309
278,12,-0.453303857094288,0.17792424185007,"Complier",-5,44.4895958964463,39.4895958964463,"Failure: non-random eligibility",604,1,1,39.4895958964463
279,8,-1.97444416241518,1.64194574246993,"Always-taker",-2,38.9959383084652,36.9959383084652,"Failure: non-random eligibility",455,1,1,36.9959383084652
280,12,-0.892254746450618,0.662328601059348,"Complier",-5,46.721019315251,41.721019315251,"Failure: non-random eligibility",3350,0,0,46.721019315251
281,9,-2.40734501917343,-2.11077029927856,"Never-taker",-3.5,32.2830400367892,28.7830400367892,"Failure: non-random eligibility",3975,0,0,32.2830400367892
282,11,-0.679291036905643,0.350279508989833,"Complier",-5,39.093748061281,34.093748061281,"Failure: non-random eligibility",2588,0,0,39.093748061281
283,13,-0.107156827744588,-0.0456991096937933,"Never-taker",-3.5,41.4066084374871,37.9066084374871,"Failure: non-random eligibility",1125,1,0,41.4066084374871
284,11,-0.284319905114483,-0.895348876279196,"Never-taker",-3.5,36.0261561384965,32.5261561384965,"Failure: non-random eligibility",2294,1,0,36.0261561384965
285,12,0.466402767515867,1.45199322677662,"Always-taker",-2,47.9057721820912,45.9057721820912,"Failure: non-random eligibility",1272,1,1,45.9057721820912
286,14,2.05353702042849,-0.820562726760779,"Never-taker",-3.5,60.422220697354,56.922220697354,"Failure: non-random eligibility",3714,0,0,60.422220697354
287,12,-1.50292322077045,0.0235252010432941,"Never-taker",-3.5,41.7440476221576,38.2440476221576,"Failure: non-random eligibility",3299,0,0,41.7440476221576
288,10,-0.399927399609003,-0.126265934436383,"Never-taker",-3.5,35.8836244522125,32.3836244522125,"Failure: non-random eligibility",4375,0,0,35.8836244522125
289,13,0.468499543272124,-0.439009851739623,"Never-taker",-3.5,45.0008809992903,41.5008809992903,"Failure: non-random eligibility",4352,0,0,45.0008809992903
290,12,0.173338631616615,-0.186711762049532,"Never-taker",-3.5,50.8713956435383,47.3713956435383,"Failure: non-random eligibility",2933,0,0,50.8713956435383
291,12,0.012917457868958,2.00084309366219,"Always-taker",-2,45.4664420100777,43.4664420100777,"Failure: non-random eligibility",2600,0,1,43.4664420100777
292,11,-0.649513592088185,-2.36321698524183,"Never-taker",-3.5,36.3107005295379,32.8107005295379,"Failure: non-random eligibility",348,1,0,36.3107005295379
293,9,-1.66351767771013,0.0250539849848609,"Never-taker",-3.5,37.1456226507469,33.6456226507469,"Failure: non-random eligibility",304,1,0,37.1456226507469
294,11,-0.635715510918823,-1.0127387768295,"Never-taker",-3.5,36.1092098744655,32.6092098744655,"Failure: non-random eligibility",2590,0,0,36.1092098744655
295,12,0.77704226781707,0.0350732245900168,"Never-taker",-3.5,44.9962546017191,41.4962546017191,"Failure: non-random eligibility",2740,0,0,44.9962546017191
296,14,-0.172924101705567,0.00509970479825975,"Never-taker",-3.5,40.9989277172888,37.4989277172888,"Failure: non-random eligibility",3310,0,0,40.9989277172888
297,12,0.283695337081238,0.813165574114167,"Complier",-5,51.3674426788904,46.3674426788904,"Failure: non-random eligibility",1317,1,1,46.3674426788904
298,16,0.384119494637012,-0.895758310812329,"Never-taker",-3.5,48.631887180319,45.131887180319,"Failure: non-random eligibility",2354,1,0,48.631887180319
299,12,0.502862502404383,0.837313216222623,"Complier",-5,41.6233400820322,36.6233400820322,"Failure: non-random eligibility",4278,0,0,41.6233400820322
300,13,0.835608915883504,1.12107516096566,"Complier",-5,53.64081123085,48.64081123085,"Failure: non-random eligibility",3779,0,0,53.64081123085
301,14,0.88807049925042,-0.167059626838902,"Never-taker",-3.5,41.9456789596705,38.4456789596705,"Failure: non-random eligibility",3034,0,0,41.9456789596705
302,14,0.64483485549676,0.299120521846351,"Complier",-5,47.1957527403607,42.1957527403607,"Failure: non-random eligibility",2177,1,1,42.1957527403607
303,16,2.54140169009464,-2.2201951130591,"Never-taker",-3.5,45.9598919918906,42.4598919918906,"Failure: non-random eligibility",4785,0,0,45.9598919918906
304,14,1.39894600056739,-1.22728215166955,"Never-taker",-3.5,46.0659227624512,42.5659227624512,"Failure: non-random eligibility",1540,1,0,46.0659227624512
305,11,-0.431464253701409,0.274526354427203,"Complier",-5,46.7950668704768,41.7950668704768,"Failure: non-random eligibility",3793,0,0,46.7950668704768
306,15,1.38017416655816,-0.028781433623728,"Never-taker",-3.5,54.0697467453313,50.5697467453313,"Failure: non-random eligibility",2197,1,0,54.0697467453313
307,14,0.897456155204733,2.05587410895864,"Always-taker",-2,50.7048548709462,48.7048548709462,"Failure: non-random eligibility",2656,0,1,48.7048548709462
308,9,-0.699504334640207,-0.398486818718626,"Never-taker",-3.5,30.0755603281375,26.5755603281375,"Failure: non-random eligibility",1929,1,0,30.0755603281375
309,9,-1.22948753745118,-1.02544216098394,"Never-taker",-3.5,35.9152435670912,32.4152435670912,"Failure: non-random eligibility",96,1,0,35.9152435670912
310,12,-0.375908279127133,-1.23708937056035,"Never-taker",-3.5,43.6931150013288,40.1931150013288,"Failure: non-random eligibility",3344,0,0,43.6931150013288
311,13,-0.140160998615139,-2.13629605029298,"Never-taker",-3.5,41.3542573796542,37.8542573796542,"Failure: non-random eligibility",1651,1,0,41.3542573796542
312,10,-1.07744344914433,-0.719597401871725,"Never-taker",-3.5,42.2792330019015,38.7792330019015,"Failure: non-random eligibility",2618,0,0,42.2792330019015
313,13,1.20326720205512,-0.799051816323568,"Never-taker",-3.5,50.678901342642,47.178901342642,"Failure: non-random eligibility",899,1,0,50.678901342642
314,13,-0.0312835159732502,1.13560242494369,"Complier",-5,49.7268010975766,44.7268010975766,"Failure: non-random eligibility",4224,0,0,49.7268010975766
315,13,0.223089846791517,0.701157310238063,"Complier",-5,40.9803927508579,35.9803927508579,"Failure: non-random eligibility",3389,0,0,40.9803927508579
316,13,-0.27472767610804,0.795729818287912,"Complier",-5,46.5643531097716,41.5643531097716,"Failure: non-random eligibility",2707,0,0,46.5643531097716
317,12,-0.569302867792659,0.242977694763533,"Complier",-5,49.8365352182798,44.8365352182798,"Failure: non-random eligibility",2844,0,0,49.8365352182798
318,15,1.5380761460476,-0.346858524380023,"Never-taker",-3.5,47.2414910922144,43.7414910922144,"Failure: non-random eligibility",1341,1,0,47.2414910922144
319,12,0.404681570499387,-0.424751273974837,"Never-taker",-3.5,44.0606833730162,40.5606833730162,"Failure: non-random eligibility",4992,0,0,44.0606833730162
320,12,-0.109547237075488,1.44325073263069,"Always-taker",-2,44.971713667245,42.971713667245,"Failure: non-random eligibility",3136,0,1,42.971713667245
321,13,0.479667671591954,1.97551500118815,"Always-taker",-2,47.4049343970898,45.4049343970898,"Failure: non-random eligibility",798,1,1,45.4049343970898
322,12,-0.992468281297856,0.262303514677345,"Complier",-5,46.2202448333866,41.2202448333866,"Failure: non-random eligibility",1987,1,1,41.2202448333866
323,16,1.23971458919063,-0.59728203943767,"Never-taker",-3.5,49.2025889444015,45.7025889444015,"Failure: non-random eligibility",3878,0,0,49.2025889444015
324,12,0.666409265154483,0.0768313144701029,"Never-taker",-3.5,48.3952047130224,44.8952047130224,"Failure: non-random eligibility",4461,0,0,48.3952047130224
325,11,-0.861220638800755,1.12270980289476,"Complier",-5,37.1802253684239,32.1802253684239,"Failure: non-random eligibility",2159,1,1,32.1802253684239
326,8,-2.06213225686884,-0.319649614033397,"Never-taker",-3.5,36.777788867823,33.277788867823,"Failure: non-random eligibility",123,1,0,36.777788867823
327,14,0.22857700511427,0.582334660988893,"Complier",-5,42.0693866225731,37.0693866225731,"Failure: non-random eligibility",592,1,1,37.0693866225731
328,13,-0.203989645883842,-0.175025793537664,"Never-taker",-3.5,50.8410350917266,47.3410350917266,"Failure: non-random eligibility",243,1,0,50.8410350917266
329,13,0.147324300142353,-0.720865173519038,"Never-taker",-3.5,46.8583031135702,43.3583031135702,"Failure: non-random eligibility",3997,0,0,46.8583031135702
330,11,-0.966180015473755,1.2873458324795,"Complier",-5,40.2258292068587,35.2258292068587,"Failure: non-random eligibility",1852,1,1,35.2258292068587
331,12,-1.26408322145307,1.30498247516069,"Always-taker",-2,46.3529619822225,44.3529619822225,"Failure: non-random eligibility",1447,1,1,44.3529619822225
332,12,0.413596129846739,-1.83175765215733,"Never-taker",-3.5,40.6171573198192,37.1171573198192,"Failure: non-random eligibility",2866,0,0,40.6171573198192
333,15,0.376612914758628,0.30239721996287,"Complier",-5,44.460419251055,39.460419251055,"Failure: non-random eligibility",587,1,1,39.460419251055
334,16,1.78774782452422,-0.951253576753422,"Never-taker",-3.5,55.5829351762944,52.0829351762944,"Failure: non-random eligibility",4589,0,0,55.5829351762944
335,12,-0.863843992289114,-0.0978613374336038,"Never-taker",-3.5,41.2436980107826,37.7436980107826,"Failure: non-random eligibility",1748,1,0,41.2436980107826
336,10,-1.33778068505126,0.601698382330017,"Complier",-5,42.3150307295256,37.3150307295256,"Failure: non-random eligibility",1271,1,1,37.3150307295256
337,13,-1.11424784243454,-1.11896445652098,"Never-taker",-3.5,39.0586692757713,35.5586692757713,"Failure: non-random eligibility",4020,0,0,39.0586692757713
338,11,0.730233470754383,0.419141789212887,"Complier",-5,47.4973595770534,42.4973595770534,"Failure: non-random eligibility",445,1,1,42.4973595770534
339,14,1.12304536956893,0.801861197927262,"Complier",-5,54.5023149519846,49.5023149519846,"Failure: non-random eligibility",2909,0,0,54.5023149519846
340,14,-0.331420501999987,0.3233533600031,"Complier",-5,46.6516453973246,41.6516453973246,"Failure: non-random eligibility",467,1,1,41.6516453973246
341,11,-0.933124290380998,0.73293685622645,"Complier",-5,41.7045668661851,36.7045668661851,"Failure: non-random eligibility",1089,1,1,36.7045668661851
342,12,0.397393240281721,-0.79374676985093,"Never-taker",-3.5,43.713124475137,40.213124475137,"Failure: non-random eligibility",378,1,0,43.713124475137
343,12,-0.421540754305775,0.970345524650506,"Complier",-5,45.9626096124523,40.9626096124523,"Failure: non-random eligibility",2008,1,1,40.9626096124523
344,10,-0.801225477835726,0.473823212299922,"Complier",-5,46.8376024894687,41.8376024894687,"Failure: non-random eligibility",227,1,1,41.8376024894687
345,16,-0.0529304074351438,-1.04300395903971,"Never-taker",-3.5,50.6188545407878,47.1188545407878,"Failure: non-random eligibility",3491,0,0,50.6188545407878
346,9,-1.33873364882221,-1.11418182754039,"Never-taker",-3.5,32.2658883994799,28.7658883994799,"Failure: non-random eligibility",691,1,0,32.2658883994799
347,17,2.27467124963646,1.24686933401567,"Complier",-5,59.2728557258509,54.2728557258509,"Failure: non-random eligibility",4234,0,0,59.2728557258509
348,12,-1.07086377955437,0.744375322171656,"Complier",-5,46.7989132351294,41.7989132351294,"Failure: non-random eligibility",1048,1,1,41.7989132351294
349,8,-1.11847282632953,0.364342921246301,"Complier",-5,38.9519544344438,33.9519544344438,"Failure: non-random eligibility",3559,0,0,38.9519544344438
350,10,-1.2156716725269,0.411962465754698,"Complier",-5,44.9229099560386,39.9229099560386,"Failure: non-random eligibility",871,1,1,39.9229099560386
351,11,-0.392174014659577,0.166978014546078,"Complier",-5,41.4246127653699,36.4246127653699,"Failure: non-random eligibility",609,1,1,36.4246127653699
352,11,-0.00873103736175732,-0.807353269248594,"Never-taker",-3.5,37.4972912352033,33.9972912352033,"Failure: non-random eligibility",2680,0,0,37.4972912352033
353,11,-0.764734476333757,-0.542685051254584,"Never-taker",-3.5,46.8083815203999,43.3083815203999,"Failure: non-random eligibility",1364,1,0,46.8083815203999
354,13,-0.247964720628442,-0.193988967486993,"Never-taker",-3.5,49.795151068587,46.295151068587,"Failure: non-random eligibility",2482,1,0,49.795151068587
355,12,0.439548860628936,-0.189912028754641,"Never-taker",-3.5,44.5835793377117,41.0835793377117,"Failure: non-random eligibility",4261,0,0,44.5835793377117
356,15,0.938083767232864,-0.603318653281741,"Never-taker",-3.5,49.5165572266634,46.0165572266634,"Failure: non-random eligibility",4307,0,0,49.5165572266634
357,12,0.474546058856663,0.785470372871662,"Complier",-5,46.776953466965,41.776953466965,"Failure: non-random eligibility",3741,0,0,46.776953466965
358,13,-0.410906058281486,1.03092183911355,"Complier",-5,44.4460459296276,39.4460459296276,"Failure: non-random eligibility",3686,0,0,44.4460459296276
359,14,0.412869147448298,1.05057981846257,"Complier",-5,48.0724982428595,43.0724982428595,"Failure: non-random eligibility",2066,1,1,43.0724982428595
360,13,0.878244980858957,0.958274932025334,"Complier",-5,45.9321280515526,40.9321280515526,"Failure: non-random eligibility",1780,1,1,40.9321280515526
361,13,-0.319834398703009,-1.24186345230988,"Never-taker",-3.5,44.9634314230508,41.4634314230508,"Failure: non-random eligibility",665,1,0,44.9634314230508
362,17,1.63086456088872,-0.339465915468653,"Never-taker",-3.5,50.2358603113202,46.7358603113202,"Failure: non-random eligibility",3146,0,0,50.2358603113202
363,11,-0.458443722399649,1.09708294583336,"Complier",-5,40.4007790544951,35.4007790544951,"Failure: non-random eligibility",291,1,1,35.4007790544951
364,11,-0.12455417118258,0.62464775254185,"Complier",-5,46.190235470934,41.190235470934,"Failure: non-random eligibility",2801,0,0,46.190235470934
365,12,-0.203501565422394,-1.00290895693747,"Never-taker",-3.5,45.2539422933636,41.7539422933636,"Failure: non-random eligibility",2405,1,0,45.2539422933636
366,13,-0.0433561256361205,-1.58924818255601,"Never-taker",-3.5,41.9638635614366,38.4638635614366,"Failure: non-random eligibility",2742,0,0,41.9638635614366
367,12,-0.226201384369866,-0.670447545185968,"Never-taker",-3.5,45.5962083860089,42.0962083860089,"Failure: non-random eligibility",2269,1,0,45.5962083860089
368,15,1.25846213924509,2.1441414242988,"Always-taker",-2,56.8623325433093,54.8623325433093,"Failure: non-random eligibility",4669,0,1,54.8623325433093
369,11,-1.18574147540169,0.418790666486312,"Complier",-5,43.1736823648813,38.1736823648813,"Failure: non-random eligibility",2613,0,0,43.1736823648813
370,11,-0.793976516296031,-0.34684959587347,"Never-taker",-3.5,43.1664550406089,39.6664550406089,"Failure: non-random eligibility",1035,1,0,43.1664550406089
371,13,-0.258031502849662,0.300560335968126,"Complier",-5,46.3565929311284,41.3565929311284,"Failure: non-random eligibility",1057,1,1,41.3565929311284
372,14,0.357414817733995,0.83528709196144,"Complier",-5,49.0487588537765,44.0487588537765,"Failure: non-random eligibility",1484,1,1,44.0487588537765
373,15,0.781447654062238,-0.113212423418491,"Never-taker",-3.5,43.2364156619787,39.7364156619787,"Failure: non-random eligibility",4416,0,0,43.2364156619787
374,11,-2.16037888997367,-1.09045585676153,"Never-taker",-3.5,38.2258306468432,34.7258306468432,"Failure: non-random eligibility",4324,0,0,38.2258306468432
375,11,0.220738263577933,0.613484271292546,"Complier",-5,38.1240944902318,33.1240944902318,"Failure: non-random eligibility",1963,1,1,33.1240944902318
376,14,0.675530802280969,0.281439199995903,"Complier",-5,53.2936499362132,48.2936499362132,"Failure: non-random eligibility",2763,0,0,53.2936499362132
377,11,-1.9616802240795,0.0928690735064908,"Never-taker",-3.5,37.9405377943153,34.4405377943153,"Failure: non-random eligibility",831,1,0,37.9405377943153
378,10,-1.48803868524867,1.37360585294212,"Always-taker",-2,40.0371727934386,38.0371727934386,"Failure: non-random eligibility",58,1,1,38.0371727934386
379,13,-0.332781887849046,-1.14545022976557,"Never-taker",-3.5,44.8488938011424,41.3488938011424,"Failure: non-random eligibility",2438,1,0,44.8488938011424
380,14,0.290705855663127,0.998195133442966,"Complier",-5,48.0375097325776,43.0375097325776,"Failure: non-random eligibility",3222,0,0,48.0375097325776
381,11,-0.183584915147078,0.692341164642079,"Complier",-5,41.639975464729,36.639975464729,"Failure: non-random eligibility",3694,0,0,41.639975464729
382,13,0.524075608587223,0.63684603678627,"Complier",-5,54.5830759121919,49.5830759121919,"Failure: non-random eligibility",3426,0,0,54.5830759121919
383,15,0.835726056225433,0.573258030928395,"Complier",-5,51.9377092467046,46.9377092467046,"Failure: non-random eligibility",4666,0,0,51.9377092467046
384,13,0.0980231620215148,0.87163218588666,"Complier",-5,52.4691525971085,47.4691525971085,"Failure: non-random eligibility",2552,0,0,52.4691525971085
385,13,-0.796752358982418,-1.88636228298407,"Never-taker",-3.5,39.4532485640808,35.9532485640808,"Failure: non-random eligibility",2321,1,0,39.4532485640808
386,10,-0.835978680518402,0.105778679698602,"Never-taker",-3.5,43.0083621204017,39.5083621204017,"Failure: non-random eligibility",769,1,0,43.0083621204017
387,12,-0.329460539671474,1.76211604925184,"Always-taker",-2,44.13216905888,42.13216905888,"Failure: non-random eligibility",3398,0,1,42.13216905888
388,11,-0.608603177172506,0.352338086332763,"Complier",-5,37.1631320135497,32.1631320135497,"Failure: non-random eligibility",2052,1,1,32.1631320135497
389,11,-0.378613264245058,0.134045912586606,"Complier",-5,50.0114011528017,45.0114011528017,"Failure: non-random eligibility",1585,1,1,45.0114011528017
390,14,1.42030063574543,0.516196140436796,"Complier",-5,48.5156848337856,43.5156848337856,"Failure: non-random eligibility",2209,1,1,43.5156848337856
391,14,0.297183305765714,-1.09101735376773,"Never-taker",-3.5,40.1724301905438,36.6724301905438,"Failure: non-random eligibility",4005,0,0,40.1724301905438
392,14,1.57040110842619,-1.24328146793066,"Never-taker",-3.5,47.9875275320799,44.4875275320799,"Failure: non-random eligibility",3249,0,0,47.9875275320799
393,16,1.42108261239401,0.13671125489743,"Complier",-5,51.1760695667903,46.1760695667903,"Failure: non-random eligibility",2765,0,0,51.1760695667903
394,12,0.339292416078871,0.261901795650728,"Complier",-5,47.5612841170137,42.5612841170137,"Failure: non-random eligibility",1612,1,1,42.5612841170137
395,14,0.588969499110361,0.821902745521842,"Complier",-5,47.0989820802442,42.0989820802442,"Failure: non-random eligibility",4757,0,0,47.0989820802442
396,14,1.12823736367923,0.0703802713984273,"Never-taker",-3.5,49.8316431461016,46.3316431461016,"Failure: non-random eligibility",4685,0,0,49.8316431461016
397,9,-1.13415769576016,1.09561284047148,"Complier",-5,34.1580712753282,29.1580712753282,"Failure: non-random eligibility",542,1,1,29.1580712753282
398,12,-0.416302512570356,1.35244658109174,"Always-taker",-2,53.4851047921434,51.4851047921434,"Failure: non-random eligibility",4694,0,1,51.4851047921434
399,12,0.0146750578477636,1.01961595677861,"Complier",-5,44.5924083167896,39.5924083167896,"Failure: non-random eligibility",4933,0,0,44.5924083167896
400,13,-1.45730073970157,0.767191037908158,"Complier",-5,41.5126974265999,36.5126974265999,"Failure: non-random eligibility",4058,0,0,41.5126974265999
401,15,0.380351967132327,1.25310335386639,"Complier",-5,48.1687683013784,43.1687683013784,"Failure: non-random eligibility",1714,1,1,43.1687683013784
402,10,-0.0841669232854911,1.28762415875041,"Complier",-5,47.9090768252305,42.9090768252305,"Failure: non-random eligibility",4704,0,0,47.9090768252305
403,12,0.0393970801728178,-1.48023355194975,"Never-taker",-3.5,44.63589424027,41.13589424027,"Failure: non-random eligibility",4481,0,0,44.63589424027
404,12,-1.40433929003021,0.367772043938089,"Complier",-5,40.1698124072864,35.1698124072864,"Failure: non-random eligibility",3553,0,0,40.1698124072864
405,13,0.958030556832969,-0.501886999418396,"Never-taker",-3.5,43.8311005867567,40.3311005867567,"Failure: non-random eligibility",1138,1,0,43.8311005867567
406,14,2.53963116342505,-0.585412442300116,"Never-taker",-3.5,53.5729956843411,50.0729956843411,"Failure: non-random eligibility",4114,0,0,53.5729956843411
407,14,0.521188281162351,0.723444655579072,"Complier",-5,48.944357003202,43.944357003202,"Failure: non-random eligibility",2602,0,0,48.944357003202
408,13,1.25459591689693,0.523325118044311,"Complier",-5,45.134896373665,40.134896373665,"Failure: non-random eligibility",4447,0,0,45.134896373665
409,11,-1.17159471606472,0.743000326124763,"Complier",-5,39.6188148378959,34.6188148378959,"Failure: non-random eligibility",4575,0,0,39.6188148378959
410,13,0.78848360230798,0.0666747558305344,"Never-taker",-3.5,49.4874628530176,45.9874628530176,"Failure: non-random eligibility",4501,0,0,49.4874628530176
411,14,0.146828381553044,1.35546514719695,"Always-taker",-2,48.6954555466337,46.6954555466337,"Failure: non-random eligibility",3560,0,1,46.6954555466337
412,11,0.249251778021319,1.02646524007514,"Complier",-5,41.5968364581795,36.5968364581795,"Failure: non-random eligibility",3505,0,0,41.5968364581795
413,10,-0.516628620595877,-0.0790414473075493,"Never-taker",-3.5,47.1680695474532,43.6680695474532,"Failure: non-random eligibility",621,1,0,47.1680695474532
414,13,0.581164469129251,1.19871452883874,"Complier",-5,53.7432414136089,48.7432414136089,"Failure: non-random eligibility",2627,0,0,53.7432414136089
415,14,0.0827451976753723,1.23768605381207,"Complier",-5,49.1277105927818,44.1277105927818,"Failure: non-random eligibility",536,1,1,44.1277105927818
416,14,0.280899350506088,2.55679188274747,"Always-taker",-2,52.8504946400623,50.8504946400623,"Failure: non-random eligibility",863,1,1,50.8504946400623
417,12,-1.18899093286414,1.06007233415772,"Complier",-5,43.1000264171907,38.1000264171907,"Failure: non-random eligibility",3695,0,0,43.1000264171907
418,12,-0.576609801897132,0.308075738155997,"Complier",-5,47.1809766420242,42.1809766420242,"Failure: non-random eligibility",1242,1,1,42.1809766420242
419,10,-1.75539885312353,-0.339556764731228,"Never-taker",-3.5,37.7013973005311,34.2013973005311,"Failure: non-random eligibility",4061,0,0,37.7013973005311
420,11,-0.972980947188159,-2.18234132005011,"Never-taker",-3.5,44.6855299188481,41.1855299188481,"Failure: non-random eligibility",655,1,0,44.6855299188481
421,13,-0.691680659164682,0.753255624491579,"Complier",-5,42.8324104208401,37.8324104208401,"Failure: non-random eligibility",507,1,1,37.8324104208401
422,14,0.379449840519808,-0.652771358215602,"Never-taker",-3.5,48.12765163389,44.62765163389,"Failure: non-random eligibility",2929,0,0,48.12765163389
423,14,0.930450560579161,1.86801578491186,"Always-taker",-2,50.2615320459943,48.2615320459943,"Failure: non-random eligibility",2790,0,1,48.2615320459943
424,13,1.00298148569656,0.152069193228451,"Complier",-5,48.7789292784533,43.7789292784533,"Failure: non-random eligibility",4220,0,0,48.7789292784533
425,12,0.970745783151502,1.02836616550751,"Complier",-5,49.5436297676641,44.5436297676641,"Failure: non-random eligibility",3952,0,0,49.5436297676641
426,12,-0.080668997459783,1.16067957738371,"Complier",-5,49.5240822241,44.5240822241,"Failure: non-random eligibility",3909,0,0,49.5240822241
427,14,1.35643585268337,0.653054276776483,"Complier",-5,54.7592005506302,49.7592005506302,"Failure: non-random eligibility",4659,0,0,54.7592005506302
428,13,-0.249117453087568,-1.14047134452956,"Never-taker",-3.5,41.7989292248538,38.2989292248538,"Failure: non-random eligibility",2368,1,0,41.7989292248538
429,12,-1.27581427756598,-3.13395098547759,"Never-taker",-3.5,36.861586575238,33.361586575238,"Failure: non-random eligibility",2212,1,0,36.861586575238
430,12,-0.293589026938351,-0.417583166105498,"Never-taker",-3.5,48.8149252958369,45.3149252958369,"Failure: non-random eligibility",267,1,0,48.8149252958369
431,13,0.375585471818257,0.298963676602322,"Complier",-5,50.3718913289264,45.3718913289264,"Failure: non-random eligibility",755,1,1,45.3718913289264
432,11,-1.12737299598336,-0.302064265098676,"Never-taker",-3.5,46.5446354986366,43.0446354986366,"Failure: non-random eligibility",2788,0,0,46.5446354986366
433,11,-0.672535669792436,1.72187649194432,"Always-taker",-2,44.5185587596688,42.5185587596688,"Failure: non-random eligibility",3629,0,1,42.5185587596688
434,11,-0.539353929593761,0.387442453218622,"Complier",-5,40.9924495163573,35.9924495163573,"Failure: non-random eligibility",2509,0,0,40.9924495163573
435,11,-0.434130869554327,-0.122346307700507,"Never-taker",-3.5,39.1352907777664,35.6352907777664,"Failure: non-random eligibility",4168,0,0,39.1352907777664
436,11,-0.828053286834605,-0.0579558968490629,"Never-taker",-3.5,39.0038024551791,35.5038024551791,"Failure: non-random eligibility",3471,0,0,39.0038024551791
437,10,-1.61617416696442,0.592890874948167,"Complier",-5,42.3170662235166,37.3170662235166,"Failure: non-random eligibility",2468,1,1,37.3170662235166
438,11,-1.15472683793221,-0.134233438006406,"Never-taker",-3.5,43.4159345635183,39.9159345635183,"Failure: non-random eligibility",3386,0,0,43.4159345635183
439,11,-0.101008922946977,-0.589216221229655,"Never-taker",-3.5,45.458073093818,41.958073093818,"Failure: non-random eligibility",2693,0,0,45.458073093818
440,15,0.937505748042339,0.516978683735108,"Complier",-5,60.1372675173434,55.1372675173434,"Failure: non-random eligibility",1551,1,1,55.1372675173434
441,12,-0.88133597312138,0.317760851456015,"Complier",-5,37.7830182623309,32.7830182623309,"Failure: non-random eligibility",1391,1,1,32.7830182623309
442,14,1.90380214893154,-0.879031321378055,"Never-taker",-3.5,48.5174676827129,45.0174676827129,"Failure: non-random eligibility",4952,0,0,48.5174676827129
443,13,0.346153225728718,-1.22276823688012,"Never-taker",-3.5,43.618949238373,40.118949238373,"Failure: non-random eligibility",4410,0,0,43.618949238373
444,9,-0.525071483104569,-0.169287133616285,"Never-taker",-3.5,38.6329178742678,35.1329178742678,"Failure: non-random eligibility",269,1,0,38.6329178742678
445,13,0.30750581840206,-1.07777825663214,"Never-taker",-3.5,46.8142486963627,43.3142486963627,"Failure: non-random eligibility",4502,0,0,46.8142486963627
446,14,0.737199222850635,0.206069919923173,"Complier",-5,53.6222278609523,48.6222278609523,"Failure: non-random eligibility",861,1,1,48.6222278609523
447,12,-0.522390402825232,-0.443376849753487,"Never-taker",-3.5,40.565184905312,37.065184905312,"Failure: non-random eligibility",1021,1,0,40.565184905312
448,10,-0.714730214849353,-1.7561336176623,"Never-taker",-3.5,35.67611694032,32.17611694032,"Failure: non-random eligibility",1003,1,0,35.67611694032
449,13,1.52357010788044,-0.198693781908801,"Never-taker",-3.5,49.1419792191105,45.6419792191105,"Failure: non-random eligibility",4043,0,0,49.1419792191105
450,11,-1.18874441591228,1.09094455281465,"Complier",-5,45.1757364082735,40.1757364082735,"Failure: non-random eligibility",594,1,1,40.1757364082735
451,12,-0.0331543286776691,-1.16367578816835,"Never-taker",-3.5,47.4161440892563,43.9161440892563,"Failure: non-random eligibility",1615,1,0,47.4161440892563
452,11,0.253318829883574,-0.0732274782783324,"Never-taker",-3.5,36.2192674831879,32.7192674831879,"Failure: non-random eligibility",3837,0,0,36.2192674831879
453,16,1.9612741414619,0.0246515942983953,"Never-taker",-3.5,54.4167992419713,50.9167992419713,"Failure: non-random eligibility",4948,0,0,54.4167992419713
454,10,-0.509948291238719,0.0142370402852997,"Never-taker",-3.5,45.1470999393707,41.6470999393707,"Failure: non-random eligibility",1180,1,0,45.1470999393707
455,14,0.654858401007183,0.135504787266923,"Complier",-5,48.9856305850127,43.9856305850127,"Failure: non-random eligibility",4981,0,0,48.9856305850127
456,9,-1.98681494411726,-1.36261586834296,"Never-taker",-3.5,33.7035740343867,30.2035740343867,"Failure: non-random eligibility",64,1,0,33.7035740343867
457,13,1.16104586040458,-0.239500220568413,"Never-taker",-3.5,49.1083062456299,45.6083062456299,"Failure: non-random eligibility",963,1,0,49.1083062456299
458,13,-0.831235043090824,0.864074878629895,"Complier",-5,45.3893194041676,40.3893194041676,"Failure: non-random eligibility",217,1,1,40.3893194041676
459,11,0.0440586347073581,-1.46272382181742,"Never-taker",-3.5,38.4821904304268,34.9821904304268,"Failure: non-random eligibility",4860,0,0,38.4821904304268
460,15,0.911705694061287,0.433858571478134,"Complier",-5,48.9557647980844,43.9557647980844,"Failure: non-random eligibility",4661,0,0,48.9557647980844
461,13,0.131325982441998,-1.5234433661954,"Never-taker",-3.5,34.9687010759084,31.4687010759084,"Failure: non-random eligibility",3277,0,0,34.9687010759084
462,10,-0.2980515070843,-0.488854968903981,"Never-taker",-3.5,42.5806835786048,39.0806835786048,"Failure: non-random eligibility",1573,1,0,42.5806835786048
463,12,-0.943257054300566,-0.195062293700062,"Never-taker",-3.5,50.5694919237241,47.0694919237241,"Failure: non-random eligibility",2554,0,0,50.5694919237241
464,12,-0.81818338321678,0.426257329017945,"Complier",-5,51.2042640237782,46.2042640237782,"Failure: non-random eligibility",2796,0,0,51.2042640237782
465,12,-0.805015011540632,0.236704247849536,"Complier",-5,44.5358260071543,39.5358260071543,"Failure: non-random eligibility",4944,0,0,44.5358260071543
466,14,0.749653888489945,-2.15211335997686,"Never-taker",-3.5,46.1252707435698,42.6252707435698,"Failure: non-random eligibility",257,1,0,46.1252707435698
467,12,0.0305851640310297,0.109940744998112,"Never-taker",-3.5,45.3677681628995,41.8677681628995,"Failure: non-random eligibility",2112,1,0,45.3677681628995
468,11,-0.390567815896743,-2.15057972249495,"Never-taker",-3.5,41.2076771315743,37.7076771315743,"Failure: non-random eligibility",2278,1,0,41.2076771315743
469,15,1.01545227084253,0.204193081934659,"Complier",-5,50.5452193830834,45.5452193830834,"Failure: non-random eligibility",4459,0,0,50.5452193830834
470,14,1.20109097109932,0.842257029729403,"Complier",-5,54.6401535291596,49.6401535291596,"Failure: non-random eligibility",4358,0,0,54.6401535291596
471,14,0.537549017893355,-0.28401816473248,"Never-taker",-3.5,49.7638003878885,46.2638003878885,"Failure: non-random eligibility",3869,0,0,49.7638003878885
472,14,0.630831938791557,0.713459283417635,"Complier",-5,49.2983685881467,44.2983685881467,"Failure: non-random eligibility",2839,0,0,49.2983685881467
473,11,-0.503551194518273,0.858008444640533,"Complier",-5,44.2474205384002,39.2474205384002,"Failure: non-random eligibility",3304,0,0,44.2474205384002
474,11,-0.493790974500797,-1.24861920697125,"Never-taker",-3.5,43.457105336548,39.957105336548,"Failure: non-random eligibility",3839,0,0,43.457105336548
475,12,-0.894298482005192,1.16848641132402,"Complier",-5,39.835909909362,34.835909909362,"Failure: non-random eligibility",493,1,1,34.835909909362
476,13,0.213126088139611,2.52275061282388,"Always-taker",-2,63.9800084250379,61.9800084250379,"Failure: non-random eligibility",1590,1,1,61.9800084250379
477,13,-0.523983670486164,-0.252202048043667,"Never-taker",-3.5,53.2722540996607,49.7722540996607,"Failure: non-random eligibility",2416,1,0,53.2722540996607
478,10,-1.51430874013382,-0.712781317555158,"Never-taker",-3.5,38.6748896362676,35.1748896362676,"Failure: non-random eligibility",1900,1,0,38.6748896362676
479,13,0.351123429497101,1.54927190392423,"Always-taker",-2,51.7108953243637,49.7108953243637,"Failure: non-random eligibility",4197,0,1,49.7108953243637
480,13,1.49887767047714,1.36661908282601,"Always-taker",-2,50.2400847432088,48.2400847432088,"Failure: non-random eligibility",3280,0,1,48.2400847432088
481,13,0.881104688950166,0.239861275419235,"Complier",-5,40.083294614566,35.083294614566,"Failure: non-random eligibility",454,1,1,35.083294614566
482,11,-0.222619207334841,-0.99100335507834,"Never-taker",-3.5,42.4591685387294,38.9591685387294,"Failure: non-random eligibility",3667,0,0,42.4591685387294
483,13,-1.46980285272033,0.986597564372191,"Complier",-5,41.979623940188,36.979623940188,"Failure: non-random eligibility",2721,0,0,41.979623940188
484,14,0.679171057394648,0.102191585621234,"Never-taker",-3.5,55.5087374481791,52.0087374481791,"Failure: non-random eligibility",2087,1,0,55.5087374481791
485,16,1.4101851660629,1.43584512653096,"Always-taker",-2,60.9590524596352,58.9590524596352,"Failure: non-random eligibility",4838,0,1,58.9590524596352
486,11,-1.53630957460623,0.0906411346875815,"Never-taker",-3.5,39.4577154571271,35.9577154571271,"Failure: non-random eligibility",3267,0,0,39.4577154571271
487,14,0.620330641253405,0.709586445869593,"Complier",-5,53.7277176676276,48.7277176676276,"Failure: non-random eligibility",2330,1,1,48.7277176676276
488,12,0.469870783361281,-0.095437385259461,"Never-taker",-3.5,48.8421829096461,45.3421829096461,"Failure: non-random eligibility",944,1,0,48.8421829096461
489,11,-1.38009736124693,1.32622566465761,"Always-taker",-2,37.1637954990051,35.1637954990051,"Failure: non-random eligibility",1299,1,1,35.1637954990051
490,11,-0.159856005833859,0.493899443345111,"Complier",-5,44.6822534093556,39.6822534093556,"Failure: non-random eligibility",2868,0,0,44.6822534093556
491,11,-2.23130190113457,-1.27209327629246,"Never-taker",-3.5,32.9215341312208,29.4215341312208,"Failure: non-random eligibility",3826,0,0,32.9215341312208
492,12,0.27662468938795,-0.283644861856195,"Never-taker",-3.5,43.8015831038669,40.3015831038669,"Failure: non-random eligibility",4270,0,0,43.8015831038669
493,13,0.948425456882869,1.13979171558123,"Complier",-5,53.3967250240946,48.3967250240946,"Failure: non-random eligibility",2223,1,1,48.3967250240946
494,12,-0.0508595220181967,0.0801888079423786,"Never-taker",-3.5,40.6043069504709,37.1043069504709,"Failure: non-random eligibility",720,1,0,40.6043069504709
495,13,0.107388411684714,0.000975295871588126,"Never-taker",-3.5,51.0384704815377,47.5384704815377,"Failure: non-random eligibility",2784,0,0,51.0384704815377
496,11,-1.40174843101935,0.386401265272851,"Complier",-5,45.1136836609259,40.1136836609259,"Failure: non-random eligibility",950,1,1,40.1136836609259
497,16,0.656835210859374,-0.546122426585156,"Never-taker",-3.5,43.141232901656,39.641232901656,"Failure: non-random eligibility",3829,0,0,43.141232901656
498,13,-0.492106979493054,0.204708379768208,"Complier",-5,48.3287521215135,43.3287521215135,"Failure: non-random eligibility",2226,1,1,43.3287521215135
499,14,0.64313327088718,0.0896314604432406,"Never-taker",-3.5,44.3335048722169,40.8335048722169,"Failure: non-random eligibility",1477,1,0,44.3335048722169
500,17,1.46538469605886,-0.480416362218639,"Never-taker",-3.5,47.6909536253892,44.1909536253892,"Failure: non-random eligibility",4499,0,0,47.6909536253892
501,9,-1.12987386561211,-0.15295438558213,"Never-taker",-3.5,33.0193377624355,29.5193377624355,"Failure: non-random eligibility",747,1,0,33.0193377624355
502,11,-1.10282181943911,0.380574052392022,"Complier",-5,35.8960925182547,30.8960925182547,"Failure: non-random eligibility",1070,1,1,30.8960925182547
503,13,1.45903138123924,-0.83876252980069,"Never-taker",-3.5,47.9424743252879,44.4424743252879,"Failure: non-random eligibility",4591,0,0,47.9424743252879
504,15,1.99823589525067,0.164410335205656,"Complier",-5,47.5727352042556,42.5727352042556,"Failure: non-random eligibility",3253,0,0,47.5727352042556
505,11,-0.468269760835667,-0.123938729470276,"Never-taker",-3.5,44.3120090531771,40.8120090531771,"Failure: non-random eligibility",3292,0,0,44.3120090531771
506,12,0.738309787903153,-0.100998914716158,"Never-taker",-3.5,47.9135126402883,44.4135126402883,"Failure: non-random eligibility",2924,0,0,47.9135126402883
507,11,-1.21954865455148,-0.359186704974124,"Never-taker",-3.5,44.8142627084422,41.3142627084422,"Failure: non-random eligibility",338,1,0,44.8142627084422
508,13,1.53031600752166,1.18032833000784,"Complier",-5,48.671563922909,43.671563922909,"Failure: non-random eligibility",4422,0,0,48.671563922909
509,14,0.0567653124219495,-2.3488926140794,"Never-taker",-3.5,41.7697411258684,38.2697411258684,"Failure: non-random eligibility",1743,1,0,41.7697411258684
510,13,-0.298630964054989,2.12050100019482,"Always-taker",-2,48.7848353200101,46.7848353200101,"Failure: non-random eligibility",3174,0,1,46.7848353200101
511,12,0.439603857553353,-0.437226992004856,"Never-taker",-3.5,49.3990564127646,45.8990564127646,"Failure: non-random eligibility",2521,0,0,49.3990564127646
512,14,-0.00353792513125107,-0.792387296370243,"Never-taker",-3.5,51.9868527644511,48.4868527644511,"Failure: non-random eligibility",2443,1,0,51.9868527644511
513,15,0.674313820118761,1.79415460601849,"Always-taker",-2,51.992311553397,49.992311553397,"Failure: non-random eligibility",3618,0,1,49.992311553397
514,12,0.308780354546178,-0.864698202360463,"Never-taker",-3.5,46.9365511866788,43.4365511866788,"Failure: non-random eligibility",2726,0,0,46.9365511866788
515,11,0.330442758619482,0.106537299469259,"Never-taker",-3.5,50.657995291662,47.157995291662,"Failure: non-random eligibility",3439,0,0,50.657995291662
516,14,0.757219350154484,1.1324001867792,"Complier",-5,50.1688331557773,45.1688331557773,"Failure: non-random eligibility",3165,0,0,50.1688331557773
517,10,-0.917000493910128,0.115343217823035,"Never-taker",-3.5,47.7292201483259,44.2292201483259,"Failure: non-random eligibility",522,1,0,47.7292201483259
518,11,-1.83423231811806,-0.440151924560505,"Never-taker",-3.5,37.9466324854296,34.4466324854296,"Failure: non-random eligibility",294,1,0,37.9466324854296
519,9,-1.57578216183669,1.24434085663766,"Complier",-5,38.5530044364494,33.5530044364494,"Failure: non-random eligibility",35,1,1,33.5530044364494
520,13,1.29682197189338,1.12557139304244,"Complier",-5,53.4845051566093,48.4845051566093,"Failure: non-random eligibility",2483,1,1,48.4845051566093
521,15,1.27724128277387,1.10194131228679,"Complier",-5,52.489418515305,47.489418515305,"Failure: non-random eligibility",3430,0,0,52.489418515305
522,11,0.440880839693967,-0.582360361187411,"Never-taker",-3.5,43.2835969749758,39.7835969749758,"Failure: non-random eligibility",1090,1,0,43.2835969749758
523,12,0.231092224372951,-0.730630191835996,"Never-taker",-3.5,44.7142196029633,41.2142196029633,"Failure: non-random eligibility",3317,0,0,44.7142196029633
524,15,2.04876791544216,-0.400329789916485,"Never-taker",-3.5,52.8190849264707,49.3190849264707,"Failure: non-random eligibility",4342,0,0,52.8190849264707
525,15,1.24790126503187,-1.20826811478089,"Never-taker",-3.5,42.8845018460519,39.3845018460519,"Failure: non-random eligibility",4862,0,0,42.8845018460519
526,14,0.383348261121988,1.0526922484053,"Complier",-5,42.5876897480156,37.5876897480156,"Failure: non-random eligibility",1718,1,1,37.5876897480156
527,12,0.231289574097476,0.641302681732559,"Complier",-5,47.2628298330111,42.2628298330111,"Failure: non-random eligibility",2411,1,1,42.2628298330111
528,11,-0.788950661459706,1.37139783509948,"Always-taker",-2,42.0142039788174,40.0142039788174,"Failure: non-random eligibility",1376,1,1,40.0142039788174
529,12,-0.0340571106451445,-1.31747497600345,"Never-taker",-3.5,40.9022904468966,37.4022904468966,"Failure: non-random eligibility",3712,0,0,40.9022904468966
530,13,-0.501910387232097,-1.38436664097606,"Never-taker",-3.5,46.2878956556512,42.7878956556512,"Failure: non-random eligibility",3562,0,0,46.2878956556512
531,12,-0.900631314260402,1.20587590193128,"Complier",-5,43.5357994377334,38.5357994377334,"Failure: non-random eligibility",855,1,1,38.5357994377334
532,12,-0.814889012491899,-1.57997928264446,"Never-taker",-3.5,44.472223602025,40.972223602025,"Failure: non-random eligibility",476,1,0,44.472223602025
533,13,-0.426035523101991,0.349551179410709,"Complier",-5,46.1279462473915,41.1279462473915,"Failure: non-random eligibility",1442,1,1,41.1279462473915
534,15,1.13809065908727,0.561539659406851,"Complier",-5,51.9467875258133,46.9467875258133,"Failure: non-random eligibility",4718,0,0,51.9467875258133
535,12,-0.58322350865505,0.440974168713101,"Complier",-5,42.0374226178471,37.0374226178471,"Failure: non-random eligibility",120,1,1,37.0374226178471
536,11,-1.06370471846572,-0.0790524170638481,"Never-taker",-3.5,48.2704151560118,44.7704151560118,"Failure: non-random eligibility",3071,0,0,48.2704151560118
537,11,-0.318096314463835,-0.325032473857601,"Never-taker",-3.5,45.9179004827405,42.4179004827405,"Failure: non-random eligibility",3943,0,0,45.9179004827405
538,13,0.539142847498152,1.45885240363895,"Always-taker",-2,52.0771673648015,50.0771673648015,"Failure: non-random eligibility",1192,1,1,50.0771673648015
539,14,0.786424256479835,-0.81381598296422,"Never-taker",-3.5,53.6390600648747,50.1390600648747,"Failure: non-random eligibility",2062,1,0,53.6390600648747
540,15,1.41879030036709,-1.72718851852836,"Never-taker",-3.5,47.2782932383953,43.7782932383953,"Failure: non-random eligibility",2238,1,0,47.2782932383953
541,10,-1.13333425036925,-3.39985576305309,"Never-taker",-3.5,32.7305714840727,29.2305714840727,"Failure: non-random eligibility",1608,1,0,32.7305714840727
542,15,1.31422935672005,-0.448667552266148,"Never-taker",-3.5,57.2083686945654,53.7083686945654,"Failure: non-random eligibility",3594,0,0,57.2083686945654
543,9,-1.94613433891236,-0.589268565034055,"Never-taker",-3.5,40.1047144408853,36.6047144408853,"Failure: non-random eligibility",3572,0,0,40.1047144408853
544,11,-0.849713495165435,-0.864170106121796,"Never-taker",-3.5,38.1204049852245,34.6204049852245,"Failure: non-random eligibility",440,1,0,38.1204049852245
545,10,-1.91842275205319,-0.0148844137318378,"Never-taker",-3.5,38.0762317687572,34.5762317687572,"Failure: non-random eligibility",1452,1,0,38.0762317687572
546,15,0.471803508955659,-0.430375168124786,"Never-taker",-3.5,56.1467867685697,52.6467867685697,"Failure: non-random eligibility",4105,0,0,56.1467867685697
547,12,0.647802897903365,0.540704147592853,"Complier",-5,58.0991098162016,53.0991098162016,"Failure: non-random eligibility",2192,1,1,53.0991098162016
548,13,-0.0370027608139842,-0.740313047615356,"Never-taker",-3.5,51.5759593774762,48.0759593774762,"Failure: non-random eligibility",1823,1,0,51.5759593774762
549,14,0.323952011649183,0.174333021682425,"Complier",-5,50.0925323043025,45.0925323043025,"Failure: non-random eligibility",2735,0,0,50.0925323043025
550,13,1.05631705267628,-1.04531711734729,"Never-taker",-3.5,50.9478502274454,47.4478502274454,"Failure: non-random eligibility",998,1,0,50.9478502274454
551,13,0.504223595656521,-0.211915504330093,"Never-taker",-3.5,51.2577221014146,47.7577221014146,"Failure: non-random eligibility",4268,0,0,51.2577221014146
552,15,1.18162748600372,0.206703180542106,"Complier",-5,51.5994061129256,46.5994061129256,"Failure: non-random eligibility",4826,0,0,51.5994061129256
553,14,0.573848850656115,-0.538714560332489,"Never-taker",-3.5,46.2986927084405,42.7986927084405,"Failure: non-random eligibility",1490,1,0,46.2986927084405
554,12,-0.526618309432388,-0.234910408150424,"Never-taker",-3.5,39.6537348950386,36.1537348950386,"Failure: non-random eligibility",3543,0,0,39.6537348950386
555,13,-0.116522845409062,-0.0101985274599535,"Never-taker",-3.5,43.2102304435628,39.7102304435628,"Failure: non-random eligibility",4415,0,0,43.2102304435628
556,12,0.318507552131267,-0.291597045816966,"Never-taker",-3.5,48.180147816158,44.680147816158,"Failure: non-random eligibility",3300,0,0,48.180147816158
557,14,0.519275448255079,1.27396429197099,"Complier",-5,49.4434965440617,44.4434965440617,"Failure: non-random eligibility",3645,0,0,49.4434965440617
558,14,1.04727590402411,-0.825885379852419,"Never-taker",-3.5,41.3460459695715,37.8460459695715,"Failure: non-random eligibility",4791,0,0,41.3460459695715
559,12,-0.657248161448009,1.15469507654202,"Complier",-5,46.2411409796913,41.2411409796913,"Failure: non-random eligibility",2262,1,1,41.2411409796913
560,11,-1.27839987738082,0.133251209335965,"Complier",-5,41.5408081757528,36.5408081757528,"Failure: non-random eligibility",1000,1,1,36.5408081757528
561,12,0.0897659118326038,-0.120807456686177,"Never-taker",-3.5,39.0500732840876,35.5500732840876,"Failure: non-random eligibility",4706,0,0,39.0500732840876
562,13,0.834557067898919,0.0210887137622369,"Never-taker",-3.5,46.951069875313,43.451069875313,"Failure: non-random eligibility",2816,0,0,46.951069875313
563,14,-0.0178826509657911,1.74968808007128,"Always-taker",-2,45.6449836482764,43.6449836482764,"Failure: non-random eligibility",1160,1,1,43.6449836482764
564,10,-0.684554571404476,-0.359785208920505,"Never-taker",-3.5,32.9411511703046,29.4411511703046,"Failure: non-random eligibility",26,1,0,32.9411511703046
565,10,-0.736448750814285,1.22533820017067,"Complier",-5,37.9118753705209,32.9118753705209,"Failure: non-random eligibility",2828,0,0,37.9118753705209
566,13,0.429032686500569,-0.0971146060983792,"Never-taker",-3.5,46.3895623691136,42.8895623691136,"Failure: non-random eligibility",4338,0,0,46.3895623691136
567,14,1.23299659463264,1.30606253757312,"Always-taker",-2,61.0151543064618,59.0151543064618,"Failure: non-random eligibility",4945,0,1,59.0151543064618
568,13,-0.0958755970329755,0.587873459501374,"Complier",-5,45.5120696995922,40.5120696995922,"Failure: non-random eligibility",1872,1,1,40.5120696995922
569,15,1.15645031552477,-1.0199496895628,"Never-taker",-3.5,48.1634948125976,44.6634948125976,"Failure: non-random eligibility",3581,0,0,48.1634948125976
570,12,-0.308204994747522,0.337754762831736,"Complier",-5,47.8208372547046,42.8208372547046,"Failure: non-random eligibility",474,1,1,42.8208372547046
571,15,-0.288636240892037,-0.137523146414945,"Never-taker",-3.5,45.7576802372049,42.2576802372049,"Failure: non-random eligibility",3856,0,0,45.7576802372049
572,12,-1.02027854708425,1.42803897936291,"Always-taker",-2,40.0658520405032,38.0658520405032,"Failure: non-random eligibility",1024,1,1,38.0658520405032
573,13,-0.979957401370317,-0.440269570678165,"Never-taker",-3.5,52.0170113567229,48.5170113567229,"Failure: non-random eligibility",311,1,0,52.0170113567229
574,11,-1.12518568620529,-1.88106577665631,"Never-taker",-3.5,44.2751684280261,40.7751684280261,"Failure: non-random eligibility",1546,1,0,44.2751684280261
575,10,-1.17017611961105,-0.414497450063604,"Never-taker",-3.5,37.4924739143597,33.9924739143597,"Failure: non-random eligibility",1497,1,0,37.4924739143597
576,12,-1.0212875964201,0.823686682334553,"Complier",-5,45.3531009273693,40.3531009273693,"Failure: non-random eligibility",4865,0,0,45.3531009273693
577,13,-0.597349533088911,-1.96611947395959,"Never-taker",-3.5,35.2320962193583,31.7320962193583,"Failure: non-random eligibility",165,1,0,35.2320962193583
578,10,-1.86648425837896,0.719181472390523,"Complier",-5,40.0931481913588,35.0931481913588,"Failure: non-random eligibility",1324,1,1,35.0931481913588
579,13,0.168127545776247,0.424960583963587,"Complier",-5,48.8190808190121,43.8190808190121,"Failure: non-random eligibility",2007,1,1,43.8190808190121
580,15,0.762102584924783,0.343399363500351,"Complier",-5,54.290971306198,49.290971306198,"Failure: non-random eligibility",3132,0,0,54.290971306198
581,13,0.0160329031783832,-1.7584233161695,"Never-taker",-3.5,44.7053857247942,41.2053857247942,"Failure: non-random eligibility",2326,1,0,44.7053857247942
582,13,-0.885080833998943,0.650298236601823,"Complier",-5,46.2517475279035,41.2517475279035,"Failure: non-random eligibility",1187,1,1,41.2517475279035
583,14,0.145239316285747,0.252689011083847,"Complier",-5,51.5397735782664,46.5397735782664,"Failure: non-random eligibility",2637,0,0,51.5397735782664
584,12,-0.70649903066309,-0.552831068586959,"Never-taker",-3.5,43.6889995154535,40.1889995154535,"Failure: non-random eligibility",1492,1,0,43.6889995154535
585,12,-0.655996691780507,0.291052781325052,"Complier",-5,43.7388744683342,38.7388744683342,"Failure: non-random eligibility",2224,1,1,38.7388744683342
586,12,0.65492310972769,-0.399382231701298,"Never-taker",-3.5,48.9638513828903,45.4638513828903,"Failure: non-random eligibility",2822,0,0,48.9638513828903
587,13,-0.538115327195261,1.5833805534509,"Always-taker",-2,55.7264648251401,53.7264648251401,"Failure: non-random eligibility",1068,1,1,53.7264648251401
588,15,0.564300658394837,-0.766235163234335,"Never-taker",-3.5,48.5072025643034,45.0072025643034,"Failure: non-random eligibility",1967,1,0,48.5072025643034
589,15,1.85553636318784,0.209369134728255,"Complier",-5,54.1930790466275,49.1930790466275,"Failure: non-random eligibility",3037,0,0,54.1930790466275
590,14,0.768363511281715,1.25333339586786,"Complier",-5,49.4035654763453,44.4035654763453,"Failure: non-random eligibility",3549,0,0,49.4035654763453
591,11,-1.12987885054294,0.0244191071940312,"Never-taker",-3.5,42.6168700433845,39.1168700433845,"Failure: non-random eligibility",2059,1,0,42.6168700433845
592,13,0.69755581127583,0.375316744068377,"Complier",-5,47.0153832672579,42.0153832672579,"Failure: non-random eligibility",4526,0,0,47.0153832672579
593,9,-2.50586850796913,1.27595684545962,"Complier",-5,36.4881306883463,31.4881306883463,"Failure: non-random eligibility",268,1,1,31.4881306883463
594,14,1.62645662631539,-0.096312756420449,"Never-taker",-3.5,50.358663907988,46.858663907988,"Failure: non-random eligibility",4997,0,0,50.358663907988
595,13,0.287731104101125,-0.119478170175309,"Never-taker",-3.5,45.4077747550011,41.9077747550011,"Failure: non-random eligibility",3093,0,0,45.4077747550011
596,13,0.626819794221782,-1.30809008307851,"Never-taker",-3.5,47.5722449271282,44.0722449271282,"Failure: non-random eligibility",2563,0,0,47.5722449271282
597,11,-1.65021715051137,-0.650786592055787,"Never-taker",-3.5,40.2461365067513,36.7461365067513,"Failure: non-random eligibility",3005,0,0,40.2461365067513
598,15,0.71680934865404,1.02006103166665,"Complier",-5,51.7730491328386,46.7730491328386,"Failure: non-random eligibility",4464,0,0,51.7730491328386
599,14,0.492964766887847,-0.432280360441414,"Never-taker",-3.5,51.3046428758739,47.8046428758739,"Failure: non-random eligibility",4280,0,0,51.3046428758739
600,12,-1.76264462882412,-0.388140759506333,"Never-taker",-3.5,40.8760562287152,37.3760562287152,"Failure: non-random eligibility",611,1,0,40.8760562287152
601,11,-0.227190192677886,-0.872949401808927,"Never-taker",-3.5,42.6805407598796,39.1805407598796,"Failure: non-random eligibility",4081,0,0,42.6805407598796
602,10,-1.76956863149908,0.67056083169033,"Complier",-5,39.475675941805,34.475675941805,"Failure: non-random eligibility",906,1,1,34.475675941805
603,13,0.390723247629324,-1.78577352579658,"Never-taker",-3.5,37.1521236516687,33.6521236516687,"Failure: non-random eligibility",2080,1,0,37.1521236516687
604,12,-0.0422290038208752,1.84141331729395,"Always-taker",-2,45.399799036754,43.399799036754,"Failure: non-random eligibility",4376,0,1,43.399799036754
605,9,-1.42975300571248,-0.491377992635199,"Never-taker",-3.5,44.3328099915221,40.8328099915221,"Failure: non-random eligibility",1080,1,0,44.3328099915221
606,14,-0.0989886781263357,-2.25936892943936,"Never-taker",-3.5,49.5145063007272,46.0145063007272,"Failure: non-random eligibility",2578,0,0,49.5145063007272
607,11,-0.46093794705663,-1.54179980511436,"Never-taker",-3.5,38.1395670649643,34.6395670649643,"Failure: non-random eligibility",456,1,0,38.1395670649643
608,13,1.03613069111329,0.595258796297849,"Complier",-5,53.3888847779247,48.3888847779247,"Failure: non-random eligibility",2539,0,0,53.3888847779247
609,10,-0.922528568133421,-0.464721801131242,"Never-taker",-3.5,40.1044494589879,36.6044494589879,"Failure: non-random eligibility",633,1,0,40.1044494589879
610,12,-1.35075730672973,-0.520859233553217,"Never-taker",-3.5,35.265040337392,31.765040337392,"Failure: non-random eligibility",14,1,0,35.265040337392
611,13,0.260063682757248,0.220075783390755,"Complier",-5,49.0047076422222,44.0047076422222,"Failure: non-random eligibility",884,1,1,44.0047076422222
612,13,0.614269970875353,0.226532521454062,"Complier",-5,45.214277395715,40.214277395715,"Failure: non-random eligibility",3836,0,0,45.214277395715
613,13,0.148404699202851,-0.904251737594247,"Never-taker",-3.5,40.8324342204109,37.3324342204109,"Failure: non-random eligibility",2882,0,0,40.8324342204109
614,16,1.75960899432331,0.68540536230323,"Complier",-5,57.8280545362158,52.8280545362158,"Failure: non-random eligibility",3431,0,0,57.8280545362158
615,14,1.14601605052247,0.459154342859421,"Complier",-5,42.0850798920487,37.0850798920487,"Failure: non-random eligibility",4241,0,0,42.0850798920487
616,15,1.69944510852875,0.627127937578559,"Complier",-5,50.7876506047765,45.7876506047765,"Failure: non-random eligibility",3711,0,0,50.7876506047765
617,13,0.250167426430564,-0.224365080296983,"Never-taker",-3.5,46.9082657065258,43.4082657065258,"Failure: non-random eligibility",4244,0,0,46.9082657065258
618,11,-2.90525805867928,-0.838594521383506,"Never-taker",-3.5,39.1038239094465,35.6038239094465,"Failure: non-random eligibility",57,1,0,39.1038239094465
619,12,-0.700521578194641,1.75937918679147,"Always-taker",-2,49.4063722589019,47.4063722589019,"Failure: non-random eligibility",1416,1,1,47.4063722589019
620,15,0.712541078686595,0.324736291708827,"Complier",-5,55.8881200793013,50.8881200793013,"Failure: non-random eligibility",1995,1,1,50.8881200793013
621,9,-1.27435704622639,0.0751451684552659,"Never-taker",-3.5,36.0328067576224,32.5328067576224,"Failure: non-random eligibility",1047,1,0,36.0328067576224
622,11,0.238603255685322,-0.349699027304195,"Never-taker",-3.5,40.8843064186015,37.3843064186015,"Failure: non-random eligibility",4195,0,0,40.8843064186015
623,13,0.221786280097489,1.53261190870669,"Always-taker",-2,50.1491967404387,48.1491967404387,"Failure: non-random eligibility",2930,0,1,48.1491967404387
624,14,0.142650727876746,1.99164815758853,"Always-taker",-2,45.8307923547655,43.8307923547655,"Failure: non-random eligibility",2647,0,1,43.8307923547655
625,12,-0.554121299172493,-0.732681138936997,"Never-taker",-3.5,43.2858961060022,39.7858961060022,"Failure: non-random eligibility",3437,0,0,43.2858961060022
626,10,-1.30800086433919,1.24308156470868,"Complier",-5,45.5802663038385,40.5802663038385,"Failure: non-random eligibility",1792,1,1,40.5802663038385
627,13,0.80082283943371,-0.190409882498258,"Never-taker",-3.5,49.084309483308,45.584309483308,"Failure: non-random eligibility",2595,0,0,49.084309483308
628,10,-1.06301222243993,-0.357150211531763,"Never-taker",-3.5,42.5382576415981,39.0382576415981,"Failure: non-random eligibility",3444,0,0,42.5382576415981
629,12,0.0944005463374656,0.350820569332512,"Complier",-5,48.8072596619536,43.8072596619536,"Failure: non-random eligibility",2363,1,1,43.8072596619536
630,15,0.537449965960722,-0.183674425589698,"Never-taker",-3.5,48.8334783551959,45.3334783551959,"Failure: non-random eligibility",4185,0,0,48.8334783551959
631,10,-1.60812477516098,1.3212208685561,"Always-taker",-2,38.5662024531695,36.5662024531695,"Failure: non-random eligibility",3361,0,1,36.5662024531695
632,14,0.278765953018367,-0.644748259923032,"Never-taker",-3.5,49.2359149198637,45.7359149198637,"Failure: non-random eligibility",2535,0,0,49.2359149198637
633,14,0.395555472099776,0.585301505863574,"Complier",-5,43.2381428101476,38.2381428101476,"Failure: non-random eligibility",3801,0,0,43.2381428101476
634,13,0.727705464717952,1.30020588824216,"Complier",-5,48.5101657639356,43.5101657639356,"Failure: non-random eligibility",1188,1,1,43.5101657639356
635,11,-0.268795597297219,-0.10095344581401,"Never-taker",-3.5,40.0797092191044,36.5797092191044,"Failure: non-random eligibility",1030,1,0,40.0797092191044
636,13,-0.251848487310043,-0.219302320341707,"Never-taker",-3.5,47.5779917925899,44.0779917925899,"Failure: non-random eligibility",1633,1,0,47.5779917925899
637,15,2.25083637168038,-0.943288363095947,"Never-taker",-3.5,56.3380287351077,52.8380287351077,"Failure: non-random eligibility",4022,0,0,56.3380287351077
638,15,0.315061402027599,0.368930732874955,"Complier",-5,45.1870401225511,40.1870401225511,"Failure: non-random eligibility",3054,0,0,45.1870401225511
639,13,-0.475648306927493,1.39234799406634,"Always-taker",-2,46.7774742392042,44.7774742392042,"Failure: non-random eligibility",2958,0,1,44.7774742392042
640,13,-0.126468048690362,-0.760746546426512,"Never-taker",-3.5,41.1919724421611,37.6919724421611,"Failure: non-random eligibility",3234,0,0,41.1919724421611
641,13,-0.116118630311735,-0.0788264451581008,"Never-taker",-3.5,53.653255194397,50.153255194397,"Failure: non-random eligibility",953,1,0,53.653255194397
642,12,0.953816074318361,-0.332082722311754,"Never-taker",-3.5,52.7322003281908,49.2322003281908,"Failure: non-random eligibility",2769,0,0,52.7322003281908
643,11,-1.13746913888659,-0.778431790810292,"Never-taker",-3.5,40.0843779025895,36.5843779025895,"Failure: non-random eligibility",3169,0,0,40.0843779025895
644,11,0.21203380487279,0.535130035899449,"Complier",-5,40.7282278718638,35.7282278718638,"Failure: non-random eligibility",837,1,1,35.7282278718638
645,10,-1.37318861882792,-1.2321423963421,"Never-taker",-3.5,36.6123352950839,33.1123352950839,"Failure: non-random eligibility",1869,1,0,36.6123352950839
646,12,0.835949839280469,0.988702445763569,"Complier",-5,49.0238443220386,44.0238443220386,"Failure: non-random eligibility",2688,0,0,49.0238443220386
647,12,-0.67396369057067,-0.180901608094379,"Never-taker",-3.5,37.5955178663561,34.0955178663561,"Failure: non-random eligibility",3479,0,0,37.5955178663561
648,15,1.21971057055421,0.38262493602394,"Complier",-5,57.2551810997441,52.2551810997441,"Failure: non-random eligibility",3638,0,0,57.2551810997441
649,14,0.601873691588136,0.485386386360883,"Complier",-5,53.4098596878162,48.4098596878162,"Failure: non-random eligibility",3855,0,0,53.4098596878162
650,12,-1.99804142578264,-1.60534233351338,"Never-taker",-3.5,32.4498887309462,28.9498887309462,"Failure: non-random eligibility",2051,1,0,32.4498887309462
651,13,1.08335446632053,1.91100252701232,"Always-taker",-2,51.0840953960122,49.0840953960122,"Failure: non-random eligibility",4724,0,1,49.0840953960122
652,11,-0.754775802637356,0.147123993898677,"Complier",-5,43.3766839424916,38.3766839424916,"Failure: non-random eligibility",20,1,1,38.3766839424916
653,12,-1.01069071978184,-0.0961510015912768,"Never-taker",-3.5,43.8657085598137,40.3657085598137,"Failure: non-random eligibility",972,1,0,43.8657085598137
654,15,1.99235263554248,-1.74186286979134,"Never-taker",-3.5,48.6568959921394,45.1568959921394,"Failure: non-random eligibility",4650,0,0,48.6568959921394
655,11,-1.58551305656317,-0.981344085747669,"Never-taker",-3.5,37.9690564603506,34.4690564603506,"Failure: non-random eligibility",926,1,0,37.9690564603506
656,10,-1.19579493647352,0.700740564603262,"Complier",-5,40.1399871414866,35.1399871414866,"Failure: non-random eligibility",4940,0,0,40.1399871414866
657,12,0.36563344895981,-0.124419994165467,"Never-taker",-3.5,42.2341925248687,38.7341925248687,"Failure: non-random eligibility",4432,0,0,42.2341925248687
658,12,-1.37811462679381,1.45708269437089,"Always-taker",-2,47.6185257049015,45.6185257049015,"Failure: non-random eligibility",2347,1,1,45.6185257049015
659,13,0.650287018354217,-2.06204412807543,"Never-taker",-3.5,46.4903658030063,42.9903658030063,"Failure: non-random eligibility",3890,0,0,46.4903658030063
660,12,-0.315306591455738,-0.135326819634405,"Never-taker",-3.5,46.1303568657832,42.6303568657832,"Failure: non-random eligibility",990,1,0,46.1303568657832
661,13,0.912006557587375,-0.402944918997008,"Never-taker",-3.5,53.6638076634548,50.1638076634548,"Failure: non-random eligibility",4362,0,0,53.6638076634548
662,8,-1.95930564527216,0.356692053843697,"Complier",-5,32.627730079003,27.627730079003,"Failure: non-random eligibility",453,1,1,27.627730079003
663,11,-0.152400469671891,2.15768172720016,"Always-taker",-2,46.03552683957,44.03552683957,"Failure: non-random eligibility",3687,0,1,44.03552683957
664,12,0.470884858813965,0.828281764212994,"Complier",-5,54.725449464055,49.725449464055,"Failure: non-random eligibility",2548,0,0,54.725449464055
665,14,-0.294541148467358,-1.02399779490685,"Never-taker",-3.5,45.776974632255,42.276974632255,"Failure: non-random eligibility",1818,1,0,45.776974632255
666,13,-0.328893844984224,1.80212750444762,"Always-taker",-2,56.1549709249561,54.1549709249561,"Failure: non-random eligibility",3674,0,1,54.1549709249561
667,11,-1.52912925605507,-0.500483659445226,"Never-taker",-3.5,38.3455626422881,34.8455626422881,"Failure: non-random eligibility",1373,1,0,38.3455626422881
668,12,0.0788236562328749,-0.728140139338344,"Never-taker",-3.5,43.4474628530857,39.9474628530857,"Failure: non-random eligibility",399,1,0,43.4474628530857
669,13,0.794168861651201,-0.0695058362487375,"Never-taker",-3.5,43.7009274775978,40.2009274775978,"Failure: non-random eligibility",4493,0,0,43.7009274775978
670,13,0.396107207281054,-0.581457583042644,"Never-taker",-3.5,45.3206113980758,41.8206113980758,"Failure: non-random eligibility",2648,0,0,45.3206113980758
671,13,0.682692220198735,1.10634965020098,"Complier",-5,45.6219196375822,40.6219196375822,"Failure: non-random eligibility",236,1,1,40.6219196375822
672,15,0.282612407267665,-0.0990308531992264,"Never-taker",-3.5,49.9714618585976,46.4714618585976,"Failure: non-random eligibility",4727,0,0,49.9714618585976
673,13,1.11493367456643,0.324608840742748,"Complier",-5,51.1599709374521,46.1599709374521,"Failure: non-random eligibility",4064,0,0,51.1599709374521
674,13,0.225506639532027,0.194080691860322,"Complier",-5,45.1143066868715,40.1143066868715,"Failure: non-random eligibility",4922,0,0,45.1143066868715
675,14,0.609148301034846,0.760596088895342,"Complier",-5,48.3813509295488,43.3813509295488,"Failure: non-random eligibility",1785,1,1,43.3813509295488
676,13,-0.152109330341456,0.614335275986279,"Complier",-5,43.649129486065,38.649129486065,"Failure: non-random eligibility",4560,0,0,43.649129486065
677,13,-1.45376148537173,0.472590393835009,"Complier",-5,41.2527384334567,36.2527384334567,"Failure: non-random eligibility",2293,1,1,36.2527384334567
678,13,-0.672182725379441,0.478335235424294,"Complier",-5,45.729849128973,40.729849128973,"Failure: non-random eligibility",2532,0,0,45.729849128973
679,12,-0.589986941263499,-1.25177690652941,"Never-taker",-3.5,36.220947364526,32.720947364526,"Failure: non-random eligibility",2200,1,0,36.220947364526
680,13,0.252700828541652,-1.01473124283162,"Never-taker",-3.5,48.9042390534444,45.4042390534444,"Failure: non-random eligibility",1268,1,0,48.9042390534444
681,15,1.08077741123623,-0.183368522148925,"Never-taker",-3.5,51.1562359339461,47.6562359339461,"Failure: non-random eligibility",3823,0,0,51.1562359339461
682,14,1.62285162720021,0.595645798475084,"Complier",-5,48.813229938254,43.813229938254,"Failure: non-random eligibility",3684,0,0,48.813229938254
683,13,-0.56758284792383,0.677835049197385,"Complier",-5,51.1840891158464,46.1840891158464,"Failure: non-random eligibility",2440,1,1,46.1840891158464
684,12,-0.0433057644275105,1.02882571164074,"Complier",-5,48.1025400645477,43.1025400645477,"Failure: non-random eligibility",2397,1,1,43.1025400645477
685,14,0.559665709448705,-0.162482510545539,"Never-taker",-3.5,46.0054477630744,42.5054477630744,"Failure: non-random eligibility",2426,1,0,46.0054477630744
686,11,-0.472495750217891,0.810326518119411,"Complier",-5,38.9438692683804,33.9438692683804,"Failure: non-random eligibility",1641,1,1,33.9438692683804
687,10,-1.15249507119349,1.28662806939544,"Complier",-5,39.3802421931801,34.3802421931801,"Failure: non-random eligibility",2474,1,1,34.3802421931801
688,12,-0.995401465333733,1.22304573921199,"Complier",-5,42.5321513247123,37.5321513247123,"Failure: non-random eligibility",1406,1,1,37.5321513247123
689,14,-0.193086231331024,-1.30559237905464,"Never-taker",-3.5,50.3593414046869,46.8593414046869,"Failure: non-random eligibility",3767,0,0,50.3593414046869
690,16,1.42367843162994,0.518070131739761,"Complier",-5,52.5777031397008,47.5777031397008,"Failure: non-random eligibility",4703,0,0,52.5777031397008
691,11,-0.881776204093433,-1.7472367180673,"Never-taker",-3.5,39.3506842034186,35.8506842034186,"Failure: non-random eligibility",709,1,0,39.3506842034186
692,11,-0.213906059215137,0.621295831149688,"Complier",-5,41.9015955791948,36.9015955791948,"Failure: non-random eligibility",3002,0,0,41.9015955791948
693,13,-0.384551968373624,-0.400197714012678,"Never-taker",-3.5,43.0235683775519,39.5235683775519,"Failure: non-random eligibility",2473,1,0,43.0235683775519
694,14,0.361785253560158,0.284827629879252,"Complier",-5,43.1185388997896,38.1185388997896,"Failure: non-random eligibility",2983,0,0,43.1185388997896
695,13,-0.305959551626869,-0.226340641122693,"Never-taker",-3.5,50.9354352585844,47.4354352585844,"Failure: non-random eligibility",3764,0,0,50.9354352585844
696,12,-0.899498467857851,1.07025419060275,"Complier",-5,45.0129389765504,40.0129389765504,"Failure: non-random eligibility",356,1,1,40.0129389765504
697,10,-3.05043066545163,0.769891554940569,"Complier",-5,37.706022651674,32.706022651674,"Failure: non-random eligibility",237,1,1,32.706022651674
698,14,0.880141277137502,-0.587733834547274,"Never-taker",-3.5,50.9742793254633,47.4742793254633,"Failure: non-random eligibility",4507,0,0,50.9742793254633
699,17,2.04175256218752,-3.00551156998912,"Never-taker",-3.5,48.562157951548,45.062157951548,"Failure: non-random eligibility",4013,0,0,48.562157951548
700,14,0.977666499673043,1.71067365812149,"Always-taker",-2,49.8422657387428,47.8422657387428,"Failure: non-random eligibility",2580,0,1,47.8422657387428
701,14,-0.281941797978402,0.856848089407838,"Complier",-5,49.4919948681188,44.4919948681188,"Failure: non-random eligibility",3756,0,0,49.4919948681188
702,12,0.470712423593537,1.2414033727757,"Complier",-5,46.7719667056913,41.7719667056913,"Failure: non-random eligibility",3209,0,0,46.7719667056913
703,12,-0.437044638672289,-1.34854549004779,"Never-taker",-3.5,36.0777902165146,32.5777902165146,"Failure: non-random eligibility",3964,0,0,36.0777902165146
704,13,-0.181714535634731,1.26479148972333,"Complier",-5,49.2381122810392,44.2381122810392,"Failure: non-random eligibility",4272,0,0,49.2381122810392
705,13,-1.32014000897406,0.292404474265089,"Complier",-5,44.128275093622,39.128275093622,"Failure: non-random eligibility",202,1,1,39.128275093622
706,13,-0.929702272404874,-0.209630715196073,"Never-taker",-3.5,46.697222347726,43.197222347726,"Failure: non-random eligibility",1401,1,0,46.697222347726
707,16,2.75182156003931,-0.560497083212232,"Never-taker",-3.5,57.0426642855799,53.5426642855799,"Failure: non-random eligibility",2107,1,0,57.0426642855799
708,9,-2.11346292789142,0.498207158301434,"Complier",-5,48.6707227156254,43.6707227156254,"Failure: non-random eligibility",139,1,1,43.6707227156254
709,11,-0.875391292883542,-0.192557297048578,"Never-taker",-3.5,50.0451013423981,46.5451013423981,"Failure: non-random eligibility",2674,0,0,50.0451013423981
710,13,0.377578637418688,-0.459300193809353,"Never-taker",-3.5,39.5786699026005,36.0786699026005,"Failure: non-random eligibility",1365,1,0,39.5786699026005
711,10,-0.572864272067805,-1.82875388457331,"Never-taker",-3.5,36.8864844427608,33.3864844427608,"Failure: non-random eligibility",4539,0,0,36.8864844427608
712,13,0.94073164837417,-0.223168114913178,"Never-taker",-3.5,46.4930571661335,42.9930571661335,"Failure: non-random eligibility",4658,0,0,46.4930571661335
713,12,0.264789979060955,-1.33320364135923,"Never-taker",-3.5,37.6724926929567,34.1724926929567,"Failure: non-random eligibility",3866,0,0,37.6724926929567
714,13,1.28817544417086,0.624093604202535,"Complier",-5,45.8637415331455,40.8637415331455,"Failure: non-random eligibility",4183,0,0,45.8637415331455
715,12,-1.64209106116887,-1.8693027562658,"Never-taker",-3.5,39.0793343626828,35.5793343626828,"Failure: non-random eligibility",256,1,0,39.0793343626828
716,13,0.823218019668301,1.11532099525697,"Complier",-5,44.1178325205533,39.1178325205533,"Failure: non-random eligibility",4023,0,0,44.1178325205533
717,13,-0.265511518362662,-0.873148905190284,"Never-taker",-3.5,37.3876638195781,33.8876638195781,"Failure: non-random eligibility",681,1,0,37.3876638195781
718,14,1.61568983244037,-1.29208020241283,"Never-taker",-3.5,51.6811247074172,48.1811247074172,"Failure: non-random eligibility",3079,0,0,51.6811247074172
719,11,-0.0701957580976897,1.08523395405475,"Complier",-5,47.1487845576858,42.1487845576858,"Failure: non-random eligibility",4543,0,0,47.1487845576858
720,14,0.217559463511925,-0.535192040231054,"Never-taker",-3.5,39.736106735991,36.236106735991,"Failure: non-random eligibility",4808,0,0,39.736106735991
721,11,-0.0629051292125076,-0.487863711432578,"Never-taker",-3.5,47.8959845582458,44.3959845582458,"Failure: non-random eligibility",2876,0,0,47.8959845582458
722,11,0.345030970645145,-1.07481919172729,"Never-taker",-3.5,46.4133682392267,42.9133682392267,"Failure: non-random eligibility",373,1,0,46.4133682392267
723,12,-0.290631562230475,-0.456364737956347,"Never-taker",-3.5,35.1407725345286,31.6407725345286,"Failure: non-random eligibility",2573,0,0,35.1407725345286
724,12,0.56514111241778,-2.04667059176237,"Never-taker",-3.5,40.6886267747691,37.1886267747691,"Failure: non-random eligibility",3780,0,0,40.6886267747691
725,11,-0.663051783482035,-1.08065898126627,"Never-taker",-3.5,52.6332435407989,49.1332435407989,"Failure: non-random eligibility",3291,0,0,52.6332435407989
726,15,0.70050145681075,-0.276429305747538,"Never-taker",-3.5,49.3687320591084,45.8687320591084,"Failure: non-random eligibility",483,1,0,49.3687320591084
727,14,0.897618466125855,0.185207194019788,"Complier",-5,52.0707535590357,47.0707535590357,"Failure: non-random eligibility",796,1,1,47.0707535590357
728,14,0.13768342975912,0.227015687123045,"Complier",-5,49.1068156723383,44.1068156723383,"Failure: non-random eligibility",2733,0,0,49.1068156723383
729,12,-0.677592949520944,-1.08593784775373,"Never-taker",-3.5,42.544626797635,39.044626797635,"Failure: non-random eligibility",554,1,0,42.544626797635
730,11,-0.803722317177163,1.87400303938393,"Always-taker",-2,47.7786267285113,45.7786267285113,"Failure: non-random eligibility",4622,0,1,45.7786267285113
731,10,-2.03517333950699,0.832460518834851,"Complier",-5,38.1678664402818,33.1678664402818,"Failure: non-random eligibility",2216,1,1,33.1678664402818
732,14,0.730552621006262,-1.39130776842977,"Never-taker",-3.5,50.3955907728141,46.8955907728141,"Failure: non-random eligibility",2501,0,0,50.3955907728141
733,11,0.538189888240329,-0.00780344225118581,"Never-taker",-3.5,44.9084137165695,41.4084137165695,"Failure: non-random eligibility",4215,0,0,44.9084137165695
734,15,0.938764720979442,-1.69410544657412,"Never-taker",-3.5,49.9563830501897,46.4563830501897,"Failure: non-random eligibility",4551,0,0,49.9563830501897
735,13,0.974419660237233,1.31098943528154,"Always-taker",-2,48.9461560993122,46.9461560993122,"Failure: non-random eligibility",1738,1,1,46.9461560993122
736,12,0.453743644554505,0.382486613807732,"Complier",-5,44.0934044134065,39.0934044134065,"Failure: non-random eligibility",2151,1,1,39.0934044134065
737,13,0.616633317959361,-0.902590615769042,"Never-taker",-3.5,45.6817694224701,42.1817694224701,"Failure: non-random eligibility",1440,1,0,45.6817694224701
738,12,-0.393336266160937,-0.10883403406602,"Never-taker",-3.5,42.5582548229564,39.0582548229564,"Failure: non-random eligibility",915,1,0,42.5582548229564
739,14,1.03912638438469,0.128740747073031,"Complier",-5,58.7203479083338,53.7203479083338,"Failure: non-random eligibility",1181,1,1,53.7203479083338
740,10,-0.85025275685905,-0.908086624936895,"Never-taker",-3.5,45.4899381058663,41.9899381058663,"Failure: non-random eligibility",4667,0,0,45.4899381058663
741,13,1.21589722072519,-0.133938657526365,"Never-taker",-3.5,50.1924206658917,46.6924206658917,"Failure: non-random eligibility",4616,0,0,50.1924206658917
742,12,-0.799708699224124,-0.126921085575367,"Never-taker",-3.5,44.7707102102571,41.2707102102571,"Failure: non-random eligibility",178,1,0,44.7707102102571
743,15,1.12345855571714,-0.512105336922182,"Never-taker",-3.5,40.6286258953517,37.1286258953517,"Failure: non-random eligibility",4843,0,0,40.6286258953517
744,12,0.319021259355249,2.25848472086162,"Always-taker",-2,43.6608023667177,41.6608023667177,"Failure: non-random eligibility",4778,0,1,41.6608023667177
745,10,0.160944499651825,0.659546770369285,"Complier",-5,45.1605988045438,40.1605988045438,"Failure: non-random eligibility",3894,0,0,45.1605988045438
746,12,-2.16309826666019,0.738160662859428,"Complier",-5,37.656406700813,32.656406700813,"Failure: non-random eligibility",979,1,1,32.656406700813
747,14,2.84440962751711,-0.329550286060363,"Never-taker",-3.5,53.1562827323968,49.6562827323968,"Failure: non-random eligibility",4051,0,0,53.1562827323968
748,12,-0.138869466857177,-1.58716845215673,"Never-taker",-3.5,38.1566504657449,34.6566504657449,"Failure: non-random eligibility",3495,0,0,38.1566504657449
749,12,0.644935138155897,0.425579194400757,"Complier",-5,52.9515860547605,47.9515860547605,"Failure: non-random eligibility",4688,0,0,52.9515860547605
750,10,0.20041071301621,-1.82477588228192,"Never-taker",-3.5,41.0730036289264,37.5730036289264,"Failure: non-random eligibility",4729,0,0,41.0730036289264
751,13,0.937969309736021,0.0414905006697375,"Never-taker",-3.5,50.4662767541795,46.9662767541795,"Failure: non-random eligibility",3528,0,0,50.4662767541795
752,12,-0.137831776849524,-0.781874237579472,"Never-taker",-3.5,39.1274752268638,35.6274752268638,"Failure: non-random eligibility",637,1,0,39.1274752268638
753,14,1.28110481666197,-0.671080669098284,"Never-taker",-3.5,53.7828601089016,50.2828601089016,"Failure: non-random eligibility",4491,0,0,53.7828601089016
754,11,1.14881803117805,0.770891837869734,"Complier",-5,48.6920852252453,43.6920852252453,"Failure: non-random eligibility",1471,1,1,43.6920852252453
755,11,0.0098141667788181,1.52128646204923,"Always-taker",-2,50.6921477436422,48.6921477436422,"Failure: non-random eligibility",2847,0,1,48.6921477436422
756,14,0.606408664216503,-0.377809837112256,"Never-taker",-3.5,49.632034893917,46.132034893917,"Failure: non-random eligibility",3736,0,0,49.632034893917
757,10,-1.41972055431581,1.55606265469123,"Always-taker",-2,34.2332436332531,32.2332436332531,"Failure: non-random eligibility",349,1,1,32.2332436332531
758,17,0.682773890288042,0.779898006198232,"Complier",-5,54.0486303900005,49.0486303900005,"Failure: non-random eligibility",4034,0,0,54.0486303900005
759,17,1.85644192219629,-0.785023625716137,"Never-taker",-3.5,58.0826081664864,54.5826081664864,"Failure: non-random eligibility",4736,0,0,58.0826081664864
760,13,0.886144666935408,0.623650543642938,"Complier",-5,46.6414880723103,41.6414880723103,"Failure: non-random eligibility",4953,0,0,46.6414880723103
761,12,-0.995526160654779,0.0939709458779358,"Never-taker",-3.5,37.9168881867831,34.4168881867831,"Failure: non-random eligibility",1509,1,0,37.9168881867831
762,16,1.22812579067749,0.543736472211267,"Complier",-5,52.2447937732024,47.2447937732024,"Failure: non-random eligibility",4695,0,0,52.2447937732024
763,13,-0.68215733343587,-0.213283188270337,"Never-taker",-3.5,41.0372520051898,37.5372520051898,"Failure: non-random eligibility",820,1,0,41.0372520051898
764,13,-0.24455229165353,0.862809506216574,"Complier",-5,49.0491072780096,44.0491072780096,"Failure: non-random eligibility",3842,0,0,49.0491072780096
765,13,-0.315099440518833,-2.76148313166386,"Never-taker",-3.5,35.5640845250759,32.0640845250759,"Failure: non-random eligibility",262,1,0,35.5640845250759
766,11,-0.43811438848918,-1.26729751987492,"Never-taker",-3.5,34.8559369539556,31.3559369539556,"Failure: non-random eligibility",2480,1,0,34.8559369539556
767,13,-0.0991435059370501,-0.991917260809156,"Never-taker",-3.5,40.2511710180755,36.7511710180755,"Failure: non-random eligibility",942,1,0,40.2511710180755
768,10,-0.514804169907868,2.14846885425939,"Always-taker",-2,40.6893901670581,38.6893901670581,"Failure: non-random eligibility",3993,0,1,38.6893901670581
769,10,-1.07658612262902,-0.0921655764156007,"Never-taker",-3.5,40.4239969919066,36.9239969919066,"Failure: non-random eligibility",1882,1,0,40.4239969919066
770,12,-0.462415104891223,-1.96808529558045,"Never-taker",-3.5,33.0928174569097,29.5928174569097,"Failure: non-random eligibility",4384,0,0,33.0928174569097
771,15,1.05247221174472,1.1022522482655,"Complier",-5,48.0159097760937,43.0159097760937,"Failure: non-random eligibility",2780,0,0,48.0159097760937
772,14,0.55555003918944,1.14544490972141,"Complier",-5,48.0648226236115,43.0648226236115,"Failure: non-random eligibility",3513,0,0,48.0648226236115
773,13,0.866375213210826,-0.519830773855285,"Never-taker",-3.5,46.4223394007374,42.9223394007374,"Failure: non-random eligibility",4562,0,0,46.4223394007374
774,10,-1.03722867853227,-1.04048702773125,"Never-taker",-3.5,42.1671929739895,38.6671929739895,"Failure: non-random eligibility",628,1,0,42.1671929739895
775,12,-0.612266623453281,-1.17372512812229,"Never-taker",-3.5,40.7024892248227,37.2024892248227,"Failure: non-random eligibility",3008,0,0,40.7024892248227
776,12,0.390531206037594,0.0849745585158577,"Never-taker",-3.5,47.4542280470969,43.9542280470969,"Failure: non-random eligibility",3570,0,0,47.4542280470969
777,12,-1.52030740369476,0.250110999014171,"Complier",-5,39.9826956766854,34.9826956766854,"Failure: non-random eligibility",4001,0,0,39.9826956766854
778,12,-0.319287731274185,-0.952866563627468,"Never-taker",-3.5,42.4979349008175,38.9979349008175,"Failure: non-random eligibility",3651,0,0,42.4979349008175
779,12,-0.46754848606759,-2.11657751809017,"Never-taker",-3.5,37.3462405934845,33.8462405934845,"Failure: non-random eligibility",1705,1,0,37.3462405934845
780,16,1.2422387009253,-1.14325586892498,"Never-taker",-3.5,50.4436619720575,46.9436619720575,"Failure: non-random eligibility",4974,0,0,50.4436619720575
781,13,0.0535657895776628,1.93669464818191,"Always-taker",-2,45.254861269111,43.254861269111,"Failure: non-random eligibility",4831,0,1,43.254861269111
782,14,1.12979951905196,1.19280389375651,"Complier",-5,54.98876557525,49.98876557525,"Failure: non-random eligibility",4346,0,0,54.98876557525
783,15,0.120338764868161,-0.0648838182782365,"Never-taker",-3.5,52.0583288781736,48.5583288781736,"Failure: non-random eligibility",880,1,0,52.0583288781736
784,14,0.109768416037334,2.36573340860267,"Always-taker",-2,51.9543382193675,49.9543382193675,"Failure: non-random eligibility",2193,1,1,49.9543382193675
785,12,-1.28450988473074,0.682692074362541,"Complier",-5,48.1436168083587,43.1436168083587,"Failure: non-random eligibility",3646,0,0,48.1436168083587
786,16,2.07499290955859,0.779873672653768,"Complier",-5,62.2462808243266,57.2462808243266,"Failure: non-random eligibility",3138,0,0,62.2462808243266
787,12,0.0258444388556709,-0.337275371666024,"Never-taker",-3.5,45.5664809381764,42.0664809381764,"Failure: non-random eligibility",1781,1,0,45.5664809381764
788,12,0.546947657049761,0.078006949184365,"Never-taker",-3.5,48.3521212459325,44.8521212459325,"Failure: non-random eligibility",4788,0,0,48.3521212459325
789,12,-0.262394950972912,0.315716821414512,"Complier",-5,43.8171744520294,38.8171744520294,"Failure: non-random eligibility",3045,0,0,43.8171744520294
790,14,1.47283830621405,-0.681833042518416,"Never-taker",-3.5,45.0676759087105,41.5676759087105,"Failure: non-random eligibility",3066,0,0,45.0676759087105
791,8,-1.22659515388393,-0.100645914732206,"Never-taker",-3.5,40.7858852361588,37.2858852361588,"Failure: non-random eligibility",1650,1,0,40.7858852361588
792,16,2.50502493303594,-1.01369543320328,"Never-taker",-3.5,61.6155426839719,58.1155426839719,"Failure: non-random eligibility",5000,0,0,61.6155426839719
793,12,-0.176431711341407,-1.22794120583039,"Never-taker",-3.5,39.1607539609088,35.6607539609088,"Failure: non-random eligibility",2128,1,0,39.1607539609088
794,10,-0.467615210506553,1.79597814516751,"Always-taker",-2,42.8381120350124,40.8381120350124,"Failure: non-random eligibility",2655,0,1,40.8381120350124
795,11,-1.13311804519669,0.579875249725559,"Complier",-5,40.379949286744,35.379949286744,"Failure: non-random eligibility",3059,0,0,40.379949286744
796,12,0.00695260627220153,-0.936961476383082,"Never-taker",-3.5,42.1603235592453,38.6603235592453,"Failure: non-random eligibility",1101,1,0,42.1603235592453
797,11,-1.04413108579707,0.228516247082264,"Complier",-5,41.1420806310547,36.1420806310547,"Failure: non-random eligibility",4219,0,0,41.1420806310547
798,13,1.03471172630372,1.20997365875305,"Complier",-5,59.311856700082,54.311856700082,"Failure: non-random eligibility",1658,1,1,54.311856700082
799,11,-0.765650167904071,0.390546333954177,"Complier",-5,36.3761577198731,31.3761577198731,"Failure: non-random eligibility",797,1,1,31.3761577198731
800,15,0.906070994581978,0.416298550810512,"Complier",-5,53.9596010799795,48.9596010799795,"Failure: non-random eligibility",2410,1,1,48.9596010799795
801,15,1.3119004743124,1.19735528548989,"Complier",-5,53.3817989563643,48.3817989563643,"Failure: non-random eligibility",3402,0,0,53.3817989563643
802,12,-0.706734049386897,-0.284479501581191,"Never-taker",-3.5,41.961867623675,38.461867623675,"Failure: non-random eligibility",1413,1,0,41.961867623675
803,13,0.949445140533171,-0.772132374669083,"Never-taker",-3.5,42.6176912445559,39.1176912445559,"Failure: non-random eligibility",3217,0,0,42.6176912445559
804,13,0.595615125423607,1.79446180317851,"Always-taker",-2,47.3663030027634,45.3663030027634,"Failure: non-random eligibility",4737,0,1,45.3663030027634
805,12,0.304006010190849,2.8622637397541,"Always-taker",-2,44.2093927431786,42.2093927431786,"Failure: non-random eligibility",685,1,1,42.2093927431786
806,12,0.0474885187260565,0.378218622778444,"Complier",-5,46.8950496684456,41.8950496684456,"Failure: non-random eligibility",1558,1,1,41.8950496684456
807,15,1.62059619869315,-0.690063176522694,"Never-taker",-3.5,53.5512940465264,50.0512940465264,"Failure: non-random eligibility",4692,0,0,53.5512940465264
808,12,0.168060514817579,-0.0931481754570712,"Never-taker",-3.5,38.4519544795465,34.9519544795465,"Failure: non-random eligibility",3525,0,0,38.4519544795465
809,11,-0.30011275484694,0.539163015399633,"Complier",-5,48.8318826621077,43.8318826621077,"Failure: non-random eligibility",218,1,1,43.8318826621077
810,11,0.16905504526985,2.02464212378221,"Always-taker",-2,47.5429679697363,45.5429679697363,"Failure: non-random eligibility",742,1,1,45.5429679697363
811,14,1.43295026973872,-0.30857564399247,"Never-taker",-3.5,51.6465353629612,48.1465353629612,"Failure: non-random eligibility",3939,0,0,51.6465353629612
812,13,-1.02635469555295,0.425569900987453,"Complier",-5,49.5050670959907,44.5050670959907,"Failure: non-random eligibility",333,1,1,44.5050670959907
813,14,1.31986734204791,1.58671120846993,"Always-taker",-2,50.2957695618763,48.2957695618763,"Failure: non-random eligibility",4889,0,1,48.2957695618763
814,10,-0.49736157003516,-1.2088559426169,"Never-taker",-3.5,38.4401563090532,34.9401563090532,"Failure: non-random eligibility",1126,1,0,38.4401563090532
815,11,-0.645853446452259,1.14464246131664,"Complier",-5,48.5140964801377,43.5140964801377,"Failure: non-random eligibility",1422,1,1,43.5140964801377
816,9,-2.08153460120749,0.291406433000242,"Complier",-5,34.5444497961642,29.5444497961642,"Failure: non-random eligibility",3576,0,0,34.5444497961642
817,12,1.03918994716382,1.96151360704649,"Always-taker",-2,54.4482152349173,52.4482152349173,"Failure: non-random eligibility",4782,0,1,52.4482152349173
818,12,-0.495341738031174,1.18065005423373,"Complier",-5,47.2833950330923,42.2833950330923,"Failure: non-random eligibility",1911,1,1,42.2833950330923
819,14,0.098050343632935,-0.686146522428572,"Never-taker",-3.5,54.517975521456,51.017975521456,"Failure: non-random eligibility",2852,0,0,54.517975521456
820,13,1.05382128137503,1.0954725862166,"Complier",-5,56.2813259845903,51.2813259845903,"Failure: non-random eligibility",1712,1,1,51.2813259845903
821,12,-0.635675551773354,0.669757011979173,"Complier",-5,45.524394997577,40.524394997577,"Failure: non-random eligibility",1253,1,1,40.524394997577
822,10,-1.21521660666288,0.943721300032343,"Complier",-5,37.0266367154578,32.0266367154578,"Failure: non-random eligibility",1478,1,1,32.0266367154578
823,13,1.56352052087138,0.373563034715816,"Complier",-5,51.1594122203503,46.1594122203503,"Failure: non-random eligibility",4096,0,0,51.1594122203503
824,14,1.06450687121522,0.470886367705599,"Complier",-5,54.3870827656059,49.3870827656059,"Failure: non-random eligibility",3898,0,0,54.3870827656059
825,10,-0.496506148430725,-1.19471230854444,"Never-taker",-3.5,36.1398339905413,32.6398339905413,"Failure: non-random eligibility",1557,1,0,36.1398339905413
826,15,0.600581272440164,-1.16604623406639,"Never-taker",-3.5,49.7731518812779,46.2731518812779,"Failure: non-random eligibility",4608,0,0,49.7731518812779
827,13,0.152121534984675,0.415866492852667,"Complier",-5,49.509033411645,44.509033411645,"Failure: non-random eligibility",1888,1,1,44.509033411645
828,12,0.291793217917554,0.232870795070517,"Complier",-5,47.437605445697,42.437605445697,"Failure: non-random eligibility",4192,0,0,47.437605445697
829,11,-1.82871858207444,0.702629922063283,"Complier",-5,44.8720353916546,39.8720353916546,"Failure: non-random eligibility",1892,1,1,39.8720353916546
830,12,-1.08229769636276,-0.357300109419434,"Never-taker",-3.5,43.984844128036,40.484844128036,"Failure: non-random eligibility",694,1,0,43.984844128036
831,12,-1.04079717355351,0.433992888760993,"Complier",-5,48.5894521529998,43.5894521529998,"Failure: non-random eligibility",2777,0,0,48.5894521529998
832,15,1.66073839574642,-0.845096592940233,"Never-taker",-3.5,52.3449476596596,48.8449476596596,"Failure: non-random eligibility",1584,1,0,52.3449476596596
833,13,1.17741134415643,1.43283620508178,"Always-taker",-2,51.1602239386887,49.1602239386887,"Failure: non-random eligibility",4478,0,1,49.1602239386887
834,13,0.351159746912465,0.882463222314122,"Complier",-5,48.4297568911211,43.4297568911211,"Failure: non-random eligibility",3255,0,0,48.4297568911211
835,12,-0.745152678892287,-1.12747121918918,"Never-taker",-3.5,37.8638711149795,34.3638711149795,"Failure: non-random eligibility",233,1,0,37.8638711149795
836,12,-0.234559234084761,-1.18321552982706,"Never-taker",-3.5,52.5821059021035,49.0821059021035,"Failure: non-random eligibility",4014,0,0,52.5821059021035
837,11,-0.110668177624927,0.958580530634847,"Complier",-5,41.3316454294318,36.3316454294318,"Failure: non-random eligibility",1859,1,1,36.3316454294318
838,11,-0.336178247001416,-0.23873426214917,"Never-taker",-3.5,45.5816217160915,42.0816217160915,"Failure: non-random eligibility",4687,0,0,45.5816217160915
839,14,0.49212867682951,-1.50484688310191,"Never-taker",-3.5,50.637396517644,47.137396517644,"Failure: non-random eligibility",2265,1,0,50.637396517644
840,14,0.177088156921211,-0.584302595076489,"Never-taker",-3.5,48.8590103258002,45.3590103258002,"Failure: non-random eligibility",3949,0,0,48.8590103258002
841,13,0.390794548418475,-1.41717805268592,"Never-taker",-3.5,53.8759524354308,50.3759524354308,"Failure: non-random eligibility",1316,1,0,53.8759524354308
842,14,-0.127363128713692,0.0669044310443648,"Never-taker",-3.5,58.0093216279875,54.5093216279875,"Failure: non-random eligibility",3893,0,0,58.0093216279875
843,9,-0.684262267628035,0.942251674835074,"Complier",-5,47.0000439327885,42.0000439327885,"Failure: non-random eligibility",2161,1,1,42.0000439327885
844,12,-0.0519823085363489,0.644913601263676,"Complier",-5,42.8826195675616,37.8826195675616,"Failure: non-random eligibility",3634,0,0,42.8826195675616
845,12,-0.120015711575095,0.522012013245984,"Complier",-5,45.0173556044041,40.0173556044041,"Failure: non-random eligibility",1303,1,1,40.0173556044041
846,14,1.63793531814173,-0.554917357145637,"Never-taker",-3.5,54.7364771229411,51.2364771229411,"Failure: non-random eligibility",4725,0,0,54.7364771229411
847,12,-0.817847746160452,0.618575222988222,"Complier",-5,42.2804727315801,37.2804727315801,"Failure: non-random eligibility",2730,0,0,42.2804727315801
848,17,1.93446794642715,1.8307393657528,"Always-taker",-2,53.889101979186,51.889101979186,"Failure: non-random eligibility",2515,0,1,51.889101979186
849,13,1.21958550694704,3.02969514305909,"Always-taker",-2,61.5338612159481,59.5338612159481,"Failure: non-random eligibility",2507,0,1,59.5338612159481
850,14,1.00908137500211,-2.16342621783511,"Never-taker",-3.5,57.1734248049036,53.6734248049036,"Failure: non-random eligibility",3818,0,0,57.1734248049036
851,12,-0.702018515017183,0.14032922926027,"Complier",-5,49.0969037550691,44.0969037550691,"Failure: non-random eligibility",1325,1,1,44.0969037550691
852,13,0.471849600926731,-0.733238231238199,"Never-taker",-3.5,46.7629529466917,43.2629529466917,"Failure: non-random eligibility",2078,1,0,46.7629529466917
853,11,-0.97213872983019,0.199974379002323,"Complier",-5,36.2248282017578,31.2248282017578,"Failure: non-random eligibility",1456,1,1,31.2248282017578
854,8,-1.98215404234266,-0.473326212823341,"Never-taker",-3.5,38.4040702383405,34.9040702383405,"Failure: non-random eligibility",1991,1,0,38.4040702383405
855,11,0.227640729022195,0.489174436373028,"Complier",-5,42.1925319778623,37.1925319778623,"Failure: non-random eligibility",2169,1,1,37.1925319778623
856,12,-1.6404595221399,-0.542978532076404,"Never-taker",-3.5,42.3760146691112,38.8760146691112,"Failure: non-random eligibility",1296,1,0,42.3760146691112
857,15,0.784263621433594,0.328148666772797,"Complier",-5,48.3555939697355,43.3555939697355,"Failure: non-random eligibility",4267,0,0,48.3555939697355
858,15,0.977958139568703,-0.420252190019096,"Never-taker",-3.5,51.2564450350468,47.7564450350468,"Failure: non-random eligibility",3849,0,0,51.2564450350468
859,13,0.91148447395269,-0.633913973709436,"Never-taker",-3.5,53.962503698586,50.462503698586,"Failure: non-random eligibility",3654,0,0,53.962503698586
860,10,0.142262560083886,0.153325223953068,"Complier",-5,45.9134097115342,40.9134097115342,"Failure: non-random eligibility",734,1,1,40.9134097115342
861,11,-1.45097872063654,0.141040253686458,"Complier",-5,41.457601610606,36.457601610606,"Failure: non-random eligibility",390,1,1,36.457601610606
862,14,0.92732101677808,0.0774647125335325,"Never-taker",-3.5,48.4407206602631,44.9407206602631,"Failure: non-random eligibility",4696,0,0,48.4407206602631
863,16,1.10753391322447,-0.539437193543695,"Never-taker",-3.5,53.1620294892899,49.6620294892899,"Failure: non-random eligibility",3896,0,0,53.1620294892899
864,14,1.47609705683306,-0.0739175849983768,"Never-taker",-3.5,51.568696278278,48.068696278278,"Failure: non-random eligibility",4438,0,0,51.568696278278
865,11,-0.441638070582471,-0.907746356863158,"Never-taker",-3.5,36.342246097015,32.842246097015,"Failure: non-random eligibility",840,1,0,36.342246097015
866,13,0.565521290664024,-0.120989886872602,"Never-taker",-3.5,49.2200108449934,45.7200108449934,"Failure: non-random eligibility",3117,0,0,49.2200108449934
867,12,0.700602978176971,-0.122755053663249,"Never-taker",-3.5,40.6765516316699,37.1765516316699,"Failure: non-random eligibility",3705,0,0,40.6765516316699
868,14,1.1172139119009,0.479004593987461,"Complier",-5,54.3450773827156,49.3450773827156,"Failure: non-random eligibility",3196,0,0,54.3450773827156
869,14,2.44969124292567,-0.462355634857051,"Never-taker",-3.5,52.4244684105805,48.9244684105805,"Failure: non-random eligibility",2525,0,0,52.4244684105805
870,13,0.0596598625067012,1.27306902298741,"Complier",-5,47.9077496943545,42.9077496943545,"Failure: non-random eligibility",1970,1,1,42.9077496943545
871,14,1.09413432364609,-0.13392320367101,"Never-taker",-3.5,42.3286721728917,38.8286721728917,"Failure: non-random eligibility",2156,1,0,42.3286721728917
872,11,-1.08794468151229,-1.15693512590675,"Never-taker",-3.5,38.6507316981821,35.1507316981821,"Failure: non-random eligibility",1522,1,0,38.6507316981821
873,12,-0.183996995639106,-0.116987793365029,"Never-taker",-3.5,45.8959689535725,42.3959689535725,"Failure: non-random eligibility",293,1,0,45.8959689535725
874,11,-0.543870398281905,-0.345273711435868,"Never-taker",-3.5,42.2981015989406,38.7981015989406,"Failure: non-random eligibility",1112,1,0,42.2981015989406
875,11,-0.500459323227886,-2.05362008682169,"Never-taker",-3.5,32.2577389368606,28.7577389368606,"Failure: non-random eligibility",1223,1,0,32.2577389368606
876,14,0.776682934513807,0.429378285328765,"Complier",-5,47.3710828174239,42.3710828174239,"Failure: non-random eligibility",1647,1,1,42.3710828174239
877,14,0.239712087352436,-0.457013507636969,"Never-taker",-3.5,39.2749495515925,35.7749495515925,"Failure: non-random eligibility",2549,0,0,39.2749495515925
878,12,-0.883401417478196,-0.0522925510248469,"Never-taker",-3.5,43.7763609569423,40.2763609569423,"Failure: non-random eligibility",4095,0,0,43.7763609569423
879,13,-0.0410271295032421,0.393344312150014,"Complier",-5,45.6874078355426,40.6874078355426,"Failure: non-random eligibility",3936,0,0,45.6874078355426
880,13,-1.24112188015206,-0.177754327820333,"Never-taker",-3.5,39.7756725669793,36.2756725669793,"Failure: non-random eligibility",3985,0,0,39.7756725669793
881,12,0.729186083198515,1.04007047080992,"Complier",-5,48.4190525622624,43.4190525622624,"Failure: non-random eligibility",1824,1,1,43.4190525622624
882,14,-0.252028617782857,-0.339417223258062,"Never-taker",-3.5,51.4763108597281,47.9763108597281,"Failure: non-random eligibility",4444,0,0,51.4763108597281
883,12,0.205862462463341,0.554744137613791,"Complier",-5,46.7879243552736,41.7879243552736,"Failure: non-random eligibility",1319,1,1,41.7879243552736
884,12,-1.03005993856892,-0.322256852346168,"Never-taker",-3.5,42.6153873593836,39.1153873593836,"Failure: non-random eligibility",1949,1,0,42.6153873593836
885,12,-0.299809872275862,2.43767619212838,"Always-taker",-2,45.179343143313,43.179343143313,"Failure: non-random eligibility",910,1,1,43.179343143313
886,11,-0.668225968436996,-0.176570427030279,"Never-taker",-3.5,39.2372268431037,35.7372268431037,"Failure: non-random eligibility",1377,1,0,39.2372268431037
887,12,0.0840317067961211,-1.36613254073993,"Never-taker",-3.5,42.2006727628436,38.7006727628436,"Failure: non-random eligibility",2659,0,0,42.2006727628436
888,13,0.523333678802253,-0.591363193477682,"Never-taker",-3.5,48.5785165375651,45.0785165375651,"Failure: non-random eligibility",3296,0,0,48.5785165375651
889,12,-1.08790759936325,-1.86622820754122,"Never-taker",-3.5,40.3935699155961,36.8935699155961,"Failure: non-random eligibility",108,1,0,40.3935699155961
890,13,-0.33081094536319,0.704804378779151,"Complier",-5,54.0285669343677,49.0285669343677,"Failure: non-random eligibility",3485,0,0,54.0285669343677
891,11,-1.43267318458029,1.38207571048311,"Always-taker",-2,48.4501187198004,46.4501187198004,"Failure: non-random eligibility",4441,0,1,46.4501187198004
892,15,0.465726246470966,-0.253921297472262,"Never-taker",-3.5,48.8546777756917,45.3546777756917,"Failure: non-random eligibility",3346,0,0,48.8546777756917
893,10,-1.25862312233302,-0.0757522958835289,"Never-taker",-3.5,41.2263153954392,37.7263153954392,"Failure: non-random eligibility",870,1,0,41.2263153954392
894,15,0.602164288067396,-0.408756182550891,"Never-taker",-3.5,51.7907105411283,48.2907105411283,"Failure: non-random eligibility",3108,0,0,51.7907105411283
895,13,-0.722446060480456,-0.409691101286912,"Never-taker",-3.5,43.4498039487737,39.9498039487737,"Failure: non-random eligibility",772,1,0,43.4498039487737
896,11,-0.464167933704153,-1.18073809868996,"Never-taker",-3.5,39.5122413051264,36.0122413051264,"Failure: non-random eligibility",1662,1,0,39.5122413051264
897,12,1.1371214039654,-0.400949788887131,"Never-taker",-3.5,50.9406900938894,47.4406900938894,"Failure: non-random eligibility",4117,0,0,50.9406900938894
898,10,-0.735397942853375,1.14533036926273,"Complier",-5,39.7540115311345,34.7540115311345,"Failure: non-random eligibility",4330,0,0,39.7540115311345
899,15,2.71599614080166,-0.417698943218618,"Never-taker",-3.5,52.1883769733464,48.6883769733464,"Failure: non-random eligibility",3662,0,0,52.1883769733464
900,12,0.846692279847426,-0.0222646825948613,"Never-taker",-3.5,44.9647820236767,41.4647820236767,"Failure: non-random eligibility",1087,1,0,44.9647820236767
901,15,1.91714711816418,-2.21198366873748,"Never-taker",-3.5,55.7048862994221,52.2048862994221,"Failure: non-random eligibility",4113,0,0,55.7048862994221
902,10,-0.957004826005688,0.934863038851037,"Complier",-5,40.7319950052718,35.7319950052718,"Failure: non-random eligibility",3910,0,0,40.7319950052718
903,13,0.637059627818686,-1.3723511974675,"Never-taker",-3.5,45.7444947814222,42.2444947814222,"Failure: non-random eligibility",4167,0,0,45.7444947814222
904,11,-0.878144291128614,0.284453297735404,"Complier",-5,46.9253683800516,41.9253683800516,"Failure: non-random eligibility",576,1,1,41.9253683800516
905,11,-0.0654481139800839,-0.718618783132993,"Never-taker",-3.5,44.7759549050312,41.2759549050312,"Failure: non-random eligibility",3772,0,0,44.7759549050312
906,13,0.590558692016632,0.170629544986314,"Complier",-5,45.8061315177671,40.8061315177671,"Failure: non-random eligibility",4530,0,0,45.8061315177671
907,14,0.324418370422668,0.721752281845347,"Complier",-5,49.0474468390392,44.0474468390392,"Failure: non-random eligibility",1749,1,1,44.0474468390392
908,12,-0.96034887993024,1.31591656579204,"Always-taker",-2,44.3472545418174,42.3472545418174,"Failure: non-random eligibility",509,1,1,42.3472545418174
909,12,0.50845003711954,-0.155711133567769,"Never-taker",-3.5,39.8962147629228,36.3962147629228,"Failure: non-random eligibility",2623,0,0,39.8962147629228
910,17,0.910862574505835,-0.464866977648089,"Never-taker",-3.5,53.2499344235976,49.7499344235976,"Failure: non-random eligibility",2869,0,0,53.2499344235976
911,10,-0.47467561796197,-0.167721615756489,"Never-taker",-3.5,42.8418935241198,39.3418935241198,"Failure: non-random eligibility",780,1,0,42.8418935241198
912,11,-1.1805528925847,-0.497233599748113,"Never-taker",-3.5,45.4017051436242,41.9017051436242,"Failure: non-random eligibility",821,1,0,45.4017051436242
913,10,-0.635180133651487,-3.72032428587468,"Never-taker",-3.5,31.631822217324,28.131822217324,"Failure: non-random eligibility",1199,1,0,31.631822217324
914,15,1.86540829413126,-0.0609038052355868,"Never-taker",-3.5,55.7582636975114,52.2582636975114,"Failure: non-random eligibility",3339,0,0,55.7582636975114
915,11,0.17782453291545,1.30939329433368,"Always-taker",-2,51.5460669249434,49.5460669249434,"Failure: non-random eligibility",2848,0,1,49.5460669249434
916,14,0.658142166868065,1.51971134718791,"Always-taker",-2,58.0601410824112,56.0601410824112,"Failure: non-random eligibility",4735,0,1,56.0601410824112
917,10,-1.46965138534932,1.14432926369397,"Complier",-5,46.096054765538,41.096054765538,"Failure: non-random eligibility",551,1,1,41.096054765538
918,14,1.49963911637745,-0.771619863595389,"Never-taker",-3.5,49.929819705003,46.429819705003,"Failure: non-random eligibility",1747,1,0,49.929819705003
919,12,0.156583966540047,0.0741089480334544,"Never-taker",-3.5,46.2151671357983,42.7151671357983,"Failure: non-random eligibility",3825,0,0,46.2151671357983
920,13,0.772632794537646,0.968083197859087,"Complier",-5,53.0890099339738,48.0890099339738,"Failure: non-random eligibility",700,1,1,48.0890099339738
921,13,-0.25880819305326,-0.56591614825759,"Never-taker",-3.5,44.9937064359097,41.4937064359097,"Failure: non-random eligibility",3369,0,0,44.9937064359097
922,11,-0.763977791694896,-0.265691375205989,"Never-taker",-3.5,36.9987136836595,33.4987136836595,"Failure: non-random eligibility",382,1,0,36.9987136836595
923,14,1.18357224682605,1.8877628135503,"Always-taker",-2,48.1849015427527,46.1849015427527,"Failure: non-random eligibility",4366,0,1,46.1849015427527
924,12,0.0136576015705141,0.0218567710985928,"Never-taker",-3.5,46.7848096185461,43.2848096185461,"Failure: non-random eligibility",3010,0,0,46.7848096185461
925,13,-0.403309398569694,-0.138420618547017,"Never-taker",-3.5,40.4325096505384,36.9325096505384,"Failure: non-random eligibility",3171,0,0,40.4325096505384
926,10,-1.69564152211316,0.031334987168415,"Never-taker",-3.5,39.3919557540848,35.8919557540848,"Failure: non-random eligibility",3343,0,0,39.3919557540848
927,12,-0.872003364708041,0.16171290167078,"Complier",-5,37.3534210731978,32.3534210731978,"Failure: non-random eligibility",222,1,1,32.3534210731978
928,9,-2.04453232697298,0.206894941478607,"Complier",-5,43.1040331722193,38.1040331722193,"Failure: non-random eligibility",86,1,1,38.1040331722193
929,12,0.600036366950571,0.306102082575758,"Complier",-5,45.1758667704574,40.1758667704574,"Failure: non-random eligibility",3365,0,0,45.1758667704574
930,11,-0.843033178453631,0.251801344951967,"Complier",-5,46.8428188538184,41.8428188538184,"Failure: non-random eligibility",1839,1,1,41.8428188538184
931,10,0.101248504027894,-0.211000003597035,"Never-taker",-3.5,40.8747039314886,37.3747039314886,"Failure: non-random eligibility",4069,0,0,40.8747039314886
932,13,0.343494886063677,0.117901786966935,"Never-taker",-3.5,52.3835026288869,48.8835026288869,"Failure: non-random eligibility",639,1,0,52.3835026288869
933,11,-0.442382861551907,0.599132193528866,"Complier",-5,45.31779307857,40.31779307857,"Failure: non-random eligibility",1907,1,1,40.31779307857
934,12,0.00954593045642065,-1.01799133059185,"Never-taker",-3.5,43.1721104705822,39.6721104705822,"Failure: non-random eligibility",1078,1,0,43.1721104705822
935,11,0.357427096552718,1.19766290506868,"Complier",-5,45.5078139564553,40.5078139564553,"Failure: non-random eligibility",987,1,1,40.5078139564553
936,16,2.54952368137026,-0.84696794768433,"Never-taker",-3.5,54.7384285732848,51.2384285732848,"Failure: non-random eligibility",4769,0,0,54.7384285732848
937,11,-0.247538799320446,-0.196761820945094,"Never-taker",-3.5,41.2394064538312,37.7394064538312,"Failure: non-random eligibility",3198,0,0,41.2394064538312
938,10,-0.192014842442091,-0.225707023166581,"Never-taker",-3.5,42.4203132631463,38.9203132631463,"Failure: non-random eligibility",4260,0,0,42.4203132631463
939,15,0.00744145312727933,-0.794820859112739,"Never-taker",-3.5,52.7993698126074,49.2993698126074,"Failure: non-random eligibility",2236,1,0,52.7993698126074
940,12,-1.83718032177603,-2.91727337161059,"Never-taker",-3.5,36.7106128279356,33.2106128279356,"Failure: non-random eligibility",1230,1,0,36.7106128279356
941,15,1.05932474997061,-0.786148815638827,"Never-taker",-3.5,50.4609967600012,46.9609967600012,"Failure: non-random eligibility",4784,0,0,50.4609967600012
942,14,0.534556706239226,-1.27557901552472,"Never-taker",-3.5,45.8105777827536,42.3105777827536,"Failure: non-random eligibility",210,1,0,45.8105777827536
943,12,0.0177853461925478,-1.42599297836571,"Never-taker",-3.5,43.440472353504,39.940472353504,"Failure: non-random eligibility",4759,0,0,43.440472353504
944,11,-1.33764698304363,-0.0508079414020067,"Never-taker",-3.5,42.3289966220306,38.8289966220306,"Failure: non-random eligibility",2697,0,0,42.3289966220306
945,10,-1.69884062314289,1.28602251772104,"Complier",-5,39.5112996780764,34.5112996780764,"Failure: non-random eligibility",817,1,1,34.5112996780764
946,12,-0.776254496049922,-0.307857663089459,"Never-taker",-3.5,45.3257247713996,41.8257247713996,"Failure: non-random eligibility",1656,1,0,45.3257247713996
947,13,-0.0293508537670808,1.45072244907304,"Always-taker",-2,43.3277317695153,41.3277317695153,"Failure: non-random eligibility",2820,0,1,41.3277317695153
948,12,0.0326686807968081,0.259222647533202,"Complier",-5,49.5976514632579,44.5976514632579,"Failure: non-random eligibility",4655,0,0,49.5976514632579
949,12,1.24678385914349,1.18501369240148,"Complier",-5,40.1766055756863,35.1766055756863,"Failure: non-random eligibility",4026,0,0,40.1766055756863
950,13,-0.776759513639775,0.926074811514091,"Complier",-5,57.8144829767079,52.8144829767079,"Failure: non-random eligibility",2797,0,0,57.8144829767079
951,15,0.364815457108117,0.49478707042269,"Complier",-5,38.5794175532127,33.5794175532127,"Failure: non-random eligibility",1093,1,1,33.5794175532127
952,16,0.581476132997361,-0.666608088191328,"Never-taker",-3.5,50.9158427165205,47.4158427165205,"Failure: non-random eligibility",4583,0,0,50.9158427165205
953,13,-0.135984647035372,-2.29212442654261,"Never-taker",-3.5,37.3039056479317,33.8039056479317,"Failure: non-random eligibility",2746,0,0,37.3039056479317
954,16,2.22141261847527,-0.95777394365379,"Never-taker",-3.5,52.9045520717396,49.4045520717396,"Failure: non-random eligibility",4425,0,0,52.9045520717396
955,14,0.949604053416959,-0.075565604741395,"Never-taker",-3.5,43.2223133768534,39.7223133768534,"Failure: non-random eligibility",1517,1,0,43.2223133768534
956,9,-1.71019917074955,-0.240632372865343,"Never-taker",-3.5,38.5742251628144,35.0742251628144,"Failure: non-random eligibility",3959,0,0,38.5742251628144
957,16,0.983862511918057,0.138951791146868,"Complier",-5,58.4355144419053,53.4355144419053,"Failure: non-random eligibility",3766,0,0,58.4355144419053
958,14,0.765093180585557,-0.799153535007539,"Never-taker",-3.5,42.0450499165221,38.5450499165221,"Failure: non-random eligibility",4004,0,0,42.0450499165221
959,12,-0.756035098991946,-0.410311617143838,"Never-taker",-3.5,43.9901681607069,40.4901681607069,"Failure: non-random eligibility",1137,1,0,43.9901681607069
960,12,-0.855491016082586,0.862793784725926,"Complier",-5,46.6187429279493,41.6187429279493,"Failure: non-random eligibility",40,1,1,41.6187429279493
961,13,-0.0366656589982905,-1.117709886823,"Never-taker",-3.5,42.9240884900173,39.4240884900173,"Failure: non-random eligibility",270,1,0,42.9240884900173
962,11,-1.61022966149613,-0.753275994026493,"Never-taker",-3.5,43.0423653673235,39.5423653673235,"Failure: non-random eligibility",1116,1,0,43.0423653673235
963,12,-0.753378453904629,0.145389238256531,"Complier",-5,44.9030567654376,39.9030567654376,"Failure: non-random eligibility",134,1,1,39.9030567654376
964,13,0.661229334576807,-0.0295782944774778,"Never-taker",-3.5,48.3816493756258,44.8816493756258,"Failure: non-random eligibility",4995,0,0,48.3816493756258
965,12,-0.967591523760832,0.11712819308315,"Never-taker",-3.5,38.4057656085278,34.9057656085278,"Failure: non-random eligibility",3055,0,0,38.4057656085278
966,13,-0.196712810351259,-0.542259060408049,"Never-taker",-3.5,45.0138385592917,41.5138385592917,"Failure: non-random eligibility",1468,1,0,45.0138385592917
967,13,1.18440100680713,0.48787209574146,"Complier",-5,48.1383509433794,43.1383509433794,"Failure: non-random eligibility",4317,0,0,48.1383509433794
968,12,0.265957483836628,-0.563895438765126,"Never-taker",-3.5,48.2724160349597,44.7724160349597,"Failure: non-random eligibility",2285,1,0,48.2724160349597
969,12,-0.0751786378130464,-0.0964261910364094,"Never-taker",-3.5,40.786610097515,37.286610097515,"Failure: non-random eligibility",1370,1,0,40.786610097515
970,12,0.299110492148774,0.334346311619036,"Complier",-5,53.5206592605378,48.5206592605378,"Failure: non-random eligibility",2538,0,0,53.5206592605378
971,14,-0.391276116659144,-0.425604496017963,"Never-taker",-3.5,48.5738945640615,45.0738945640615,"Failure: non-random eligibility",4165,0,0,48.5738945640615
972,14,0.851190395451291,0.221434930415596,"Complier",-5,48.9031173696014,43.9031173696014,"Failure: non-random eligibility",3547,0,0,48.9031173696014
973,11,-0.329304191517259,-0.278938577167446,"Never-taker",-3.5,35.3904788715948,31.8904788715948,"Failure: non-random eligibility",153,1,0,35.3904788715948
974,11,-1.00360701843134,-0.64686731635291,"Never-taker",-3.5,45.046583234005,41.546583234005,"Failure: non-random eligibility",2270,1,0,45.046583234005
975,11,-0.832154197241812,0.699885199389571,"Complier",-5,42.1612471246254,37.1612471246254,"Failure: non-random eligibility",432,1,1,37.1612471246254
976,12,-0.896092728270815,-0.284517945938106,"Never-taker",-3.5,38.1948365999151,34.6948365999151,"Failure: non-random eligibility",964,1,0,38.1948365999151
977,13,0.132556510268266,2.14295004395328,"Always-taker",-2,54.2701118724257,52.2701118724257,"Failure: non-random eligibility",2858,0,1,52.2701118724257
978,12,-0.965655192618319,-0.338479471728692,"Never-taker",-3.5,47.6470828893095,44.1470828893095,"Failure: non-random eligibility",886,1,0,47.6470828893095
979,10,-1.51197707839527,-0.377086959212211,"Never-taker",-3.5,35.088634601013,31.588634601013,"Failure: non-random eligibility",85,1,0,35.088634601013
980,8,-1.6552587950975,0.264741894047749,"Complier",-5,33.1436712236043,28.1436712236043,"Failure: non-random eligibility",564,1,1,28.1436712236043
981,12,-0.0598844938187244,-0.595779776990713,"Never-taker",-3.5,42.9203861187541,39.4203861187541,"Failure: non-random eligibility",2786,0,0,42.9203861187541
982,10,-0.733568421186472,1.48627885233911,"Always-taker",-2,51.093492282725,49.093492282725,"Failure: non-random eligibility",2899,0,1,49.093492282725
983,14,0.397099106502657,0.903802642193518,"Complier",-5,47.9075949577716,42.9075949577716,"Failure: non-random eligibility",2975,0,0,47.9075949577716
984,12,0.40608896626884,0.421790396042787,"Complier",-5,49.9986587897771,44.9986587897771,"Failure: non-random eligibility",3231,0,0,49.9986587897771
985,12,-0.297060640852899,-0.29743992838542,"Never-taker",-3.5,41.4902170862405,37.9902170862405,"Failure: non-random eligibility",3586,0,0,41.4902170862405
986,15,1.49755212562309,-0.0847490376825911,"Never-taker",-3.5,58.0822851928514,54.5822851928514,"Failure: non-random eligibility",4230,0,0,58.0822851928514
987,14,0.615035577424372,1.78538890073487,"Always-taker",-2,54.1332012243598,52.1332012243598,"Failure: non-random eligibility",1770,1,1,52.1332012243598
988,13,-0.0100271257160804,-0.433102941058629,"Never-taker",-3.5,41.3380771625447,37.8380771625447,"Failure: non-random eligibility",2511,0,0,41.3380771625447
989,14,-0.234175613545027,-1.35302374212663,"Never-taker",-3.5,45.6467432264361,42.1467432264361,"Failure: non-random eligibility",2614,0,0,45.6467432264361
990,13,0.0563585501003041,1.35113982724256,"Always-taker",-2,45.7709034769548,43.7709034769548,"Failure: non-random eligibility",1288,1,1,43.7709034769548
991,14,1.29721920547946,-0.120896294585354,"Never-taker",-3.5,46.9276704603797,43.4276704603797,"Failure: non-random eligibility",2723,0,0,46.9276704603797
992,12,0.0684954372499548,-0.331778005375818,"Never-taker",-3.5,41.263842285578,37.763842285578,"Failure: non-random eligibility",2931,0,0,41.263842285578
993,12,0.24003896492735,0.583454317109573,"Complier",-5,49.2484121963228,44.2484121963228,"Failure: non-random eligibility",1306,1,1,44.2484121963228
994,12,-0.275223527610432,0.443120643891418,"Complier",-5,46.0383674329189,41.0383674329189,"Failure: non-random eligibility",1684,1,1,41.0383674329189
995,14,-0.0477993759473813,0.844338946774948,"Complier",-5,47.7367707412339,42.7367707412339,"Failure: non-random eligibility",3811,0,0,47.7367707412339
996,9,-1.00009665440222,-1.98647078882343,"Never-taker",-3.5,35.126768852374,31.626768852374,"Failure: non-random eligibility",4585,0,0,35.126768852374
997,11,0.319260688674234,0.423685468200735,"Complier",-5,48.3820609761831,43.3820609761831,"Failure: non-random eligibility",2955,0,0,48.3820609761831
998,11,-0.856748227587888,2.07023193412284,"Always-taker",-2,50.7289534880251,48.7289534880251,"Failure: non-random eligibility",2541,0,1,48.7289534880251
999,12,0.839899046212927,0.980847624574416,"Complier",-5,48.3886957611887,43.3886957611887,"Failure: non-random eligibility",4304,0,0,48.3886957611887
1000,13,1.33935693660935,-0.298814205450136,"Never-taker",-3.5,45.6996978483834,42.1996978483834,"Failure: non-random eligibility",2105,1,0,45.6996978483834
1001,13,0.762976104169805,0.595451171213702,"Complier",-5,46.3526611274707,41.3526611274707,"Failure: non-random eligibility",3375,0,0,46.3526611274707
1002,11,-0.12745907094877,1.22773851965509,"Complier",-5,44.2817473248055,39.2817473248055,"Failure: non-random eligibility",1791,1,1,39.2817473248055
1003,12,-0.471795273521375,-0.177134064354994,"Never-taker",-3.5,48.3857218257339,44.8857218257339,"Failure: non-random eligibility",3387,0,0,48.3857218257339
1004,10,-1.02562466770657,0.0337919519846037,"Never-taker",-3.5,45.858220661652,42.358220661652,"Failure: non-random eligibility",4492,0,0,45.858220661652
1005,12,0.0804642440338496,-0.614869746793227,"Never-taker",-3.5,39.8749729402852,36.3749729402852,"Failure: non-random eligibility",1559,1,0,39.8749729402852
1006,13,0.0964944367517067,2.42149259649466,"Always-taker",-2,55.222677737763,53.222677737763,"Failure: non-random eligibility",2220,1,1,53.222677737763
1007,12,0.468433291994306,-0.868878834445913,"Never-taker",-3.5,46.6333858995933,43.1333858995933,"Failure: non-random eligibility",4777,0,0,46.6333858995933
1008,14,1.20426712436138,0.695354453119643,"Complier",-5,52.0712657903694,47.0712657903694,"Failure: non-random eligibility",4693,0,0,52.0712657903694
1009,12,0.466434819300649,0.416851867275828,"Complier",-5,51.0167469464257,46.0167469464257,"Failure: non-random eligibility",2447,1,1,46.0167469464257
1010,9,-1.29946364511363,-1.11448855487365,"Never-taker",-3.5,35.2870903338751,31.7870903338751,"Failure: non-random eligibility",1945,1,0,35.2870903338751
1011,12,0.283607766526176,0.414512029759728,"Complier",-5,42.6847688923401,37.6847688923401,"Failure: non-random eligibility",3211,0,0,42.6847688923401
1012,12,-1.34463513041097,-0.806190423113342,"Never-taker",-3.5,48.2201298591721,44.7201298591721,"Failure: non-random eligibility",4771,0,0,48.2201298591721
1013,11,-0.350140728363491,0.21015410850982,"Complier",-5,47.8669792913343,42.8669792913343,"Failure: non-random eligibility",2114,1,1,42.8669792913343
1014,13,-0.320207341420171,0.235691778496914,"Complier",-5,48.5003716170999,43.5003716170999,"Failure: non-random eligibility",3661,0,0,48.5003716170999
1015,11,0.122643307986824,-0.023066527928941,"Never-taker",-3.5,39.8578847504627,36.3578847504627,"Failure: non-random eligibility",2832,0,0,39.8578847504627
1016,12,0.857392349934654,-0.00790796786589442,"Never-taker",-3.5,44.3638387223493,40.8638387223493,"Failure: non-random eligibility",3309,0,0,44.3638387223493
1017,12,-0.635750902879582,-0.174448266739571,"Never-taker",-3.5,45.6578761808546,42.1578761808546,"Failure: non-random eligibility",82,1,0,45.6578761808546
1018,15,2.31518735187222,-0.444378704309226,"Never-taker",-3.5,54.2743549250178,50.7743549250178,"Failure: non-random eligibility",4647,0,0,54.2743549250178
1019,13,0.0766076982828556,-1.39340132278003,"Never-taker",-3.5,40.5418769706318,37.0418769706318,"Failure: non-random eligibility",1774,1,0,40.5418769706318
1020,11,-0.363463036048088,-0.0200681109411654,"Never-taker",-3.5,36.2091126560561,32.7091126560561,"Failure: non-random eligibility",1519,1,0,36.2091126560561
1021,15,1.64309204210228,-0.893409343663293,"Never-taker",-3.5,54.39109430305,50.89109430305,"Failure: non-random eligibility",3126,0,0,54.39109430305
1022,12,-0.186214935413592,-0.291517069052049,"Never-taker",-3.5,43.8799023193786,40.3799023193786,"Failure: non-random eligibility",3212,0,0,43.8799023193786
1023,10,-3.10921498910176,-1.06499077366309,"Never-taker",-3.5,29.2109893194742,25.7109893194742,"Failure: non-random eligibility",47,1,0,29.2109893194742
1024,13,-1.1268177778005,-0.706834107903777,"Never-taker",-3.5,41.5095906155605,38.0095906155605,"Failure: non-random eligibility",1800,1,0,41.5095906155605
1025,12,-1.06100324420487,1.59144822879644,"Always-taker",-2,48.3283916295731,46.3283916295731,"Failure: non-random eligibility",751,1,1,46.3283916295731
1026,11,-0.343656760699611,-1.7298648421347,"Never-taker",-3.5,37.6648592592154,34.1648592592154,"Failure: non-random eligibility",3048,0,0,37.6648592592154
1027,14,1.02170644249727,-0.429227503981332,"Never-taker",-3.5,54.8269192426067,51.3269192426067,"Failure: non-random eligibility",2787,0,0,54.8269192426067
1028,12,0.482260109230073,-1.30174951822274,"Never-taker",-3.5,41.0139914021589,37.5139914021589,"Failure: non-random eligibility",945,1,0,41.0139914021589
1029,13,0.218544137232316,1.19909604213165,"Complier",-5,58.6561066238772,53.6561066238772,"Failure: non-random eligibility",4046,0,0,58.6561066238772
1030,12,1.00700420717038,0.141121200797466,"Complier",-5,44.0567973960404,39.0567973960404,"Failure: non-random eligibility",3977,0,0,44.0567973960404
1031,8,-2.25906569137958,-1.0617810048629,"Never-taker",-3.5,35.0585776701234,31.5585776701234,"Failure: non-random eligibility",763,1,0,35.0585776701234
1032,13,0.338235004213636,-0.652999933120335,"Never-taker",-3.5,40.3026994462149,36.8026994462149,"Failure: non-random eligibility",1572,1,0,40.3026994462149
1033,12,-1.92347521867027,2.06648959352089,"Always-taker",-2,38.6177677281691,36.6177677281691,"Failure: non-random eligibility",1166,1,1,36.6177677281691
1034,10,-1.96868956962762,-1.18888851157699,"Never-taker",-3.5,30.2780478463114,26.7780478463114,"Failure: non-random eligibility",559,1,0,30.2780478463114
1035,12,-1.41232001346173,-0.433947551571773,"Never-taker",-3.5,44.4228974553207,40.9228974553207,"Failure: non-random eligibility",3765,0,0,44.4228974553207
1036,14,0.265976707669873,-0.89191344641103,"Never-taker",-3.5,41.6765452036205,38.1765452036205,"Failure: non-random eligibility",842,1,0,41.6765452036205
1037,16,1.35395781478791,-0.0111113981352218,"Never-taker",-3.5,59.0911118827386,55.5911118827386,"Failure: non-random eligibility",1351,1,0,59.0911118827386
1038,13,0.524337997749266,-0.542392429293169,"Never-taker",-3.5,46.3438805790022,42.8438805790022,"Failure: non-random eligibility",1045,1,0,46.3438805790022
1039,12,0.494688665708562,-0.00779767787434955,"Never-taker",-3.5,46.4469278641049,42.9469278641049,"Failure: non-random eligibility",4866,0,0,46.4469278641049
1040,11,-0.795843226274141,0.0438789057526913,"Never-taker",-3.5,49.3296841849789,45.8296841849789,"Failure: non-random eligibility",1198,1,0,49.3296841849789
1041,12,-0.161648453330092,-0.738304047843252,"Never-taker",-3.5,40.6427809607429,37.1427809607429,"Failure: non-random eligibility",1358,1,0,40.6427809607429
1042,12,-0.193340870126023,-2.93015995641496,"Never-taker",-3.5,37.782325255809,34.282325255809,"Failure: non-random eligibility",857,1,0,37.782325255809
1043,9,-1.97331669161113,-0.512650597530028,"Never-taker",-3.5,35.2301183233183,31.7301183233183,"Failure: non-random eligibility",339,1,0,35.2301183233183
1044,12,0.0653343480835949,0.0284304956786176,"Never-taker",-3.5,39.8034004022368,36.3034004022368,"Failure: non-random eligibility",1709,1,0,39.8034004022368
1045,11,-0.370940545894779,-0.152783676390528,"Never-taker",-3.5,44.1052832479119,40.6052832479119,"Failure: non-random eligibility",2289,1,0,44.1052832479119
1046,12,0.424254159979767,0.139795787254268,"Complier",-5,42.8719556675514,37.8719556675514,"Failure: non-random eligibility",2827,0,0,42.8719556675514
1047,15,1.40209521950835,-0.0957095581536356,"Never-taker",-3.5,57.9662417290483,54.4662417290483,"Failure: non-random eligibility",4473,0,0,57.9662417290483
1048,13,-0.832636212308972,0.831654740022333,"Complier",-5,51.6617959327995,46.6617959327995,"Failure: non-random eligibility",2543,0,0,51.6617959327995
1049,14,1.23164475872766,-0.680153301543104,"Never-taker",-3.5,45.6244040051228,42.1244040051228,"Failure: non-random eligibility",2781,0,0,45.6244040051228
1050,10,-3.01796489432108,-1.1667247029314,"Never-taker",-3.5,26.9795207612573,23.4795207612573,"Failure: non-random eligibility",106,1,0,26.9795207612573
1051,13,1.07927122465066,0.031366651556045,"Never-taker",-3.5,54.3009770025225,50.8009770025225,"Failure: non-random eligibility",4028,0,0,54.3009770025225
1052,16,1.89979666543931,-0.420689872277647,"Never-taker",-3.5,57.6685603916842,54.1685603916842,"Failure: non-random eligibility",1805,1,0,57.6685603916842
1053,12,-0.0645065236104736,-1.27699371559358,"Never-taker",-3.5,41.0004359147684,37.5004359147684,"Failure: non-random eligibility",235,1,0,41.0004359147684
1054,11,-0.958058188805549,0.17550229782077,"Complier",-5,49.2667781130031,44.2667781130031,"Failure: non-random eligibility",1472,1,1,44.2667781130031
1055,15,0.295009210582835,0.941803694394028,"Complier",-5,51.4136003972574,46.4136003972574,"Failure: non-random eligibility",3480,0,0,51.4136003972574
1056,14,1.16128875990209,0.987371881924363,"Complier",-5,48.7521920864015,43.7521920864015,"Failure: non-random eligibility",4936,0,0,48.7521920864015
1057,11,-1.8653123385929,-1.36272108977368,"Never-taker",-3.5,38.422731793908,34.922731793908,"Failure: non-random eligibility",155,1,0,38.422731793908
1058,13,1.19919001045043,-1.99854512162429,"Never-taker",-3.5,40.1301969885491,36.6301969885491,"Failure: non-random eligibility",2465,1,0,40.1301969885491
1059,13,0.937814377000041,0.403156063478911,"Complier",-5,42.9389589956218,37.9389589956218,"Failure: non-random eligibility",4813,0,0,42.9389589956218
1060,14,1.21037086479247,-0.427337123417698,"Never-taker",-3.5,49.5223356983286,46.0223356983286,"Failure: non-random eligibility",4383,0,0,49.5223356983286
1061,8,-2.3916409793096,-1.02002697086124,"Never-taker",-3.5,36.1229510388466,32.6229510388466,"Failure: non-random eligibility",976,1,0,36.1229510388466
1062,15,1.21012243935368,-0.322079545789051,"Never-taker",-3.5,52.8098598941477,49.3098598941477,"Failure: non-random eligibility",3496,0,0,52.8098598941477
1063,13,-0.910679547326232,0.216146614538317,"Complier",-5,42.8926237475803,37.8926237475803,"Failure: non-random eligibility",2701,0,0,42.8926237475803
1064,15,0.849558362594026,1.66358622576066,"Always-taker",-2,50.2559492152584,48.2559492152584,"Failure: non-random eligibility",3904,0,1,48.2559492152584
1065,13,-0.696556393979154,1.53363857088532,"Always-taker",-2,49.6395746327525,47.6395746327525,"Failure: non-random eligibility",1531,1,1,47.6395746327525
1066,15,0.0858517082778126,0.798252950072369,"Complier",-5,47.8209414293372,42.8209414293372,"Failure: non-random eligibility",2744,0,0,47.8209414293372
1067,15,0.44556478879583,1.28530786875281,"Complier",-5,56.5583154882803,51.5583154882803,"Failure: non-random eligibility",2291,1,1,51.5583154882803
1068,10,-1.31958524274065,1.5368017821851,"Always-taker",-2,41.1862461543105,39.1862461543105,"Failure: non-random eligibility",4841,0,1,39.1862461543105
1069,15,1.13836969641781,-0.504954042373503,"Never-taker",-3.5,43.747027793212,40.247027793212,"Failure: non-random eligibility",4248,0,0,43.747027793212
1070,15,0.36978730073752,0.885424294626337,"Complier",-5,48.9700710093208,43.9700710093208,"Failure: non-random eligibility",3517,0,0,48.9700710093208
1071,13,2.06690132404435,1.18250486568049,"Complier",-5,53.9744720413289,48.9744720413289,"Failure: non-random eligibility",4127,0,0,53.9744720413289
1072,13,-0.656710458880735,0.898481868784422,"Complier",-5,52.3492208024762,47.3492208024762,"Failure: non-random eligibility",1072,1,1,47.3492208024762
1073,13,0.797613088042262,-0.302620210102325,"Never-taker",-3.5,43.2035438880906,39.7035438880906,"Failure: non-random eligibility",1740,1,0,43.2035438880906
1074,12,0.0912623163105876,0.377593452850802,"Complier",-5,42.9142747775008,37.9142747775008,"Failure: non-random eligibility",1469,1,1,37.9142747775008
1075,13,1.87675153920782,0.656730355371546,"Complier",-5,58.0129944731883,53.0129944731883,"Failure: non-random eligibility",2812,0,0,58.0129944731883
1076,11,-1.83314861098511,0.00107275461501641,"Never-taker",-3.5,49.6351680820415,46.1351680820415,"Failure: non-random eligibility",228,1,0,49.6351680820415
1077,12,0.0192174806708154,0.0714991611896604,"Never-taker",-3.5,44.8479276649925,41.3479276649925,"Failure: non-random eligibility",2951,0,0,44.8479276649925
1078,13,-0.291449087148765,-0.252900824909144,"Never-taker",-3.5,45.1015759537822,41.6015759537822,"Failure: non-random eligibility",1475,1,0,45.1015759537822
1079,14,-0.109146264415075,-0.0630210353783167,"Never-taker",-3.5,44.4392060356242,40.9392060356242,"Failure: non-random eligibility",862,1,0,44.4392060356242
1080,13,-0.163489599795929,-0.987730890917583,"Never-taker",-3.5,39.6584917045081,36.1584917045081,"Failure: non-random eligibility",1273,1,0,39.6584917045081
1081,11,-0.542370329095495,-0.296648005044927,"Never-taker",-3.5,41.9604024096368,38.4604024096368,"Failure: non-random eligibility",1474,1,0,41.9604024096368
1082,14,1.84294414004494,-0.0469683763867647,"Never-taker",-3.5,52.546177604002,49.046177604002,"Failure: non-random eligibility",2823,0,0,52.546177604002
1083,13,0.402483602678073,1.11042460339595,"Complier",-5,54.9148831995264,49.9148831995264,"Failure: non-random eligibility",687,1,1,49.9148831995264
1084,14,0.828439581511597,-0.594470957432251,"Never-taker",-3.5,45.7139543024851,42.2139543024851,"Failure: non-random eligibility",3665,0,0,45.7139543024851
1085,13,-0.366091225900861,1.60114482884918,"Always-taker",-2,50.5960328762023,48.5960328762023,"Failure: non-random eligibility",715,1,1,48.5960328762023
1086,10,-0.819268007625184,0.240567951985519,"Complier",-5,44.9558549952066,39.9558549952066,"Failure: non-random eligibility",4603,0,0,44.9558549952066
1087,10,-2.77727476527459,-0.526271647152357,"Never-taker",-3.5,35.1630748289718,31.6630748289718,"Failure: non-random eligibility",937,1,0,35.1630748289718
1088,13,0.295836736189025,-1.74103848197991,"Never-taker",-3.5,49.2773626225734,45.7773626225734,"Failure: non-random eligibility",4116,0,0,49.2773626225734
1089,10,-0.133105961320458,-0.0818058453557439,"Never-taker",-3.5,34.1933671434018,30.6933671434018,"Failure: non-random eligibility",3498,0,0,34.1933671434018
1090,11,-0.434173777245493,0.768451112065041,"Complier",-5,45.9739826247043,40.9739826247043,"Failure: non-random eligibility",2106,1,1,40.9739826247043
1091,12,-0.367063567414404,-0.156810427750107,"Never-taker",-3.5,44.1223081960341,40.6223081960341,"Failure: non-random eligibility",2009,1,0,44.1223081960341
1092,9,-1.16599908717627,1.58859131523779,"Always-taker",-2,48.0962890805314,46.0962890805314,"Failure: non-random eligibility",2369,1,1,46.0962890805314
1093,13,0.159056536963881,0.432665969373798,"Complier",-5,48.6988146676848,43.6988146676848,"Failure: non-random eligibility",2457,1,1,43.6988146676848
1094,12,0.41133375149341,-2.3295789525897,"Never-taker",-3.5,40.6830834636724,37.1830834636724,"Failure: non-random eligibility",3401,0,0,40.6830834636724
1095,13,0.188002024815507,-1.98456404337673,"Never-taker",-3.5,40.6622001829857,37.1622001829857,"Failure: non-random eligibility",3285,0,0,40.6622001829857
1096,12,-0.0202110777740281,-0.25846453845397,"Never-taker",-3.5,39.8025041335704,36.3025041335704,"Failure: non-random eligibility",2731,0,0,39.8025041335704
1097,12,0.571553433878282,1.45873647837744,"Always-taker",-2,48.5018122622893,46.5018122622893,"Failure: non-random eligibility",4620,0,1,46.5018122622893
1098,14,-1.05653974028025,-0.628356385366013,"Never-taker",-3.5,48.2215107575496,44.7215107575496,"Failure: non-random eligibility",2673,0,0,48.2215107575496
1099,9,-1.79877270686338,0.192480446908235,"Complier",-5,35.6526981203614,30.6526981203614,"Failure: non-random eligibility",437,1,1,30.6526981203614
1100,14,0.0604693352422348,-0.537933195994996,"Never-taker",-3.5,44.5137568385862,41.0137568385862,"Failure: non-random eligibility",3642,0,0,44.5137568385862
1101,13,0.829853332707584,0.6272495785486,"Complier",-5,50.9038724558106,45.9038724558106,"Failure: non-random eligibility",3163,0,0,50.9038724558106
1102,14,0.222052568730596,0.108690262401948,"Never-taker",-3.5,44.9173881399826,41.4173881399826,"Failure: non-random eligibility",683,1,0,44.9173881399826
1103,14,1.52909300562635,1.6924180142265,"Always-taker",-2,53.0451004340159,51.0451004340159,"Failure: non-random eligibility",4524,0,1,51.0451004340159
1104,14,1.68723195765631,-0.607755370691234,"Never-taker",-3.5,49.1380877781325,45.6380877781325,"Failure: non-random eligibility",4763,0,0,49.1380877781325
1105,11,-0.124266668556559,2.0812630400947,"Always-taker",-2,50.8573501781443,48.8573501781443,"Failure: non-random eligibility",1591,1,1,48.8573501781443
1106,14,1.44548388707437,0.866519428719605,"Complier",-5,50.4548198226498,45.4548198226498,"Failure: non-random eligibility",1526,1,1,45.4548198226498
1107,12,-0.596066530709709,-1.50901825642833,"Never-taker",-3.5,38.7073665588266,35.2073665588266,"Failure: non-random eligibility",1704,1,0,38.7073665588266
1108,10,-1.23003715906782,1.07103845642782,"Complier",-5,47.473959015339,42.473959015339,"Failure: non-random eligibility",4115,0,0,47.473959015339
1109,10,-1.63852200516889,0.526780849017066,"Complier",-5,39.3441064102157,34.3441064102157,"Failure: non-random eligibility",141,1,1,34.3441064102157
1110,17,1.85957047794793,-0.539319043825994,"Never-taker",-3.5,50.4755678226428,46.9755678226428,"Failure: non-random eligibility",4131,0,0,50.4755678226428
1111,10,-0.319573334806313,0.552009083723796,"Complier",-5,37.348763839723,32.348763839723,"Failure: non-random eligibility",2603,0,0,37.348763839723
1112,11,0.484738656084551,-0.808566554435863,"Never-taker",-3.5,45.2610143048231,41.7610143048231,"Failure: non-random eligibility",4751,0,0,45.2610143048231
1113,12,-1.09170565527579,-2.22927354618477,"Never-taker",-3.5,40.5425896498998,37.0425896498998,"Failure: non-random eligibility",635,1,0,40.5425896498998
1114,11,-1.33858132994025,0.977981817729686,"Complier",-5,40.2208812829378,35.2208812829378,"Failure: non-random eligibility",36,1,1,35.2208812829378
1115,12,0.286712112469644,0.147345140927818,"Complier",-5,48.6192295822961,43.6192295822961,"Failure: non-random eligibility",4374,0,0,48.6192295822961
1116,11,-1.17302213548427,-1.49778393591728,"Never-taker",-3.5,31.1263343232787,27.6263343232787,"Failure: non-random eligibility",1197,1,0,31.1263343232787
1117,11,-0.934493322006427,2.81883812104436,"Always-taker",-2,46.8962919693125,44.8962919693125,"Failure: non-random eligibility",372,1,1,44.8962919693125
1118,13,0.859012822670792,1.37984487526045,"Always-taker",-2,43.3475650070879,41.3475650070879,"Failure: non-random eligibility",1096,1,1,41.3475650070879
1119,13,0.743133573488443,-1.21751155142418,"Never-taker",-3.5,48.7420015031838,45.2420015031838,"Failure: non-random eligibility",4821,0,0,48.7420015031838
1120,13,0.175025323620226,1.29167026077038,"Complier",-5,45.8321821592843,40.8321821592843,"Failure: non-random eligibility",1975,1,1,40.8321821592843
1121,13,0.815051801553117,-0.166041824018268,"Never-taker",-3.5,37.9254036905581,34.4254036905581,"Failure: non-random eligibility",3841,0,0,37.9254036905581
1122,14,-0.268713132162339,0.451605743709021,"Complier",-5,52.17263570294,47.17263570294,"Failure: non-random eligibility",1751,1,1,47.17263570294
1123,16,1.20721582297246,0.170590814353141,"Complier",-5,51.4639951383653,46.4639951383653,"Failure: non-random eligibility",1433,1,1,46.4639951383653
1124,13,0.515302683282075,-0.417538977748405,"Never-taker",-3.5,47.6083754379383,44.1083754379383,"Failure: non-random eligibility",2315,1,0,47.6083754379383
1125,12,0.121228336811874,0.237390153876211,"Complier",-5,39.7202939561744,34.7202939561744,"Failure: non-random eligibility",698,1,1,34.7202939561744
1126,12,-1.18446302846702,0.0607848638755927,"Never-taker",-3.5,40.8725172551588,37.3725172551588,"Failure: non-random eligibility",541,1,0,40.8725172551588
1127,13,0.696395116578808,-1.39088345599344,"Never-taker",-3.5,51.5758130134851,48.0758130134851,"Failure: non-random eligibility",2275,1,0,51.5758130134851
1128,12,-0.908671006399793,0.281445965185976,"Complier",-5,48.7845013611619,43.7845013611619,"Failure: non-random eligibility",1793,1,1,43.7845013611619
1129,13,0.865315300730988,-0.330652134234221,"Never-taker",-3.5,41.700796007779,38.200796007779,"Failure: non-random eligibility",3359,0,0,41.700796007779
1130,14,0.657860036204998,0.189962942003632,"Complier",-5,47.6973538715894,42.6973538715894,"Failure: non-random eligibility",3715,0,0,47.6973538715894
1131,15,2.02964251814301,0.0760411145978138,"Never-taker",-3.5,57.8263223195861,54.3263223195861,"Failure: non-random eligibility",2309,1,0,57.8263223195861
1132,13,0.867138341937964,-0.816421512285246,"Never-taker",-3.5,49.6636729471093,46.1636729471093,"Failure: non-random eligibility",771,1,0,49.6636729471093
1133,15,0.487791206704479,-1.05491955220936,"Never-taker",-3.5,47.3304678792826,43.8304678792826,"Failure: non-random eligibility",1239,1,0,47.3304678792826
1134,11,-0.919931019632105,-0.252210722963775,"Never-taker",-3.5,41.4341153330888,37.9341153330888,"Failure: non-random eligibility",4139,0,0,41.4341153330888
1135,11,-1.42603481848076,-0.0826230737509809,"Never-taker",-3.5,39.6858528840822,36.1858528840822,"Failure: non-random eligibility",1434,1,0,39.6858528840822
1136,14,1.23166830736887,-0.458792270365626,"Never-taker",-3.5,48.2940467347195,44.7940467347195,"Failure: non-random eligibility",4743,0,0,48.2940467347195
1137,10,-1.78456238329392,0.733777540031283,"Complier",-5,43.8894834085421,38.8894834085421,"Failure: non-random eligibility",1402,1,1,38.8894834085421
1138,14,0.267790116640007,-1.65265081944916,"Never-taker",-3.5,50.8067948663498,47.3067948663498,"Failure: non-random eligibility",3885,0,0,50.8067948663498
1139,12,-0.647437612925091,-0.994602942212061,"Never-taker",-3.5,46.0754558288797,42.5754558288797,"Failure: non-random eligibility",4024,0,0,46.0754558288797
1140,13,-0.104887347075581,1.86894662603671,"Always-taker",-2,49.2305633615026,47.2305633615026,"Failure: non-random eligibility",4080,0,1,47.2305633615026
1141,11,0.104422124650371,-0.377037005044482,"Never-taker",-3.5,41.2814085761302,37.7814085761302,"Failure: non-random eligibility",3981,0,0,41.2814085761302
1142,12,0.179604996675202,2.14611120926346,"Always-taker",-2,44.3109191079899,42.3109191079899,"Failure: non-random eligibility",3220,0,1,42.3109191079899
1143,11,-1.34961221385364,-0.508014012800076,"Never-taker",-3.5,34.7423864836197,31.2423864836197,"Failure: non-random eligibility",1728,1,0,34.7423864836197
1144,12,-0.611709250342409,0.103598164523238,"Never-taker",-3.5,47.1617163033533,43.6617163033533,"Failure: non-random eligibility",1828,1,0,47.1617163033533
1145,14,1.35956285592566,0.0914778959678394,"Never-taker",-3.5,49.2974126969237,45.7974126969237,"Failure: non-random eligibility",4495,0,0,49.2974126969237
1146,10,-1.84222966669381,0.0447371407258963,"Never-taker",-3.5,42.7390842731514,39.2390842731514,"Failure: non-random eligibility",643,1,0,42.7390842731514
1147,12,-0.291525045297506,2.21906801145251,"Always-taker",-2,44.417322219331,42.417322219331,"Failure: non-random eligibility",4021,0,1,42.417322219331
1148,14,0.835146810384537,0.934920087912439,"Complier",-5,53.9380483268648,48.9380483268648,"Failure: non-random eligibility",4201,0,0,53.9380483268648
1149,12,-0.628194984097814,1.43091442331318,"Always-taker",-2,48.6746484373492,46.6746484373492,"Failure: non-random eligibility",1958,1,1,46.6746484373492
1150,13,0.58543418910512,0.201810616338712,"Complier",-5,54.9652869134169,49.9652869134169,"Failure: non-random eligibility",1025,1,1,49.9652869134169
1151,13,0.917598935765429,0.061646634217193,"Never-taker",-3.5,44.2389036449946,40.7389036449946,"Failure: non-random eligibility",2129,1,0,44.2389036449946
1152,11,-0.23686634006048,0.187673892348874,"Complier",-5,53.4106013550379,48.4106013550379,"Failure: non-random eligibility",645,1,1,48.4106013550379
1153,10,-1.11789414669553,1.7279298677789,"Always-taker",-2,47.1039421077634,45.1039421077634,"Failure: non-random eligibility",1899,1,1,45.1039421077634
1154,13,-1.03287654634244,1.36175889545332,"Always-taker",-2,50.1982202817316,48.1982202817316,"Failure: non-random eligibility",1437,1,1,48.1982202817316
1155,15,1.23023045025152,-1.15900377580267,"Never-taker",-3.5,57.3593412809746,53.8593412809746,"Failure: non-random eligibility",4578,0,0,57.3593412809746
1156,12,0.944331571987329,0.707405238228431,"Complier",-5,47.6380618636906,42.6380618636906,"Failure: non-random eligibility",419,1,1,42.6380618636906
1157,12,0.107941422780253,-0.585553181225143,"Never-taker",-3.5,46.1838951045426,42.6838951045426,"Failure: non-random eligibility",1775,1,0,46.1838951045426
1158,12,0.222653142970297,0.347848507113123,"Complier",-5,43.5742773192183,38.5742773192183,"Failure: non-random eligibility",1734,1,1,38.5742773192183
1159,12,-0.524890300162222,1.46843563178294,"Always-taker",-2,47.5069144649175,45.5069144649175,"Failure: non-random eligibility",2113,1,1,45.5069144649175
1160,14,-0.0375012027204533,0.244516448065583,"Complier",-5,48.9005748719638,43.9005748719638,"Failure: non-random eligibility",1797,1,1,43.9005748719638
1161,14,0.924192993522704,-1.30909942537155,"Never-taker",-3.5,48.9495780032723,45.4495780032723,"Failure: non-random eligibility",4285,0,0,48.9495780032723
1162,12,-1.17106165841313,0.827118067039582,"Complier",-5,40.6312413261448,35.6312413261448,"Failure: non-random eligibility",2005,1,1,35.6312413261448
1163,14,-0.6945074966352,-1.4426635453126,"Never-taker",-3.5,39.9797110479203,36.4797110479203,"Failure: non-random eligibility",1346,1,0,39.9797110479203
1164,13,-0.0197970260809065,0.404211420032619,"Complier",-5,46.3372851841613,41.3372851841613,"Failure: non-random eligibility",254,1,1,41.3372851841613
1165,14,-0.274524271111326,-0.179161977109451,"Never-taker",-3.5,42.4403239433881,38.9403239433881,"Failure: non-random eligibility",2393,1,0,42.4403239433881
1166,16,1.52986298723919,1.17848442137834,"Complier",-5,51.5856649269483,46.5856649269483,"Failure: non-random eligibility",3696,0,0,51.5856649269483
1167,15,1.02661912504342,-0.434166947322283,"Never-taker",-3.5,53.3092456242006,49.8092456242006,"Failure: non-random eligibility",2953,0,0,53.3092456242006
1168,14,1.33540602996123,-0.20539442553722,"Never-taker",-3.5,46.9720498401056,43.4720498401056,"Failure: non-random eligibility",3062,0,0,46.9720498401056
1169,13,0.351654007586058,0.380318365947959,"Complier",-5,52.3487446349036,47.3487446349036,"Failure: non-random eligibility",2181,1,1,47.3487446349036
1170,13,0.752444374963791,-1.20947086880769,"Never-taker",-3.5,55.5040893127636,52.0040893127636,"Failure: non-random eligibility",4742,0,0,55.5040893127636
1171,14,1.3518049823354,-2.42173240117594,"Never-taker",-3.5,47.2106942389914,43.7106942389914,"Failure: non-random eligibility",1790,1,0,47.2106942389914
1172,12,-0.57804741993826,-0.763180095816355,"Never-taker",-3.5,45.2773627310896,41.7773627310896,"Failure: non-random eligibility",407,1,0,45.2773627310896
1173,13,-0.233107260491177,0.922048867804352,"Complier",-5,50.2865065687149,45.2865065687149,"Failure: non-random eligibility",1873,1,1,45.2865065687149
1174,11,-0.0616873200574467,0.097301704335215,"Never-taker",-3.5,43.1163391969329,39.6163391969329,"Failure: non-random eligibility",4136,0,0,43.1163391969329
1175,14,1.67266258185209,-1.69402801062251,"Never-taker",-3.5,45.8054932004005,42.3054932004005,"Failure: non-random eligibility",2572,0,0,45.8054932004005
1176,13,-0.584149981298603,-0.0764618519115527,"Never-taker",-3.5,41.4197830458307,37.9197830458307,"Failure: non-random eligibility",4094,0,0,41.4197830458307
1177,13,0.125432228620306,0.261678902682252,"Complier",-5,39.4426849652282,34.4426849652282,"Failure: non-random eligibility",1972,1,1,34.4426849652282
1178,9,-1.29014740461311,-0.596755967405624,"Never-taker",-3.5,36.6276133444179,33.1276133444179,"Failure: non-random eligibility",746,1,0,36.6276133444179
1179,11,-1.02201520496854,-0.334982176565731,"Never-taker",-3.5,45.392660290048,41.892660290048,"Failure: non-random eligibility",1956,1,0,45.392660290048
1180,13,-0.215841705554404,-0.972974899905642,"Never-taker",-3.5,43.4861309915377,39.9861309915377,"Failure: non-random eligibility",3341,0,0,43.4861309915377
1181,13,-0.0912865088162813,-0.00912875820075012,"Never-taker",-3.5,59.1888139202494,55.6888139202494,"Failure: non-random eligibility",4393,0,0,59.1888139202494
1182,13,0.555334096665275,-0.405739075628811,"Never-taker",-3.5,51.339800007553,47.839800007553,"Failure: non-random eligibility",3886,0,0,51.339800007553
1183,11,-1.47417799822531,0.0469129077596183,"Never-taker",-3.5,37.1730519147674,33.6730519147674,"Failure: non-random eligibility",571,1,0,37.1730519147674
1184,12,0.0332867319129505,-0.640655559049242,"Never-taker",-3.5,42.72537717545,39.22537717545,"Failure: non-random eligibility",3263,0,0,42.72537717545
1185,12,-1.23035210769002,0.952836391423495,"Complier",-5,42.1713223038793,37.1713223038793,"Failure: non-random eligibility",610,1,1,37.1713223038793
1186,13,0.874311129111444,-1.61963309537717,"Never-taker",-3.5,45.8071978250856,42.3071978250856,"Failure: non-random eligibility",781,1,0,45.8071978250856
1187,14,1.00434461434229,0.776488172215724,"Complier",-5,53.0301308226486,48.0301308226486,"Failure: non-random eligibility",4845,0,0,53.0301308226486
1188,15,1.63851574119164,0.818485492972967,"Complier",-5,43.5546293986811,38.5546293986811,"Failure: non-random eligibility",4150,0,0,43.5546293986811
1189,13,0.900931012345665,1.30444811948059,"Complier",-5,48.4747141364072,43.4747141364072,"Failure: non-random eligibility",2755,0,0,48.4747141364072
1190,9,-1.67229896450398,1.16093362511402,"Complier",-5,36.3897651542411,31.3897651542411,"Failure: non-random eligibility",16,1,1,31.3897651542411
1191,14,0.142149994104056,0.605502431313294,"Complier",-5,45.1696554297097,40.1696554297097,"Failure: non-random eligibility",3462,0,0,45.1696554297097
1192,10,-1.59727754407856,-0.199850952314813,"Never-taker",-3.5,40.2222267834406,36.7222267834406,"Failure: non-random eligibility",618,1,0,40.2222267834406
1193,12,-0.474537264874343,-0.93143640438006,"Never-taker",-3.5,36.5913598140317,33.0913598140317,"Failure: non-random eligibility",2633,0,0,36.5913598140317
1194,14,0.112898984623334,-0.789120949334416,"Never-taker",-3.5,44.286406649423,40.786406649423,"Failure: non-random eligibility",2710,0,0,44.286406649423
1195,16,1.49364313395028,-1.02237417034922,"Never-taker",-3.5,52.8810450601968,49.3810450601968,"Failure: non-random eligibility",4939,0,0,52.8810450601968
1196,16,2.56487506422472,-1.13792125150719,"Never-taker",-3.5,50.2964466337247,46.7964466337247,"Failure: non-random eligibility",2102,1,0,50.2964466337247
1197,13,0.798835157074839,-0.380403295712419,"Never-taker",-3.5,47.0008470704312,43.5008470704312,"Failure: non-random eligibility",3833,0,0,47.0008470704312
1198,12,1.13259082621308,-0.943522285117991,"Never-taker",-3.5,50.5781103266578,47.0781103266578,"Failure: non-random eligibility",3941,0,0,50.5781103266578
1199,14,1.12996900378538,-0.0600554324279698,"Never-taker",-3.5,51.4995237720334,47.9995237720334,"Failure: non-random eligibility",2163,1,0,51.4995237720334
1200,13,0.490329413409512,0.493139657137966,"Complier",-5,53.0411591959797,48.0411591959797,"Failure: non-random eligibility",1583,1,1,48.0411591959797
1201,12,0.169592396834127,1.41330214198628,"Always-taker",-2,44.8417191543847,42.8417191543847,"Failure: non-random eligibility",4088,0,1,42.8417191543847
1202,14,1.40430292806339,0.15848348161735,"Complier",-5,47.6747106471581,42.6747106471581,"Failure: non-random eligibility",3883,0,0,47.6747106471581
1203,12,0.373129574082084,-0.162537577853128,"Never-taker",-3.5,44.3377546858987,40.8377546858987,"Failure: non-random eligibility",4295,0,0,44.3377546858987
1204,13,0.300426591503646,0.0899607713609759,"Never-taker",-3.5,43.6931660541479,40.1931660541479,"Failure: non-random eligibility",3144,0,0,43.6931660541479
1205,13,-0.211146124236673,-0.547503856246043,"Never-taker",-3.5,43.6739401939357,40.1739401939357,"Failure: non-random eligibility",3385,0,0,43.6739401939357
1206,10,-1.31423827636739,-1.11790378072492,"Never-taker",-3.5,42.0579074041547,38.5579074041547,"Failure: non-random eligibility",2981,0,0,42.0579074041547
1207,13,0.000384649724233149,0.152233575922451,"Complier",-5,43.7460249418888,38.7460249418888,"Failure: non-random eligibility",2537,0,0,43.7460249418888
1208,14,1.3707705443967,-0.0779125713790983,"Never-taker",-3.5,45.9332722520869,42.4332722520869,"Failure: non-random eligibility",1936,1,0,45.9332722520869
1209,15,1.33425644113115,-2.57193248079948,"Never-taker",-3.5,51.7372793482463,48.2372793482463,"Failure: non-random eligibility",2686,0,0,51.7372793482463
1210,11,-0.667949156199321,-0.567026832301124,"Never-taker",-3.5,46.0451162778285,42.5451162778285,"Failure: non-random eligibility",4531,0,0,46.0451162778285
1211,11,-0.66421566310312,-1.01075298107234,"Never-taker",-3.5,37.1117927563705,33.6117927563705,"Failure: non-random eligibility",986,1,0,37.1117927563705
1212,14,-0.123638640693433,-1.50422436935479,"Never-taker",-3.5,48.1404761419729,44.6404761419729,"Failure: non-random eligibility",383,1,0,48.1404761419729
1213,11,0.385566272962026,0.127498692204558,"Never-taker",-3.5,36.5261788427892,33.0261788427892,"Failure: non-random eligibility",4344,0,0,36.5261788427892
1214,13,-1.31859523010729,0.140678069853097,"Complier",-5,46.3785472387342,41.3785472387342,"Failure: non-random eligibility",596,1,1,41.3785472387342
1215,11,-0.335629875247954,-0.00263830548595253,"Never-taker",-3.5,41.5203037907585,38.0203037907585,"Failure: non-random eligibility",2010,1,0,41.5203037907585
1216,12,-0.771108041454585,-0.646219149058995,"Never-taker",-3.5,36.0140502879214,32.5140502879214,"Failure: non-random eligibility",412,1,0,36.0140502879214
1217,15,0.824120681911649,0.639531709763755,"Complier",-5,58.9857966669191,53.9857966669191,"Failure: non-random eligibility",4588,0,0,58.9857966669191
1218,14,0.583960095624287,-0.857384459219548,"Never-taker",-3.5,43.8771840460167,40.3771840460167,"Failure: non-random eligibility",2358,1,0,43.8771840460167
1219,12,-0.905550522260048,-0.200978750122791,"Never-taker",-3.5,42.3999067752166,38.8999067752166,"Failure: non-random eligibility",1659,1,0,42.3999067752166
1220,13,1.2323207878636,1.505994119061,"Always-taker",-2,60.8314870187105,58.8314870187105,"Failure: non-random eligibility",1354,1,1,58.8314870187105
1221,13,-0.479811654843893,-0.69808405988562,"Never-taker",-3.5,48.5316350643465,45.0316350643465,"Failure: non-random eligibility",136,1,0,48.5316350643465
1222,12,-0.865941185002002,-0.643836796205489,"Never-taker",-3.5,41.7686187301254,38.2686187301254,"Failure: non-random eligibility",2324,1,0,41.7686187301254
1223,13,1.28987274899026,0.431319197189683,"Complier",-5,45.7238947280111,40.7238947280111,"Failure: non-random eligibility",4421,0,0,45.7238947280111
1224,8,-2.31699081664535,0.0123291810339227,"Never-taker",-3.5,35.286129923562,31.786129923562,"Failure: non-random eligibility",352,1,0,35.286129923562
1225,12,-1.44572157397602,1.23406526742677,"Complier",-5,43.2591697820777,38.2591697820777,"Failure: non-random eligibility",477,1,1,38.2591697820777
1226,11,0.0764996173199074,-0.949012598474476,"Never-taker",-3.5,42.2827886636831,38.7827886636831,"Failure: non-random eligibility",3721,0,0,42.2827886636831
1227,11,-1.91169848309307,0.341387713357094,"Complier",-5,47.3954222454368,42.3954222454368,"Failure: non-random eligibility",666,1,1,42.3954222454368
1228,13,0.776549999345566,0.35991464876651,"Complier",-5,43.9013430142042,38.9013430142042,"Failure: non-random eligibility",2131,1,1,38.9013430142042
1229,12,0.184562475219074,0.353896511450995,"Complier",-5,47.2865355298836,42.2865355298836,"Failure: non-random eligibility",279,1,1,42.2865355298836
1230,10,-1.09926495707609,-1.0077955475155,"Never-taker",-3.5,40.9769556838281,37.4769556838281,"Failure: non-random eligibility",3018,0,0,40.9769556838281
1231,15,2.39401781932587,-0.160079843454203,"Never-taker",-3.5,52.1481065945745,48.6481065945745,"Failure: non-random eligibility",4496,0,0,52.1481065945745
1232,11,-0.165432961595459,-1.00141608118394,"Never-taker",-3.5,46.4851971804041,42.9851971804041,"Failure: non-random eligibility",2320,1,0,46.4851971804041
1233,13,-0.719996998806298,0.693915011001285,"Complier",-5,43.4198920116076,38.4198920116076,"Failure: non-random eligibility",4824,0,0,43.4198920116076
1234,12,-0.781436927200631,-0.943185222980831,"Never-taker",-3.5,40.653337972617,37.153337972617,"Failure: non-random eligibility",2133,1,0,40.653337972617
1235,13,0.862462826982386,0.943471619189829,"Complier",-5,51.5722797698712,46.5722797698712,"Failure: non-random eligibility",4842,0,0,51.5722797698712
1236,11,-2.24528059936923,-1.59551350774052,"Never-taker",-3.5,34.8161964768761,31.3161964768761,"Failure: non-random eligibility",406,1,0,34.8161964768761
1237,12,0.100060360483701,-0.001592430904751,"Never-taker",-3.5,42.3933335534556,38.8933335534556,"Failure: non-random eligibility",561,1,0,42.3933335534556
1238,13,-0.390424342057587,1.22828125659072,"Complier",-5,54.8399439344333,49.8399439344333,"Failure: non-random eligibility",4308,0,0,54.8399439344333
1239,13,0.651723967360579,0.350457355664097,"Complier",-5,40.9418839173008,35.9418839173008,"Failure: non-random eligibility",3151,0,0,40.9418839173008
1240,12,-1.19195134290744,-1.47732484751582,"Never-taker",-3.5,41.6509235466996,38.1509235466996,"Failure: non-random eligibility",2528,0,0,41.6509235466996
1241,11,0.157454113845141,0.0894433272450236,"Never-taker",-3.5,46.91895401949,43.41895401949,"Failure: non-random eligibility",728,1,0,46.91895401949
1242,10,-1.63499427273387,-0.109131240596608,"Never-taker",-3.5,34.858369837339,31.358369837339,"Failure: non-random eligibility",2453,1,0,34.858369837339
1243,12,0.922066893377658,-0.395481132875043,"Never-taker",-3.5,50.2305958192303,46.7305958192303,"Failure: non-random eligibility",2256,1,0,50.2305958192303
1244,13,-0.0401479333387035,0.575788714979831,"Complier",-5,49.0282051651849,44.0282051651849,"Failure: non-random eligibility",4060,0,0,49.0282051651849
1245,13,0.879098202713832,-0.0753583663302148,"Never-taker",-3.5,45.4453787537523,41.9453787537523,"Failure: non-random eligibility",3806,0,0,45.4453787537523
1246,14,0.818741534359089,0.620576177893491,"Complier",-5,52.3400122933431,47.3400122933431,"Failure: non-random eligibility",1535,1,1,47.3400122933431
1247,12,-0.259988311785427,1.23166989391714,"Complier",-5,40.5332578192039,35.5332578192039,"Failure: non-random eligibility",342,1,1,35.5332578192039
1248,15,1.43466427569755,1.24985410187196,"Complier",-5,49.6055806128229,44.6055806128229,"Failure: non-random eligibility",3762,0,0,49.6055806128229
1249,13,-0.269467736514499,-0.636697765002546,"Never-taker",-3.5,38.3218750291464,34.8218750291464,"Failure: non-random eligibility",2227,1,0,38.3218750291464
1250,12,-1.34847918301075,-0.315741343993911,"Never-taker",-3.5,42.3236646578986,38.8236646578986,"Failure: non-random eligibility",713,1,0,42.3236646578986
1251,13,-0.340471384248245,0.588253977168525,"Complier",-5,39.655869891236,34.655869891236,"Failure: non-random eligibility",3832,0,0,39.655869891236
1252,14,0.0559116639376725,-0.828514407799495,"Never-taker",-3.5,47.4865466889512,43.9865466889512,"Failure: non-random eligibility",577,1,0,47.4865466889512
1253,12,0.455246965448886,-1.42456857262801,"Never-taker",-3.5,48.3239028614583,44.8239028614583,"Failure: non-random eligibility",3870,0,0,48.3239028614583
1254,14,-0.621169794435221,0.393255051764709,"Complier",-5,44.7490023071887,39.7490023071887,"Failure: non-random eligibility",3058,0,0,44.7490023071887
1255,13,-0.805595388400177,-0.535146247873519,"Never-taker",-3.5,30.1045691472225,26.6045691472225,"Failure: non-random eligibility",1909,1,0,30.1045691472225
1256,13,0.775771860692162,-0.554766392633799,"Never-taker",-3.5,44.3381776521331,40.8381776521331,"Failure: non-random eligibility",2645,0,0,44.3381776521331
1257,11,0.518776812744148,0.0288600849058364,"Never-taker",-3.5,45.7196467283855,42.2196467283855,"Failure: non-random eligibility",4357,0,0,45.7196467283855
1258,10,-1.24023371140903,-1.06305472807468,"Never-taker",-3.5,36.890654362569,33.390654362569,"Failure: non-random eligibility",775,1,0,36.890654362569
1259,9,-1.79130817118506,-0.886045881317795,"Never-taker",-3.5,40.6197525784073,37.1197525784073,"Failure: non-random eligibility",3718,0,0,40.6197525784073
1260,13,1.15556935569967,-1.19170628578078,"Never-taker",-3.5,42.3489212226792,38.8489212226792,"Failure: non-random eligibility",3809,0,0,42.3489212226792
1261,14,0.331572281960659,1.50528453760484,"Always-taker",-2,49.0539104753737,47.0539104753737,"Failure: non-random eligibility",991,1,1,47.0539104753737
1262,13,0.760841050881601,1.76512807877559,"Always-taker",-2,49.019859517567,47.019859517567,"Failure: non-random eligibility",2045,1,1,47.019859517567
1263,11,-0.661154011850341,0.916713306659916,"Complier",-5,43.2692377665046,38.2692377665046,"Failure: non-random eligibility",2335,1,1,38.2692377665046
1264,11,0.247073978815302,-0.534801177646453,"Never-taker",-3.5,47.355647873577,43.855647873577,"Failure: non-random eligibility",3955,0,0,47.355647873577
1265,13,-0.160518650539901,0.102804501879855,"Never-taker",-3.5,49.8773472530068,46.3773472530068,"Failure: non-random eligibility",428,1,0,49.8773472530068
1266,12,0.151306496156112,-0.659444898449934,"Never-taker",-3.5,37.7273971078893,34.2273971078893,"Failure: non-random eligibility",3362,0,0,37.7273971078893
1267,13,0.154446754910128,-0.603251278471454,"Never-taker",-3.5,38.6860536616714,35.1860536616714,"Failure: non-random eligibility",1403,1,0,38.6860536616714
1268,15,0.722961634479226,-1.10714694000823,"Never-taker",-3.5,50.636503852729,47.136503852729,"Failure: non-random eligibility",3422,0,0,50.636503852729
1269,12,0.552872055867586,-0.749348621201633,"Never-taker",-3.5,47.9802552692291,44.4802552692291,"Failure: non-random eligibility",4734,0,0,47.9802552692291
1270,10,-1.80069805864986,0.756669917162843,"Complier",-5,41.1485872850775,36.1485872850775,"Failure: non-random eligibility",1261,1,1,36.1485872850775
1271,12,0.374135369392981,-0.113112674872598,"Never-taker",-3.5,43.0578117825326,39.5578117825326,"Failure: non-random eligibility",3276,0,0,43.0578117825326
1272,11,-0.309765984232292,0.440963629277868,"Complier",-5,43.2595932503889,38.2595932503889,"Failure: non-random eligibility",3001,0,0,43.2595932503889
1273,10,-1.04689325092578,0.552546252256746,"Complier",-5,42.8690223419764,37.8690223419764,"Failure: non-random eligibility",1172,1,1,37.8690223419764
1274,15,1.85435261817944,2.27464162285682,"Always-taker",-2,50.0485661965847,48.0485661965847,"Failure: non-random eligibility",3790,0,1,48.0485661965847
1275,11,-1.1220706559984,-0.480230772648416,"Never-taker",-3.5,42.1846014875687,38.6846014875687,"Failure: non-random eligibility",851,1,0,42.1846014875687
1276,14,0.613858085926105,-0.448819505310894,"Never-taker",-3.5,49.6474754433789,46.1474754433789,"Failure: non-random eligibility",3406,0,0,49.6474754433789
1277,14,-0.0246592618995439,-0.871085601266381,"Never-taker",-3.5,48.8505269313613,45.3505269313613,"Failure: non-random eligibility",1922,1,0,48.8505269313613
1278,14,-0.153238707013579,3.07471656891924,"Always-taker",-2,52.4862453928931,50.4862453928931,"Failure: non-random eligibility",1773,1,1,50.4862453928931
1279,13,-0.280683994920909,0.636198394913597,"Complier",-5,39.6293185352272,34.6293185352272,"Failure: non-random eligibility",4497,0,0,39.6293185352272
1280,12,-0.222210166081946,-0.916894269230299,"Never-taker",-3.5,42.5847892763491,39.0847892763491,"Failure: non-random eligibility",896,1,0,42.5847892763491
1281,10,-1.821711997764,0.918561626507136,"Complier",-5,37.354319760243,32.354319760243,"Failure: non-random eligibility",3590,0,0,37.354319760243
1282,15,1.58676198922171,0.341219039310916,"Complier",-5,53.5905730764439,48.5905730764439,"Failure: non-random eligibility",4967,0,0,53.5905730764439
1283,10,-2.06115989365338,-1.455327280848,"Never-taker",-3.5,30.7644720636779,27.2644720636779,"Failure: non-random eligibility",1375,1,0,30.7644720636779
1284,12,-0.634304346000889,0.571138840825268,"Complier",-5,48.0795470882771,43.0795470882771,"Failure: non-random eligibility",1353,1,1,43.0795470882771
1285,15,0.630156688448569,0.35381159818029,"Complier",-5,49.7811610809195,44.7811610809195,"Failure: non-random eligibility",4567,0,0,49.7811610809195
1286,14,-0.32979496157543,0.377093589211541,"Complier",-5,42.6229511166762,37.6229511166762,"Failure: non-random eligibility",1877,1,1,37.6229511166762
1287,12,-0.266683634016403,-0.0149628199740196,"Never-taker",-3.5,47.8253278813846,44.3253278813846,"Failure: non-random eligibility",2431,1,0,47.8253278813846
1288,13,1.29644441233442,0.956156756946411,"Complier",-5,52.7444015329568,47.7444015329568,"Failure: non-random eligibility",2215,1,1,47.7444015329568
1289,15,0.633205304968688,-0.754234075206446,"Never-taker",-3.5,47.1858896607853,43.6858896607853,"Failure: non-random eligibility",4365,0,0,47.1858896607853
1290,14,1.52409410990399,0.0393560782965833,"Never-taker",-3.5,49.6111833974982,46.1111833974982,"Failure: non-random eligibility",3808,0,0,49.6111833974982
1291,13,1.14065934108682,0.488086697720939,"Complier",-5,51.2081223095675,46.2081223095675,"Failure: non-random eligibility",1050,1,1,46.2081223095675
1292,10,-0.20229462268255,0.878873869242429,"Complier",-5,45.7964396842027,40.7964396842027,"Failure: non-random eligibility",670,1,1,40.7964396842027
1293,12,0.64211232767928,0.287145418673614,"Complier",-5,53.456048955962,48.456048955962,"Failure: non-random eligibility",4910,0,0,53.456048955962
1294,15,2.22665457480091,0.497789138022424,"Complier",-5,53.5154712890387,48.5154712890387,"Failure: non-random eligibility",4957,0,0,53.5154712890387
1295,14,0.0691502282939995,-1.23252067594165,"Never-taker",-3.5,50.7192643864159,47.2192643864159,"Failure: non-random eligibility",969,1,0,50.7192643864159
1296,13,1.19510824809138,1.04030356669568,"Complier",-5,54.7873011955469,49.7873011955469,"Failure: non-random eligibility",4454,0,0,54.7873011955469
1297,11,-0.39192243971919,0.334896011667603,"Complier",-5,45.5148848171296,40.5148848171296,"Failure: non-random eligibility",4059,0,0,45.5148848171296
1298,16,2.26577823640651,0.287646965595764,"Complier",-5,58.3669630175301,53.3669630175301,"Failure: non-random eligibility",4956,0,0,58.3669630175301
1299,8,-2.17825130351853,1.644635202099,"Always-taker",-2,35.6125035178424,33.6125035178424,"Failure: non-random eligibility",717,1,1,33.6125035178424
1300,15,1.4236576962202,-0.280270038040044,"Never-taker",-3.5,55.0543413068136,51.5543413068136,"Failure: non-random eligibility",2805,0,0,55.0543413068136
1301,12,-0.48207552978055,-0.313727195781576,"Never-taker",-3.5,37.0097439544593,33.5097439544593,"Failure: non-random eligibility",900,1,0,37.0097439544593
1302,11,-0.39202728418661,1.12539879952766,"Complier",-5,50.6524045554412,45.6524045554412,"Failure: non-random eligibility",4679,0,0,50.6524045554412
1303,11,0.731763094699536,-0.646419784686549,"Never-taker",-3.5,41.0471967574909,37.5471967574909,"Failure: non-random eligibility",3336,0,0,41.0471967574909
1304,13,0.163407340297365,-0.0932464775458531,"Never-taker",-3.5,49.0050402156508,45.5050402156508,"Failure: non-random eligibility",4098,0,0,49.0050402156508
1305,15,1.49988845008257,-2.32973341008691,"Never-taker",-3.5,52.8142068286802,49.3142068286802,"Failure: non-random eligibility",4487,0,0,52.8142068286802
1306,13,-1.03423663973746,0.674211339649286,"Complier",-5,45.2971455669932,40.2971455669932,"Failure: non-random eligibility",1099,1,1,40.2971455669932
1307,14,0.720044346022777,0.241302180916769,"Complier",-5,49.4694301805574,44.4694301805574,"Failure: non-random eligibility",2233,1,1,44.4694301805574
1308,13,-0.154054717274038,-0.465815329202683,"Never-taker",-3.5,41.6562090393608,38.1562090393608,"Failure: non-random eligibility",450,1,0,41.6562090393608
1309,11,-1.98647947610861,-1.0083246246221,"Never-taker",-3.5,35.1115290086328,31.6115290086328,"Failure: non-random eligibility",194,1,0,35.1115290086328
1310,14,1.31214986096353,1.56532162166185,"Always-taker",-2,49.3872345237277,47.3872345237277,"Failure: non-random eligibility",4920,0,1,47.3872345237277
1311,14,1.15477065988016,0.506449923550807,"Complier",-5,53.7752861244425,48.7752861244425,"Failure: non-random eligibility",4309,0,0,53.7752861244425
1312,14,0.563701998452004,-1.11920026513878,"Never-taker",-3.5,48.7147995485241,45.2147995485241,"Failure: non-random eligibility",4162,0,0,48.7147995485241
1313,10,-1.2844418139535,-0.139337817971121,"Never-taker",-3.5,44.11005491266,40.61005491266,"Failure: non-random eligibility",273,1,0,44.11005491266
1314,9,-3.55414288159673,-0.544039547106963,"Never-taker",-3.5,31.9347046725077,28.4347046725077,"Failure: non-random eligibility",29,1,0,31.9347046725077
1315,13,0.821311709813316,0.936748228461385,"Complier",-5,52.8261424274453,47.8261424274453,"Failure: non-random eligibility",4544,0,0,52.8261424274453
1316,14,1.42276378695274,0.451570761802251,"Complier",-5,46.204677302184,41.204677302184,"Failure: non-random eligibility",4587,0,0,46.204677302184
1317,14,0.539949539098943,-0.324030050645306,"Never-taker",-3.5,47.6999403419971,44.1999403419971,"Failure: non-random eligibility",1997,1,0,47.6999403419971
1318,13,1.63252507922338,1.62770037610347,"Always-taker",-2,44.2267496813762,42.2267496813762,"Failure: non-random eligibility",1301,1,1,42.2267496813762
1319,14,0.476365051810785,-0.0504194043225223,"Never-taker",-3.5,49.4847097173627,45.9847097173627,"Failure: non-random eligibility",977,1,0,49.4847097173627
1320,12,0.256956669070742,-0.659062176100323,"Never-taker",-3.5,45.1380119362993,41.6380119362993,"Failure: non-random eligibility",2496,1,0,45.1380119362993
1321,14,0.896790962466119,0.246786580968853,"Complier",-5,48.4825216773513,43.4825216773513,"Failure: non-random eligibility",1448,1,1,43.4825216773513
1322,11,-0.737801360792025,0.833491564728067,"Complier",-5,48.5600388139121,43.5600388139121,"Failure: non-random eligibility",3633,0,0,48.5600388139121
1323,10,-1.31947026532933,1.62233310453094,"Always-taker",-2,39.6817950317882,37.6817950317882,"Failure: non-random eligibility",3061,0,1,37.6817950317882
1324,11,-0.454206387055526,-0.195910555780688,"Never-taker",-3.5,43.5402846833849,40.0402846833849,"Failure: non-random eligibility",1419,1,0,43.5402846833849
1325,13,-0.456866570623228,0.434861888230126,"Complier",-5,51.8586090723537,46.8586090723537,"Failure: non-random eligibility",566,1,1,46.8586090723537
1326,11,-1.36619595532812,0.0654311423770243,"Never-taker",-3.5,47.0780006135259,43.5780006135259,"Failure: non-random eligibility",3411,0,0,47.0780006135259
1327,14,0.403651564748909,-1.00373880083607,"Never-taker",-3.5,49.6623913788789,46.1623913788789,"Failure: non-random eligibility",1038,1,0,49.6623913788789
1328,13,-1.29612779248696,-0.286027235271596,"Never-taker",-3.5,44.9008726897857,41.4008726897857,"Failure: non-random eligibility",2768,0,0,44.9008726897857
1329,13,-0.000205057346756167,-0.276583965985771,"Never-taker",-3.5,41.03710101551,37.53710101551,"Failure: non-random eligibility",337,1,0,41.03710101551
1330,11,0.210307787449038,-0.183714477458389,"Never-taker",-3.5,45.9681188729331,42.4681188729331,"Failure: non-random eligibility",3600,0,0,45.9681188729331
1331,13,-0.28730259044522,-0.650377505548369,"Never-taker",-3.5,50.2918700916464,46.7918700916464,"Failure: non-random eligibility",1868,1,0,50.2918700916464
1332,13,-0.299162865475132,-1.05852306527706,"Never-taker",-3.5,47.7160559696229,44.2160559696229,"Failure: non-random eligibility",259,1,0,47.7160559696229
1333,14,0.491569175275043,-0.600751008371128,"Never-taker",-3.5,49.8920602130934,46.3920602130934,"Failure: non-random eligibility",534,1,0,49.8920602130934
1334,11,-0.377238603675067,-0.40439239032537,"Never-taker",-3.5,36.5621644467704,33.0621644467704,"Failure: non-random eligibility",3729,0,0,36.5621644467704
1335,15,0.879056654987083,-1.27101794775692,"Never-taker",-3.5,47.713881053765,44.213881053765,"Failure: non-random eligibility",4265,0,0,47.713881053765
1336,14,0.72938582621094,0.806488268117633,"Complier",-5,50.5124336723917,45.5124336723917,"Failure: non-random eligibility",3539,0,0,50.5124336723917
1337,14,0.980639709295766,-0.727025845390237,"Never-taker",-3.5,43.7390933461761,40.2390933461761,"Failure: non-random eligibility",4315,0,0,43.7390933461761
1338,11,-0.37562240224006,1.15022788317677,"Complier",-5,47.3539500974709,42.3539500974709,"Failure: non-random eligibility",4875,0,0,47.3539500974709
1339,11,-0.0523101017927558,-0.707038511360237,"Never-taker",-3.5,41.7514520432227,38.2514520432227,"Failure: non-random eligibility",219,1,0,41.7514520432227
1340,12,-0.208382175208598,0.79155354271607,"Complier",-5,44.8899691495115,39.8899691495115,"Failure: non-random eligibility",3843,0,0,44.8899691495115
1341,14,0.132789754336816,-0.478794468566807,"Never-taker",-3.5,51.3799341276065,47.8799341276065,"Failure: non-random eligibility",3160,0,0,51.3799341276065
1342,13,0.460731953351729,0.22776046602659,"Complier",-5,44.4681078733876,39.4681078733876,"Failure: non-random eligibility",3327,0,0,44.4681078733876
1343,12,0.192599744962731,0.15464272364646,"Complier",-5,42.4770755052683,37.4770755052683,"Failure: non-random eligibility",2317,1,1,37.4770755052683
1344,14,0.98989188915779,0.234421102914396,"Complier",-5,51.4137853512482,46.4137853512482,"Failure: non-random eligibility",408,1,1,46.4137853512482
1345,10,-0.281043661714878,-0.0772078967586128,"Never-taker",-3.5,42.0662675800642,38.5662675800642,"Failure: non-random eligibility",3630,0,0,42.0662675800642
1346,13,0.134501227578486,0.622657764041052,"Complier",-5,44.6578791484291,39.6578791484291,"Failure: non-random eligibility",3577,0,0,44.6578791484291
1347,15,0.113210092752749,-0.143705318140893,"Never-taker",-3.5,52.1757447140484,48.6757447140484,"Failure: non-random eligibility",3924,0,0,52.1757447140484
1348,13,0.113589688940115,0.143910310726801,"Complier",-5,44.6512613762381,39.6512613762381,"Failure: non-random eligibility",4580,0,0,44.6512613762381
1349,15,1.40709707580606,1.93855136855785,"Always-taker",-2,54.6983538315961,52.6983538315961,"Failure: non-random eligibility",4137,0,1,52.6983538315961
1350,14,0.0776761734492057,0.697410641803583,"Complier",-5,41.6599397138375,36.6599397138375,"Failure: non-random eligibility",1834,1,1,36.6599397138375
1351,13,-0.29621033626073,-0.170855529822355,"Never-taker",-3.5,45.0725569863376,41.5725569863376,"Failure: non-random eligibility",2968,0,0,45.0725569863376
1352,14,1.1622795972792,-0.599463473688549,"Never-taker",-3.5,53.0504331827708,49.5504331827708,"Failure: non-random eligibility",513,1,0,53.0504331827708
1353,12,0.0706198307316411,-1.17312197033757,"Never-taker",-3.5,44.6778153631333,41.1778153631333,"Failure: non-random eligibility",1466,1,0,44.6778153631333
1354,13,0.870665376311963,-0.713498547365374,"Never-taker",-3.5,36.6417013981946,33.1417013981946,"Failure: non-random eligibility",3552,0,0,36.6417013981946
1355,12,-1.3759070927753,-1.00838083124634,"Never-taker",-3.5,38.8832111442613,35.3832111442613,"Failure: non-random eligibility",3956,0,0,38.8832111442613
1356,12,0.327221109914192,0.355768421021453,"Complier",-5,49.2364488279751,44.2364488279751,"Failure: non-random eligibility",3989,0,0,49.2364488279751
1357,13,1.11323082778293,-0.99670170074668,"Never-taker",-3.5,41.0550561324974,37.5550561324974,"Failure: non-random eligibility",3349,0,0,41.0550561324974
1358,15,2.02045195748548,0.28563349597708,"Complier",-5,51.3735827312748,46.3735827312748,"Failure: non-random eligibility",4817,0,0,51.3735827312748
1359,13,0.728870048041441,1.70453672429124,"Always-taker",-2,53.3515160928171,51.3515160928171,"Failure: non-random eligibility",4541,0,1,51.3515160928171
1360,16,0.891251024810533,0.775958295276118,"Complier",-5,55.9031880901433,50.9031880901433,"Failure: non-random eligibility",679,1,1,50.9031880901433
1361,12,-0.987417943252335,0.973026094274155,"Complier",-5,41.0334168196821,36.0334168196821,"Failure: non-random eligibility",667,1,1,36.0334168196821
1362,15,0.703403424959172,-0.555683304890127,"Never-taker",-3.5,47.586763804857,44.086763804857,"Failure: non-random eligibility",4104,0,0,47.586763804857
1363,13,0.993845329449537,-0.868870657012888,"Never-taker",-3.5,43.5385964786086,40.0385964786086,"Failure: non-random eligibility",2445,1,0,43.5385964786086
1364,12,-0.158679921138431,0.588911073644473,"Complier",-5,43.321765004065,38.321765004065,"Failure: non-random eligibility",3435,0,0,43.321765004065
1365,12,0.113723825589022,0.767635005066426,"Complier",-5,39.165758468934,34.165758468934,"Failure: non-random eligibility",322,1,1,34.165758468934
1366,12,-0.310992425352144,0.757098577978782,"Complier",-5,47.2432242682854,42.2432242682854,"Failure: non-random eligibility",180,1,1,42.2432242682854
1367,12,0.526281778838402,1.1363438895746,"Complier",-5,43.7473582106421,38.7473582106421,"Failure: non-random eligibility",2082,1,1,38.7473582106421
1368,11,-0.932863913962942,2.06898307156409,"Always-taker",-2,41.8659194714603,39.8659194714603,"Failure: non-random eligibility",174,1,1,39.8659194714603
1369,14,0.624638656100102,0.0116915873253315,"Never-taker",-3.5,48.5648456407537,45.0648456407537,"Failure: non-random eligibility",1060,1,0,48.5648456407537
1370,12,-0.326119510365065,0.312243032580596,"Complier",-5,40.1400174873401,35.1400174873401,"Failure: non-random eligibility",2845,0,0,40.1400174873401
1371,11,-0.157637159101292,-0.776940127914803,"Never-taker",-3.5,32.1861865468916,28.6861865468916,"Failure: non-random eligibility",3514,0,0,32.1861865468916
1372,12,-0.995632826410446,2.1681747158594,"Always-taker",-2,49.4635607997367,47.4635607997367,"Failure: non-random eligibility",806,1,1,47.4635607997367
1373,12,-0.677456456654564,0.450974337518626,"Complier",-5,37.1585826514515,32.1585826514515,"Failure: non-random eligibility",1424,1,1,32.1585826514515
1374,11,-0.162346887081876,-1.50276356679064,"Never-taker",-3.5,34.9028252711118,31.4028252711118,"Failure: non-random eligibility",4833,0,0,34.9028252711118
1375,13,0.199336319288002,0.63942212221688,"Complier",-5,43.388034093553,38.388034093553,"Failure: non-random eligibility",411,1,1,38.388034093553
1376,11,-0.643779094867621,-0.173920275045028,"Never-taker",-3.5,44.678726878003,41.178726878003,"Failure: non-random eligibility",4027,0,0,44.678726878003
1377,11,-0.297236739201155,-0.69430700205677,"Never-taker",-3.5,42.6762038942054,39.1762038942054,"Failure: non-random eligibility",675,1,0,42.6762038942054
1378,9,-1.51973751549279,1.81320829467541,"Always-taker",-2,36.8203764320648,34.8203764320648,"Failure: non-random eligibility",1421,1,1,34.8203764320648
1379,10,-0.804171127519144,1.155107628446,"Complier",-5,37.4753411729998,32.4753411729998,"Failure: non-random eligibility",2240,1,1,32.4753411729998
1380,10,-0.662380381692888,-0.0479937971062022,"Never-taker",-3.5,41.0481404437774,37.5481404437774,"Failure: non-random eligibility",329,1,0,41.0481404437774
1381,11,-0.634165369624878,1.16582137605677,"Complier",-5,47.5414502417961,42.5414502417961,"Failure: non-random eligibility",4451,0,0,47.5414502417961
1382,14,0.638640648467436,0.913006670185764,"Complier",-5,39.5192661842426,34.5192661842426,"Failure: non-random eligibility",4353,0,0,39.5192661842426
1383,12,-0.644156234548494,-0.509529432970997,"Never-taker",-3.5,47.2471169736013,43.7471169736013,"Failure: non-random eligibility",1240,1,0,47.2471169736013
1384,12,-0.235000019377789,0.927229810950355,"Complier",-5,46.501554706456,41.501554706456,"Failure: non-random eligibility",1951,1,1,41.501554706456
1385,13,-0.0181194742719616,-0.0714234028220704,"Never-taker",-3.5,45.2098491278696,41.7098491278696,"Failure: non-random eligibility",952,1,0,45.2098491278696
1386,13,0.50032719659564,-0.516018358426376,"Never-taker",-3.5,46.0405724598046,42.5405724598046,"Failure: non-random eligibility",2654,0,0,46.0405724598046
1387,12,0.741073065149591,-0.275032295837289,"Never-taker",-3.5,45.874577671388,42.374577671388,"Failure: non-random eligibility",2685,0,0,45.874577671388
1388,12,-1.41129578770406,-0.753070802765943,"Never-taker",-3.5,32.5960337794878,29.0960337794878,"Failure: non-random eligibility",318,1,0,32.5960337794878
1389,14,0.934603098693586,0.181575685716209,"Complier",-5,52.881824461004,47.881824461004,"Failure: non-random eligibility",4427,0,0,52.881824461004
1390,15,1.75138464002188,1.44004293958365,"Always-taker",-2,59.5294297960417,57.5294297960417,"Failure: non-random eligibility",4900,0,1,57.5294297960417
1391,12,-1.77539199560132,-0.672778180047166,"Never-taker",-3.5,42.7390708432594,39.2390708432594,"Failure: non-random eligibility",9,1,0,42.7390708432594
1392,15,0.760961018461212,2.51405564377811,"Always-taker",-2,53.8362444142075,51.8362444142075,"Failure: non-random eligibility",1117,1,1,51.8362444142075
1393,14,0.763977049447131,1.23235129543509,"Complier",-5,48.5592093902217,43.5592093902217,"Failure: non-random eligibility",4442,0,0,48.5592093902217
1394,13,1.10493223267074,-0.854772791483287,"Never-taker",-3.5,43.5220707481162,40.0220707481162,"Failure: non-random eligibility",4980,0,0,43.5220707481162
1395,15,0.379150364414122,-0.0520948216258969,"Never-taker",-3.5,52.7870866625972,49.2870866625972,"Failure: non-random eligibility",4847,0,0,52.7870866625972
1396,13,0.455388795800867,-0.972732562746467,"Never-taker",-3.5,41.9834514417031,38.4834514417031,"Failure: non-random eligibility",3595,0,0,41.9834514417031
1397,10,-1.53749493308138,-0.535881401466266,"Never-taker",-3.5,33.9924390170553,30.4924390170553,"Failure: non-random eligibility",732,1,0,33.9924390170553
1398,12,-0.364991786457277,-0.398940360924255,"Never-taker",-3.5,38.5892651094407,35.0892651094407,"Failure: non-random eligibility",4006,0,0,38.5892651094407
1399,12,-0.62620208959286,-0.196767450086908,"Never-taker",-3.5,49.4095938797287,45.9095938797287,"Failure: non-random eligibility",1500,1,0,49.4095938797287
1400,12,-0.189244726937993,-1.02733750243554,"Never-taker",-3.5,45.4299337250971,41.9299337250971,"Failure: non-random eligibility",3378,0,0,45.4299337250971
1401,8,-1.93651854804456,-0.159133627790197,"Never-taker",-3.5,38.5670922442276,35.0670922442276,"Failure: non-random eligibility",1640,1,0,38.5670922442276
1402,14,1.44781285355707,0.989354295082571,"Complier",-5,50.7981203486294,45.7981203486294,"Failure: non-random eligibility",4334,0,0,50.7981203486294
1403,15,-0.0842826540515971,0.208030485369207,"Complier",-5,47.9417557788114,42.9417557788114,"Failure: non-random eligibility",1815,1,1,42.9417557788114
1404,12,-1.15479958951056,0.884799466692864,"Complier",-5,46.3241677424734,41.3241677424734,"Failure: non-random eligibility",2533,0,0,46.3241677424734
1405,11,-0.183855365009161,0.603543454083624,"Complier",-5,46.856890394309,41.856890394309,"Failure: non-random eligibility",792,1,1,41.856890394309
1406,13,0.660620773964326,-0.334755880346898,"Never-taker",-3.5,45.1487163859277,41.6487163859277,"Failure: non-random eligibility",4642,0,0,45.1487163859277
1407,11,0.215810128875603,1.3660693696732,"Always-taker",-2,48.377134169169,46.377134169169,"Failure: non-random eligibility",2762,0,1,46.377134169169
1408,14,0.445299321519519,-0.571017230965929,"Never-taker",-3.5,39.3702480875327,35.8702480875327,"Failure: non-random eligibility",1177,1,0,39.3702480875327
1409,13,-0.23990130320725,-1.75711657685454,"Never-taker",-3.5,40.8397257400428,37.3397257400428,"Failure: non-random eligibility",3384,0,0,40.8397257400428
1410,14,0.521989995882274,0.0122437966882528,"Never-taker",-3.5,49.4572049846206,45.9572049846206,"Failure: non-random eligibility",240,1,0,49.4572049846206
1411,12,0.190761945613355,2.11620317446764,"Always-taker",-2,52.3437647791763,50.3437647791763,"Failure: non-random eligibility",794,1,1,50.3437647791763
1412,14,-0.410564587644963,-0.484365254482675,"Never-taker",-3.5,46.2488280346031,42.7488280346031,"Failure: non-random eligibility",928,1,0,46.2488280346031
1413,13,0.119503709715707,0.256311375800001,"Complier",-5,52.634923618695,47.634923618695,"Failure: non-random eligibility",669,1,1,47.634923618695
1414,16,3.0522280804588,0.786353584813137,"Complier",-5,64.4947022366712,59.4947022366712,"Failure: non-random eligibility",4440,0,0,64.4947022366712
1415,14,1.50004352616761,1.00834020768876,"Complier",-5,61.1905570319526,56.1905570319526,"Failure: non-random eligibility",4825,0,0,61.1905570319526
1416,14,-0.239230772199136,1.0598159122022,"Complier",-5,48.4556692924826,43.4556692924826,"Failure: non-random eligibility",3109,0,0,48.4556692924826
1417,14,1.34021819689842,-1.25789334236977,"Never-taker",-3.5,49.8485219834881,46.3485219834881,"Failure: non-random eligibility",606,1,0,49.8485219834881
1418,10,-1.62576776006862,2.01309047788673,"Always-taker",-2,32.8990436979286,30.8990436979286,"Failure: non-random eligibility",2371,1,1,30.8990436979286
1419,12,-0.0831766370017026,-0.65994713957032,"Never-taker",-3.5,45.3941857143365,41.8941857143365,"Failure: non-random eligibility",1577,1,0,45.3941857143365
1420,14,1.18552095735609,-0.114611583033315,"Never-taker",-3.5,53.4917665621402,49.9917665621402,"Failure: non-random eligibility",3963,0,0,53.4917665621402
1421,15,1.12055939339901,0.944199584153221,"Complier",-5,46.1738055307502,41.1738055307502,"Failure: non-random eligibility",3775,0,0,46.1738055307502
1422,12,-0.569258749905027,-0.536375778054707,"Never-taker",-3.5,40.773676507303,37.273676507303,"Failure: non-random eligibility",4627,0,0,40.773676507303
1423,12,0.406578451329173,0.221773914707891,"Complier",-5,48.8677946780876,43.8677946780876,"Failure: non-random eligibility",2597,0,0,48.8677946780876
1424,12,-0.203736820236627,-0.0823141775307573,"Never-taker",-3.5,47.280461858834,43.780461858834,"Failure: non-random eligibility",879,1,0,47.280461858834
1425,11,-1.23560965272444,-1.77113312068021,"Never-taker",-3.5,26.6580535958261,23.1580535958261,"Failure: non-random eligibility",1438,1,0,26.6580535958261
1426,13,0.465602832472416,0.623793661952423,"Complier",-5,50.7761114343177,45.7761114343177,"Failure: non-random eligibility",1924,1,1,45.7761114343177
1427,16,1.91596147142501,-1.39295445637856,"Never-taker",-3.5,49.2076104912068,45.7076104912068,"Failure: non-random eligibility",4840,0,0,49.2076104912068
1428,16,1.11656820659447,-0.783202834350875,"Never-taker",-3.5,57.969588272721,54.469588272721,"Failure: non-random eligibility",1157,1,0,57.969588272721
1429,12,0.601886478976323,0.987862005823407,"Complier",-5,48.700787878769,43.700787878769,"Failure: non-random eligibility",1685,1,1,43.700787878769
1430,11,-1.15089828391155,-0.830559261782696,"Never-taker",-3.5,35.2872574056298,31.7872574056298,"Failure: non-random eligibility",3044,0,0,35.2872574056298
1431,13,0.264875844194143,-0.111545218986864,"Never-taker",-3.5,45.3974734296064,41.8974734296064,"Failure: non-random eligibility",4639,0,0,45.3974734296064
1432,13,0.877004339848384,-0.69324862808,"Never-taker",-3.5,51.2308627405573,47.7308627405573,"Failure: non-random eligibility",3907,0,0,51.2308627405573
1433,12,-1.17085497841051,0.281333574746866,"Complier",-5,49.3482600766748,44.3482600766748,"Failure: non-random eligibility",1706,1,1,44.3482600766748
1434,14,1.46087649985679,2.25712725364865,"Always-taker",-2,60.8843338177746,58.8843338177746,"Failure: non-random eligibility",4008,0,1,58.8843338177746
1435,13,0.594774607856974,0.257276659583879,"Complier",-5,46.4104309174515,41.4104309174515,"Failure: non-random eligibility",4191,0,0,46.4104309174515
1436,8,-2.25447149887618,-0.708190649806508,"Never-taker",-3.5,30.2978353819817,26.7978353819817,"Failure: non-random eligibility",472,1,0,30.2978353819817
1437,14,1.5892888429565,1.17188335185524,"Complier",-5,45.3292212877975,40.3292212877975,"Failure: non-random eligibility",3675,0,0,45.3292212877975
1438,10,-2.06637918074874,-0.17820331928811,"Never-taker",-3.5,43.7329028718936,40.2329028718936,"Failure: non-random eligibility",2450,1,0,43.7329028718936
1439,12,-1.0644046679318,-1.77184832696721,"Never-taker",-3.5,40.0312881680569,36.5312881680569,"Failure: non-random eligibility",1661,1,0,40.0312881680569
1440,9,-0.990233769351845,1.02064087379511,"Complier",-5,46.4116514070951,41.4116514070951,"Failure: non-random eligibility",274,1,1,41.4116514070951
1441,13,0.722553801164585,-0.37956522674901,"Never-taker",-3.5,53.0173199109935,49.5173199109935,"Failure: non-random eligibility",4985,0,0,53.0173199109935
1442,15,0.914786250661905,1.85386181935834,"Always-taker",-2,57.0721482063417,55.0721482063417,"Failure: non-random eligibility",2851,0,1,55.0721482063417
1443,13,-0.388476744887557,0.725678863033759,"Complier",-5,38.0040294777063,33.0040294777063,"Failure: non-random eligibility",2221,1,1,33.0040294777063
1444,9,-1.901257567004,-1.1183532953026,"Never-taker",-3.5,36.4049330087316,32.9049330087316,"Failure: non-random eligibility",3235,0,0,36.4049330087316
1445,14,-1.28254617381811,-1.02479864190243,"Never-taker",-3.5,41.2217283427672,37.7217283427672,"Failure: non-random eligibility",1415,1,0,41.2217283427672
1446,10,-1.19154145798848,-0.800165262111334,"Never-taker",-3.5,35.7895590739416,32.2895590739416,"Failure: non-random eligibility",1051,1,0,35.7895590739416
1447,10,-0.145114040552719,-0.069354465628635,"Never-taker",-3.5,34.7342253555235,31.2342253555235,"Failure: non-random eligibility",4510,0,0,34.7342253555235
1448,9,-1.18123117490349,0.209995407790306,"Complier",-5,49.9771080725577,44.9771080725577,"Failure: non-random eligibility",1971,1,1,44.9771080725577
1449,12,0.13813791863954,-0.128623536998127,"Never-taker",-3.5,52.8284598948128,49.3284598948128,"Failure: non-random eligibility",394,1,0,52.8284598948128
1450,13,0.334542569676615,0.246638508889884,"Complier",-5,45.260433562841,40.260433562841,"Failure: non-random eligibility",3024,0,0,45.260433562841
1451,12,-0.409552559572817,1.2876411185145,"Complier",-5,45.11003919099,40.11003919099,"Failure: non-random eligibility",2292,1,1,40.11003919099
1452,12,-0.289718716726642,-0.428262281402264,"Never-taker",-3.5,44.8917756913968,41.3917756913968,"Failure: non-random eligibility",4332,0,0,44.8917756913968
1453,11,-0.706443912033246,-2.38772197724311,"Never-taker",-3.5,40.6961002656999,37.1961002656999,"Failure: non-random eligibility",2001,1,0,40.6961002656999
1454,13,-0.146559244360741,-0.117276223094237,"Never-taker",-3.5,42.5429094334034,39.0429094334034,"Failure: non-random eligibility",3342,0,0,42.5429094334034
1455,13,1.34647260317003,0.752627552786786,"Complier",-5,51.9703689179387,46.9703689179387,"Failure: non-random eligibility",3925,0,0,51.9703689179387
1456,11,-0.732993833662359,1.83399509098679,"Always-taker",-2,49.2100851995986,47.2100851995986,"Failure: non-random eligibility",59,1,1,47.2100851995986
1457,13,0.6263458311773,-0.281520414640596,"Never-taker",-3.5,42.8044536019128,39.3044536019128,"Failure: non-random eligibility",2978,0,0,42.8044536019128
1458,13,0.465565081799272,-1.06233026537182,"Never-taker",-3.5,48.1364993915239,44.6364993915239,"Failure: non-random eligibility",4198,0,0,48.1364993915239
1459,12,0.671253774318305,0.396820552254931,"Complier",-5,47.3023612928413,42.3023612928413,"Failure: non-random eligibility",1801,1,1,42.3023612928413
1460,11,-0.299852799581857,0.257474067780086,"Complier",-5,42.746016437416,37.746016437416,"Failure: non-random eligibility",282,1,1,37.746016437416
1461,9,-0.306420776403574,-1.20390031219273,"Never-taker",-3.5,41.7392350089638,38.2392350089638,"Failure: non-random eligibility",3400,0,0,41.7392350089638
1462,11,-0.521295322446361,-0.237947838905589,"Never-taker",-3.5,41.6882465019586,38.1882465019586,"Failure: non-random eligibility",1912,1,0,41.6882465019586
1463,11,-0.552347421430442,0.629337230650172,"Complier",-5,46.0105016987281,41.0105016987281,"Failure: non-random eligibility",2123,1,1,41.0105016987281
1464,11,-0.362157607990858,-0.15792522015394,"Never-taker",-3.5,40.9725138072777,37.4725138072777,"Failure: non-random eligibility",1968,1,0,40.9725138072777
1465,13,1.49608790756771,2.2282300784987,"Always-taker",-2,48.6654771770746,46.6654771770746,"Failure: non-random eligibility",2053,1,1,46.6654771770746
1466,11,-0.768567473517269,-0.132681040190357,"Never-taker",-3.5,43.5179643573007,40.0179643573007,"Failure: non-random eligibility",2747,0,0,43.5179643573007
1467,13,0.479380272083611,-0.900668824643287,"Never-taker",-3.5,46.3285505322145,42.8285505322145,"Failure: non-random eligibility",3315,0,0,46.3285505322145
1468,13,-0.413508656215271,1.26980540679335,"Complier",-5,45.2984833261475,40.2984833261475,"Failure: non-random eligibility",2895,0,0,45.2984833261475
1469,11,-2.14102249257238,2.51393969469132,"Always-taker",-2,36.8422957200516,34.8422957200516,"Failure: non-random eligibility",773,1,1,34.8422957200516
1470,16,0.954898560464145,0.267210733557131,"Complier",-5,50.0656625627678,45.0656625627678,"Failure: non-random eligibility",2922,0,0,50.0656625627678
1471,15,0.796153420696105,1.27103802828427,"Complier",-5,53.4760113191307,48.4760113191307,"Failure: non-random eligibility",4457,0,0,53.4760113191307
1472,11,-0.287204343705438,0.933677627604712,"Complier",-5,46.7019945326217,41.7019945326217,"Failure: non-random eligibility",2624,0,0,46.7019945326217
1473,10,-0.899762184623291,-0.871713077661451,"Never-taker",-3.5,37.0122660506622,33.5122660506622,"Failure: non-random eligibility",2802,0,0,37.0122660506622
1474,12,-0.525033098011649,0.301974096393499,"Complier",-5,44.6551022875502,39.6551022875502,"Failure: non-random eligibility",4173,0,0,44.6551022875502
1475,12,-0.373091094283741,0.627514493002193,"Complier",-5,47.0894481730803,42.0894481730803,"Failure: non-random eligibility",985,1,1,42.0894481730803
1476,15,1.19103718585905,0.609970566925494,"Complier",-5,51.7895717228974,46.7895717228974,"Failure: non-random eligibility",2758,0,0,51.7895717228974
1477,12,0.131400774387624,-0.276320093585505,"Never-taker",-3.5,54.7693170792505,51.2693170792505,"Failure: non-random eligibility",909,1,0,54.7693170792505
1478,13,-0.409266334239044,-0.123448585168112,"Never-taker",-3.5,45.7521904514115,42.2521904514115,"Failure: non-random eligibility",1803,1,0,45.7521904514115
1479,15,1.89320625483663,-2.20572804623195,"Never-taker",-3.5,40.5094630581897,37.0094630581897,"Failure: non-random eligibility",4339,0,0,40.5094630581897
1480,12,-0.437080071997981,0.187428830789282,"Complier",-5,41.5292089069781,36.5292089069781,"Failure: non-random eligibility",503,1,1,36.5292089069781
1481,14,0.512546450576238,-0.664730908759949,"Never-taker",-3.5,51.4502935373623,47.9502935373623,"Failure: non-random eligibility",3656,0,0,51.4502935373623
1482,13,-0.4063235156963,-0.102542625069596,"Never-taker",-3.5,44.7284409541696,41.2284409541696,"Failure: non-random eligibility",3368,0,0,44.7284409541696
1483,12,0.0874938675061991,1.40699213019317,"Always-taker",-2,57.7740620681114,55.7740620681114,"Failure: non-random eligibility",2055,1,1,55.7740620681114
1484,17,1.45970475803042,-1.55398209637257,"Never-taker",-3.5,46.9245111451826,43.4245111451826,"Failure: non-random eligibility",917,1,0,46.9245111451826
1485,14,0.40506766369108,-0.367835852138834,"Never-taker",-3.5,41.8334105666771,38.3334105666771,"Failure: non-random eligibility",2606,0,0,41.8334105666771
1486,14,0.561822029208366,-1.178501561679,"Never-taker",-3.5,49.7238697065874,46.2238697065874,"Failure: non-random eligibility",4145,0,0,49.7238697065874
1487,18,2.41782775584761,-0.638579465488692,"Never-taker",-3.5,58.4775794333492,54.9775794333492,"Failure: non-random eligibility",2630,0,0,58.4775794333492
1488,14,0.116212874572862,-0.734009570280478,"Never-taker",-3.5,45.4843279709129,41.9843279709129,"Failure: non-random eligibility",2219,1,0,45.4843279709129
1489,13,0.177787469020296,-0.0772154771345521,"Never-taker",-3.5,53.8979714669282,50.3979714669282,"Failure: non-random eligibility",2789,0,0,53.8979714669282
1490,11,-1.31496997833752,2.46925324506324,"Always-taker",-2,35.53404691656,33.53404691656,"Failure: non-random eligibility",196,1,1,33.53404691656
1491,12,0.424314922158766,0.556816237879685,"Complier",-5,43.8252631569811,38.8252631569811,"Failure: non-random eligibility",740,1,1,38.8252631569811
1492,14,-0.00182809967178163,-0.722111192315515,"Never-taker",-3.5,37.7188769758996,34.2188769758996,"Failure: non-random eligibility",162,1,0,37.7188769758996
1493,14,0.916310621209051,-0.128484525812801,"Never-taker",-3.5,49.3964433729878,45.8964433729878,"Failure: non-random eligibility",4257,0,0,49.3964433729878
1494,11,-0.525059726189568,0.49506563549496,"Complier",-5,40.1828611700293,35.1828611700293,"Failure: non-random eligibility",827,1,1,35.1828611700293
1495,12,1.09398022891276,-0.599581702699025,"Never-taker",-3.5,43.696265254042,40.196265254042,"Failure: non-random eligibility",2691,0,0,43.696265254042
1496,14,1.33131133424668,0.776390506390522,"Complier",-5,54.099837218512,49.099837218512,"Failure: non-random eligibility",4170,0,0,54.099837218512
1497,13,-0.410599362348442,-0.98495050296194,"Never-taker",-3.5,43.1663557439933,39.6663557439933,"Failure: non-random eligibility",2404,1,0,43.1663557439933
1498,14,1.11839487073378,0.553185849146337,"Complier",-5,49.777253597603,44.777253597603,"Failure: non-random eligibility",4787,0,0,49.777253597603
1499,11,-0.0730112008491595,-0.753131751220944,"Never-taker",-3.5,39.7332026700151,36.2332026700151,"Failure: non-random eligibility",3914,0,0,39.7332026700151
1500,12,-0.646398919998492,1.68327502878259,"Always-taker",-2,46.5551878043701,44.5551878043701,"Failure: non-random eligibility",743,1,1,44.5551878043701
1501,12,-0.450352997942178,-0.0143518479134793,"Never-taker",-3.5,38.5109903952745,35.0109903952745,"Failure: non-random eligibility",1847,1,0,38.5109903952745
1502,10,-0.936852800117207,-0.337838409389844,"Never-taker",-3.5,45.4485215685604,41.9485215685604,"Failure: non-random eligibility",2037,1,0,45.4485215685604
1503,12,-0.515495706395834,-0.608916082163949,"Never-taker",-3.5,40.4950947244184,36.9950947244184,"Failure: non-random eligibility",790,1,0,40.4950947244184
1504,13,-0.0441723151487382,-0.242259935791479,"Never-taker",-3.5,37.9281185624563,34.4281185624563,"Failure: non-random eligibility",3311,0,0,37.9281185624563
1505,13,-0.855441346569105,-0.21593039502466,"Never-taker",-3.5,45.028282875892,41.528282875892,"Failure: non-random eligibility",2033,1,0,45.028282875892
1506,12,0.279495127796467,-0.179477032578101,"Never-taker",-3.5,56.5450647174897,53.0450647174897,"Failure: non-random eligibility",3530,0,0,56.5450647174897
1507,15,0.661445208819088,1.08596467704515,"Complier",-5,50.0268127345225,45.0268127345225,"Failure: non-random eligibility",4941,0,0,50.0268127345225
1508,12,0.362779211018097,-0.608920748826535,"Never-taker",-3.5,40.3245796884331,36.8245796884331,"Failure: non-random eligibility",4364,0,0,40.3245796884331
1509,14,0.495514505897446,1.96321377108916,"Always-taker",-2,54.7980754512877,52.7980754512877,"Failure: non-random eligibility",897,1,1,52.7980754512877
1510,11,-0.292922354992341,-0.39706231171232,"Never-taker",-3.5,44.7703356184425,41.2703356184425,"Failure: non-random eligibility",3031,0,0,44.7703356184425
1511,12,0.827981910788385,-1.2572453692186,"Never-taker",-3.5,38.5424853820092,35.0424853820092,"Failure: non-random eligibility",4537,0,0,38.5424853820092
1512,13,-0.608661104192253,-0.616954404347202,"Never-taker",-3.5,46.9382368386148,43.4382368386148,"Failure: non-random eligibility",4250,0,0,46.9382368386148
1513,12,0.491112437575309,-0.288451682073877,"Never-taker",-3.5,43.3526890746942,39.8526890746942,"Failure: non-random eligibility",865,1,0,43.3526890746942
1514,12,0.0144850093140654,-1.54455587014821,"Never-taker",-3.5,47.8392279596986,44.3392279596986,"Failure: non-random eligibility",2499,1,0,47.8392279596986
1515,12,-1.43690352847997,-1.09511623502064,"Never-taker",-3.5,43.3967351368759,39.8967351368759,"Failure: non-random eligibility",280,1,0,43.3967351368759
1516,13,0.0866419912511538,-0.832342452501526,"Never-taker",-3.5,43.6843018112915,40.1843018112915,"Failure: non-random eligibility",506,1,0,43.6843018112915
1517,13,-0.46090349271807,0.0879588673699509,"Never-taker",-3.5,41.8500243311186,38.3500243311186,"Failure: non-random eligibility",1903,1,0,41.8500243311186
1518,12,-1.33085292913598,-1.29465334095736,"Never-taker",-3.5,37.3446436343427,33.8446436343427,"Failure: non-random eligibility",12,1,0,37.3446436343427
1519,12,0.0332879450188637,1.34587521748057,"Always-taker",-2,41.7639395372643,39.7639395372643,"Failure: non-random eligibility",1778,1,1,39.7639395372643
1520,9,-1.68756436645631,1.23679531656115,"Complier",-5,41.1834519452165,36.1834519452165,"Failure: non-random eligibility",3,1,1,36.1834519452165
1521,13,1.18767837243095,0.844466621284155,"Complier",-5,45.4026974405997,40.4026974405997,"Failure: non-random eligibility",3185,0,0,45.4026974405997
1522,13,-0.0935816142162198,-1.52224419107484,"Never-taker",-3.5,46.6201971254728,43.1201971254728,"Failure: non-random eligibility",3345,0,0,46.6201971254728
1523,10,-1.04285527502666,1.64517917243873,"Always-taker",-2,51.7844258686176,49.7844258686176,"Failure: non-random eligibility",325,1,1,49.7844258686176
1524,10,-0.607241421310583,-1.66094439081481,"Never-taker",-3.5,40.3171685632819,36.8171685632819,"Failure: non-random eligibility",1208,1,0,40.3171685632819
1525,13,0.0786144241535443,-0.373546186642804,"Never-taker",-3.5,45.9494184656534,42.4494184656534,"Failure: non-random eligibility",1132,1,0,45.9494184656534
1526,12,-1.44205356790516,0.556947987799338,"Complier",-5,47.1854823774555,42.1854823774555,"Failure: non-random eligibility",958,1,1,42.1854823774555
1527,13,0.0945104098903028,1.77309354652741,"Always-taker",-2,52.5468549665225,50.5468549665225,"Failure: non-random eligibility",3913,0,1,50.5468549665225
1528,12,-0.425726355825916,-0.339946519447277,"Never-taker",-3.5,45.1849103094509,41.6849103094509,"Failure: non-random eligibility",2188,1,0,45.1849103094509
1529,12,-0.20812331762049,3.30966866071962,"Always-taker",-2,50.7573711442542,48.7573711442542,"Failure: non-random eligibility",1616,1,1,48.7573711442542
1530,12,-0.844222727426934,0.28385687466286,"Complier",-5,46.7812006620991,41.7812006620991,"Failure: non-random eligibility",1943,1,1,41.7812006620991
1531,10,-0.891061089559268,0.577734615520164,"Complier",-5,41.1536061274103,36.1536061274103,"Failure: non-random eligibility",224,1,1,36.1536061274103
1532,10,-1.42081851053351,-0.585435232024382,"Never-taker",-3.5,43.7516806408801,40.2516806408801,"Failure: non-random eligibility",848,1,0,43.7516806408801
1533,11,0.590581609692116,-1.45384937556386,"Never-taker",-3.5,38.1273715080551,34.6273715080551,"Failure: non-random eligibility",3237,0,0,38.1273715080551
1534,15,0.405661867152171,1.46130969171165,"Always-taker",-2,60.3281434551669,58.3281434551669,"Failure: non-random eligibility",3908,0,1,58.3281434551669
1535,11,-0.135481148332274,0.662784531951403,"Complier",-5,44.6461290232038,39.6461290232038,"Failure: non-random eligibility",1721,1,1,39.6461290232038
1536,17,2.65080250409718,-1.63929970934754,"Never-taker",-3.5,60.4105863946815,56.9105863946815,"Failure: non-random eligibility",4796,0,0,60.4105863946815
1537,12,0.0201476976200631,-0.350157506779678,"Never-taker",-3.5,46.7787830359776,43.2787830359776,"Failure: non-random eligibility",3678,0,0,46.7787830359776
1538,13,1.10252581529429,-0.00655799733616337,"Never-taker",-3.5,40.4847212020729,36.9847212020729,"Failure: non-random eligibility",94,1,0,40.4847212020729
1539,14,0.0489266997883971,0.995341621727932,"Complier",-5,44.6099789545439,39.6099789545439,"Failure: non-random eligibility",585,1,1,39.6099789545439
1540,12,-0.271023808080928,1.45380578294816,"Always-taker",-2,42.4336539400135,40.4336539400135,"Failure: non-random eligibility",636,1,1,40.4336539400135
1541,12,-1.09148842186241,0.86713588985906,"Complier",-5,47.5997555502041,42.5997555502041,"Failure: non-random eligibility",160,1,1,42.5997555502041
1542,14,0.469436078524654,0.130599420171515,"Complier",-5,49.5962661016778,44.5962661016778,"Failure: non-random eligibility",2546,0,0,49.5962661016778
1543,15,1.11624681570087,0.768356499511108,"Complier",-5,51.1331756106511,46.1331756106511,"Failure: non-random eligibility",1855,1,1,46.1331756106511
1544,14,0.747156939094138,-0.336851597779745,"Never-taker",-3.5,48.6148894547449,45.1148894547449,"Failure: non-random eligibility",3692,0,0,48.6148894547449
1545,11,-0.876156318876105,-0.421589851571054,"Never-taker",-3.5,39.9678714999623,36.4678714999623,"Failure: non-random eligibility",2043,1,0,39.9678714999623
1546,11,-0.635713659729111,1.74250596211417,"Always-taker",-2,42.4929480677942,40.4929480677942,"Failure: non-random eligibility",3804,0,1,40.4929480677942
1547,11,-2.74379598083106,-2.38512184056699,"Never-taker",-3.5,30.277496575603,26.777496575603,"Failure: non-random eligibility",264,1,0,30.277496575603
1548,12,-1.12220525323384,-1.90806512909693,"Never-taker",-3.5,37.1052581600657,33.6052581600657,"Failure: non-random eligibility",2338,1,0,37.1052581600657
1549,12,-0.304436740361508,0.564815015254204,"Complier",-5,41.9833231757539,36.9833231757539,"Failure: non-random eligibility",1171,1,1,36.9833231757539
1550,8,-2.96108665304603,0.179095603844614,"Complier",-5,32.5510054900835,27.5510054900835,"Failure: non-random eligibility",1225,1,1,27.5510054900835
1551,14,0.338483818963818,-0.667599526884222,"Never-taker",-3.5,54.6616335434595,51.1616335434595,"Failure: non-random eligibility",1122,1,0,54.6616335434595
1552,11,-1.03930837203585,-0.251364790041818,"Never-taker",-3.5,43.2799202003138,39.7799202003138,"Failure: non-random eligibility",2310,1,0,43.2799202003138
1553,11,-1.18658586418783,-0.899982295226881,"Never-taker",-3.5,46.4840518189572,42.9840518189572,"Failure: non-random eligibility",1688,1,0,46.4840518189572
1554,12,-0.583882941441845,-0.258204263561853,"Never-taker",-3.5,39.8101995691479,36.3101995691479,"Failure: non-random eligibility",2359,1,0,39.8101995691479
1555,13,1.71483242771015,-0.394513121815239,"Never-taker",-3.5,50.6331909606486,47.1331909606486,"Failure: non-random eligibility",4327,0,0,50.6331909606486
1556,12,-0.203472656485915,0.633016135395132,"Complier",-5,47.7173155081271,42.7173155081271,"Failure: non-random eligibility",3706,0,0,47.7173155081271
1557,13,0.115663330327449,-0.868198939643052,"Never-taker",-3.5,49.7265120634365,46.2265120634365,"Failure: non-random eligibility",4157,0,0,49.7265120634365
1558,14,0.880224669184205,-0.809531392420122,"Never-taker",-3.5,49.0650746801715,45.5650746801715,"Failure: non-random eligibility",3039,0,0,49.0650746801715
1559,12,0.0778229870152452,-1.0444845160898,"Never-taker",-3.5,44.7301642716879,41.2301642716879,"Failure: non-random eligibility",1606,1,0,44.7301642716879
1560,12,-0.0671812078148054,-2.28603873410525,"Never-taker",-3.5,41.623350784589,38.123350784589,"Failure: non-random eligibility",4030,0,0,41.623350784589
1561,13,0.595422809218882,-0.708451169768643,"Never-taker",-3.5,48.7315015907673,45.2315015907673,"Failure: non-random eligibility",2870,0,0,48.7315015907673
1562,15,0.71686362120939,-0.823863220598562,"Never-taker",-3.5,46.5285824961486,43.0285824961486,"Failure: non-random eligibility",847,1,0,46.5285824961486
1563,11,-0.606760698136537,-0.639276631161599,"Never-taker",-3.5,36.9281415275147,33.4281415275147,"Failure: non-random eligibility",1085,1,0,36.9281415275147
1564,12,-2.23408919971284,-1.74721006068526,"Never-taker",-3.5,37.5196102414917,34.0196102414917,"Failure: non-random eligibility",2283,1,0,37.5196102414917
1565,12,-1.46520589340967,1.00598445689903,"Complier",-5,43.3118166288481,38.3118166288481,"Failure: non-random eligibility",277,1,1,38.3118166288481
1566,12,0.220808058667812,-0.595688622218471,"Never-taker",-3.5,44.5723687439446,41.0723687439446,"Failure: non-random eligibility",2639,0,0,44.5723687439446
1567,11,-1.12612516775296,-0.239568071563105,"Never-taker",-3.5,40.6024809080364,37.1024809080364,"Failure: non-random eligibility",2299,1,0,40.6024809080364
1568,11,-0.769276061016857,-0.749780344864592,"Never-taker",-3.5,33.5973399787919,30.0973399787919,"Failure: non-random eligibility",4,1,0,33.5973399787919
1569,12,-0.0696258583328035,0.960182492869607,"Complier",-5,43.1716865701173,38.1716865701173,"Failure: non-random eligibility",3241,0,0,43.1716865701173
1570,12,-0.257926484493941,-0.36901602108973,"Never-taker",-3.5,44.6921519378025,41.1921519378025,"Failure: non-random eligibility",192,1,0,44.6921519378025
1571,11,0.103720969165945,0.426341928440141,"Complier",-5,43.7534309759637,38.7534309759637,"Failure: non-random eligibility",984,1,1,38.7534309759637
1572,12,0.267762046220324,0.657682555252698,"Complier",-5,48.1334230339059,43.1334230339059,"Failure: non-random eligibility",2383,1,1,43.1334230339059
1573,16,2.56022674719023,-0.00906940982812646,"Never-taker",-3.5,50.7408393765638,47.2408393765638,"Failure: non-random eligibility",4961,0,0,50.7408393765638
1574,11,0.296681266143784,-1.56439143562675,"Never-taker",-3.5,43.4180658767532,39.9180658767532,"Failure: non-random eligibility",3064,0,0,43.4180658767532
1575,11,-0.293121371552981,2.23757937972746,"Always-taker",-2,39.6049403900307,37.6049403900307,"Failure: non-random eligibility",3318,0,1,37.6049403900307
1576,11,-1.10241329385352,-0.607223692927196,"Never-taker",-3.5,39.0078484098904,35.5078484098904,"Failure: non-random eligibility",126,1,0,39.0078484098904
1577,15,0.700582871383009,-1.50215607580723,"Never-taker",-3.5,49.2909294905128,45.7909294905128,"Failure: non-random eligibility",4109,0,0,49.2909294905128
1578,14,-0.34643571685797,-0.361944867530871,"Never-taker",-3.5,52.5444125905814,49.0444125905814,"Failure: non-random eligibility",3614,0,0,52.5444125905814
1579,11,0.491443320532683,-0.213044333141974,"Never-taker",-3.5,42.9213791623593,39.4213791623593,"Failure: non-random eligibility",4182,0,0,42.9213791623593
1580,14,0.285672938340363,-0.584666587476046,"Never-taker",-3.5,43.9942753098289,40.4942753098289,"Failure: non-random eligibility",1345,1,0,43.9942753098289
1581,14,-0.198595664698047,0.169155762027155,"Complier",-5,39.6315258631366,34.6315258631366,"Failure: non-random eligibility",1411,1,1,34.6315258631366
1582,12,0.47776392190959,-1.04258638089542,"Never-taker",-3.5,41.5069559052357,38.0069559052357,"Failure: non-random eligibility",4819,0,0,41.5069559052357
1583,14,0.671010107373568,-0.921789159482615,"Never-taker",-3.5,44.8532170646446,41.3532170646446,"Failure: non-random eligibility",2302,1,0,44.8532170646446
1584,12,0.680788426886497,-0.468671097862983,"Never-taker",-3.5,40.0688444655227,36.5688444655227,"Failure: non-random eligibility",1432,1,0,40.0688444655227
1585,13,0.434273142915,-0.964579380617121,"Never-taker",-3.5,48.9737630652967,45.4737630652967,"Failure: non-random eligibility",1145,1,0,48.9737630652967
1586,10,-0.819734942117974,1.00769028306407,"Complier",-5,40.3803813067838,35.3803813067838,"Failure: non-random eligibility",1966,1,1,35.3803813067838
1587,13,-0.214395051228541,0.994127921411236,"Complier",-5,48.2286055631903,43.2286055631903,"Failure: non-random eligibility",1518,1,1,43.2286055631903
1588,12,-0.102914574979011,-0.811679981049792,"Never-taker",-3.5,45.3588752020479,41.8588752020479,"Failure: non-random eligibility",4122,0,0,45.3588752020479
1589,12,0.272190071539686,-0.239992564729467,"Never-taker",-3.5,41.9331182528711,38.4331182528711,"Failure: non-random eligibility",2391,1,0,41.9331182528711
1590,11,-2.08681127635079,0.708179327779655,"Complier",-5,36.7017163789204,31.7017163789204,"Failure: non-random eligibility",363,1,1,31.7017163789204
1591,13,-0.667830568955537,0.224861733835964,"Complier",-5,50.3091433687604,45.3091433687604,"Failure: non-random eligibility",2759,0,0,50.3091433687604
1592,11,-0.60857009647528,-2.07964253237476,"Never-taker",-3.5,50.2118201631295,46.7118201631295,"Failure: non-random eligibility",347,1,0,50.2118201631295
1593,13,0.779770592238435,-0.492334056829831,"Never-taker",-3.5,47.8542765519745,44.3542765519745,"Failure: non-random eligibility",3606,0,0,47.8542765519745
1594,12,-0.304629077656647,-0.915880915614445,"Never-taker",-3.5,46.9768938774272,43.4768938774272,"Failure: non-random eligibility",4619,0,0,46.9768938774272
1595,14,1.35778745921056,-1.82394447537994,"Never-taker",-3.5,43.4594052562633,39.9594052562633,"Failure: non-random eligibility",4758,0,0,43.4594052562633
1596,10,-1.09784073255183,-1.79194803575454,"Never-taker",-3.5,42.9787759679566,39.4787759679566,"Failure: non-random eligibility",590,1,0,42.9787759679566
1597,15,1.1217354573041,0.395150080420411,"Complier",-5,53.5796527131806,48.5796527131806,"Failure: non-random eligibility",2402,1,1,48.5796527131806
1598,11,-1.37568477649087,-1.38664530964408,"Never-taker",-3.5,31.2838636427427,27.7838636427427,"Failure: non-random eligibility",758,1,0,31.2838636427427
1599,9,-3.2570451961669,-0.953057520581265,"Never-taker",-3.5,31.1530060861185,27.6530060861185,"Failure: non-random eligibility",336,1,0,31.1530060861185
1600,14,0.958312485446061,-1.60545676879488,"Never-taker",-3.5,44.800336944349,41.300336944349,"Failure: non-random eligibility",1687,1,0,44.800336944349
1601,11,-1.69960763932732,-3.04048315045471,"Never-taker",-3.5,36.0148632042181,32.5148632042181,"Failure: non-random eligibility",77,1,0,36.0148632042181
1602,12,-0.415752892475898,-0.872131183670957,"Never-taker",-3.5,44.8646686144146,41.3646686144146,"Failure: non-random eligibility",2446,1,0,44.8646686144146
1603,13,-0.599495864612076,-0.045470411224516,"Never-taker",-3.5,44.4343427990835,40.9343427990835,"Failure: non-random eligibility",1842,1,0,44.4343427990835
1604,15,0.338161484148854,0.333487743600414,"Complier",-5,46.6278377024649,41.6278377024649,"Failure: non-random eligibility",4863,0,0,46.6278377024649
1605,14,0.144561071286151,-0.253314063646952,"Never-taker",-3.5,33.1511547043452,29.6511547043452,"Failure: non-random eligibility",1310,1,0,33.1511547043452
1606,14,0.321925156765107,-0.304325479380366,"Never-taker",-3.5,44.2533812827452,40.7533812827452,"Failure: non-random eligibility",4164,0,0,44.2533812827452
1607,10,-1.52847691814711,-0.236612572762963,"Never-taker",-3.5,39.2785243374108,35.7785243374108,"Failure: non-random eligibility",2097,1,0,39.2785243374108
1608,11,-1.21962729476575,-0.29992528908955,"Never-taker",-3.5,45.2681738746771,41.7681738746771,"Failure: non-random eligibility",2234,1,0,45.2681738746771
1609,11,-0.893457768987012,0.304941916311395,"Complier",-5,46.3690683151904,41.3690683151904,"Failure: non-random eligibility",2103,1,1,41.3690683151904
1610,15,0.915413484786279,0.447258591713506,"Complier",-5,59.5079647607965,54.5079647607965,"Failure: non-random eligibility",4251,0,0,59.5079647607965
1611,12,-1.15215912107889,-0.571370841787436,"Never-taker",-3.5,49.1521463763662,45.6521463763662,"Failure: non-random eligibility",3499,0,0,49.1521463763662
1612,13,0.657104784008643,0.314253214843122,"Complier",-5,50.454732726205,45.454732726205,"Failure: non-random eligibility",2341,1,1,45.454732726205
1613,14,1.4441302980287,-1.30132007033152,"Never-taker",-3.5,52.1982002307274,48.6982002307274,"Failure: non-random eligibility",3049,0,0,52.1982002307274
1614,15,1.39616707694576,0.0612058627652605,"Never-taker",-3.5,49.2556293901171,45.7556293901171,"Failure: non-random eligibility",2022,1,0,49.2556293901171
1615,13,0.0390409085928934,-1.58177946190938,"Never-taker",-3.5,37.4521552582261,33.9521552582261,"Failure: non-random eligibility",2458,1,0,37.4521552582261
1616,12,0.161714695162971,0.892861755085898,"Complier",-5,45.1698375441465,40.1698375441465,"Failure: non-random eligibility",1511,1,1,40.1698375441465
1617,12,0.728661032893082,0.665720700939235,"Complier",-5,53.5329632201964,48.5329632201964,"Failure: non-random eligibility",4159,0,0,53.5329632201964
1618,14,-0.170431791523609,-1.10329442279065,"Never-taker",-3.5,43.4215076901656,39.9215076901656,"Failure: non-random eligibility",4041,0,0,43.4215076901656
1619,14,0.175963561570027,0.334209439451329,"Complier",-5,50.2955622570212,45.2955622570212,"Failure: non-random eligibility",1581,1,1,45.2955622570212
1620,16,0.906963082391175,1.21273627854196,"Complier",-5,53.7073253876178,48.7073253876178,"Failure: non-random eligibility",4203,0,0,53.7073253876178
1621,13,-0.80639787342168,-0.731854971496932,"Never-taker",-3.5,41.6860872743746,38.1860872743746,"Failure: non-random eligibility",1427,1,0,41.6860872743746
1622,13,-0.198342679342459,-1.62165089290737,"Never-taker",-3.5,36.7265355118478,33.2265355118478,"Failure: non-random eligibility",2956,0,0,36.7265355118478
1623,13,0.628197081151573,-0.317386964999074,"Never-taker",-3.5,51.4974553378722,47.9974553378722,"Failure: non-random eligibility",3872,0,0,51.4974553378722
1624,11,-0.307373635569751,-0.316829525627826,"Never-taker",-3.5,48.2533063301901,44.7533063301901,"Failure: non-random eligibility",2932,0,0,48.2533063301901
1625,14,1.32025977654616,1.2815673249015,"Complier",-5,49.2890120409176,44.2890120409176,"Failure: non-random eligibility",4623,0,0,49.2890120409176
1626,10,-1.01225748366624,0.594653988850025,"Complier",-5,43.9611101052962,38.9611101052962,"Failure: non-random eligibility",3644,0,0,43.9611101052962
1627,13,0.348470821063353,-1.69083927047748,"Never-taker",-3.5,38.7076564177124,35.2076564177124,"Failure: non-random eligibility",4916,0,0,38.7076564177124
1628,12,-0.736422080685092,0.204821767186586,"Complier",-5,42.2899356004319,37.2899356004319,"Failure: non-random eligibility",4341,0,0,42.2899356004319
1629,14,1.21247120221487,0.643693826141451,"Complier",-5,54.6281279079586,49.6281279079586,"Failure: non-random eligibility",2853,0,0,54.6281279079586
1630,12,0.646131706698949,0.398295384837521,"Complier",-5,44.0691041731518,39.0691041731518,"Failure: non-random eligibility",2117,1,1,39.0691041731518
1631,14,-1.99279168310344,-1.13053139565462,"Never-taker",-3.5,42.7520784585936,39.2520784585936,"Failure: non-random eligibility",145,1,0,42.7520784585936
1632,13,-0.183079646274768,1.56114568724888,"Always-taker",-2,46.7627653369862,44.7627653369862,"Failure: non-random eligibility",3391,0,1,44.7627653369862
1633,13,1.17467829042924,-0.508890610308099,"Never-taker",-3.5,51.2065676126442,47.7065676126442,"Failure: non-random eligibility",4970,0,0,51.2065676126442
1634,10,-0.620714358484773,-0.0574205454398914,"Never-taker",-3.5,44.897835905877,41.397835905877,"Failure: non-random eligibility",1637,1,0,44.897835905877
1635,14,1.58308002331817,1.12467687105026,"Complier",-5,50.0410145072916,45.0410145072916,"Failure: non-random eligibility",4891,0,0,50.0410145072916
1636,13,0.561302915594101,0.491664534531777,"Complier",-5,52.78261792389,47.78261792389,"Failure: non-random eligibility",1052,1,1,47.78261792389
1637,10,-0.120763186468495,-0.174913234220515,"Never-taker",-3.5,47.9385729380412,44.4385729380412,"Failure: non-random eligibility",2455,1,0,47.9385729380412
1638,14,1.35792390578886,0.440123531885317,"Complier",-5,47.6560092582528,42.6560092582528,"Failure: non-random eligibility",761,1,1,42.6560092582528
1639,15,0.730781838929282,-0.329747801930115,"Never-taker",-3.5,49.743952407409,46.243952407409,"Failure: non-random eligibility",3733,0,0,49.743952407409
1640,14,1.75411286863512,-1.83648799611308,"Never-taker",-3.5,53.494651619993,49.994651619993,"Failure: non-random eligibility",3223,0,0,53.494651619993
1641,13,0.806711495937549,-0.552439694515254,"Never-taker",-3.5,45.6830620669653,42.1830620669653,"Failure: non-random eligibility",3088,0,0,45.6830620669653
1642,14,0.928923419421365,-1.19955973724915,"Never-taker",-3.5,48.7763154617459,45.2763154617459,"Failure: non-random eligibility",770,1,0,48.7763154617459
1643,13,0.415280452333588,0.496552929803879,"Complier",-5,50.3422825250469,45.3422825250469,"Failure: non-random eligibility",4559,0,0,50.3422825250469
1644,8,-1.7065520687048,-0.845294848578855,"Never-taker",-3.5,29.4169207302945,25.9169207302945,"Failure: non-random eligibility",2493,1,0,29.4169207302945
1645,12,-0.149558538124177,-0.137695641007166,"Never-taker",-3.5,42.2347380862607,38.7347380862607,"Failure: non-random eligibility",4579,0,0,42.2347380862607
1646,13,-0.408332871219545,-0.0224316477417267,"Never-taker",-3.5,47.2203784601198,43.7203784601198,"Failure: non-random eligibility",385,1,0,47.2203784601198
1647,14,0.467593491802874,1.60294981489872,"Always-taker",-2,53.5543216437966,51.5543216437966,"Failure: non-random eligibility",3567,0,1,51.5543216437966
1648,13,-0.185104451493326,0.535020282321854,"Complier",-5,34.7198811759805,29.7198811759805,"Failure: non-random eligibility",3294,0,0,34.7198811759805
1649,11,-0.118468720817803,0.945712534592453,"Complier",-5,43.7240922399863,38.7240922399863,"Failure: non-random eligibility",114,1,1,38.7240922399863
1650,13,-0.738230225609648,0.84644216419622,"Complier",-5,37.8530494337666,32.8530494337666,"Failure: non-random eligibility",2060,1,1,32.8530494337666
1651,12,-0.229405404990993,0.251681743199507,"Complier",-5,49.4039984271615,44.4039984271615,"Failure: non-random eligibility",892,1,1,44.4039984271615
1652,13,0.479857923768532,0.274948253112576,"Complier",-5,54.7900803181563,49.7900803181563,"Failure: non-random eligibility",4762,0,0,54.7900803181563
1653,13,0.890258358402284,-1.69972993424217,"Never-taker",-3.5,51.2188103670607,47.7188103670607,"Failure: non-random eligibility",4717,0,0,51.2188103670607
1654,12,-0.483897277529318,1.50278580700035,"Always-taker",-2,51.0508072146941,49.0508072146941,"Failure: non-random eligibility",3795,0,1,49.0508072146941
1655,13,0.10269078528134,-0.891798799720157,"Never-taker",-3.5,42.9837193783355,39.4837193783355,"Failure: non-random eligibility",251,1,0,42.9837193783355
1656,13,0.501743240456303,0.13680638415309,"Complier",-5,34.6839329656846,29.6839329656846,"Failure: non-random eligibility",1464,1,1,29.6839329656846
1657,13,0.0418357628197591,-1.73124092578853,"Never-taker",-3.5,47.6226797403609,44.1226797403609,"Failure: non-random eligibility",2271,1,0,47.6226797403609
1658,15,1.10322802825205,-0.236178550383859,"Never-taker",-3.5,51.645389813047,48.145389813047,"Failure: non-random eligibility",4074,0,0,51.645389813047
1659,12,-1.93770858788972,-1.14369811725173,"Never-taker",-3.5,37.4410319294231,33.9410319294231,"Failure: non-random eligibility",1491,1,0,37.4410319294231
1660,11,-1.42712068305556,-1.39528552854966,"Never-taker",-3.5,34.6032298327381,31.1032298327381,"Failure: non-random eligibility",205,1,0,34.6032298327381
1661,11,-0.188395363051399,-1.12732154659133,"Never-taker",-3.5,43.0165770527028,39.5165770527028,"Failure: non-random eligibility",1642,1,0,43.0165770527028
1662,14,1.235005916884,-2.60010942434187,"Never-taker",-3.5,44.0942539968947,40.5942539968947,"Failure: non-random eligibility",3596,0,0,44.0942539968947
1663,11,-1.11292846018079,-1.08911930334138,"Never-taker",-3.5,35.0751031145897,31.5751031145897,"Failure: non-random eligibility",1069,1,0,35.0751031145897
1664,11,-0.644738403478284,-0.111069824010409,"Never-taker",-3.5,49.4023894687949,45.9023894687949,"Failure: non-random eligibility",1806,1,0,49.4023894687949
1665,12,-0.127184358292307,0.626542693931142,"Complier",-5,50.0812890254129,45.0812890254129,"Failure: non-random eligibility",4984,0,0,50.0812890254129
1666,12,-1.3380955200692,0.409278501332851,"Complier",-5,43.2235408171551,38.2235408171551,"Failure: non-random eligibility",3147,0,0,43.2235408171551
1667,12,0.269851234166928,0.534162519797814,"Complier",-5,41.4718768995149,36.4718768995149,"Failure: non-random eligibility",3275,0,0,41.4718768995149
1668,12,-0.390227142508244,-1.0666410646543,"Never-taker",-3.5,37.0353527269098,33.5353527269098,"Failure: non-random eligibility",4409,0,0,37.0353527269098
1669,12,-0.467253258784719,1.37658011186669,"Always-taker",-2,43.9765928978953,41.9765928978953,"Failure: non-random eligibility",230,1,1,41.9765928978953
1670,12,1.25492771412596,0.845726758386325,"Complier",-5,52.8294392377751,47.8294392377751,"Failure: non-random eligibility",3671,0,0,52.8294392377751
1671,13,0.754154802921742,0.317417398844289,"Complier",-5,51.7203098599527,46.7203098599527,"Failure: non-random eligibility",3352,0,0,51.7203098599527
1672,11,-0.83503732566762,0.974107410007357,"Complier",-5,42.376867572058,37.376867572058,"Failure: non-random eligibility",441,1,1,37.376867572058
1673,14,0.762896807429895,-0.721134222622607,"Never-taker",-3.5,45.3817302076504,41.8817302076504,"Failure: non-random eligibility",3122,0,0,45.3817302076504
1674,11,0.347095475475176,-0.207000031865757,"Never-taker",-3.5,40.1819990867194,36.6819990867194,"Failure: non-random eligibility",1031,1,0,40.1819990867194
1675,14,0.144735759031316,0.606432739663426,"Complier",-5,58.0298213142956,53.0298213142956,"Failure: non-random eligibility",4399,0,0,58.0298213142956
1676,11,-1.53164506448786,-0.0576434947007339,"Never-taker",-3.5,38.6974624942259,35.1974624942259,"Failure: non-random eligibility",300,1,0,38.6974624942259
1677,11,-2.25445913993129,0.788410874956183,"Complier",-5,41.4132328532914,36.4132328532914,"Failure: non-random eligibility",2754,0,0,41.4132328532914
1678,12,-0.234331147285822,-1.05343169738728,"Never-taker",-3.5,42.9109383467395,39.4109383467395,"Failure: non-random eligibility",3204,0,0,42.9109383467395
1679,15,-0.0820768602555581,-0.701802825135641,"Never-taker",-3.5,49.3503290630744,45.8503290630744,"Failure: non-random eligibility",3895,0,0,49.3503290630744
1680,12,0.306208806307484,-1.16270608419957,"Never-taker",-3.5,47.1690757206467,43.6690757206467,"Failure: non-random eligibility",3142,0,0,47.1690757206467
1681,10,-0.678188660284081,2.20196802200276,"Always-taker",-2,38.3667919351821,36.3667919351821,"Failure: non-random eligibility",158,1,1,36.3667919351821
1682,15,1.40361045081862,0.349464633955171,"Complier",-5,43.6213678277684,38.6213678277684,"Failure: non-random eligibility",4982,0,0,43.6213678277684
1683,13,0.979569490786228,-1.42952647536774,"Never-taker",-3.5,45.716106987206,42.216106987206,"Failure: non-random eligibility",2936,0,0,45.716106987206
1684,9,-0.668554243599187,0.729763743441497,"Complier",-5,43.0615503106262,38.0615503106262,"Failure: non-random eligibility",1110,1,1,38.0615503106262
1685,11,-0.252062822171787,-1.48520541913953,"Never-taker",-3.5,43.0725393233881,39.5725393233881,"Failure: non-random eligibility",2620,0,0,43.0725393233881
1686,14,0.0438096592106688,1.07568170314749,"Complier",-5,58.4821456614698,53.4821456614698,"Failure: non-random eligibility",2336,1,1,53.4821456614698
1687,11,-0.808299705396289,-1.08624890646303,"Never-taker",-3.5,39.8761526624585,36.3761526624585,"Failure: non-random eligibility",3060,0,0,39.8761526624585
1688,13,1.15021758878852,0.867051235106368,"Complier",-5,53.2960265532243,48.2960265532243,"Failure: non-random eligibility",2122,1,1,48.2960265532243
1689,16,1.86891275131039,-0.693315652364683,"Never-taker",-3.5,50.5624367819495,47.0624367819495,"Failure: non-random eligibility",835,1,0,50.5624367819495
1690,11,-0.424207797185246,-1.4400768148505,"Never-taker",-3.5,39.4273691566224,35.9273691566224,"Failure: non-random eligibility",4434,0,0,39.4273691566224
1691,13,1.62679499514703,1.45243728723719,"Always-taker",-2,50.8632512242618,48.8632512242618,"Failure: non-random eligibility",4715,0,1,48.8632512242618
1692,15,0.648979345599553,1.34745217343746,"Always-taker",-2,55.8935832220197,53.8935832220197,"Failure: non-random eligibility",2900,0,1,53.8935832220197
1693,13,-0.372843227096772,0.703349158423643,"Complier",-5,50.704092147907,45.704092147907,"Failure: non-random eligibility",1876,1,1,45.704092147907
1694,10,-0.0629690867649814,-1.77204966727388,"Never-taker",-3.5,33.5680180113127,30.0680180113127,"Failure: non-random eligibility",4142,0,0,33.5680180113127
1695,9,-1.82022631648784,0.311281825554022,"Complier",-5,43.3972980425566,38.3972980425566,"Failure: non-random eligibility",4180,0,0,43.3972980425566
1696,11,-0.674637412718267,0.341370119596197,"Complier",-5,47.7234726907085,42.7234726907085,"Failure: non-random eligibility",932,1,1,42.7234726907085
1697,13,0.0306700659570413,0.617484672550138,"Complier",-5,47.6373800343118,42.6373800343118,"Failure: non-random eligibility",2023,1,1,42.6373800343118
1698,17,2.36129973751867,-1.01095067160186,"Never-taker",-3.5,60.5320986339457,57.0320986339457,"Failure: non-random eligibility",3014,0,0,60.5320986339457
1699,11,-1.26315056267921,-0.806536808882436,"Never-taker",-3.5,43.6068662346214,40.1068662346214,"Failure: non-random eligibility",3784,0,0,43.6068662346214
1700,12,-1.23656912560416,-0.279574157214217,"Never-taker",-3.5,42.3563953752235,38.8563953752235,"Failure: non-random eligibility",907,1,0,42.3563953752235
1701,12,-0.279505439899159,-0.162564946575346,"Never-taker",-3.5,50.0743519956287,46.5743519956287,"Failure: non-random eligibility",2251,1,0,50.0743519956287
1702,9,-1.90992696078351,-0.214137883678077,"Never-taker",-3.5,40.4224362774654,36.9224362774654,"Failure: non-random eligibility",512,1,0,40.4224362774654
1703,13,-0.0269826752758136,-1.38374270696279,"Never-taker",-3.5,41.7867755396831,38.2867755396831,"Failure: non-random eligibility",3873,0,0,41.7867755396831
1704,12,-0.312743053714548,-1.45004235352303,"Never-taker",-3.5,41.7557460345147,38.2557460345147,"Failure: non-random eligibility",4420,0,0,41.7557460345147
1705,14,0.708876352276211,-0.745193092841128,"Never-taker",-3.5,40.365257644974,36.865257644974,"Failure: non-random eligibility",1826,1,0,40.365257644974
1706,10,0.362052730572773,0.955115832483634,"Complier",-5,44.7995378654986,39.7995378654986,"Failure: non-random eligibility",4275,0,0,44.7995378654986
1707,13,0.64271022990631,0.0929045555143083,"Never-taker",-3.5,43.792375465516,40.292375465516,"Failure: non-random eligibility",1382,1,0,43.792375465516
1708,16,1.98441499032102,0.0908456407478994,"Never-taker",-3.5,56.4920043131024,52.9920043131024,"Failure: non-random eligibility",4396,0,0,56.4920043131024
1709,14,1.09691848126845,-0.194687559921808,"Never-taker",-3.5,37.2522855747616,33.7522855747616,"Failure: non-random eligibility",1350,1,0,37.2522855747616
1710,16,0.777093458531318,-0.194696183683356,"Never-taker",-3.5,53.5872439204553,50.0872439204553,"Failure: non-random eligibility",2904,0,0,53.5872439204553
1711,13,0.676851243863724,-1.27754667153278,"Never-taker",-3.5,46.0064140596407,42.5064140596407,"Failure: non-random eligibility",4401,0,0,46.0064140596407
1712,12,1.23625402174353,0.609121408794699,"Complier",-5,46.87507163832,41.87507163832,"Failure: non-random eligibility",4209,0,0,46.87507163832
1713,14,2.01918239992577,-2.04700283252013,"Never-taker",-3.5,49.7140930419607,46.2140930419607,"Failure: non-random eligibility",3960,0,0,49.7140930419607
1714,13,0.486424559116061,1.06587003651814,"Complier",-5,52.6506246748177,47.6506246748177,"Failure: non-random eligibility",1514,1,1,47.6506246748177
1715,11,-0.100018308775797,0.46364703143765,"Complier",-5,44.2054265112707,39.2054265112707,"Failure: non-random eligibility",1693,1,1,39.2054265112707
1716,13,0.547794758207557,-0.525737456322249,"Never-taker",-3.5,45.0924158889894,41.5924158889894,"Failure: non-random eligibility",3889,0,0,45.0924158889894
1717,14,2.21950696719521,-1.15202960059979,"Never-taker",-3.5,51.5104095732554,48.0104095732554,"Failure: non-random eligibility",4899,0,0,51.5104095732554
1718,10,-1.0409245068249,0.0852021992930701,"Never-taker",-3.5,40.9306894437986,37.4306894437986,"Failure: non-random eligibility",341,1,0,40.9306894437986
1719,15,2.06502054278068,1.29189724506289,"Complier",-5,51.0621011577688,46.0621011577688,"Failure: non-random eligibility",2436,1,1,46.0621011577688
1720,12,-0.48157375663663,-1.65951872690008,"Never-taker",-3.5,34.2796541306119,30.7796541306119,"Failure: non-random eligibility",1388,1,0,34.2796541306119
1721,13,0.463273363203416,0.47806618437448,"Complier",-5,44.2607782329479,39.2607782329479,"Failure: non-random eligibility",415,1,1,39.2607782329479
1722,13,0.281550866124491,1.63986116232864,"Always-taker",-2,46.3981462789134,44.3981462789134,"Failure: non-random eligibility",613,1,1,44.3981462789134
1723,12,-1.16066558384585,2.6739127734261,"Always-taker",-2,55.8946061634455,53.8946061634455,"Failure: non-random eligibility",198,1,1,53.8946061634455
1724,11,-0.668885166626349,-1.29874756751985,"Never-taker",-3.5,34.6443416417399,31.1443416417399,"Failure: non-random eligibility",2720,0,0,34.6443416417399
1725,15,1.27752283480922,-1.42849556370056,"Never-taker",-3.5,45.9228354346193,42.4228354346193,"Failure: non-random eligibility",2875,0,0,45.9228354346193
1726,12,0.327822722174337,-0.482864603749569,"Never-taker",-3.5,50.3085499899301,46.8085499899301,"Failure: non-random eligibility",4756,0,0,50.3085499899301
1727,10,-2.39730267948352,1.97802953711632,"Always-taker",-2,40.3050938213774,38.3050938213774,"Failure: non-random eligibility",3432,0,1,38.3050938213774
1728,13,-0.0611307785666821,0.137181242518874,"Complier",-5,53.1721883744207,48.1721883744207,"Failure: non-random eligibility",2592,0,0,53.1721883744207
1729,14,0.742284349085324,1.35527406299126,"Always-taker",-2,53.4160055281746,51.4160055281746,"Failure: non-random eligibility",2928,0,1,51.4160055281746
1730,13,0.428354855154934,0.42657470947833,"Complier",-5,52.453626584533,47.453626584533,"Failure: non-random eligibility",144,1,1,47.453626584533
1731,13,0.253279301902847,0.129430817526924,"Complier",-5,46.3055264685486,41.3055264685486,"Failure: non-random eligibility",4536,0,0,46.3055264685486
1732,12,-0.855369340638721,-2.92044678514558,"Never-taker",-3.5,42.2241664765286,38.7241664765286,"Failure: non-random eligibility",749,1,0,42.2241664765286
1733,13,0.251067899803624,0.791961988272639,"Complier",-5,49.8342134531998,44.8342134531998,"Failure: non-random eligibility",1276,1,1,44.8342134531998
1734,11,-0.568863031962681,-0.67893249397523,"Never-taker",-3.5,43.5626660298989,40.0626660298989,"Failure: non-random eligibility",707,1,0,43.5626660298989
1735,15,2.12045397856148,-0.379113981061636,"Never-taker",-3.5,49.6246333920977,46.1246333920977,"Failure: non-random eligibility",4377,0,0,49.6246333920977
1736,12,-0.540653650782872,-2.19357451283733,"Never-taker",-3.5,33.7689755825832,30.2689755825832,"Failure: non-random eligibility",1333,1,0,33.7689755825832
1737,11,-1.16088548158094,-0.837202257585406,"Never-taker",-3.5,38.0186700836261,34.5186700836261,"Failure: non-random eligibility",1203,1,0,38.0186700836261
1738,11,-0.460932941294316,0.403004749843763,"Complier",-5,45.8622935636335,40.8622935636335,"Failure: non-random eligibility",624,1,1,40.8622935636335
1739,12,-0.803711142059873,1.23796327638919,"Complier",-5,48.8190420262398,43.8190420262398,"Failure: non-random eligibility",2544,0,0,48.8190420262398
1740,11,-0.54774792101227,1.14989389146541,"Complier",-5,45.8682438342886,40.8682438342886,"Failure: non-random eligibility",53,1,1,40.8682438342886
1741,12,-1.02643780648975,-0.10883314037321,"Never-taker",-3.5,38.9837706953011,35.4837706953011,"Failure: non-random eligibility",1153,1,0,38.9837706953011
1742,15,0.830130830762868,1.74497445350749,"Always-taker",-2,54.5329207028434,52.5329207028434,"Failure: non-random eligibility",1109,1,1,52.5329207028434
1743,11,-0.887744674612607,0.318184377080803,"Complier",-5,45.0812193126598,40.0812193126598,"Failure: non-random eligibility",788,1,1,40.0812193126598
1744,12,0.367305888195965,-2.15387708291688,"Never-taker",-3.5,38.2071561960354,34.7071561960354,"Failure: non-random eligibility",3728,0,0,38.2071561960354
1745,12,-0.417819481749866,-1.56834343471525,"Never-taker",-3.5,39.5665104524328,36.0665104524328,"Failure: non-random eligibility",173,1,0,39.5665104524328
1746,13,0.142608014885845,0.738784629292202,"Complier",-5,49.7341368929719,44.7341368929719,"Failure: non-random eligibility",3902,0,0,49.7341368929719
1747,15,1.4825547965895,-0.140306312431528,"Never-taker",-3.5,56.6626413682104,53.1626413682104,"Failure: non-random eligibility",3599,0,0,56.6626413682104
1748,12,-1.08994906904447,-1.19315355137066,"Never-taker",-3.5,39.6014193279995,36.1014193279995,"Failure: non-random eligibility",492,1,0,39.6014193279995
1749,10,-1.57036007015871,0.614091241164298,"Complier",-5,37.4195991965885,32.4195991965885,"Failure: non-random eligibility",2751,0,0,37.4195991965885
1750,12,-1.63402581167395,1.32826000923665,"Always-taker",-2,38.6040410213287,36.6040410213287,"Failure: non-random eligibility",2306,1,1,36.6040410213287
1751,14,1.16322480409429,-2.20837138652569,"Never-taker",-3.5,46.977660433408,43.477660433408,"Failure: non-random eligibility",4774,0,0,46.977660433408
1752,16,2.01609520545498,1.04310828900419,"Complier",-5,50.5101047910294,45.5101047910294,"Failure: non-random eligibility",4804,0,0,50.5101047910294
1753,12,0.144818052746078,-0.18825502871809,"Never-taker",-3.5,45.4395418675334,41.9395418675334,"Failure: non-random eligibility",4274,0,0,45.4395418675334
1754,12,0.158604865978009,-0.47525416266505,"Never-taker",-3.5,51.068427645658,47.568427645658,"Failure: non-random eligibility",4052,0,0,51.068427645658
1755,16,3.52652200057481,-0.467047276501215,"Never-taker",-3.5,53.83349167376,50.33349167376,"Failure: non-random eligibility",4921,0,0,53.83349167376
1756,11,-0.852818205289764,1.58489123363334,"Always-taker",-2,48.0095299537279,46.0095299537279,"Failure: non-random eligibility",3789,0,1,46.0095299537279
1757,10,-1.69031833942209,0.340128567038693,"Complier",-5,35.3206781713266,30.3206781713266,"Failure: non-random eligibility",116,1,1,30.3206781713266
1758,12,0.420841240978024,0.781530979002884,"Complier",-5,43.0442575794244,38.0442575794244,"Failure: non-random eligibility",3619,0,0,43.0442575794244
1759,14,0.479455818320976,1.53107701728667,"Always-taker",-2,52.1228138095215,50.1228138095215,"Failure: non-random eligibility",3704,0,1,50.1228138095215
1760,14,0.924115324526988,0.739347397490913,"Complier",-5,49.0391999466903,44.0391999466903,"Failure: non-random eligibility",2242,1,1,44.0391999466903
1761,10,-0.347519228245191,0.0372193061996659,"Never-taker",-3.5,38.6583888486811,35.1583888486811,"Failure: non-random eligibility",1521,1,0,38.6583888486811
1762,11,-0.803412534341105,0.114730011765561,"Never-taker",-3.5,40.6908084309976,37.1908084309976,"Failure: non-random eligibility",4149,0,0,40.6908084309976
1763,14,0.312616367611994,1.07574416226851,"Complier",-5,55.9468834228694,50.9468834228694,"Failure: non-random eligibility",935,1,1,50.9468834228694
1764,13,1.25214110936489,-0.928631326603357,"Never-taker",-3.5,45.7407658135937,42.2407658135937,"Failure: non-random eligibility",4609,0,0,45.7407658135937
1765,12,0.69123193129151,-0.740420804692454,"Never-taker",-3.5,48.4552326970687,44.9552326970687,"Failure: non-random eligibility",1151,1,0,48.4552326970687
1766,13,-0.454632633618374,1.94709504999775,"Always-taker",-2,45.1456392695975,43.1456392695975,"Failure: non-random eligibility",4253,0,1,43.1456392695975
1767,11,0.59300981447327,0.15286414267499,"Complier",-5,39.4971375424428,34.4971375424428,"Failure: non-random eligibility",4360,0,0,39.4971375424428
1768,13,0.107699982457565,0.30650855423341,"Complier",-5,48.1433001091708,43.1433001091708,"Failure: non-random eligibility",721,1,1,43.1433001091708
1769,12,-0.0222485629117149,-1.49368227197695,"Never-taker",-3.5,42.6599838055762,39.1599838055762,"Failure: non-random eligibility",2553,0,0,42.6599838055762
1770,13,0.665183420646248,-0.687803415357872,"Never-taker",-3.5,43.7696125475545,40.2696125475545,"Failure: non-random eligibility",172,1,0,43.7696125475545
1771,15,2.4908776894165,0.11977972890969,"Never-taker",-3.5,52.6994284371292,49.1994284371292,"Failure: non-random eligibility",3864,0,0,52.6994284371292
1772,12,-0.692026006213277,-0.0155785663194362,"Never-taker",-3.5,45.8760552925188,42.3760552925188,"Failure: non-random eligibility",647,1,0,45.8760552925188
1773,14,-0.147379588746577,-1.20363265802439,"Never-taker",-3.5,45.8269701682948,42.3269701682948,"Failure: non-random eligibility",3450,0,0,45.8269701682948
1774,11,-0.326940689918407,-0.250823150457845,"Never-taker",-3.5,45.8148060245426,42.3148060245426,"Failure: non-random eligibility",2095,1,0,45.8148060245426
1775,12,-1.23986771634998,0.066973728181127,"Never-taker",-3.5,44.3785104340773,40.8785104340773,"Failure: non-random eligibility",430,1,0,44.3785104340773
1776,13,1.58644726635763,-0.387206076699145,"Never-taker",-3.5,49.4913569423723,45.9913569423723,"Failure: non-random eligibility",4249,0,0,49.4913569423723
1777,8,-1.70560392494142,0.19462472568653,"Complier",-5,37.7726517850174,32.7726517850174,"Failure: non-random eligibility",4155,0,0,37.7726517850174
1778,13,-0.362240694678831,-1.54230732339851,"Never-taker",-3.5,41.7238485023384,38.2238485023384,"Failure: non-random eligibility",2776,0,0,41.7238485023384
1779,13,-0.366041004588864,0.105540762455247,"Never-taker",-3.5,44.0395405542439,40.5395405542439,"Failure: non-random eligibility",137,1,0,44.0395405542439
1780,9,-1.35712784031041,0.454224059022612,"Complier",-5,39.6806649251616,34.6806649251616,"Failure: non-random eligibility",1221,1,1,34.6806649251616
1781,16,1.63715819254619,-1.09605198017866,"Never-taker",-3.5,56.7757311385499,53.2757311385499,"Failure: non-random eligibility",3214,0,0,56.7757311385499
1782,12,-0.0142508053471801,0.471442487290454,"Complier",-5,51.4688068392059,46.4688068392059,"Failure: non-random eligibility",2024,1,1,46.4688068392059
1783,10,-1.83985990647995,-0.281077354599439,"Never-taker",-3.5,43.2485447643041,39.7485447643041,"Failure: non-random eligibility",485,1,0,43.2485447643041
1784,14,0.579741162883943,-0.552954432164184,"Never-taker",-3.5,46.0526280583694,42.5526280583694,"Failure: non-random eligibility",962,1,0,46.0526280583694
1785,10,-1.18147910558792,-0.0149309839502396,"Never-taker",-3.5,42.3752351034295,38.8752351034295,"Failure: non-random eligibility",177,1,0,42.3752351034295
1786,11,-0.161545128382636,-0.137408420599837,"Never-taker",-3.5,33.9973597194629,30.4973597194629,"Failure: non-random eligibility",552,1,0,33.9973597194629
1787,15,1.44719197193866,-0.742861954948754,"Never-taker",-3.5,50.1474593224699,46.6474593224699,"Failure: non-random eligibility",3201,0,0,50.1474593224699
1788,10,-1.08587898080586,-0.0505713510636803,"Never-taker",-3.5,40.2633288362471,36.7633288362471,"Failure: non-random eligibility",488,1,0,40.2633288362471
1789,15,1.02459522232651,1.19978676786766,"Complier",-5,55.3344479910448,50.3344479910448,"Failure: non-random eligibility",4337,0,0,55.3344479910448
1790,11,-0.571047040834726,-0.401042191050243,"Never-taker",-3.5,44.9660189051789,41.4660189051789,"Failure: non-random eligibility",3813,0,0,44.9660189051789
1791,12,1.71606216478307,-1.84734791916633,"Never-taker",-3.5,45.5901000386741,42.0901000386741,"Failure: non-random eligibility",3331,0,0,45.5901000386741
1792,12,0.221951983938485,0.0657403586343404,"Never-taker",-3.5,44.6759556623493,41.1759556623493,"Failure: non-random eligibility",1246,1,0,44.6759556623493
1793,11,-0.479705073630707,1.1027802661317,"Complier",-5,47.9610482050941,42.9610482050941,"Failure: non-random eligibility",3625,0,0,47.9610482050941
1794,15,1.22619264982224,0.245952323900827,"Complier",-5,49.4540936020184,44.4540936020184,"Failure: non-random eligibility",4938,0,0,49.4540936020184
1795,12,-0.945829541279142,0.381636322551847,"Complier",-5,46.2534621665832,41.2534621665832,"Failure: non-random eligibility",374,1,1,41.2534621665832
1796,14,1.66188092038432,-0.0897317473727971,"Never-taker",-3.5,45.2234784114335,41.7234784114335,"Failure: non-random eligibility",4760,0,0,45.2234784114335
1797,15,0.875833658804809,1.41803540486591,"Always-taker",-2,46.4941675003098,44.4941675003098,"Failure: non-random eligibility",2646,0,1,44.4941675003098
1798,13,1.72054747082107,0.539821416600591,"Complier",-5,56.0893383527803,51.0893383527803,"Failure: non-random eligibility",1560,1,1,51.0893383527803
1799,14,1.28593310565342,0.40834246229256,"Complier",-5,53.59016095414,48.59016095414,"Failure: non-random eligibility",2908,0,0,53.59016095414
1800,14,1.58701194676332,-0.112235571193937,"Never-taker",-3.5,51.1005569488972,47.6005569488972,"Failure: non-random eligibility",2415,1,0,51.1005569488972
1801,14,1.43741568105831,-0.385565616877811,"Never-taker",-3.5,45.8138588841926,42.3138588841926,"Failure: non-random eligibility",4998,0,0,45.8138588841926
1802,11,-0.00663694633846969,0.175888795226287,"Complier",-5,37.904841992622,32.904841992622,"Failure: non-random eligibility",4146,0,0,37.904841992622
1803,14,-0.539167987961569,-0.453931742957828,"Never-taker",-3.5,43.9179451472583,40.4179451472583,"Failure: non-random eligibility",2344,1,0,43.9179451472583
1804,11,-2.04305338263856,0.0267569918585772,"Never-taker",-3.5,39.0305128809926,35.5305128809926,"Failure: non-random eligibility",425,1,0,39.0305128809926
1805,14,1.08042404899455,-0.477755854454416,"Never-taker",-3.5,46.6048031854993,43.1048031854993,"Failure: non-random eligibility",3388,0,0,46.6048031854993
1806,11,0.443983961639674,-1.14169409445343,"Never-taker",-3.5,42.1438594496465,38.6438594496465,"Failure: non-random eligibility",4130,0,0,42.1438594496465
1807,10,-2.63107974028818,-0.734212677179916,"Never-taker",-3.5,35.6102874870309,32.1102874870309,"Failure: non-random eligibility",185,1,0,35.6102874870309
1808,13,-0.880954819991349,0.10442469764304,"Never-taker",-3.5,43.4781344776887,39.9781344776887,"Failure: non-random eligibility",1846,1,0,43.4781344776887
1809,12,0.104169492228312,-0.799765110791528,"Never-taker",-3.5,43.3497270785589,39.8497270785589,"Failure: non-random eligibility",2811,0,0,43.3497270785589
1810,12,0.684459130814482,0.464416658346226,"Complier",-5,45.118553252357,40.118553252357,"Failure: non-random eligibility",3531,0,0,45.118553252357
1811,12,-0.363945249309107,-0.517298261633973,"Never-taker",-3.5,45.1104259266692,41.6104259266692,"Failure: non-random eligibility",1552,1,0,45.1104259266692
1812,13,0.22133768202566,0.295597153154453,"Complier",-5,50.048657616095,45.048657616095,"Failure: non-random eligibility",1715,1,1,45.048657616095
1813,14,0.976115633353801,-1.65292894632889,"Never-taker",-3.5,46.0813172177444,42.5813172177444,"Failure: non-random eligibility",3012,0,0,46.0813172177444
1814,12,-0.95801635885692,-0.0741746077227112,"Never-taker",-3.5,37.5406171306153,34.0406171306153,"Failure: non-random eligibility",3488,0,0,37.5406171306153
1815,15,0.730093391512486,0.5815339367318,"Complier",-5,51.1631652814546,46.1631652814546,"Failure: non-random eligibility",3769,0,0,51.1631652814546
1816,11,-0.944921389637993,-0.705974958343614,"Never-taker",-3.5,44.0467265834765,40.5467265834765,"Failure: non-random eligibility",1086,1,0,44.0467265834765
1817,11,-0.450929349501665,1.02156466900365,"Complier",-5,47.083287175048,42.083287175048,"Failure: non-random eligibility",699,1,1,42.083287175048
1818,12,0.592492412085111,1.26112941685909,"Complier",-5,49.3057001608584,44.3057001608584,"Failure: non-random eligibility",4707,0,0,49.3057001608584
1819,13,0.149263843886548,0.429219976423344,"Complier",-5,51.7903579126261,46.7903579126261,"Failure: non-random eligibility",3206,0,0,51.7903579126261
1820,12,-0.738149510053593,0.397801737860991,"Complier",-5,40.3753481458503,35.3753481458503,"Failure: non-random eligibility",1010,1,1,35.3753481458503
1821,15,1.44871626691678,0.0827810662672524,"Never-taker",-3.5,59.307182122877,55.807182122877,"Failure: non-random eligibility",936,1,0,59.307182122877
1822,13,0.626113364918361,-0.240100391579817,"Never-taker",-3.5,48.9216415828092,45.4216415828092,"Failure: non-random eligibility",2316,1,0,48.9216415828092
1823,10,-1.10859217554826,0.546033859075701,"Complier",-5,36.7126598888686,31.7126598888686,"Failure: non-random eligibility",464,1,1,31.7126598888686
1824,14,-0.96615966657852,-0.896591850814232,"Never-taker",-3.5,41.6175387263031,38.1175387263031,"Failure: non-random eligibility",1381,1,0,41.6175387263031
1825,14,0.821136697037217,0.129412577015375,"Complier",-5,46.3191916672883,41.3191916672883,"Failure: non-random eligibility",2964,0,0,46.3191916672883
1826,14,1.10434512136614,0.628004170814854,"Complier",-5,47.97309642574,42.97309642574,"Failure: non-random eligibility",3408,0,0,47.97309642574
1827,15,0.316620046442783,-0.569134163391243,"Never-taker",-3.5,51.7743295324171,48.2743295324171,"Failure: non-random eligibility",3637,0,0,51.7743295324171
1828,13,0.877405298393821,0.619884876744936,"Complier",-5,54.2705322832592,49.2705322832592,"Failure: non-random eligibility",1383,1,1,49.2705322832592
1829,13,-1.38317400948774,-0.925011869115606,"Never-taker",-3.5,41.2223915335593,37.7223915335593,"Failure: non-random eligibility",1028,1,0,41.2223915335593
1830,14,-0.160063478925298,0.404294672322712,"Complier",-5,46.0555396015092,41.0555396015092,"Failure: non-random eligibility",2530,0,0,46.0555396015092
1831,13,0.83249422074325,0.115211722952274,"Never-taker",-3.5,47.601469120821,44.101469120821,"Failure: non-random eligibility",161,1,0,47.601469120821
1832,11,-1.93290908983238,-0.914740875574357,"Never-taker",-3.5,38.0023511256242,34.5023511256242,"Failure: non-random eligibility",1946,1,0,38.0023511256242
1833,12,-0.0582521311519796,-0.470486532507341,"Never-taker",-3.5,42.4652637534763,38.9652637534763,"Failure: non-random eligibility",4299,0,0,42.4652637534763
1834,14,0.386866458713533,1.81285157692442,"Always-taker",-2,50.4068106137548,48.4068106137548,"Failure: non-random eligibility",2583,0,1,48.4068106137548
1835,11,-0.635483269524944,0.0610803538592989,"Never-taker",-3.5,42.3078990606022,38.8078990606022,"Failure: non-random eligibility",61,1,0,42.3078990606022
1836,13,0.958240075024421,-0.458662942766041,"Never-taker",-3.5,48.0094213474293,44.5094213474293,"Failure: non-random eligibility",4812,0,0,48.0094213474293
1837,13,-0.361690252737493,0.90418901996448,"Complier",-5,49.6071463505636,44.6071463505636,"Failure: non-random eligibility",3412,0,0,49.6071463505636
1838,13,0.858599903684298,-1.44774039009839,"Never-taker",-3.5,44.199841434512,40.699841434512,"Failure: non-random eligibility",1786,1,0,44.199841434512
1839,14,0.275662355524409,1.53570260150464,"Always-taker",-2,54.8979614651222,52.8979614651222,"Failure: non-random eligibility",229,1,1,52.8979614651222
1840,14,0.811071110817373,1.1227827691108,"Complier",-5,55.6893026005397,50.6893026005397,"Failure: non-random eligibility",2366,1,1,50.6893026005397
1841,13,0.16003089296617,-0.419505542238074,"Never-taker",-3.5,39.948925919928,36.448925919928,"Failure: non-random eligibility",825,1,0,39.948925919928
1842,18,3.71868587449358,2.10187603501951,"Always-taker",-2,63.9750711273196,61.9750711273196,"Failure: non-random eligibility",4950,0,1,61.9750711273196
1843,14,0.38285323183355,0.0949406311284374,"Never-taker",-3.5,44.774326260825,41.274326260825,"Failure: non-random eligibility",3566,0,0,44.774326260825
1844,14,0.769054233469891,2.08401758104291,"Always-taker",-2,53.7519341674226,51.7519341674226,"Failure: non-random eligibility",1340,1,1,51.7519341674226
1845,13,0.55931415435226,-0.696430749945549,"Never-taker",-3.5,50.1814452266419,46.6814452266419,"Failure: non-random eligibility",4887,0,0,50.1814452266419
1846,11,-0.871302580181525,-1.36131286651517,"Never-taker",-3.5,32.8347740335955,29.3347740335955,"Failure: non-random eligibility",3610,0,0,32.8347740335955
1847,11,-1.91438852690828,-0.0663117219995911,"Never-taker",-3.5,40.2364450542757,36.7364450542757,"Failure: non-random eligibility",499,1,0,40.2364450542757
1848,10,-1.0509619903556,-0.528012355234173,"Never-taker",-3.5,40.3804323609201,36.8804323609201,"Failure: non-random eligibility",852,1,0,40.3804323609201
1849,8,-1.76560238997679,0.261098027254555,"Complier",-5,27.0179607517914,22.0179607517914,"Failure: non-random eligibility",3575,0,0,27.0179607517914
1850,12,-0.0108341573242163,1.1512996590588,"Complier",-5,50.5694737828756,45.5694737828756,"Failure: non-random eligibility",3246,0,0,50.5694737828756
1851,15,0.323446072162058,-1.46723670998097,"Never-taker",-3.5,49.1166344598257,45.6166344598257,"Failure: non-random eligibility",2456,1,0,49.1166344598257
1852,13,0.287629989792907,-0.0570210186585013,"Never-taker",-3.5,47.5573365367661,44.0573365367661,"Failure: non-random eligibility",2728,0,0,47.5573365367661
1853,15,1.71830501159858,-1.3544633196423,"Never-taker",-3.5,49.4187356463404,45.9187356463404,"Failure: non-random eligibility",3210,0,0,49.4187356463404
1854,14,0.0707346799623264,-0.527930351926695,"Never-taker",-3.5,43.3730302320714,39.8730302320714,"Failure: non-random eligibility",4592,0,0,43.3730302320714
1855,13,-0.310045398412935,2.18209488034143,"Always-taker",-2,51.0300365758025,49.0300365758025,"Failure: non-random eligibility",3102,0,1,49.0300365758025
1856,10,-2.56704227224306,-1.682591288892,"Never-taker",-3.5,29.4920288208192,25.9920288208192,"Failure: non-random eligibility",253,1,0,29.4920288208192
1857,13,-0.338292803453024,1.33643243199778,"Always-taker",-2,45.3503308873332,43.3503308873332,"Failure: non-random eligibility",4764,0,1,43.3503308873332
1858,8,-2.54994799990269,-0.939437486305053,"Never-taker",-3.5,33.7015932968421,30.2015932968421,"Failure: non-random eligibility",163,1,0,33.7015932968421
1859,11,-0.431928678824127,-0.38872746927341,"Never-taker",-3.5,41.1229053795937,37.6229053795937,"Failure: non-random eligibility",4549,0,0,41.1229053795937
1860,13,1.31008161932355,0.436964111858443,"Complier",-5,50.8308696308809,45.8308696308809,"Failure: non-random eligibility",4962,0,0,50.8308696308809
1861,11,-0.672162144605044,-1.50950674773947,"Never-taker",-3.5,39.1278436366743,35.6278436366743,"Failure: non-random eligibility",152,1,0,39.1278436366743
1862,13,-0.06024159485272,0.404457666086722,"Complier",-5,53.105873423564,48.105873423564,"Failure: non-random eligibility",3802,0,0,53.105873423564
1863,12,-0.145308562450146,1.45878242208078,"Always-taker",-2,47.6700903823096,45.6700903823096,"Failure: non-random eligibility",3353,0,1,45.6700903823096
1864,13,1.2970859895851,0.93954332804244,"Complier",-5,57.3531795077649,52.3531795077649,"Failure: non-random eligibility",4417,0,0,57.3531795077649
1865,14,1.62671417582287,0.996656913011551,"Complier",-5,52.3368455442428,47.3368455442428,"Failure: non-random eligibility",3950,0,0,52.3368455442428
1866,14,-0.84310136033022,-0.519299824527947,"Never-taker",-3.5,43.6157077063888,40.1157077063888,"Failure: non-random eligibility",1321,1,0,43.6157077063888
1867,14,-0.496363332004316,2.2077536959932,"Always-taker",-2,43.8527212102321,41.8527212102321,"Failure: non-random eligibility",1833,1,1,41.8527212102321
1868,12,-0.366617129982354,-1.1413621119639,"Never-taker",-3.5,43.6226642354869,40.1226642354869,"Failure: non-random eligibility",1256,1,0,43.6226642354869
1869,12,-1.65088380604001,-0.0944175859076475,"Never-taker",-3.5,38.5770321019912,35.0770321019912,"Failure: non-random eligibility",1062,1,0,38.5770321019912
1870,13,-0.0912733168906648,-0.250593931019509,"Never-taker",-3.5,41.8334690469965,38.3334690469965,"Failure: non-random eligibility",1077,1,0,41.8334690469965
1871,13,0.640461815129152,0.70842237060594,"Complier",-5,54.2080207474365,49.2080207474365,"Failure: non-random eligibility",4602,0,0,54.2080207474365
1872,13,0.363535019945079,-0.970005689261164,"Never-taker",-3.5,42.3791394382004,38.8791394382004,"Failure: non-random eligibility",3399,0,0,42.3791394382004
1873,14,0.584881756363592,-0.0756375719089432,"Never-taker",-3.5,44.4834196500611,40.9834196500611,"Failure: non-random eligibility",3184,0,0,44.4834196500611
1874,12,9.90870511821681e-05,0.193224609597771,"Complier",-5,44.7190736776201,39.7190736776201,"Failure: non-random eligibility",3585,0,0,44.7190736776201
1875,12,-1.60205537984036,1.14422284952594,"Complier",-5,40.5240997249907,35.5240997249907,"Failure: non-random eligibility",2491,1,1,35.5240997249907
1876,11,-1.56046618659293,1.59372461164451,"Always-taker",-2,46.3498665334777,44.3498665334777,"Failure: non-random eligibility",2056,1,1,44.3498665334777
1877,13,1.4818579136868,0.135032837674169,"Complier",-5,52.2180324427183,47.2180324427183,"Failure: non-random eligibility",4010,0,0,52.2180324427183
1878,11,-1.46608159009625,2.30409704548221,"Always-taker",-2,51.1571125145599,49.1571125145599,"Failure: non-random eligibility",535,1,1,49.1571125145599
1879,13,-0.218679111972898,-0.211373096440677,"Never-taker",-3.5,45.5880468097269,42.0880468097269,"Failure: non-random eligibility",3262,0,0,45.5880468097269
1880,12,0.218581419643022,2.76533978800059,"Always-taker",-2,52.3050822230479,50.3050822230479,"Failure: non-random eligibility",3722,0,1,50.3050822230479
1881,15,2.77638255948782,-0.204448313689989,"Never-taker",-3.5,60.6431303196124,57.1431303196124,"Failure: non-random eligibility",2920,0,0,60.6431303196124
1882,14,0.244219391792943,1.34352664297811,"Always-taker",-2,51.7797087941825,49.7797087941825,"Failure: non-random eligibility",4634,0,1,49.7797087941825
1883,15,1.91560754994511,0.151571143662642,"Complier",-5,52.1285433507968,47.1285433507968,"Failure: non-random eligibility",2497,1,1,47.1285433507968
1884,12,0.5200573970567,-0.248263000128223,"Never-taker",-3.5,40.6803287063293,37.1803287063293,"Failure: non-random eligibility",2214,1,0,40.6803287063293
1885,13,-0.783888931119429,0.388370459367391,"Complier",-5,46.7189811591621,41.7189811591621,"Failure: non-random eligibility",3565,0,0,46.7189811591621
1886,11,-1.79462937368267,-1.98849626675184,"Never-taker",-3.5,29.4173145058706,25.9173145058706,"Failure: non-random eligibility",1948,1,0,29.4173145058706
1887,13,0.186026738460957,0.336689841497153,"Complier",-5,43.2377613158479,38.2377613158479,"Failure: non-random eligibility",2987,0,0,43.2377613158479
1888,15,0.664161255764754,0.563157659546741,"Complier",-5,57.7225178555303,52.7225178555303,"Failure: non-random eligibility",4753,0,0,57.7225178555303
1889,15,1.53112816010988,0.336647977416861,"Complier",-5,50.5038327025598,45.5038327025598,"Failure: non-random eligibility",4516,0,0,50.5038327025598
1890,13,0.390770417302595,1.06546462158954,"Complier",-5,53.1521759232136,48.1521759232136,"Failure: non-random eligibility",4166,0,0,53.1521759232136
1891,14,1.39865334337422,0.0635320336269355,"Never-taker",-3.5,49.3652274595006,45.8652274595006,"Failure: non-random eligibility",4214,0,0,49.3652274595006
1892,13,0.906735561711357,0.329474262424837,"Complier",-5,43.2653056878249,38.2653056878249,"Failure: non-random eligibility",4880,0,0,43.2653056878249
1893,15,1.22591373938359,0.925452034911068,"Complier",-5,53.1505463145998,48.1505463145998,"Failure: non-random eligibility",2957,0,0,53.1505463145998
1894,13,0.684540600962059,1.1010860389575,"Complier",-5,50.6456334511554,45.6456334511554,"Failure: non-random eligibility",853,1,1,45.6456334511554
1895,11,-1.39091501592494,-0.567512440888411,"Never-taker",-3.5,39.7261177146317,36.2261177146317,"Failure: non-random eligibility",2559,0,0,39.7261177146317
1896,14,0.450056424263546,0.0774654964397154,"Never-taker",-3.5,46.8603318564503,43.3603318564503,"Failure: non-random eligibility",2074,1,0,46.8603318564503
1897,13,1.13929427981948,-0.0339167759312213,"Never-taker",-3.5,49.0095759756022,45.5095759756022,"Failure: non-random eligibility",3046,0,0,49.0095759756022
1898,12,0.689421642388013,1.4161055025051,"Always-taker",-2,50.5392953649238,48.5392953649238,"Failure: non-random eligibility",3232,0,1,48.5392953649238
1899,13,-0.216580717614595,0.78897374919887,"Complier",-5,47.7230776880311,42.7230776880311,"Failure: non-random eligibility",3373,0,0,47.7230776880311
1900,13,-0.866894594901416,-1.0276302948881,"Never-taker",-3.5,40.0224422408112,36.5224422408112,"Failure: non-random eligibility",1931,1,0,40.0224422408112
1901,13,-0.198679406189898,-1.21506339432414,"Never-taker",-3.5,49.0399431013627,45.5399431013627,"Failure: non-random eligibility",299,1,0,49.0399431013627
1902,14,0.0413627473128565,0.122991315412635,"Never-taker",-3.5,53.0611536792628,49.5611536792628,"Failure: non-random eligibility",2348,1,0,53.0611536792628
1903,14,1.79939786356699,-0.35563728934117,"Never-taker",-3.5,52.1404147975189,48.6404147975189,"Failure: non-random eligibility",4398,0,0,52.1404147975189
1904,14,0.659294153461801,2.38136790386902,"Always-taker",-2,50.3149243569077,48.3149243569077,"Failure: non-random eligibility",1853,1,1,48.3149243569077
1905,13,0.466289868694118,0.791994501193807,"Complier",-5,54.5953780697776,49.5953780697776,"Failure: non-random eligibility",310,1,1,49.5953780697776
1906,11,-2.51181966452408,0.372995959029771,"Complier",-5,33.4285442907994,28.4285442907994,"Failure: non-random eligibility",288,1,1,28.4285442907994
1907,13,0.547449444019149,1.21341422237573,"Complier",-5,53.9790621184656,48.9790621184656,"Failure: non-random eligibility",2222,1,1,48.9790621184656
1908,9,-1.74222672056165,-0.733777992708472,"Never-taker",-3.5,33.7541478873016,30.2541478873016,"Failure: non-random eligibility",688,1,0,33.7541478873016
1909,10,-1.3415313269793,0.555005037034589,"Complier",-5,42.7332995466757,37.7332995466757,"Failure: non-random eligibility",1578,1,1,37.7332995466757
1910,11,-0.547599143287996,0.693602993551311,"Complier",-5,44.5239876401984,39.5239876401984,"Failure: non-random eligibility",3735,0,0,44.5239876401984
1911,13,0.448684358048781,-0.705752335063209,"Never-taker",-3.5,50.1215016211725,46.6215016211725,"Failure: non-random eligibility",1681,1,0,50.1215016211725
1912,11,-0.0767833926624975,0.637510419293753,"Complier",-5,41.6799440776905,36.6799440776905,"Failure: non-random eligibility",92,1,1,36.6799440776905
1913,13,0.915575125071128,-0.0693329378248777,"Never-taker",-3.5,53.7024883854508,50.2024883854508,"Failure: non-random eligibility",3731,0,0,53.7024883854508
1914,10,-0.975586986245934,-0.973501349804717,"Never-taker",-3.5,38.3816934286052,34.8816934286052,"Failure: non-random eligibility",2810,0,0,38.3816934286052
1915,15,0.786453075941562,-0.00771515118320325,"Never-taker",-3.5,52.6529253215715,49.1529253215715,"Failure: non-random eligibility",1864,1,0,52.6529253215715
1916,11,-0.615964999202773,-0.865034169494575,"Never-taker",-3.5,39.4276217229268,35.9276217229268,"Failure: non-random eligibility",3118,0,0,39.4276217229268
1917,12,-0.356652974135902,-1.04974967161192,"Never-taker",-3.5,46.2128266485608,42.7128266485608,"Failure: non-random eligibility",3367,0,0,46.2128266485608
1918,12,0.447964660181382,0.586849492933837,"Complier",-5,42.8423368524855,37.8423368524855,"Failure: non-random eligibility",334,1,1,37.8423368524855
1919,13,-0.286324964607879,-1.75866433806514,"Never-taker",-3.5,37.9700134433909,34.4700134433909,"Failure: non-random eligibility",190,1,0,37.9700134433909
1920,10,-2.08511576593049,0.096481222082466,"Never-taker",-3.5,36.2372896594817,32.7372896594817,"Failure: non-random eligibility",919,1,0,36.2372896594817
1921,10,-1.57813152530655,-2.67064209518041,"Never-taker",-3.5,41.5973432904702,38.0973432904702,"Failure: non-random eligibility",3081,0,0,41.5973432904702
1922,12,-0.0582711101492915,-0.128294640955836,"Never-taker",-3.5,45.1964188546432,41.6964188546432,"Failure: non-random eligibility",3139,0,0,45.1964188546432
1923,13,1.18390026913874,-0.427076917732945,"Never-taker",-3.5,48.1523506838178,44.6523506838178,"Failure: non-random eligibility",2545,0,0,48.1523506838178
1924,12,-0.321732110906187,0.329062627439876,"Complier",-5,41.2195252360098,36.2195252360098,"Failure: non-random eligibility",30,1,1,36.2195252360098
1925,14,1.31846704169694,-0.097386092325227,"Never-taker",-3.5,50.2520692197164,46.7520692197164,"Failure: non-random eligibility",4702,0,0,50.2520692197164
1926,12,-0.727478650296867,0.0564191657576723,"Never-taker",-3.5,43.2134071586274,39.7134071586274,"Failure: non-random eligibility",2893,0,0,43.2134071586274
1927,12,-1.00702131378675,-0.529321422206296,"Never-taker",-3.5,44.5004449946989,41.0004449946989,"Failure: non-random eligibility",2843,0,0,44.5004449946989
1928,12,0.606606164205195,0.576394766212133,"Complier",-5,55.8910761890853,50.8910761890853,"Failure: non-random eligibility",2372,1,1,50.8910761890853
1929,12,0.0873456426464734,-1.15151363785812,"Never-taker",-3.5,37.1816237230368,33.6816237230368,"Failure: non-random eligibility",3501,0,0,37.1816237230368
1930,13,-0.564969849410525,0.619731289134054,"Complier",-5,48.787559716805,43.787559716805,"Failure: non-random eligibility",3377,0,0,48.787559716805
1931,11,-1.64203538308788,-0.64138728566064,"Never-taker",-3.5,38.3325052163334,34.8325052163334,"Failure: non-random eligibility",1959,1,0,38.3325052163334
1932,12,0.720461834210148,0.807893943278493,"Complier",-5,46.996119455076,41.996119455076,"Failure: non-random eligibility",3810,0,0,46.996119455076
1933,11,-1.00781692490351,0.667081486890749,"Complier",-5,43.5661071968027,38.5661071968027,"Failure: non-random eligibility",777,1,1,38.5661071968027
1934,11,-0.102980034531112,-1.08453700790104,"Never-taker",-3.5,46.4441127224355,42.9441127224355,"Failure: non-random eligibility",1315,1,0,46.4441127224355
1935,13,-0.14371498065078,-0.567715199099121,"Never-taker",-3.5,35.1870973881035,31.6870973881035,"Failure: non-random eligibility",1520,1,0,35.1870973881035
1936,11,-0.617072086444097,-0.897932729134561,"Never-taker",-3.5,47.3700205244517,43.8700205244517,"Failure: non-random eligibility",115,1,0,47.3700205244517
1937,11,-0.754792044116838,-1.4243298741817,"Never-taker",-3.5,43.8837910656316,40.3837910656316,"Failure: non-random eligibility",2071,1,0,43.8837910656316
1938,16,1.25593069232905,-0.449327530121102,"Never-taker",-3.5,50.8488709870815,47.3488709870815,"Failure: non-random eligibility",4216,0,0,50.8488709870815
1939,12,0.295813859022003,0.44285838882091,"Complier",-5,54.8216127588919,49.8216127588919,"Failure: non-random eligibility",2565,0,0,54.8216127588919
1940,13,-0.0409613016119491,0.793138851242936,"Complier",-5,47.8341184812812,42.8341184812812,"Failure: non-random eligibility",1275,1,1,42.8341184812812
1941,12,-0.0603915942404468,-0.397909586961539,"Never-taker",-3.5,39.3073123142665,35.8073123142665,"Failure: non-random eligibility",2263,1,0,39.3073123142665
1942,13,-0.357180409622691,0.559708537691364,"Complier",-5,51.8382893857598,46.8382893857598,"Failure: non-random eligibility",1194,1,1,46.8382893857598
1943,15,0.460835229912595,1.32820195860679,"Always-taker",-2,54.0186549012404,52.0186549012404,"Failure: non-random eligibility",3906,0,1,52.0186549012404
1944,12,-0.52932036688008,1.39894036310921,"Always-taker",-2,52.0107312621621,50.0107312621621,"Failure: non-random eligibility",3817,0,1,50.0107312621621
1945,13,-1.03551710214317,0.758818490925216,"Complier",-5,50.3640434740728,45.3640434740728,"Failure: non-random eligibility",418,1,1,45.3640434740728
1946,12,0.371875071084766,0.75081135403815,"Complier",-5,46.7932959993265,41.7932959993265,"Failure: non-random eligibility",2829,0,0,46.7932959993265
1947,13,-0.562204459695718,0.849106874149714,"Complier",-5,46.9343713828465,41.9343713828465,"Failure: non-random eligibility",652,1,1,41.9343713828465
1948,12,0.400504176246189,0.508432878218681,"Complier",-5,46.0817906551389,41.0817906551389,"Failure: non-random eligibility",3951,0,0,46.0817906551389
1949,11,-0.179298722752655,-0.0314666417719484,"Never-taker",-3.5,37.8557163770686,34.3557163770686,"Failure: non-random eligibility",4302,0,0,37.8557163770686
1950,11,-1.7655171098594,0.612400165123769,"Complier",-5,45.7256057898585,40.7256057898585,"Failure: non-random eligibility",130,1,1,40.7256057898585
1951,13,-1.50457061651131,0.678972462017736,"Complier",-5,49.5830282135821,44.5830282135821,"Failure: non-random eligibility",3690,0,0,49.5830282135821
1952,12,0.184887748303771,-0.0505435568869929,"Never-taker",-3.5,43.7726488514228,40.2726488514228,"Failure: non-random eligibility",4318,0,0,43.7726488514228
1953,10,-1.9853422428735,0.142574953301114,"Complier",-5,41.935528966889,36.935528966889,"Failure: non-random eligibility",13,1,1,36.935528966889
1954,13,-0.455303181603186,-3.83123804998231,"Never-taker",-3.5,38.5735233622788,35.0735233622788,"Failure: non-random eligibility",24,1,0,38.5735233622788
1955,11,-1.14033179694578,1.11620998970565,"Complier",-5,36.0682765964212,31.0682765964212,"Failure: non-random eligibility",368,1,1,31.0682765964212
1956,13,-0.441454837400723,0.309892180146758,"Complier",-5,35.3526604880122,30.3526604880122,"Failure: non-random eligibility",1538,1,1,30.3526604880122
1957,14,0.00123426565790106,1.37036170891067,"Always-taker",-2,50.085711629327,48.085711629327,"Failure: non-random eligibility",625,1,1,48.085711629327
1958,13,-0.0604820709974864,-0.43348646585906,"Never-taker",-3.5,45.6297959522492,42.1297959522492,"Failure: non-random eligibility",949,1,0,45.6297959522492
1959,12,-0.859023301197613,1.12993056154612,"Complier",-5,49.8468372922047,44.8468372922047,"Failure: non-random eligibility",2154,1,1,44.8468372922047
1960,12,-0.706057931903238,-0.861303604164775,"Never-taker",-3.5,47.1534206723766,43.6534206723766,"Failure: non-random eligibility",1998,1,0,47.1534206723766
1961,12,0.60402249252134,1.48929987544136,"Always-taker",-2,48.3117446739616,46.3117446739616,"Failure: non-random eligibility",4914,0,1,46.3117446739616
1962,16,2.11341471772938,1.20567187039951,"Complier",-5,58.3177072570655,53.3177072570655,"Failure: non-random eligibility",2065,1,1,53.3177072570655
1963,12,0.572966756931022,0.728971127673389,"Complier",-5,44.73237259122,39.73237259122,"Failure: non-random eligibility",4878,0,0,44.73237259122
1964,13,1.21764640789373,1.26294637099933,"Complier",-5,55.8901779418486,50.8901779418486,"Failure: non-random eligibility",4999,0,0,55.8901779418486
1965,12,0.425240305418634,0.944913511781608,"Complier",-5,51.9319346386801,46.9319346386801,"Failure: non-random eligibility",3561,0,0,51.9319346386801
1966,13,1.18418215294183,0.26707810558034,"Complier",-5,55.5768492162993,50.5768492162993,"Failure: non-random eligibility",3649,0,0,55.5768492162993
1967,13,-1.06789259984384,0.239515338957263,"Complier",-5,46.1985841011964,41.1985841011964,"Failure: non-random eligibility",768,1,1,41.1985841011964
1968,14,2.29360552603075,-1.57874881398817,"Never-taker",-3.5,41.5008029094518,38.0008029094518,"Failure: non-random eligibility",2523,0,0,41.5008029094518
1969,14,0.798065288125984,0.109237390932156,"Never-taker",-3.5,52.1694258320693,48.6694258320693,"Failure: non-random eligibility",3874,0,0,52.1694258320693
1970,12,-0.628703582127551,-0.598065311818325,"Never-taker",-3.5,45.2448877262001,41.7448877262001,"Failure: non-random eligibility",1243,1,0,45.2448877262001
1971,13,1.0994458768754,-1.25069072155432,"Never-taker",-3.5,45.5913156359521,42.0913156359521,"Failure: non-random eligibility",2158,1,0,45.5913156359521
1972,16,2.52149114395778,-0.221555065110081,"Never-taker",-3.5,58.339555772391,54.839555772391,"Failure: non-random eligibility",3717,0,0,58.339555772391
1973,11,-0.868075347189079,0.736843135351102,"Complier",-5,40.2259947250897,35.2259947250897,"Failure: non-random eligibility",3381,0,0,40.2259947250897
1974,12,0.790714486796133,-0.254664649524301,"Never-taker",-3.5,45.9431792171269,42.4431792171269,"Failure: non-random eligibility",4556,0,0,45.9431792171269
1975,15,1.29963967999239,-1.14093544599141,"Never-taker",-3.5,48.4544723051613,44.9544723051613,"Failure: non-random eligibility",3730,0,0,48.4544723051613
1976,15,1.2261171467463,0.738990998443769,"Complier",-5,54.1683590346028,49.1683590346028,"Failure: non-random eligibility",4755,0,0,54.1683590346028
1977,12,-0.335681560962121,-0.932182410168827,"Never-taker",-3.5,38.8952482415419,35.3952482415419,"Failure: non-random eligibility",2300,1,0,38.8952482415419
1978,10,-1.40694752144694,0.664588335913797,"Complier",-5,44.0541653738306,39.0541653738306,"Failure: non-random eligibility",2516,0,0,44.0541653738306
1979,13,1.27583468090534,1.61757438222192,"Always-taker",-2,52.8885810078624,50.8885810078624,"Failure: non-random eligibility",2284,1,1,50.8885810078624
1980,15,0.84237868045123,-1.67337808405407,"Never-taker",-3.5,55.4549439891983,51.9549439891983,"Failure: non-random eligibility",4042,0,0,55.4549439891983
1981,13,0.483288377677419,0.142596634933934,"Complier",-5,51.92381766721,46.92381766721,"Failure: non-random eligibility",3383,0,0,51.92381766721
1982,14,0.925978412985561,0.44484003656443,"Complier",-5,48.8765467361107,43.8765467361107,"Failure: non-random eligibility",2935,0,0,48.8765467361107
1983,13,0.594764740881419,-0.537726311650884,"Never-taker",-3.5,42.6116237535784,39.1116237535784,"Failure: non-random eligibility",3522,0,0,42.6116237535784
1984,12,0.731468837326987,-0.567157437566496,"Never-taker",-3.5,43.6094288632554,40.1094288632554,"Failure: non-random eligibility",1366,1,0,43.6094288632554
1985,15,1.03414191302734,-2.16826998732816,"Never-taker",-3.5,47.6306730148474,44.1306730148474,"Failure: non-random eligibility",2472,1,0,47.6306730148474
1986,11,-1.0893854838,-1.51373408556592,"Never-taker",-3.5,38.6979545438512,35.1979545438512,"Failure: non-random eligibility",151,1,0,38.6979545438512
1987,15,0.817490674717371,0.169193450684447,"Complier",-5,55.8267365605627,50.8267365605627,"Failure: non-random eligibility",4877,0,0,55.8267365605627
1988,14,0.439200125004481,-1.38150281322133,"Never-taker",-3.5,42.7979440593183,39.2979440593183,"Failure: non-random eligibility",379,1,0,42.7979440593183
1989,13,-0.17651207910102,0.221240530414746,"Complier",-5,51.7875790692412,46.7875790692412,"Failure: non-random eligibility",3168,0,0,51.7875790692412
1990,11,-1.33810087103521,-0.141557368458187,"Never-taker",-3.5,40.7300557709997,37.2300557709997,"Failure: non-random eligibility",766,1,0,40.7300557709997
1991,12,0.376507099213881,1.05826413433984,"Complier",-5,49.6763362827826,44.6763362827826,"Failure: non-random eligibility",266,1,1,44.6763362827826
1992,11,-0.0793175357669151,-0.553011261815638,"Never-taker",-3.5,35.7443100990108,32.2443100990108,"Failure: non-random eligibility",2118,1,0,35.7443100990108
1993,14,1.42563317194365,-0.650293408982794,"Never-taker",-3.5,43.3115306980516,39.8115306980516,"Failure: non-random eligibility",2994,0,0,43.3115306980516
1994,11,-0.571232275112609,-0.421897178819741,"Never-taker",-3.5,45.7999846937245,42.2999846937245,"Failure: non-random eligibility",1115,1,0,45.7999846937245
1995,13,-1.00572834470578,-1.38949499798176,"Never-taker",-3.5,37.0910214456563,33.5910214456563,"Failure: non-random eligibility",3990,0,0,37.0910214456563
1996,15,0.253619334378909,0.737760624079826,"Complier",-5,51.0152903431138,46.0152903431138,"Failure: non-random eligibility",1530,1,1,46.0152903431138
1997,12,-1.05037787081313,-1.48600860016936,"Never-taker",-3.5,41.4576094949749,37.9576094949749,"Failure: non-random eligibility",532,1,0,41.4576094949749
1998,12,-0.66150936665103,-0.716011912170564,"Never-taker",-3.5,38.8178905476666,35.3178905476666,"Failure: non-random eligibility",1691,1,0,38.8178905476666
1999,12,-0.525381767972429,0.220935669213791,"Complier",-5,43.4624993584178,38.4624993584178,"Failure: non-random eligibility",1672,1,1,38.4624993584178
2000,10,0.324608650148755,0.720337731487989,"Complier",-5,50.4172548715699,45.4172548715699,"Failure: non-random eligibility",4243,0,0,50.4172548715699
2001,11,-1.45410124688707,1.31881729999891,"Always-taker",-2,46.3126259941419,44.3126259941419,"Failure: non-random eligibility",2034,1,1,44.3126259941419
2002,12,-1.58796335640809,-0.187747712951205,"Never-taker",-3.5,44.8337236044787,41.3337236044787,"Failure: non-random eligibility",2799,0,0,44.8337236044787
2003,11,-0.185657364285165,1.21181478231619,"Complier",-5,48.7456998635477,43.7456998635477,"Failure: non-random eligibility",475,1,1,43.7456998635477
2004,11,-0.468754250937471,0.64561625313736,"Complier",-5,45.7207247968218,40.7207247968218,"Failure: non-random eligibility",706,1,1,40.7207247968218
2005,15,0.72511867617084,-0.75255615257737,"Never-taker",-3.5,46.6780463161759,43.1780463161759,"Failure: non-random eligibility",3451,0,0,46.6780463161759
2006,12,-1.18828365458125,-1.5161885001245,"Never-taker",-3.5,41.46612794032,37.96612794032,"Failure: non-random eligibility",39,1,0,41.46612794032
2007,13,1.08534900875415,1.13761880941046,"Complier",-5,50.7429068087924,45.7429068087924,"Failure: non-random eligibility",424,1,1,45.7429068087924
2008,14,0.889479762487096,1.18229467163181,"Complier",-5,56.352877047146,51.352877047146,"Failure: non-random eligibility",2897,0,0,56.352877047146
2009,13,-0.535123667960562,-0.0514258388112727,"Never-taker",-3.5,40.0148466318951,36.5148466318951,"Failure: non-random eligibility",2598,0,0,40.0148466318951
2010,10,-0.504898052707642,1.12549372252307,"Complier",-5,41.8174788907987,36.8174788907987,"Failure: non-random eligibility",2130,1,1,36.8174788907987
2011,11,-1.00350508357427,0.634872783221728,"Complier",-5,43.3015224944119,38.3015224944119,"Failure: non-random eligibility",1938,1,1,38.3015224944119
2012,14,-0.456419359299388,-0.703088851153522,"Never-taker",-3.5,48.4358080989731,44.9358080989731,"Failure: non-random eligibility",1904,1,0,48.4358080989731
2013,12,0.0280353822375069,-1.92394245450666,"Never-taker",-3.5,49.9508836260569,46.4508836260569,"Failure: non-random eligibility",241,1,0,49.9508836260569
2014,11,-0.663038035493712,3.23927631304316,"Always-taker",-2,51.0798124640238,49.0798124640238,"Failure: non-random eligibility",2246,1,1,49.0798124640238
2015,12,-0.939519829524303,-1.727779356407,"Never-taker",-3.5,34.0218893129614,30.5218893129614,"Failure: non-random eligibility",2449,1,0,34.0218893129614
2016,12,0.138991352399684,0.403761694827986,"Complier",-5,46.3566493513267,41.3566493513267,"Failure: non-random eligibility",2997,0,0,46.3566493513267
2017,11,-0.500223417875963,-0.063094079683573,"Never-taker",-3.5,37.620376779006,34.120376779006,"Failure: non-random eligibility",118,1,0,37.620376779006
2018,13,-0.0876552998000628,-0.768201063033393,"Never-taker",-3.5,44.1469054328409,40.6469054328409,"Failure: non-random eligibility",3149,0,0,44.1469054328409
2019,14,0.585836329393692,0.44176227744705,"Complier",-5,47.8917865453318,42.8917865453318,"Failure: non-random eligibility",3269,0,0,47.8917865453318
2020,13,0.0548514917577543,0.450950345491179,"Complier",-5,46.4489150439529,41.4489150439529,"Failure: non-random eligibility",2807,0,0,46.4489150439529
2021,11,0.153838881867375,0.136917436666928,"Complier",-5,46.6150378384312,41.6150378384312,"Failure: non-random eligibility",4506,0,0,46.6150378384312
2022,11,-0.533031547818698,0.0956241231328721,"Never-taker",-3.5,41.2004954910851,37.7004954910851,"Failure: non-random eligibility",735,1,0,41.2004954910851
2023,14,0.878199030586522,0.926037527801859,"Complier",-5,53.7393644814748,48.7393644814748,"Failure: non-random eligibility",4368,0,0,53.7393644814748
2024,11,-0.55817688599401,0.090387797972306,"Never-taker",-3.5,36.6848235794975,33.1848235794975,"Failure: non-random eligibility",3853,0,0,36.6848235794975
2025,11,-1.36523251289664,-1.3788097726003,"Never-taker",-3.5,47.1944085666261,43.6944085666261,"Failure: non-random eligibility",204,1,0,47.1944085666261
2026,17,2.74905801044634,-2.51444601218527,"Never-taker",-3.5,53.0735042329349,49.5735042329349,"Failure: non-random eligibility",3860,0,0,53.0735042329349
2027,16,1.51208351720529,-1.70901489759676,"Never-taker",-3.5,51.9237472339232,48.4237472339232,"Failure: non-random eligibility",3258,0,0,51.9237472339232
2028,10,-1.38583356418058,-0.0264679795436643,"Never-taker",-3.5,36.5414199163983,33.0414199163983,"Failure: non-random eligibility",1260,1,0,36.5414199163983
2029,9,-1.22603542339823,-0.917995322979124,"Never-taker",-3.5,35.6633686291247,32.1633686291247,"Failure: non-random eligibility",774,1,0,35.6633686291247
2030,9,-1.23778605517186,-1.30002597388736,"Never-taker",-3.5,39.9972653610158,36.4972653610158,"Failure: non-random eligibility",1563,1,0,39.9972653610158
2031,14,0.00963330921600962,-0.18082700949004,"Never-taker",-3.5,40.9727922877891,37.4727922877891,"Failure: non-random eligibility",3995,0,0,40.9727922877891
2032,15,0.643595403162552,0.693145445773394,"Complier",-5,52.6634768467794,47.6634768467794,"Failure: non-random eligibility",701,1,1,47.6634768467794
2033,10,-1.99198666045467,0.246403164555233,"Complier",-5,36.2904473483867,31.2904473483867,"Failure: non-random eligibility",384,1,1,31.2904473483867
2034,15,1.57804823479663,1.10446036287154,"Complier",-5,50.313429460212,45.313429460212,"Failure: non-random eligibility",1486,1,1,45.313429460212
2035,14,0.588923607532108,0.419844294343964,"Complier",-5,42.0194872140371,37.0194872140371,"Failure: non-random eligibility",3259,0,0,42.0194872140371
2036,13,0.194666217194958,0.721462595302036,"Complier",-5,46.8137002554962,41.8137002554962,"Failure: non-random eligibility",3819,0,0,46.8137002554962
2037,11,-0.868020374871312,0.0874399929617412,"Never-taker",-3.5,42.1452433734597,38.6452433734597,"Failure: non-random eligibility",2058,1,0,42.1452433734597
2038,12,0.597407561606672,-0.834650871998236,"Never-taker",-3.5,42.0300968918766,38.5300968918766,"Failure: non-random eligibility",1923,1,0,42.0300968918766
2039,9,-1.4251905897309,0.697048384455657,"Complier",-5,42.023382281964,37.023382281964,"Failure: non-random eligibility",829,1,1,37.023382281964
2040,8,-2.75567577647816,0.587429908410637,"Complier",-5,33.383141402516,28.383141402516,"Failure: non-random eligibility",452,1,1,28.383141402516
2041,11,-0.805182776024708,-0.217210780091277,"Never-taker",-3.5,37.4720949151482,33.9720949151482,"Failure: non-random eligibility",528,1,0,37.4720949151482
2042,15,0.74783681323305,-1.04869979818548,"Never-taker",-3.5,44.297322763797,40.797322763797,"Failure: non-random eligibility",3915,0,0,44.297322763797
2043,12,-0.17062105431215,-0.460360492377982,"Never-taker",-3.5,39.2403444401526,35.7403444401526,"Failure: non-random eligibility",1698,1,0,39.2403444401526
2044,14,0.438798137751846,-1.19272265920491,"Never-taker",-3.5,45.7312596216283,42.2312596216283,"Failure: non-random eligibility",4189,0,0,45.7312596216283
2045,12,-0.23660422563568,0.273909099057488,"Complier",-5,48.6971011971323,43.6971011971323,"Failure: non-random eligibility",2767,0,0,48.6971011971323
2046,12,0.500925144413027,-0.623748973679822,"Never-taker",-3.5,39.4254562604202,35.9254562604202,"Failure: non-random eligibility",762,1,0,39.4254562604202
2047,11,-0.449097971912793,0.652463318875479,"Complier",-5,49.6250321138758,44.6250321138758,"Failure: non-random eligibility",913,1,1,44.6250321138758
2048,13,0.818976380242069,0.528107382317829,"Complier",-5,50.5484352893892,45.5484352893892,"Failure: non-random eligibility",3749,0,0,50.5484352893892
2049,13,-0.649540717926781,1.34041786403136,"Always-taker",-2,46.9941047040789,44.9941047040789,"Failure: non-random eligibility",2840,0,1,44.9941047040789
2050,11,-0.0326692030299878,-0.093710037022873,"Never-taker",-3.5,45.0235106850929,41.5235106850929,"Failure: non-random eligibility",1015,1,0,45.0235106850929
2051,12,0.0234254741541852,0.769572684046378,"Complier",-5,49.3453794858814,44.3453794858814,"Failure: non-random eligibility",3947,0,0,49.3453794858814
2052,12,-0.773971643705865,-0.689677007923837,"Never-taker",-3.5,34.0036797312728,30.5036797312728,"Failure: non-random eligibility",4749,0,0,34.0036797312728
2053,14,0.306119583173231,0.197212516201153,"Complier",-5,42.3577667587532,37.3577667587532,"Failure: non-random eligibility",4839,0,0,42.3577667587532
2054,12,-1.60360547812392,0.0984910640170133,"Never-taker",-3.5,46.800318928632,43.300318928632,"Failure: non-random eligibility",1363,1,0,46.800318928632
2055,11,-1.18755285671288,0.369278647948161,"Complier",-5,42.4845682767038,37.4845682767038,"Failure: non-random eligibility",3882,0,0,42.4845682767038
2056,15,1.08272676913729,-0.584060863889468,"Never-taker",-3.5,45.4088988766666,41.9088988766666,"Failure: non-random eligibility",3271,0,0,45.4088988766666
2057,10,-1.46799583286302,-0.149096267695324,"Never-taker",-3.5,36.559960688202,33.059960688202,"Failure: non-random eligibility",793,1,0,36.559960688202
2058,13,-0.477212631656143,0.352501367172259,"Complier",-5,44.6248914872243,39.6248914872243,"Failure: non-random eligibility",4854,0,0,44.6248914872243
2059,14,0.419595395243358,-0.433260637523816,"Never-taker",-3.5,46.9728338236079,43.4728338236079,"Failure: non-random eligibility",4458,0,0,46.9728338236079
2060,14,1.85663926538315,1.9079469907581,"Always-taker",-2,51.1528633035513,49.1528633035513,"Failure: non-random eligibility",4227,0,1,49.1528633035513
2061,12,-1.24631252594106,-1.33405083160465,"Never-taker",-3.5,39.5772495827366,36.0772495827366,"Failure: non-random eligibility",206,1,0,39.5772495827366
2062,12,-0.775482948120157,0.561140176213689,"Complier",-5,48.4896081274274,43.4896081274274,"Failure: non-random eligibility",712,1,1,43.4896081274274
2063,15,0.0702950011199324,-1.06680362765882,"Never-taker",-3.5,43.0961743462661,39.5961743462661,"Failure: non-random eligibility",4739,0,0,43.0961743462661
2064,13,0.110227019779666,-1.63455768659014,"Never-taker",-3.5,43.246351913141,39.746351913141,"Failure: non-random eligibility",1613,1,0,43.246351913141
2065,11,-0.781731797309549,0.525945188576276,"Complier",-5,37.4756194736129,32.4756194736129,"Failure: non-random eligibility",131,1,1,32.4756194736129
2066,11,-0.280275140329779,0.797558222417018,"Complier",-5,44.4219010815403,39.4219010815403,"Failure: non-random eligibility",3265,0,0,44.4219010815403
2067,9,-1.01154937686603,1.036040148467,"Complier",-5,49.1740506295917,44.1740506295917,"Failure: non-random eligibility",443,1,1,44.1740506295917
2068,13,0.199682969345201,0.957753501004196,"Complier",-5,47.1745469398662,42.1745469398662,"Failure: non-random eligibility",881,1,1,42.1745469398662
2069,12,-0.939703177927169,1.17078702949962,"Complier",-5,42.5065650375797,37.5065650375797,"Failure: non-random eligibility",3182,0,0,42.5065650375797
2070,14,1.47103583629366,-1.92684016744123,"Never-taker",-3.5,53.5663973562433,50.0663973562433,"Failure: non-random eligibility",3845,0,0,53.5663973562433
2071,11,-1.11181937784366,0.168480536352226,"Complier",-5,39.7365158890864,34.7365158890864,"Failure: non-random eligibility",46,1,1,34.7365158890864
2072,13,0.881075698206396,-0.573042140848413,"Never-taker",-3.5,41.6104905486834,38.1104905486834,"Failure: non-random eligibility",4306,0,0,41.6104905486834
2073,14,-1.09025377671708,-1.18648607544614,"Never-taker",-3.5,46.1317830766685,42.6317830766685,"Failure: non-random eligibility",1825,1,0,46.1317830766685
2074,12,0.733948615650754,0.129252977794791,"Complier",-5,38.9971853805822,33.9971853805822,"Failure: non-random eligibility",3035,0,0,38.9971853805822
2075,12,-0.912549612489974,0.742630005991431,"Complier",-5,41.5916319578097,36.5916319578097,"Failure: non-random eligibility",3938,0,0,41.5916319578097
2076,14,0.0589079454723667,-1.43397062339248,"Never-taker",-3.5,43.5427977736937,40.0427977736937,"Failure: non-random eligibility",2142,1,0,43.5427977736937
2077,13,-0.0344268111297875,0.0945228077671371,"Never-taker",-3.5,43.4975940077941,39.9975940077941,"Failure: non-random eligibility",3097,0,0,43.4975940077941
2078,13,1.19666657292506,1.62164604436164,"Always-taker",-2,49.7174795207731,47.7174795207731,"Failure: non-random eligibility",3538,0,1,47.7174795207731
2079,14,1.13471496556717,-1.19948419718393,"Never-taker",-3.5,46.8292591806272,43.3292591806272,"Failure: non-random eligibility",703,1,0,46.8292591806272
2080,12,-0.557451365500174,-1.23878150167422,"Never-taker",-3.5,47.9195028006726,44.4195028006726,"Failure: non-random eligibility",4488,0,0,47.9195028006726
2081,14,-0.84381974236107,-0.842786850833264,"Never-taker",-3.5,40.5055973024609,37.0055973024609,"Failure: non-random eligibility",1121,1,0,40.5055973024609
2082,13,0.640629807867367,0.581698205389593,"Complier",-5,44.0912068413104,39.0912068413104,"Failure: non-random eligibility",3972,0,0,44.0912068413104
2083,11,-0.829670411075267,1.28983836021129,"Complier",-5,45.5498633293215,40.5498633293215,"Failure: non-random eligibility",3636,0,0,45.5498633293215
2084,8,-2.63006655734736,-0.0427526728202096,"Never-taker",-3.5,30.3923387931034,26.8923387931034,"Failure: non-random eligibility",690,1,0,30.3923387931034
2085,14,2.45539707430585,-1.43225648744183,"Never-taker",-3.5,61.0847858426724,57.5847858426724,"Failure: non-random eligibility",2834,0,0,61.0847858426724
2086,11,-0.654665335496231,0.264643212799088,"Complier",-5,36.4092520257943,31.4092520257943,"Failure: non-random eligibility",2280,1,1,31.4092520257943
2087,13,0.553484770775493,0.537538744399288,"Complier",-5,51.9955347107752,46.9955347107752,"Failure: non-random eligibility",3067,0,0,51.9955347107752
2088,14,-0.113964344266689,1.10439382722223,"Complier",-5,41.5458823538862,36.5458823538862,"Failure: non-random eligibility",2944,0,0,41.5458823538862
2089,14,0.0435989594610847,0.440251314899752,"Complier",-5,47.5140625996925,42.5140625996925,"Failure: non-random eligibility",4247,0,0,47.5140625996925
2090,12,0.615368638515861,-0.95624345034026,"Never-taker",-3.5,46.8072130899354,43.3072130899354,"Failure: non-random eligibility",875,1,0,46.8072130899354
2091,13,0.403662718639214,0.180518834088733,"Complier",-5,44.3809912012844,39.3809912012844,"Failure: non-random eligibility",2715,0,0,44.3809912012844
2092,12,0.8023073680597,0.788286121603546,"Complier",-5,48.2055146753427,43.2055146753427,"Failure: non-random eligibility",1233,1,1,43.2055146753427
2093,10,-1.7786194715041,0.822152363718247,"Complier",-5,48.9590986512191,43.9590986512191,"Failure: non-random eligibility",2454,1,1,43.9590986512191
2094,11,-1.08579089804094,0.266220316898526,"Complier",-5,34.9494026946515,29.9494026946515,"Failure: non-random eligibility",3655,0,0,34.9494026946515
2095,12,0.291258377060197,0.74518778634586,"Complier",-5,51.4555330622453,46.4555330622453,"Failure: non-random eligibility",3700,0,0,51.4555330622453
2096,14,1.73002206934059,1.18946974059143,"Complier",-5,51.3971818768662,46.3971818768662,"Failure: non-random eligibility",4512,0,0,51.3971818768662
2097,14,0.195824982303358,0.164029287013244,"Complier",-5,42.5089554448478,37.5089554448478,"Failure: non-random eligibility",756,1,1,37.5089554448478
2098,13,0.588899415912601,-1.15055422066834,"Never-taker",-3.5,47.718869577707,44.218869577707,"Failure: non-random eligibility",3511,0,0,47.718869577707
2099,14,0.779449273414535,-0.988593863656497,"Never-taker",-3.5,54.0555090145123,50.5555090145123,"Failure: non-random eligibility",1901,1,0,54.0555090145123
2100,13,-0.809393299729368,-0.067412487226678,"Never-taker",-3.5,46.1346504546296,42.6346504546296,"Failure: non-random eligibility",833,1,0,46.1346504546296
2101,11,-0.589136017582523,-0.819418985297867,"Never-taker",-3.5,33.0350084464902,29.5350084464902,"Failure: non-random eligibility",105,1,0,33.0350084464902
2102,11,-0.273925558431801,0.252512306387939,"Complier",-5,39.6194805452242,34.6194805452242,"Failure: non-random eligibility",2229,1,1,34.6194805452242
2103,14,0.124044843717892,-0.0199928128401249,"Never-taker",-3.5,49.93004265582,46.43004265582,"Failure: non-random eligibility",4586,0,0,49.93004265582
2104,14,1.09470894801469,1.14304282878753,"Complier",-5,52.457327304381,47.457327304381,"Failure: non-random eligibility",4750,0,0,52.457327304381
2105,15,1.60544607216304,1.27316098848916,"Complier",-5,51.9023343391536,46.9023343391536,"Failure: non-random eligibility",1270,1,1,46.9023343391536
2106,13,0.348635299979731,0.985314898790889,"Complier",-5,50.0255551755925,45.0255551755925,"Failure: non-random eligibility",3676,0,0,50.0255551755925
2107,13,-0.843276641073986,-0.959415166221726,"Never-taker",-3.5,34.8807251758419,31.3807251758419,"Failure: non-random eligibility",2086,1,0,34.8807251758419
2108,15,0.712472527253402,0.552997287861089,"Complier",-5,45.561506999693,40.561506999693,"Failure: non-random eligibility",2842,0,0,45.561506999693
2109,15,1.70950827559123,-0.283623371065628,"Never-taker",-3.5,48.9942137809122,45.4942137809122,"Failure: non-random eligibility",2657,0,0,48.9942137809122
2110,14,-0.0803168329361541,3.02605046091447,"Always-taker",-2,59.1270476275086,57.1270476275086,"Failure: non-random eligibility",3423,0,1,57.1270476275086
2111,14,0.960168277921866,1.72634578301153,"Always-taker",-2,48.1113417877134,46.1113417877134,"Failure: non-random eligibility",4547,0,1,46.1113417877134
2112,11,-0.731104199614747,0.509854166465137,"Complier",-5,34.9654600860331,29.9654600860331,"Failure: non-random eligibility",1689,1,1,29.9654600860331
2113,13,-0.11441309283386,-0.427454433006701,"Never-taker",-3.5,45.3426513607261,41.8426513607261,"Failure: non-random eligibility",1285,1,0,45.3426513607261
2114,14,1.29157793436555,-0.794503307467215,"Never-taker",-3.5,51.454901493504,47.954901493504,"Failure: non-random eligibility",4677,0,0,51.454901493504
2115,14,0.345950035358434,-0.590100951578075,"Never-taker",-3.5,46.8586783047232,43.3586783047232,"Failure: non-random eligibility",4611,0,0,46.8586783047232
2116,13,0.85405558144899,1.00437323031967,"Complier",-5,51.3254107664521,46.3254107664521,"Failure: non-random eligibility",922,1,1,46.3254107664521
2117,12,-0.279895837399374,0.128691501302028,"Never-taker",-3.5,44.7915028345603,41.2915028345603,"Failure: non-random eligibility",908,1,0,44.7915028345603
2118,12,-0.26532701853635,-0.171698513877555,"Never-taker",-3.5,40.8523084719007,37.3523084719007,"Failure: non-random eligibility",1694,1,0,40.8523084719007
2119,13,-0.084154567690019,-1.91888315638581,"Never-taker",-3.5,41.3634439203943,37.8634439203943,"Failure: non-random eligibility",3917,0,0,41.3634439203943
2120,17,2.22857531522467,-1.33127144444979,"Never-taker",-3.5,46.5900237906029,43.0900237906029,"Failure: non-random eligibility",1595,1,0,46.5900237906029
2121,12,0.46340066555392,-0.251219750995037,"Never-taker",-3.5,34.7364186949539,31.2364186949539,"Failure: non-random eligibility",4590,0,0,34.7364186949539
2122,15,1.63597151349265,-1.41615517851429,"Never-taker",-3.5,53.411710557408,49.911710557408,"Failure: non-random eligibility",819,1,0,53.411710557408
2123,15,0.599375997817695,-0.735418154136634,"Never-taker",-3.5,52.3391022682763,48.8391022682763,"Failure: non-random eligibility",2406,1,0,52.3391022682763
2124,9,-1.66090418524649,-0.622612277383856,"Never-taker",-3.5,36.3122891158156,32.8122891158156,"Failure: non-random eligibility",1666,1,0,36.3122891158156
2125,15,0.608001781478858,0.139128892222871,"Complier",-5,49.2144587549201,44.2144587549201,"Failure: non-random eligibility",4571,0,0,49.2144587549201
2126,12,-0.0474881223042825,0.778921320093878,"Complier",-5,60.9559988499286,55.9559988499286,"Failure: non-random eligibility",705,1,1,55.9559988499286
2127,11,0.310936335351705,-1.03277320671846,"Never-taker",-3.5,38.4713251632818,34.9713251632818,"Failure: non-random eligibility",3446,0,0,38.4713251632818
2128,14,0.568311355658595,0.22446737648597,"Complier",-5,53.6132139464548,48.6132139464548,"Failure: non-random eligibility",1178,1,1,48.6132139464548
2129,10,-1.9625098016489,-0.732963477675253,"Never-taker",-3.5,31.5786792478866,28.0786792478866,"Failure: non-random eligibility",226,1,0,31.5786792478866
2130,14,0.566961548835619,0.910553827080827,"Complier",-5,55.2270328615368,50.2270328615368,"Failure: non-random eligibility",4657,0,0,55.2270328615368
2131,11,-0.412588166775949,-0.815884784578272,"Never-taker",-3.5,43.5201307398257,40.0201307398257,"Failure: non-random eligibility",2339,1,0,43.5201307398257
2132,11,0.0269282447654273,0.356319580163964,"Complier",-5,43.7343932980291,38.7343932980291,"Failure: non-random eligibility",4606,0,0,43.7343932980291
2133,13,0.925516377595656,-0.236694848616418,"Never-taker",-3.5,51.3397852452576,47.8397852452576,"Failure: non-random eligibility",616,1,0,51.3397852452576
2134,13,0.162170132666204,2.09572608996022,"Always-taker",-2,50.8446969594882,48.8446969594882,"Failure: non-random eligibility",2855,0,1,48.8446969594882
2135,12,-0.328948057301594,-0.0427412585970653,"Never-taker",-3.5,48.2648343791616,44.7648343791616,"Failure: non-random eligibility",1176,1,0,48.2648343791616
2136,15,1.70492623938531,-0.963383432336867,"Never-taker",-3.5,45.9426935171122,42.4426935171122,"Failure: non-random eligibility",2969,0,0,45.9426935171122
2137,15,1.88086707849788,-0.303996294776977,"Never-taker",-3.5,53.9618581061042,50.4618581061042,"Failure: non-random eligibility",4964,0,0,53.9618581061042
2138,10,-1.91146129760537,-1.12716936136221,"Never-taker",-3.5,40.5296381342706,37.0296381342706,"Failure: non-random eligibility",686,1,0,40.5296381342706
2139,14,1.16176598380568,0.0838943627208807,"Never-taker",-3.5,52.841060876861,49.341060876861,"Failure: non-random eligibility",4636,0,0,52.841060876861
2140,12,1.26793431566241,2.34080635603292,"Always-taker",-2,53.2994933356988,51.2994933356988,"Failure: non-random eligibility",2486,1,1,51.2994933356988
2141,13,0.900853121440591,1.79486882701116,"Always-taker",-2,56.6363569942175,54.6363569942175,"Failure: non-random eligibility",4205,0,1,54.6363569942175
2142,14,0.154117373304763,-0.743372933541983,"Never-taker",-3.5,40.8138220179011,37.3138220179011,"Failure: non-random eligibility",3013,0,0,40.8138220179011
2143,11,-0.153877425215137,0.492682958557176,"Complier",-5,53.0375463758672,48.0375463758672,"Failure: non-random eligibility",2175,1,1,48.0375463758672
2144,13,-0.24352614751153,-0.176628204054184,"Never-taker",-3.5,46.4536723544238,42.9536723544238,"Failure: non-random eligibility",649,1,0,46.4536723544238
2145,15,1.62062413888326,-0.414246645328643,"Never-taker",-3.5,45.141722664567,41.641722664567,"Failure: non-random eligibility",4467,0,0,45.141722664567
2146,11,-1.8138106956975,-1.21064257411355,"Never-taker",-3.5,36.0757133088028,32.5757133088028,"Failure: non-random eligibility",627,1,0,36.0757133088028
2147,15,-0.402023006314931,0.0516703835641586,"Never-taker",-3.5,47.4445337370744,43.9445337370744,"Failure: non-random eligibility",1323,1,0,47.4445337370744
2148,11,-1.54034648821221,0.0520873298630317,"Never-taker",-3.5,36.8875449627504,33.3875449627504,"Failure: non-random eligibility",894,1,0,36.8875449627504
2149,13,-0.0109114614055426,0.196914250806244,"Complier",-5,50.3878670783225,45.3878670783225,"Failure: non-random eligibility",1075,1,1,45.3878670783225
2150,13,-0.0301297355529029,-0.944460601465173,"Never-taker",-3.5,42.7017013171838,39.2017013171838,"Failure: non-random eligibility",1043,1,0,42.7017013171838
2151,13,-0.37856644031136,0.168563153183472,"Complier",-5,44.7401771904661,39.7401771904661,"Failure: non-random eligibility",1880,1,1,39.7401771904661
2152,17,1.16539474438557,-1.82986983022814,"Never-taker",-3.5,44.1721641710672,40.6721641710672,"Failure: non-random eligibility",3256,0,0,44.1721641710672
2153,13,1.06229167215563,0.992045753691384,"Complier",-5,57.2265005983018,52.2265005983018,"Failure: non-random eligibility",4108,0,0,57.2265005983018
2154,12,-1.56399551392718,0.0886495865951447,"Never-taker",-3.5,42.1302657105558,38.6302657105558,"Failure: non-random eligibility",1542,1,0,42.1302657105558
2155,13,0.152330504241112,1.377207144227,"Always-taker",-2,53.9343761303858,51.9343761303858,"Failure: non-random eligibility",2460,1,1,51.9343761303858
2156,12,-0.0152826300076269,0.26819644659441,"Complier",-5,46.8499441747693,41.8499441747693,"Failure: non-random eligibility",1467,1,1,41.8499441747693
2157,12,0.412092976722864,1.72598293363838,"Always-taker",-2,53.5145030623267,51.5145030623267,"Failure: non-random eligibility",4186,0,1,51.5145030623267
2158,13,0.91400792166205,-0.262395524168082,"Never-taker",-3.5,41.2383492739949,37.7383492739949,"Failure: non-random eligibility",3197,0,0,41.2383492739949
2159,14,0.027841423325618,-3.22605980410831,"Never-taker",-3.5,44.8435245694077,41.3435245694077,"Failure: non-random eligibility",603,1,0,44.8435245694077
2160,15,1.70049964788791,0.278147390977837,"Complier",-5,55.3689104282729,50.3689104282729,"Failure: non-random eligibility",4925,0,0,55.3689104282729
2161,17,4.0244023534099,0.516779276588609,"Complier",-5,68.0421231970514,63.0421231970514,"Failure: non-random eligibility",4966,0,0,68.0421231970514
2162,11,0.0216481126893932,-0.576614879408596,"Never-taker",-3.5,44.7644308999618,41.2644308999618,"Failure: non-random eligibility",2409,1,0,44.7644308999618
2163,12,-0.404025423912975,-1.16080635773435,"Never-taker",-3.5,47.5124359775195,44.0124359775195,"Failure: non-random eligibility",3672,0,0,47.5124359775195
2164,13,0.278842541726454,1.16084673812405,"Complier",-5,49.3167221165514,44.3167221165514,"Failure: non-random eligibility",1700,1,1,44.3167221165514
2165,12,-0.180137231938484,1.17078603692982,"Complier",-5,43.6671564010067,38.6671564010067,"Failure: non-random eligibility",933,1,1,38.6671564010067
2166,14,1.30274089428999,1.86042770211868,"Always-taker",-2,54.3648122055411,52.3648122055411,"Failure: non-random eligibility",3920,0,1,52.3648122055411
2167,15,1.17732314148622,-0.0692371336237492,"Never-taker",-3.5,51.1188778189941,47.6188778189941,"Failure: non-random eligibility",4174,0,0,51.1188778189941
2168,14,0.16577119071802,-1.29475064808488,"Never-taker",-3.5,34.3230050743565,30.8230050743565,"Failure: non-random eligibility",3697,0,0,34.3230050743565
2169,12,-1.31145802671123,0.202295855675748,"Complier",-5,41.64612869088,36.64612869088,"Failure: non-random eligibility",278,1,1,36.64612869088
2170,11,-1.02786502813559,0.127695436679062,"Never-taker",-3.5,42.9952022823105,39.4952022823105,"Failure: non-random eligibility",3099,0,0,42.9952022823105
2171,8,-1.52761339273651,-0.435668825739135,"Never-taker",-3.5,40.8161183181853,37.3161183181853,"Failure: non-random eligibility",1677,1,0,40.8161183181853
2172,14,1.49433348891843,0.185671001060293,"Complier",-5,49.1296587328347,44.1296587328347,"Failure: non-random eligibility",3532,0,0,49.1296587328347
2173,13,-0.438388389697216,-0.428829275155778,"Never-taker",-3.5,44.7750663077437,41.2750663077437,"Failure: non-random eligibility",2551,0,0,44.7750663077437
2174,11,-1.14801809261312,0.37720593830375,"Complier",-5,42.8097428282272,37.8097428282272,"Failure: non-random eligibility",3984,0,0,42.8097428282272
2175,10,-0.797932101035104,1.45244207999206,"Always-taker",-2,47.4945710921527,45.4945710921527,"Failure: non-random eligibility",2357,1,1,45.4945710921527
2176,12,1.05611545186082,1.07500544505157,"Complier",-5,47.421936100182,42.421936100182,"Failure: non-random eligibility",1902,1,1,42.421936100182
2177,9,-1.18375029876862,-0.636770842655533,"Never-taker",-3.5,36.3361893115451,32.8361893115451,"Failure: non-random eligibility",2428,1,0,36.3361893115451
2178,12,0.809303246304151,1.34611330068179,"Always-taker",-2,58.1362179204496,56.1362179204496,"Failure: non-random eligibility",2281,1,1,56.1362179204496
2179,10,-1.03159564187643,0.230686109224283,"Complier",-5,40.9750348878216,35.9750348878216,"Failure: non-random eligibility",1289,1,1,35.9750348878216
2180,13,0.966956969698368,0.984243416861067,"Complier",-5,46.1444229790535,41.1444229790535,"Failure: non-random eligibility",4977,0,0,46.1444229790535
2181,12,-0.487378474320454,-0.592594456312383,"Never-taker",-3.5,42.2734715076443,38.7734715076443,"Failure: non-random eligibility",1147,1,0,42.2734715076443
2182,12,-0.678236227937058,-0.557619068133687,"Never-taker",-3.5,35.8780372799894,32.3780372799894,"Failure: non-random eligibility",2965,0,0,35.8780372799894
2183,12,-0.576613870525854,-0.392690899111423,"Never-taker",-3.5,34.1753636458038,30.6753636458038,"Failure: non-random eligibility",481,1,0,34.1753636458038
2184,8,-3.35348899135363,1.61021077118837,"Always-taker",-2,28.683381825769,26.683381825769,"Failure: non-random eligibility",2026,1,1,26.683381825769
2185,11,-0.715748202121734,1.1076269685699,"Complier",-5,42.1357959816453,37.1357959816453,"Failure: non-random eligibility",3390,0,0,42.1357959816453
2186,13,0.272750923825085,-3.31234961822494,"Never-taker",-3.5,41.45717257792,37.95717257792,"Failure: non-random eligibility",2382,1,0,41.45717257792
2187,12,-0.224681202260939,-0.0491868123707036,"Never-taker",-3.5,42.330912971893,38.830912971893,"Failure: non-random eligibility",2817,0,0,42.330912971893
2188,17,3.00285108829164,-0.197864336686968,"Never-taker",-3.5,60.3385943859643,56.8385943859643,"Failure: non-random eligibility",4379,0,0,60.3385943859643
2189,13,0.752321934253348,0.91969254614467,"Complier",-5,47.6489723100771,42.6489723100771,"Failure: non-random eligibility",4269,0,0,47.6489723100771
2190,12,0.186452085200416,-0.171346070671513,"Never-taker",-3.5,44.6353216181368,41.1353216181368,"Failure: non-random eligibility",4628,0,0,44.6353216181368
2191,13,0.754332772047317,0.497930277608581,"Complier",-5,48.9106139114981,43.9106139114981,"Failure: non-random eligibility",3063,0,0,48.9106139114981
2192,11,-1.25099326285706,0.407514618919647,"Complier",-5,39.1442503638978,34.1442503638978,"Failure: non-random eligibility",3957,0,0,39.1442503638978
2193,11,-0.56938723219516,0.818160322319425,"Complier",-5,38.6571999285822,33.6571999285822,"Failure: non-random eligibility",789,1,1,33.6571999285822
2194,12,-0.192211903036262,1.68897869239952,"Always-taker",-2,47.2535298976378,45.2535298976378,"Failure: non-random eligibility",1255,1,1,45.2535298976378
2195,11,-0.584538845837918,0.55763302399782,"Complier",-5,41.9402011161511,36.9402011161511,"Failure: non-random eligibility",1227,1,1,36.9402011161511
2196,14,-0.0695834067768864,1.02839338285288,"Complier",-5,43.8997499644431,38.8997499644431,"Failure: non-random eligibility",2376,1,1,38.8997499644431
2197,12,0.183513878857116,-1.0249578176879,"Never-taker",-3.5,43.9724498116359,40.4724498116359,"Failure: non-random eligibility",380,1,0,43.9724498116359
2198,12,0.358452154044158,1.22006558532142,"Complier",-5,51.4162260937626,46.4162260937626,"Failure: non-random eligibility",1164,1,1,46.4162260937626
2199,12,-0.760325271079088,-0.421457946720607,"Never-taker",-3.5,42.7490564016947,39.2490564016947,"Failure: non-random eligibility",2195,1,0,42.7490564016947
2200,14,0.311063114627878,-0.507921593548149,"Never-taker",-3.5,49.275510975242,45.775510975242,"Failure: non-random eligibility",1808,1,0,49.275510975242
2201,13,-0.142067370528575,-1.17744046148448,"Never-taker",-3.5,44.0429365435581,40.5429365435581,"Failure: non-random eligibility",4018,0,0,44.0429365435581
2202,14,0.329210118727369,-0.225903160991655,"Never-taker",-3.5,50.847594732625,47.347594732625,"Failure: non-random eligibility",2570,0,0,50.847594732625
2203,16,0.0106367120003661,0.69529555211962,"Complier",-5,49.0472022992133,44.0472022992133,"Failure: non-random eligibility",575,1,1,44.0472022992133
2204,13,-0.853241492372863,1.55186652051773,"Always-taker",-2,44.6590549387569,42.6590549387569,"Failure: non-random eligibility",426,1,1,42.6590549387569
2205,13,0.479257438908785,-0.361117082607196,"Never-taker",-3.5,40.2365815764659,36.7365815764659,"Failure: non-random eligibility",2652,0,0,40.2365815764659
2206,15,1.49217351583964,-1.65308194819728,"Never-taker",-3.5,43.1359423140359,39.6359423140359,"Failure: non-random eligibility",3807,0,0,43.1359423140359
2207,15,1.66276878753737,1.11468742567989,"Complier",-5,54.2914847005298,49.2914847005298,"Failure: non-random eligibility",1979,1,1,49.2914847005298
2208,14,0.465241183769774,-1.0574889544333,"Never-taker",-3.5,41.0917980881857,37.5917980881857,"Failure: non-random eligibility",3338,0,0,41.0917980881857
2209,13,0.0757352608903427,-0.493117802360559,"Never-taker",-3.5,45.9408560050048,42.4408560050048,"Failure: non-random eligibility",3326,0,0,45.9408560050048
2210,12,0.32713368971276,0.232715835328898,"Complier",-5,48.358360253171,43.358360253171,"Failure: non-random eligibility",890,1,1,43.358360253171
2211,11,-1.27964285177325,0.259899110777852,"Complier",-5,42.3605900649567,37.3605900649567,"Failure: non-random eligibility",2892,0,0,42.3605900649567
2212,14,1.25926988734976,2.05325913094895,"Always-taker",-2,54.0594982441215,52.0594982441215,"Failure: non-random eligibility",4676,0,1,52.0594982441215
2213,14,-0.544713285210106,0.202342324083263,"Complier",-5,53.2423386988946,48.2423386988946,"Failure: non-random eligibility",1539,1,1,48.2423386988946
2214,8,-2.58804403918392,0.598085766336511,"Complier",-5,35.1322440916582,30.1322440916582,"Failure: non-random eligibility",28,1,1,30.1322440916582
2215,13,-0.232446433001168,-1.36550298861836,"Never-taker",-3.5,37.2317339611117,33.7317339611117,"Failure: non-random eligibility",3591,0,0,37.2317339611117
2216,14,0.239561422624395,-1.06632020219986,"Never-taker",-3.5,49.3376101722857,45.8376101722857,"Failure: non-random eligibility",1455,1,0,49.3376101722857
2217,10,-1.82244141845917,-2.45461278514643,"Never-taker",-3.5,39.3437451880717,35.8437451880717,"Failure: non-random eligibility",1895,1,0,39.3437451880717
2218,11,-1.34649719784654,0.0181674291010627,"Never-taker",-3.5,42.5956479287512,39.0956479287512,"Failure: non-random eligibility",3604,0,0,42.5956479287512
2219,15,0.281714188234824,-1.69429636200072,"Never-taker",-3.5,40.4698870124123,36.9698870124123,"Failure: non-random eligibility",3846,0,0,40.4698870124123
2220,13,-1.68062349910243,-1.77388304022544,"Never-taker",-3.5,41.4131562858428,37.9131562858428,"Failure: non-random eligibility",147,1,0,41.4131562858428
2221,9,-1.13695909515369,0.412565233779568,"Complier",-5,41.6435991916307,36.6435991916307,"Failure: non-random eligibility",1654,1,1,36.6435991916307
2222,14,0.67998887656685,-0.903883756915363,"Never-taker",-3.5,44.7304342822319,41.2304342822319,"Failure: non-random eligibility",2806,0,0,44.7304342822319
2223,14,1.22724264145352,0.186267187772157,"Complier",-5,56.8210139426375,51.8210139426375,"Failure: non-random eligibility",2941,0,0,56.8210139426375
2224,13,1.07334737252071,1.04348511169213,"Complier",-5,59.9290880723497,54.9290880723497,"Failure: non-random eligibility",3616,0,0,59.9290880723497
2225,10,0.390436302758382,-1.44402086441385,"Never-taker",-3.5,41.0983440474108,37.5983440474108,"Failure: non-random eligibility",2015,1,0,41.0983440474108
2226,14,0.625882916988996,-1.00902658644457,"Never-taker",-3.5,50.4825146893309,46.9825146893309,"Failure: non-random eligibility",2439,1,0,50.4825146893309
2227,13,-0.551848717108714,0.266544245633124,"Complier",-5,45.124699615578,40.124699615578,"Failure: non-random eligibility",1865,1,1,40.124699615578
2228,14,-0.0543872137826331,-0.233653649357262,"Never-taker",-3.5,49.3978731499853,45.8978731499853,"Failure: non-random eligibility",4472,0,0,49.3978731499853
2229,12,-1.38938965860859,1.47409898390141,"Always-taker",-2,45.2952356921233,43.2952356921233,"Failure: non-random eligibility",2401,1,1,43.2952356921233
2230,14,0.923661402376385,0.698936509501827,"Complier",-5,54.9676164480607,49.9676164480607,"Failure: non-random eligibility",3503,0,0,54.9676164480607
2231,13,0.570106989905948,1.42657674463022,"Always-taker",-2,44.3488322683188,42.3488322683188,"Failure: non-random eligibility",284,1,1,42.3488322683188
2232,13,-0.170636712885116,0.195142914237824,"Complier",-5,42.5796911641548,37.5796911641548,"Failure: non-random eligibility",800,1,1,37.5796911641548
2233,13,0.8382304611283,-0.502951099351685,"Never-taker",-3.5,38.5410328649511,35.0410328649511,"Failure: non-random eligibility",4832,0,0,38.5410328649511
2234,16,0.497167939831197,0.100206462671683,"Never-taker",-3.5,51.4182341727857,47.9182341727857,"Failure: non-random eligibility",2018,1,0,51.4182341727857
2235,11,-1.6553687823428,0.480180277377469,"Complier",-5,39.9736403062963,34.9736403062963,"Failure: non-random eligibility",200,1,1,34.9736403062963
2236,16,2.49568811720225,-0.0268296631676167,"Never-taker",-3.5,54.5371509830313,51.0371509830313,"Failure: non-random eligibility",4855,0,0,54.5371509830313
2237,11,-0.535058872211815,-0.342924377568623,"Never-taker",-3.5,33.1368355524486,29.6368355524486,"Failure: non-random eligibility",4483,0,0,33.1368355524486
2238,14,0.72281576017317,-0.634549897362303,"Never-taker",-3.5,41.8037523040543,38.3037523040543,"Failure: non-random eligibility",4284,0,0,41.8037523040543
2239,11,-0.839445932542443,1.1017530536637,"Complier",-5,44.6556175579522,39.6556175579522,"Failure: non-random eligibility",2990,0,0,44.6556175579522
2240,14,0.351002645955182,0.695333404106726,"Complier",-5,52.7329288378234,47.7329288378234,"Failure: non-random eligibility",4435,0,0,52.7329288378234
2241,10,-0.387137129478827,0.190546881461212,"Complier",-5,38.6639753285205,33.6639753285205,"Failure: non-random eligibility",1896,1,1,33.6639753285205
2242,13,-0.101423228409493,0.937715202381698,"Complier",-5,49.4079689000548,44.4079689000548,"Failure: non-random eligibility",2803,0,0,49.4079689000548
2243,13,-0.20027909647555,-1.76866537925964,"Never-taker",-3.5,44.9748691487495,41.4748691487495,"Failure: non-random eligibility",4350,0,0,44.9748691487495
2244,12,0.886159250369408,-0.830009538529582,"Never-taker",-3.5,38.7510008847799,35.2510008847799,"Failure: non-random eligibility",4124,0,0,38.7510008847799
2245,12,-0.379783051424273,1.21531229997891,"Complier",-5,48.8067097982564,43.8067097982564,"Failure: non-random eligibility",3454,0,0,48.8067097982564
2246,10,0.334946472214,3.14017147206107,"Always-taker",-2,49.2306140358532,47.2306140358532,"Failure: non-random eligibility",234,1,1,47.2306140358532
2247,13,0.688645928787085,0.536710243158178,"Complier",-5,42.4242120884974,37.4242120884974,"Failure: non-random eligibility",4686,0,0,42.4242120884974
2248,13,1.15306895016998,-0.0218886057385151,"Never-taker",-3.5,47.2261900472434,43.7261900472434,"Failure: non-random eligibility",4305,0,0,47.2261900472434
2249,12,0.0772864084016006,-0.124693779851856,"Never-taker",-3.5,49.0821172856936,45.5821172856936,"Failure: non-random eligibility",1600,1,0,49.0821172856936
2250,12,-0.364447394431335,1.15832191725854,"Complier",-5,45.356442316162,40.356442316162,"Failure: non-random eligibility",1404,1,1,40.356442316162
2251,12,-0.855619362001977,-0.179773615863176,"Never-taker",-3.5,45.4713277706722,41.9713277706722,"Failure: non-random eligibility",4471,0,0,45.4713277706722
2252,13,-1.11346092308332,-1.21803438848445,"Never-taker",-3.5,49.1174611553486,45.6174611553486,"Failure: non-random eligibility",2469,1,0,49.1174611553486
2253,12,-0.216825407840917,-1.53198255637708,"Never-taker",-3.5,42.6190353094051,39.1190353094051,"Failure: non-random eligibility",404,1,0,42.6190353094051
2254,8,-2.00889551185191,0.0524309633345485,"Never-taker",-3.5,33.1417969945331,29.6417969945331,"Failure: non-random eligibility",463,1,0,33.1417969945331
2255,9,-1.34027047788063,0.824679030434903,"Complier",-5,37.6961336039816,32.6961336039816,"Failure: non-random eligibility",3026,0,0,37.6961336039816
2256,14,1.40422433336087,-0.780362452314589,"Never-taker",-3.5,51.9251859363192,48.4251859363192,"Failure: non-random eligibility",2671,0,0,51.9251859363192
2257,11,-0.475832874956346,0.907802828529796,"Complier",-5,39.5006422805809,34.5006422805809,"Failure: non-random eligibility",1318,1,1,34.5006422805809
2258,11,-1.04474639210485,-0.625118393134553,"Never-taker",-3.5,37.6685001813093,34.1685001813093,"Failure: non-random eligibility",1204,1,0,37.6685001813093
2259,14,1.26617477577445,1.47493889514769,"Always-taker",-2,50.0715834271815,48.0715834271815,"Failure: non-random eligibility",4359,0,1,48.0715834271815
2260,17,1.78998464771349,-0.801437821508442,"Never-taker",-3.5,53.0946769925454,49.5946769925454,"Failure: non-random eligibility",4380,0,0,53.0946769925454
2261,11,-1.09904479148005,0.770389987727568,"Complier",-5,41.2041999745647,36.2041999745647,"Failure: non-random eligibility",109,1,1,36.2041999745647
2262,14,-0.0165019421709236,0.0117517228741134,"Never-taker",-3.5,44.9074643026633,41.4074643026633,"Failure: non-random eligibility",2308,1,0,44.9074643026633
2263,15,1.27417824009242,0.329194125897615,"Complier",-5,48.6892118771151,43.6892118771151,"Failure: non-random eligibility",1883,1,1,43.6892118771151
2264,13,0.864608169201597,1.90608087874035,"Always-taker",-2,55.8627939483168,53.8627939483168,"Failure: non-random eligibility",4477,0,1,53.8627939483168
2265,11,-0.988779347577908,-0.166862145325449,"Never-taker",-3.5,47.0677691993454,43.5677691993454,"Failure: non-random eligibility",3529,0,0,47.0677691993454
2266,16,1.88136469571316,0.93602277693457,"Complier",-5,59.2033905488874,54.2033905488874,"Failure: non-random eligibility",3844,0,0,59.2033905488874
2267,14,1.84846946303856,-0.75600488329385,"Never-taker",-3.5,49.6364682583327,46.1364682583327,"Failure: non-random eligibility",3926,0,0,49.6364682583327
2268,13,2.30848536847673,0.22179554990863,"Complier",-5,50.6836600277757,45.6836600277757,"Failure: non-random eligibility",4102,0,0,50.6836600277757
2269,14,0.695838168779569,1.45725576326698,"Always-taker",-2,45.5147392640377,43.5147392640377,"Failure: non-random eligibility",4038,0,1,43.5147392640377
2270,13,-0.80771307447897,-1.54657476672715,"Never-taker",-3.5,38.1402719972467,34.6402719972467,"Failure: non-random eligibility",1235,1,0,38.1402719972467
2271,14,1.07272770625361,1.54502972691751,"Always-taker",-2,53.4618935943575,51.4618935943575,"Failure: non-random eligibility",1730,1,1,51.4618935943575
2272,11,-2.0527614281396,0.738199403732621,"Complier",-5,40.0050295240756,35.0050295240756,"Failure: non-random eligibility",850,1,1,35.0050295240756
2273,15,1.22289713787753,1.47791852552726,"Always-taker",-2,55.6518805031489,53.6518805031489,"Failure: non-random eligibility",2185,1,1,53.6518805031489
2274,10,-0.691160124243739,-0.0348177666058435,"Never-taker",-3.5,41.375429356482,37.875429356482,"Failure: non-random eligibility",1875,1,0,41.375429356482
2275,13,0.690600663354077,0.339489804843537,"Complier",-5,50.2825904241718,45.2825904241718,"Failure: non-random eligibility",4837,0,0,50.2825904241718
2276,13,-0.565130678448122,-1.02623458235078,"Never-taker",-3.5,44.3771668578817,40.8771668578817,"Failure: non-random eligibility",581,1,0,44.3771668578817
2277,13,-0.751112610200986,-0.411459955712366,"Never-taker",-3.5,44.0248011529604,40.5248011529604,"Failure: non-random eligibility",286,1,0,44.0248011529604
2278,14,-0.30314304397505,-0.20887730126538,"Never-taker",-3.5,42.5158207124856,39.0158207124856,"Failure: non-random eligibility",828,1,0,42.5158207124856
2279,13,0.424348573509312,-1.06676622890961,"Never-taker",-3.5,37.6175922021613,34.1175922021613,"Failure: non-random eligibility",1209,1,0,37.6175922021613
2280,14,0.145329705449673,0.511617183739708,"Complier",-5,46.0952526858336,41.0952526858336,"Failure: non-random eligibility",3302,0,0,46.0952526858336
2281,12,0.285835036135491,0.157365544235765,"Complier",-5,48.3754840450731,43.3754840450731,"Failure: non-random eligibility",689,1,1,43.3754840450731
2282,12,-0.649611944046155,-0.7972757449072,"Never-taker",-3.5,43.3375917071294,39.8375917071294,"Failure: non-random eligibility",1819,1,0,43.3375917071294
2283,11,-1.27520546557613,2.13227167824413,"Always-taker",-2,47.4412203960854,45.4412203960854,"Failure: non-random eligibility",918,1,1,45.4412203960854
2284,11,-1.37240286346354,-0.177319781175925,"Never-taker",-3.5,41.208041375126,37.708041375126,"Failure: non-random eligibility",2937,0,0,41.208041375126
2285,9,-0.908250194531385,0.128748277182793,"Complier",-5,42.1407348813071,37.1407348813071,"Failure: non-random eligibility",469,1,1,37.1407348813071
2286,12,0.625446794600797,-1.50554054720829,"Never-taker",-3.5,44.8904140663231,41.3904140663231,"Failure: non-random eligibility",1219,1,0,44.8904140663231
2287,11,-0.704250213843737,-1.31033812132458,"Never-taker",-3.5,37.8433250293338,34.3433250293338,"Failure: non-random eligibility",1708,1,0,37.8433250293338
2288,13,1.43940262173733,-0.903932983007677,"Never-taker",-3.5,46.9087681401347,43.4087681401347,"Failure: non-random eligibility",2211,1,0,46.9087681401347
2289,12,0.145739877762972,-0.0489852865024143,"Never-taker",-3.5,47.0996277198679,43.5996277198679,"Failure: non-random eligibility",1079,1,0,47.0996277198679
2290,14,0.553925231536423,-0.75836689662338,"Never-taker",-3.5,41.9363094428632,38.4363094428632,"Failure: non-random eligibility",4079,0,0,41.9363094428632
2291,13,-0.759992793155823,0.397666480900488,"Complier",-5,36.0174448643026,31.0174448643026,"Failure: non-random eligibility",1604,1,1,31.0174448643026
2292,12,-0.371655227743285,2.03916093789059,"Always-taker",-2,47.0525798700301,45.0525798700301,"Failure: non-random eligibility",2204,1,1,45.0525798700301
2293,14,0.559623583484463,-0.232781918442794,"Never-taker",-3.5,47.4469005280887,43.9469005280887,"Failure: non-random eligibility",1436,1,0,47.4469005280887
2294,12,0.407536475281578,-1.94204484939064,"Never-taker",-3.5,48.2273628726213,44.7273628726213,"Failure: non-random eligibility",2518,0,0,48.2273628726213
2295,14,0.544232568291114,0.513717415240164,"Complier",-5,50.2215508289279,45.2215508289279,"Failure: non-random eligibility",4911,0,0,50.2215508289279
2296,15,1.89574587289286,0.374922056057921,"Complier",-5,55.8410836505062,50.8410836505062,"Failure: non-random eligibility",3800,0,0,55.8410836505062
2297,14,2.34485821544155,0.0656356348903383,"Never-taker",-3.5,52.6649356981899,49.1649356981899,"Failure: non-random eligibility",4626,0,0,52.6649356981899
2298,13,0.554564039096928,-0.349085864293552,"Never-taker",-3.5,48.012930563862,44.512930563862,"Failure: non-random eligibility",2985,0,0,48.012930563862
2299,11,-0.185225266232731,0.826866037780118,"Complier",-5,36.6661460663041,31.6661460663041,"Failure: non-random eligibility",1327,1,1,31.6661460663041
2300,12,-0.0433822105780011,-1.03510639160992,"Never-taker",-3.5,46.7728081531575,43.2728081531575,"Failure: non-random eligibility",4994,0,0,46.7728081531575
2301,14,0.77055636292152,0.049563442654109,"Never-taker",-3.5,58.4984193887291,54.9984193887291,"Failure: non-random eligibility",3589,0,0,58.4984193887291
2302,14,0.964923362197379,-0.37687148282647,"Never-taker",-3.5,47.9255007415543,44.4255007415543,"Failure: non-random eligibility",2962,0,0,47.9255007415543
2303,11,0.239132775576034,-1.78054669151839,"Never-taker",-3.5,43.2953036677216,39.7953036677216,"Failure: non-random eligibility",2239,1,0,43.2953036677216
2304,16,2.18305978802626,-0.907798875232831,"Never-taker",-3.5,53.6156213008462,50.1156213008462,"Failure: non-random eligibility",2046,1,0,53.6156213008462
2305,17,2.33741391156629,1.12883029820744,"Complier",-5,63.5100756763244,58.5100756763244,"Failure: non-random eligibility",4445,0,0,63.5100756763244
2306,15,1.6371990203058,-0.424720180780106,"Never-taker",-3.5,51.6046774747124,48.1046774747124,"Failure: non-random eligibility",4264,0,0,51.6046774747124
2307,15,0.272985262071468,-0.744356596708679,"Never-taker",-3.5,50.7665034627449,47.2665034627449,"Failure: non-random eligibility",2903,0,0,50.7665034627449
2308,13,-0.135628375684951,-1.80264371912091,"Never-taker",-3.5,39.3693508484549,35.8693508484549,"Failure: non-random eligibility",3370,0,0,39.3693508484549
2309,14,1.91864992795826,0.273763361553615,"Complier",-5,58.2723459668932,53.2723459668932,"Failure: non-random eligibility",4681,0,0,58.2723459668932
2310,12,0.176759677698092,-0.438522913378166,"Never-taker",-3.5,40.3127352953816,36.8127352953816,"Failure: non-random eligibility",1576,1,0,40.3127352953816
2311,10,-1.86551169520004,-0.569005510511148,"Never-taker",-3.5,37.5105245482578,34.0105245482578,"Failure: non-random eligibility",2337,1,0,37.5105245482578
2312,13,0.201919613316121,0.185224724007396,"Complier",-5,39.2184657992109,34.2184657992109,"Failure: non-random eligibility",2012,1,1,34.2184657992109
2313,11,-1.13859116515046,-2.46431895888176,"Never-taker",-3.5,34.376734049513,30.876734049513,"Failure: non-random eligibility",3750,0,0,34.376734049513
2314,12,-0.687914802025486,-1.19756545467518,"Never-taker",-3.5,43.3908059982907,39.8908059982907,"Failure: non-random eligibility",2218,1,0,43.3908059982907
2315,17,1.56932109592188,-1.97738763841516,"Never-taker",-3.5,45.910265037907,42.410265037907,"Failure: non-random eligibility",2792,0,0,45.910265037907
2316,10,-1.42799100603671,-1.31679608527437,"Never-taker",-3.5,40.6793750037728,37.1793750037728,"Failure: non-random eligibility",3777,0,0,40.6793750037728
2317,13,0.928774434418106,-0.398129760316857,"Never-taker",-3.5,45.5600653029158,42.0600653029158,"Failure: non-random eligibility",2890,0,0,45.5600653029158
2318,12,-0.0836845326685736,-0.489628244356133,"Never-taker",-3.5,42.088167531618,38.588167531618,"Failure: non-random eligibility",4404,0,0,42.088167531618
2319,12,0.343565297978627,-0.846086159313341,"Never-taker",-3.5,42.6081169878189,39.1081169878189,"Failure: non-random eligibility",1947,1,0,42.6081169878189
2320,10,-0.724494049982539,1.11313567269804,"Complier",-5,43.8281916265018,38.8281916265018,"Failure: non-random eligibility",1628,1,1,38.8281916265018
2321,13,-0.524767120328352,2.18100531500715,"Always-taker",-2,56.0520333886705,54.0520333886705,"Failure: non-random eligibility",601,1,1,54.0520333886705
2322,12,-0.835680825955739,1.35589819628455,"Always-taker",-2,46.4063251110334,44.4063251110334,"Failure: non-random eligibility",1007,1,1,44.4063251110334
2323,12,-0.337247690595991,0.0647833662080737,"Never-taker",-3.5,38.830065123238,35.330065123238,"Failure: non-random eligibility",2180,1,0,38.830065123238
2324,14,0.647876290217543,-0.851564390715722,"Never-taker",-3.5,49.0194700361566,45.5194700361566,"Failure: non-random eligibility",2478,1,0,49.0194700361566
2325,12,-0.470822949351941,0.566960089348487,"Complier",-5,45.0882501059558,40.0882501059558,"Failure: non-random eligibility",1493,1,1,40.0882501059558
2326,12,-1.12510688449569,-0.529790825559473,"Never-taker",-3.5,41.7039084133058,38.2039084133058,"Failure: non-random eligibility",1357,1,0,41.7039084133058
2327,14,0.957901773400899,-2.4365660052236,"Never-taker",-3.5,44.0159419640977,40.5159419640977,"Failure: non-random eligibility",4381,0,0,44.0159419640977
2328,13,-1.40647133681114,0.427782912462397,"Complier",-5,40.3642003994346,35.3642003994346,"Failure: non-random eligibility",3481,0,0,40.3642003994346
2329,13,0.31688880429947,0.0913026444268398,"Never-taker",-3.5,44.1693033706172,40.6693033706172,"Failure: non-random eligibility",3101,0,0,44.1693033706172
2330,15,1.43067014937895,0.701067618671261,"Complier",-5,52.8188758943979,47.8188758943979,"Failure: non-random eligibility",4163,0,0,52.8188758943979
2331,11,-0.22284752943703,-0.216009252235965,"Never-taker",-3.5,45.2938790932321,41.7938790932321,"Failure: non-random eligibility",4231,0,0,45.2938790932321
2332,13,0.573562421609097,1.21857617384901,"Complier",-5,50.0902059656229,45.0902059656229,"Failure: non-random eligibility",1644,1,1,45.0902059656229
2333,11,-0.937420190364309,-0.606280294851896,"Never-taker",-3.5,38.9426531764572,35.4426531764572,"Failure: non-random eligibility",416,1,0,38.9426531764572
2334,13,0.680281715349632,1.08730984376139,"Complier",-5,49.7102661245791,44.7102661245791,"Failure: non-random eligibility",4960,0,0,49.7102661245791
2335,11,-0.32631802865802,0.6209464965011,"Complier",-5,35.2874610508942,30.2874610508942,"Failure: non-random eligibility",2152,1,1,30.2874610508942
2336,11,-1.89686507190871,1.57192235262648,"Always-taker",-2,36.3138736724364,34.3138736724364,"Failure: non-random eligibility",448,1,1,34.3138736724364
2337,14,0.524773065244367,-0.164332781899239,"Never-taker",-3.5,53.062428001047,49.562428001047,"Failure: non-random eligibility",3879,0,0,53.062428001047
2338,10,-1.91830923565077,0.584352918093669,"Complier",-5,41.3819031087796,36.3819031087796,"Failure: non-random eligibility",1040,1,1,36.3819031087796
2339,10,-0.973517004803782,-0.821346509851849,"Never-taker",-3.5,40.8340385458779,37.3340385458779,"Failure: non-random eligibility",2098,1,0,40.8340385458779
2340,13,0.512940430211266,0.0433317487270218,"Never-taker",-3.5,47.5920736431527,44.0920736431527,"Failure: non-random eligibility",3202,0,0,47.5920736431527
2341,12,0.449917182142263,1.31593695661968,"Always-taker",-2,44.3588972587988,42.3588972587988,"Failure: non-random eligibility",4520,0,1,42.3588972587988
2342,13,0.795569558753245,0.917771682447285,"Complier",-5,57.7677869845664,52.7677869845664,"Failure: non-random eligibility",4002,0,0,57.7677869845664
2343,10,-2.38125495581529,-1.15134989866895,"Never-taker",-3.5,32.4445687438905,28.9445687438905,"Failure: non-random eligibility",433,1,0,32.4445687438905
2344,13,-0.340142732886499,-0.630807110661991,"Never-taker",-3.5,48.9871433094585,45.4871433094585,"Failure: non-random eligibility",3413,0,0,48.9871433094585
2345,8,-1.31379912624131,-1.4614373406553,"Never-taker",-3.5,38.6098631610737,35.1098631610737,"Failure: non-random eligibility",271,1,0,38.6098631610737
2346,9,-2.61427981534967,0.184522438708718,"Complier",-5,35.2463693017674,30.2463693017674,"Failure: non-random eligibility",1555,1,1,30.2463693017674
2347,12,0.045637229848367,0.274683536657983,"Complier",-5,46.6950397889026,41.6950397889026,"Failure: non-random eligibility",1822,1,1,41.6950397889026
2348,14,1.22327466177757,-1.32800634658946,"Never-taker",-3.5,48.7726157466453,45.2726157466453,"Failure: non-random eligibility",1331,1,0,48.7726157466453
2349,13,-0.37069433843846,0.155910825551799,"Complier",-5,39.3415261861779,34.3415261861779,"Failure: non-random eligibility",4538,0,0,39.3415261861779
2350,11,-1.18702974089394,0.0703336774155214,"Never-taker",-3.5,42.1985758725005,38.6985758725005,"Failure: non-random eligibility",83,1,0,42.1985758725005
2351,13,0.382740809491169,-0.508402841899809,"Never-taker",-3.5,35.458413436227,31.958413436227,"Failure: non-random eligibility",2605,0,0,35.458413436227
2352,14,0.203667924494504,-0.380290359850647,"Never-taker",-3.5,46.9733847585073,43.4733847585073,"Failure: non-random eligibility",644,1,0,46.9733847585073
2353,11,0.303117661124391,0.411910252176035,"Complier",-5,45.0665566894937,40.0665566894937,"Failure: non-random eligibility",2534,0,0,45.0665566894937
2354,14,0.00584114994743196,0.381905599951691,"Complier",-5,44.9811611461671,39.9811611461671,"Failure: non-random eligibility",3098,0,0,44.9811611461671
2355,14,0.75544836401344,-0.0525670575279251,"Never-taker",-3.5,48.8669427544739,45.3669427544739,"Failure: non-random eligibility",3131,0,0,48.8669427544739
2356,12,-0.337699704522454,0.0735543704436673,"Never-taker",-3.5,43.2663811509397,39.7663811509397,"Failure: non-random eligibility",3597,0,0,43.2663811509397
2357,13,-0.400417933598284,0.933950167530912,"Complier",-5,45.7075496179061,40.7075496179061,"Failure: non-random eligibility",957,1,1,40.7075496179061
2358,11,-0.0341323300499347,-0.528757376641539,"Never-taker",-3.5,42.9226218325939,39.4226218325939,"Failure: non-random eligibility",4361,0,0,42.9226218325939
2359,9,-0.781899915087527,1.04103619385791,"Complier",-5,42.8436096885105,37.8436096885105,"Failure: non-random eligibility",1916,1,1,37.8436096885105
2360,11,-0.933009545790851,-0.365992557463394,"Never-taker",-3.5,43.1963207214084,39.6963207214084,"Failure: non-random eligibility",813,1,0,43.1963207214084
2361,13,0.585007104752281,0.159075228081509,"Complier",-5,43.7333880464097,38.7333880464097,"Failure: non-random eligibility",1482,1,1,38.7333880464097
2362,12,-0.111499674020559,1.38460294874276,"Always-taker",-2,50.8619947688207,48.8619947688207,"Failure: non-random eligibility",4229,0,1,48.8619947688207
2363,13,1.39908358481403,0.8805141771324,"Complier",-5,61.2040765049649,56.2040765049649,"Failure: non-random eligibility",2179,1,1,56.2040765049649
2364,11,-1.6367147065514,0.780039556825324,"Complier",-5,43.693729720385,38.693729720385,"Failure: non-random eligibility",550,1,1,38.693729720385
2365,10,-1.58518813175037,-0.386468133753124,"Never-taker",-3.5,44.8130604288482,41.3130604288482,"Failure: non-random eligibility",654,1,0,44.8130604288482
2366,12,-0.48125114125727,1.46317203330846,"Always-taker",-2,48.0011139837432,46.0011139837432,"Failure: non-random eligibility",2173,1,1,46.0011139837432
2367,12,-0.33791805072465,-1.16370211924848,"Never-taker",-3.5,44.5147154621984,41.0147154621984,"Failure: non-random eligibility",3445,0,0,44.5147154621984
2368,14,-0.808914700978376,-0.442977726641151,"Never-taker",-3.5,49.0479456294112,45.5479456294112,"Failure: non-random eligibility",3238,0,0,49.0479456294112
2369,16,1.51164811732547,-0.567376115408924,"Never-taker",-3.5,51.1945186092443,47.6945186092443,"Failure: non-random eligibility",4733,0,0,51.1945186092443
2370,12,-0.682782507718619,0.821431998826482,"Complier",-5,53.882606865918,48.882606865918,"Failure: non-random eligibility",1279,1,1,48.882606865918
2371,14,0.794565503228752,-3.0198730400422,"Never-taker",-3.5,41.2682129937268,37.7682129937268,"Failure: non-random eligibility",1554,1,0,41.2682129937268
2372,9,-2.00432101793452,0.586314392146765,"Complier",-5,30.8412510419695,25.8412510419695,"Failure: non-random eligibility",484,1,1,25.8412510419695
2373,15,0.15242902553402,-1.06131992119757,"Never-taker",-3.5,50.8438165574778,47.3438165574778,"Failure: non-random eligibility",2433,1,0,50.8438165574778
2374,14,0.175208927948732,-0.222543019381041,"Never-taker",-3.5,51.0640438726648,47.5640438726648,"Failure: non-random eligibility",3468,0,0,51.0640438726648
2375,15,0.587823663497043,-0.961990942209576,"Never-taker",-3.5,48.9535286052291,45.4535286052291,"Failure: non-random eligibility",4897,0,0,48.9535286052291
2376,12,-0.196479090523492,-0.999876999352027,"Never-taker",-3.5,38.2522939136479,34.7522939136479,"Failure: non-random eligibility",3425,0,0,38.2522939136479
2377,11,-1.76017982083307,-0.125458366755754,"Never-taker",-3.5,36.9595251306974,33.4595251306974,"Failure: non-random eligibility",941,1,0,36.9595251306974
2378,12,-0.272883504385452,1.1942585139782,"Complier",-5,54.4793069125754,49.4793069125754,"Failure: non-random eligibility",574,1,1,49.4793069125754
2379,10,-0.919734863973975,0.197742780015202,"Complier",-5,42.4302342565338,37.4302342565338,"Failure: non-random eligibility",1236,1,1,37.4302342565338
2380,12,1.16494982170413,-0.30086066104646,"Never-taker",-3.5,48.3415676072202,44.8415676072202,"Failure: non-random eligibility",4874,0,0,48.3415676072202
2381,15,0.392531235922861,-0.530165564340565,"Never-taker",-3.5,50.1701211726152,46.6701211726152,"Failure: non-random eligibility",4087,0,0,50.1701211726152
2382,10,-2.31921408237955,-1.46043252361865,"Never-taker",-3.5,29.9114497562187,26.4114497562187,"Failure: non-random eligibility",2420,1,0,29.9114497562187
2383,11,-0.0829118341893629,0.133534903843219,"Complier",-5,44.8747350235206,39.8747350235206,"Failure: non-random eligibility",2349,1,1,39.8747350235206
2384,13,1.33603781169259,1.01296487093138,"Complier",-5,46.322972393189,41.322972393189,"Failure: non-random eligibility",4121,0,0,46.322972393189
2385,14,3.21761337711591,0.168880591807249,"Complier",-5,55.4553650389909,50.4553650389909,"Failure: non-random eligibility",4937,0,0,55.4553650389909
2386,16,1.39295195771316,-0.555199847476029,"Never-taker",-3.5,49.8255831295817,46.3255831295817,"Failure: non-random eligibility",353,1,0,49.8255831295817
2387,13,0.7202116503367,0.376442103000863,"Complier",-5,46.3235522274532,41.3235522274532,"Failure: non-random eligibility",1879,1,1,41.3235522274532
2388,12,0.369647173250214,-2.30210182117638,"Never-taker",-3.5,42.5814130659826,39.0814130659826,"Failure: non-random eligibility",2396,1,0,42.5814130659826
2389,14,0.843298858681145,1.02948170249059,"Complier",-5,56.5117083665716,51.5117083665716,"Failure: non-random eligibility",2434,1,1,51.5117083665716
2390,13,0.685971783775356,0.886749296183194,"Complier",-5,52.4994719574194,47.4994719574194,"Failure: non-random eligibility",2470,1,1,47.4994719574194
2391,14,0.463539093715351,-0.444473531799306,"Never-taker",-3.5,46.8577090463803,43.3577090463803,"Failure: non-random eligibility",4426,0,0,46.8577090463803
2392,11,0.136493870810137,-0.492540190140898,"Never-taker",-3.5,50.8523908232049,47.3523908232049,"Failure: non-random eligibility",1776,1,0,50.8523908232049
2393,14,-0.164843223377031,-1.29587486775546,"Never-taker",-3.5,44.4772979218834,40.9772979218834,"Failure: non-random eligibility",4527,0,0,44.4772979218834
2394,10,-1.41241820939195,0.880314750472924,"Complier",-5,45.147454977467,40.147454977467,"Failure: non-random eligibility",1006,1,1,40.147454977467
2395,14,1.60574385549614,0.956942355042522,"Complier",-5,49.5208187008506,44.5208187008506,"Failure: non-random eligibility",4894,0,0,49.5208187008506
2396,14,1.11503580390735,0.194620431829562,"Complier",-5,49.6169136284889,44.6169136284889,"Failure: non-random eligibility",4969,0,0,49.6169136284889
2397,14,1.46916940957376,-0.135874060819742,"Never-taker",-3.5,54.2872342020791,50.7872342020791,"Failure: non-random eligibility",3371,0,0,54.2872342020791
2398,12,0.835769774997862,0.310178979679814,"Complier",-5,40.6785683318656,35.6785683318656,"Failure: non-random eligibility",1005,1,1,35.6785683318656
2399,11,-0.779890190746855,2.25201638023391,"Always-taker",-2,47.711095165892,45.711095165892,"Failure: non-random eligibility",1516,1,1,45.711095165892
2400,12,-1.61334251630449,-0.00637284905075964,"Never-taker",-3.5,39.7583542062694,36.2583542062694,"Failure: non-random eligibility",272,1,0,39.7583542062694
2401,11,-1.89941552994204,1.73474877718896,"Always-taker",-2,40.4441694046582,38.4441694046582,"Failure: non-random eligibility",164,1,1,38.4441694046582
2402,15,1.89044920516985,-1.31707534415714,"Never-taker",-3.5,51.9679892594164,48.4679892594164,"Failure: non-random eligibility",4884,0,0,51.9679892594164
2403,13,0.0365413671781579,-2.50127062988536,"Never-taker",-3.5,34.1576610337064,30.6576610337064,"Failure: non-random eligibility",3366,0,0,34.1576610337064
2404,12,-0.872448468622026,0.378539916370448,"Complier",-5,39.4227322255369,34.4227322255369,"Failure: non-random eligibility",1529,1,1,34.4227322255369
2405,14,1.56092381698994,1.65705221261813,"Always-taker",-2,56.1370618324228,54.1370618324228,"Failure: non-random eligibility",3922,0,1,54.1370618324228
2406,13,-0.496895997572696,0.485460537529962,"Complier",-5,43.428350764269,38.428350764269,"Failure: non-random eligibility",2557,0,0,43.428350764269
2407,13,-0.0510980340662188,-0.726596933637907,"Never-taker",-3.5,34.2573106232239,30.7573106232239,"Failure: non-random eligibility",2135,1,0,34.2573106232239
2408,14,0.200968461515474,-0.177747740483714,"Never-taker",-3.5,44.9466793846864,41.4466793846864,"Failure: non-random eligibility",1840,1,0,44.9466793846864
2409,13,0.333959721131823,-0.785128126459964,"Never-taker",-3.5,43.7666747323153,40.2666747323153,"Failure: non-random eligibility",2669,0,0,43.7666747323153
2410,11,-0.256524715283654,0.507006252971743,"Complier",-5,41.2158218204453,36.2158218204453,"Failure: non-random eligibility",1755,1,1,36.2158218204453
2411,14,0.126364967014949,-0.866215048620247,"Never-taker",-3.5,45.3034146983784,41.8034146983784,"Failure: non-random eligibility",4621,0,0,45.3034146983784
2412,14,1.77561628572528,1.56883550548451,"Always-taker",-2,53.970981924162,51.970981924162,"Failure: non-random eligibility",3323,0,1,51.970981924162
2413,15,0.132590911079546,-0.0968584800303987,"Never-taker",-3.5,45.2023112164099,41.7023112164099,"Failure: non-random eligibility",1643,1,0,45.2023112164099
2414,14,-0.243534140502972,-0.248451909967269,"Never-taker",-3.5,46.5209264115315,43.0209264115315,"Failure: non-random eligibility",808,1,0,46.5209264115315
2415,9,-2.35494634597568,0.706687690976854,"Complier",-5,34.9222438073699,29.9222438073699,"Failure: non-random eligibility",2039,1,1,29.9222438073699
2416,11,-0.0284372771611042,-1.02694880177847,"Never-taker",-3.5,38.5254203109906,35.0254203109906,"Failure: non-random eligibility",3190,0,0,38.5254203109906
2417,15,1.38540194219332,-0.957184172332822,"Never-taker",-3.5,52.095921242095,48.595921242095,"Failure: non-random eligibility",537,1,0,52.095921242095
2418,11,0.000256652012706827,-0.980696177988879,"Never-taker",-3.5,39.7548911465572,36.2548911465572,"Failure: non-random eligibility",1371,1,0,39.7548911465572
2419,10,-1.32518994380126,0.860771922055822,"Complier",-5,42.9061678847531,37.9061678847531,"Failure: non-random eligibility",1524,1,1,37.9061678847531
2420,14,1.28975199900312,-0.278002271412451,"Never-taker",-3.5,55.9104708765727,52.4104708765727,"Failure: non-random eligibility",3933,0,0,55.9104708765727
2421,13,-0.241133012555591,0.758979469665076,"Complier",-5,47.728711334172,42.728711334172,"Failure: non-random eligibility",3440,0,0,47.728711334172
2422,11,-0.510734445374143,-0.597179642225884,"Never-taker",-3.5,43.3160543768194,39.8160543768194,"Failure: non-random eligibility",2471,1,0,43.3160543768194
2423,12,0.998376772907794,0.134053052813662,"Complier",-5,49.7041657819887,44.7041657819887,"Failure: non-random eligibility",4348,0,0,49.7041657819887
2424,12,-1.52750402184753,-0.229453812059109,"Never-taker",-3.5,36.2099421146091,32.7099421146091,"Failure: non-random eligibility",1962,1,0,36.2099421146091
2425,15,1.41333792905609,-0.0739960672581903,"Never-taker",-3.5,46.7924495869462,43.2924495869462,"Failure: non-random eligibility",1055,1,0,46.7924495869462
2426,13,0.982276339152331,-1.14352010286777,"Never-taker",-3.5,47.0984083598317,43.5984083598317,"Failure: non-random eligibility",1294,1,0,47.0984083598317
2427,14,0.64015389791677,-0.248924671038714,"Never-taker",-3.5,46.0688586535597,42.5688586535597,"Failure: non-random eligibility",2312,1,0,46.0688586535597
2428,11,-0.734290335037015,-0.474519670189199,"Never-taker",-3.5,48.7881421786279,45.2881421786279,"Failure: non-random eligibility",970,1,0,48.7881421786279
2429,15,0.541544932734164,-0.660816123336369,"Never-taker",-3.5,50.8451774033095,47.3451774033095,"Failure: non-random eligibility",4722,0,0,50.8451774033095
2430,13,0.659209141104884,-0.154165940569156,"Never-taker",-3.5,42.835881018892,39.335881018892,"Failure: non-random eligibility",3900,0,0,42.835881018892
2431,13,0.127434663158494,-0.744254409227502,"Never-taker",-3.5,47.1397380996103,43.6397380996103,"Failure: non-random eligibility",3792,0,0,47.1397380996103
2432,14,1.01712596037674,-0.541930873161039,"Never-taker",-3.5,49.0872188321108,45.5872188321108,"Failure: non-random eligibility",3347,0,0,49.0872188321108
2433,13,-0.100757849223366,0.0846659028846191,"Never-taker",-3.5,57.0593245236687,53.5593245236687,"Failure: non-random eligibility",2998,0,0,57.0593245236687
2434,12,-0.703044566084626,0.167554594538538,"Complier",-5,40.2665937449493,35.2665937449493,"Failure: non-random eligibility",1783,1,1,35.2665937449493
2435,13,0.693250115166116,1.10550487028752,"Complier",-5,43.2994067907193,38.2994067907193,"Failure: non-random eligibility",2560,0,0,43.2994067907193
2436,9,-1.89320820988307,0.273338289875936,"Complier",-5,33.6874592781096,28.6874592781096,"Failure: non-random eligibility",314,1,1,28.6874592781096
2437,10,-1.87453092688675,0.0277988177829747,"Never-taker",-3.5,40.5157825682921,37.0157825682921,"Failure: non-random eligibility",242,1,0,40.5157825682921
2438,14,1.41535496560978,-1.31847378951886,"Never-taker",-3.5,47.4728727831574,43.9728727831574,"Failure: non-random eligibility",4367,0,0,47.4728727831574
2439,12,0.212829218695755,-1.10890391090921,"Never-taker",-3.5,47.78668813089,44.28668813089,"Failure: non-random eligibility",1156,1,0,47.78668813089
2440,12,-0.621861473411895,0.178435169389574,"Complier",-5,47.0953859869349,42.0953859869349,"Failure: non-random eligibility",2084,1,1,42.0953859869349
2441,13,0.859792320485807,0.0173735560591731,"Never-taker",-3.5,55.8680281635835,52.3680281635835,"Failure: non-random eligibility",4262,0,0,55.8680281635835
2442,13,1.21450700780638,-0.384479903952787,"Never-taker",-3.5,49.222739291024,45.722739291024,"Failure: non-random eligibility",2485,1,0,49.222739291024
2443,14,0.981851488868296,0.413077730595066,"Complier",-5,53.2853258583631,48.2853258583631,"Failure: non-random eligibility",4633,0,0,53.2853258583631
2444,13,1.06867858637951,-0.526816179375537,"Never-taker",-3.5,48.8524408249811,45.3524408249811,"Failure: non-random eligibility",3537,0,0,48.8524408249811
2445,11,0.0425536237074997,-0.532571811742079,"Never-taker",-3.5,46.2046116765451,42.7046116765451,"Failure: non-random eligibility",4449,0,0,46.2046116765451
2446,14,-0.547700012723211,-0.505462183999799,"Never-taker",-3.5,47.1042843681512,43.6042843681512,"Failure: non-random eligibility",2764,0,0,47.1042843681512
2447,13,0.633239989382298,1.73732126715448,"Always-taker",-2,46.7138256893699,44.7138256893699,"Failure: non-random eligibility",3831,0,1,44.7138256893699
2448,15,-0.591347069502845,-0.794475011932559,"Never-taker",-3.5,46.1784783470829,42.6784783470829,"Failure: non-random eligibility",3657,0,0,46.1784783470829
2449,11,-0.0697728386212968,-0.391362794023275,"Never-taker",-3.5,46.4615261307294,42.9615261307294,"Failure: non-random eligibility",4370,0,0,46.4615261307294
2450,13,-0.00187931302838472,-0.457220227306082,"Never-taker",-3.5,48.8310862046183,45.3310862046183,"Failure: non-random eligibility",1794,1,0,48.8310862046183
2451,12,0.160870719311043,-0.833658225064707,"Never-taker",-3.5,32.0064188151612,28.5064188151612,"Failure: non-random eligibility",2621,0,0,32.0064188151612
2452,12,1.14256563437627,-0.0472186407237839,"Never-taker",-3.5,39.2946121142107,35.7946121142107,"Failure: non-random eligibility",4126,0,0,39.2946121142107
2453,15,0.28440019217192,0.314722405747487,"Complier",-5,57.5437916228326,52.5437916228326,"Failure: non-random eligibility",1449,1,1,52.5437916228326
2454,12,-0.19853045900946,-0.156345245045482,"Never-taker",-3.5,45.5789408464371,42.0789408464371,"Failure: non-random eligibility",4321,0,0,45.5789408464371
2455,13,-0.149732843863575,-3.00352573055951,"Never-taker",-3.5,33.4814372516186,29.9814372516186,"Failure: non-random eligibility",1367,1,0,33.4814372516186
2456,14,0.672790944496411,-0.882161019801679,"Never-taker",-3.5,51.1627255125105,47.6627255125105,"Failure: non-random eligibility",2149,1,0,51.1627255125105
2457,11,0.4759628215354,2.11343162511704,"Always-taker",-2,47.69411774025,45.69411774025,"Failure: non-random eligibility",2318,1,1,45.69411774025
2458,13,1.32166665936026,-0.833584829426258,"Never-taker",-3.5,51.004553723256,47.504553723256,"Failure: non-random eligibility",3620,0,0,51.004553723256
2459,11,-0.942899552702657,-0.874261828257251,"Never-taker",-3.5,34.6816735153196,31.1816735153196,"Failure: non-random eligibility",4271,0,0,34.6816735153196
2460,14,-0.107034585958047,1.85695177649387,"Always-taker",-2,48.7370823935192,46.7370823935192,"Failure: non-random eligibility",3357,0,1,46.7370823935192
2461,14,0.73961712684543,1.0043879546269,"Complier",-5,53.8994768976572,48.8994768976572,"Failure: non-random eligibility",3167,0,0,53.8994768976572
2462,11,-1.23473027453158,0.751090970876424,"Complier",-5,41.3972835610501,36.3972835610501,"Failure: non-random eligibility",33,1,1,36.3972835610501
2463,13,1.69946318734532,1.4321505964193,"Always-taker",-2,55.362065214712,53.362065214712,"Failure: non-random eligibility",2041,1,1,53.362065214712
2464,12,0.203611468865484,0.629551264555784,"Complier",-5,50.8998026385382,45.8998026385382,"Failure: non-random eligibility",1167,1,1,45.8998026385382
2465,14,-0.0189452269909922,-1.48199849905121,"Never-taker",-3.5,46.2260279484857,42.7260279484857,"Failure: non-random eligibility",3693,0,0,46.2260279484857
2466,12,-0.183897636267244,1.87552595338963,"Always-taker",-2,45.5607552975766,43.5607552975766,"Failure: non-random eligibility",4730,0,1,43.5607552975766
2467,12,-0.27045818133053,2.10665335898385,"Always-taker",-2,49.6138447838342,47.6138447838342,"Failure: non-random eligibility",1719,1,1,47.6138447838342
2468,14,1.20451822743999,-1.20438515492057,"Never-taker",-3.5,51.7648090419758,48.2648090419758,"Failure: non-random eligibility",4682,0,0,51.7648090419758
2469,16,1.75327161104997,1.22508121489049,"Complier",-5,51.9381090860413,46.9381090860413,"Failure: non-random eligibility",4828,0,0,51.9381090860413
2470,14,0.910154643045117,-0.0986152260996701,"Never-taker",-3.5,49.0088110953318,45.5088110953318,"Failure: non-random eligibility",4618,0,0,49.0088110953318
2471,13,0.273390310845875,-1.3908197862805,"Never-taker",-3.5,46.219680329661,42.719680329661,"Failure: non-random eligibility",2244,1,0,46.219680329661
2472,13,0.908746476426379,-1.91814379927896,"Never-taker",-3.5,40.1319202190781,36.6319202190781,"Failure: non-random eligibility",4228,0,0,40.1319202190781
2473,13,0.39577335553009,-0.916663813379038,"Never-taker",-3.5,49.0758950386657,45.5758950386657,"Failure: non-random eligibility",2276,1,0,49.0758950386657
2474,13,-1.12702927885652,1.42623438062989,"Always-taker",-2,39.9794459870804,37.9794459870804,"Failure: non-random eligibility",4319,0,1,37.9794459870804
2475,15,1.35254782880584,-0.146827949812964,"Never-taker",-3.5,47.2481756205403,43.7481756205403,"Failure: non-random eligibility",4465,0,0,47.2481756205403
2476,11,-0.80377540101021,0.882634833248906,"Complier",-5,41.4002235665144,36.4002235665144,"Failure: non-random eligibility",3865,0,0,41.4002235665144
2477,13,0.720460893826655,-1.09909322931923,"Never-taker",-3.5,45.9454247816126,42.4454247816126,"Failure: non-random eligibility",3020,0,0,45.9454247816126
2478,9,-1.93664259105925,0.469912613457148,"Complier",-5,36.0221418310243,31.0221418310243,"Failure: non-random eligibility",405,1,1,31.0221418310243
2479,15,0.495330700619161,1.08780769670556,"Complier",-5,54.3497258803252,49.3497258803252,"Failure: non-random eligibility",4179,0,0,54.3497258803252
2480,11,-0.874883825804405,0.664643201710835,"Complier",-5,44.1975029709762,39.1975029709762,"Failure: non-random eligibility",3148,0,0,44.1975029709762
2481,12,-1.42488177366352,-0.612679915942455,"Never-taker",-3.5,41.4813942431422,37.9813942431422,"Failure: non-random eligibility",565,1,0,41.4813942431422
2482,12,-0.0877254773409332,1.03212344050753,"Complier",-5,47.7328581390361,42.7328581390361,"Failure: non-random eligibility",4103,0,0,47.7328581390361
2483,12,-0.298518022257454,1.93448802513885,"Always-taker",-2,40.0389468428477,38.0389468428477,"Failure: non-random eligibility",1254,1,1,38.0389468428477
2484,16,1.90431253279044,0.782956293861545,"Complier",-5,50.9820940251883,45.9820940251883,"Failure: non-random eligibility",4723,0,0,50.9820940251883
2485,11,0.214043080971475,0.395846517038479,"Complier",-5,42.6953809538263,37.6953809538263,"Failure: non-random eligibility",4066,0,0,42.6953809538263
2486,9,-0.435397866437393,0.582813332855152,"Complier",-5,45.6176348656696,40.6176348656696,"Failure: non-random eligibility",1727,1,1,40.6176348656696
2487,10,-1.11944722424842,0.640428337859388,"Complier",-5,39.9673904049382,34.9673904049382,"Failure: non-random eligibility",1439,1,1,34.9673904049382
2488,15,0.702165731216168,-0.821406653538655,"Never-taker",-3.5,51.5866042731071,48.0866042731071,"Failure: non-random eligibility",3410,0,0,51.5866042731071
2489,14,1.32148002573701,-0.825724242931834,"Never-taker",-3.5,51.4257387667984,47.9257387667984,"Failure: non-random eligibility",4698,0,0,51.4257387667984
2490,15,1.00936628403338,0.176624752024807,"Complier",-5,51.760816745648,46.760816745648,"Failure: non-random eligibility",3070,0,0,51.760816745648
2491,15,1.1067770932247,-1.12218926804985,"Never-taker",-3.5,46.7085761005,43.2085761005,"Failure: non-random eligibility",4849,0,0,46.7085761005
2492,11,-1.68836750868054,1.69191552384164,"Always-taker",-2,43.5399618930748,41.5399618930748,"Failure: non-random eligibility",168,1,1,41.5399618930748
2493,13,-0.019548498896238,-1.05843041617804,"Never-taker",-3.5,50.9826902143395,47.4826902143395,"Failure: non-random eligibility",2247,1,0,50.9826902143395
2494,11,-0.067736379634729,3.37181203727716,"Always-taker",-2,52.7453470399274,50.7453470399274,"Failure: non-random eligibility",1638,1,1,50.7453470399274
2495,12,0.397870892568477,-1.04875849235749,"Never-taker",-3.5,38.8833672688432,35.3833672688432,"Failure: non-random eligibility",2513,0,0,38.8833672688432
2496,14,2.01114433328712,-1.513721475008,"Never-taker",-3.5,54.1727124412647,50.6727124412647,"Failure: non-random eligibility",2038,1,0,54.1727124412647
2497,10,-1.39752505341145,-0.0880485921393451,"Never-taker",-3.5,50.6576415617926,47.1576415617926,"Failure: non-random eligibility",1459,1,0,50.6576415617926
2498,15,2.03180507713979,-1.09521285738081,"Never-taker",-3.5,51.158178786558,47.658178786558,"Failure: non-random eligibility",4545,0,0,51.158178786558
2499,12,0.17496708813213,-0.450175578258689,"Never-taker",-3.5,35.4807269221969,31.9807269221969,"Failure: non-random eligibility",4738,0,0,35.4807269221969
2500,13,-0.356052590259272,-1.32727941451937,"Never-taker",-3.5,53.2278135738446,49.7278135738446,"Failure: non-random eligibility",3640,0,0,53.2278135738446
2501,13,0.168165586060188,-1.11836983309285,"Never-taker",-3.5,43.6790219060296,40.1790219060296,"Failure: non-random eligibility",956,1,0,43.6790219060296
2502,13,-0.104677896285207,1.23417056991441,"Complier",-5,55.3948261526026,50.3948261526026,"Failure: non-random eligibility",1202,1,1,50.3948261526026
2503,13,1.59703899596714,0.0919771597310091,"Never-taker",-3.5,50.6499996260671,47.1499996260671,"Failure: non-random eligibility",4728,0,0,50.6499996260671
2504,12,-0.00490760356764223,1.10706865160648,"Complier",-5,42.3091275529075,37.3091275529075,"Failure: non-random eligibility",2607,0,0,42.3091275529075
2505,12,0.487018418640662,1.7540311072145,"Always-taker",-2,49.572579262552,47.572579262552,"Failure: non-random eligibility",1897,1,1,47.572579262552
2506,11,-2.45201232052934,-0.00838173662867658,"Never-taker",-3.5,40.4604453471186,36.9604453471186,"Failure: non-random eligibility",3930,0,0,40.4604453471186
2507,12,-1.79924441491755,0.748237828174479,"Complier",-5,45.7083402617432,40.7083402617432,"Failure: non-random eligibility",1696,1,1,40.7083402617432
2508,13,-0.881186031038986,0.363943779029058,"Complier",-5,43.9652842360905,38.9652842360905,"Failure: non-random eligibility",1390,1,1,38.9652842360905
2509,12,-0.490723654094176,0.861366272997345,"Complier",-5,41.6497841211617,36.6497841211617,"Failure: non-random eligibility",805,1,1,36.6497841211617
2510,12,-0.207061608054113,0.746022984326353,"Complier",-5,44.0198011643049,39.0198011643049,"Failure: non-random eligibility",1664,1,1,39.0198011643049
2511,12,-0.993354644647169,-1.36620795721565,"Never-taker",-3.5,34.4668381005067,30.9668381005067,"Failure: non-random eligibility",4303,0,0,34.4668381005067
2512,13,-1.03475428193157,1.49208224912482,"Always-taker",-2,44.5572515362659,42.5572515362659,"Failure: non-random eligibility",2722,0,1,42.5572515362659
2513,10,-1.02650051168957,1.71985625445035,"Always-taker",-2,42.2586401154869,40.2586401154869,"Failure: non-random eligibility",2,1,1,40.2586401154869
2514,13,0.762754710359609,0.797680614250195,"Complier",-5,56.1274819660041,51.1274819660041,"Failure: non-random eligibility",4424,0,0,56.1274819660041
2515,13,0.837629468375651,0.156295465846504,"Complier",-5,48.8243418814525,43.8243418814525,"Failure: non-random eligibility",1222,1,1,43.8243418814525
2516,11,0.422305937612269,1.55114396609657,"Always-taker",-2,47.1120990095418,45.1120990095418,"Failure: non-random eligibility",3935,0,1,45.1120990095418
2517,13,0.0395156327592095,0.535431748371485,"Complier",-5,45.4941314793022,40.4941314793022,"Failure: non-random eligibility",215,1,1,40.4941314793022
2518,14,0.300488861309724,-0.497842787376922,"Never-taker",-3.5,49.207739605134,45.707739605134,"Failure: non-random eligibility",1844,1,0,49.207739605134
2519,13,1.27051573739332,-0.486819873173507,"Never-taker",-3.5,39.741547174404,36.241547174404,"Failure: non-random eligibility",1964,1,0,39.741547174404
2520,14,1.65334197719943,0.164725893820726,"Complier",-5,49.3768212751895,44.3768212751895,"Failure: non-random eligibility",4093,0,0,49.3768212751895
2521,14,1.01805154784952,-1.74290740858974,"Never-taker",-3.5,53.276085005161,49.776085005161,"Failure: non-random eligibility",4156,0,0,53.276085005161
2522,10,-1.21775759778136,-0.216595246812814,"Never-taker",-3.5,34.9719257921626,31.4719257921626,"Failure: non-random eligibility",1009,1,0,34.9719257921626
2523,16,1.50856889451489,-0.452502489340242,"Never-taker",-3.5,50.3497810566245,46.8497810566245,"Failure: non-random eligibility",4147,0,0,50.3497810566245
2524,13,0.0797000758003658,0.762847746013663,"Complier",-5,57.7900664382056,52.7900664382056,"Failure: non-random eligibility",1162,1,1,52.7900664382056
2525,12,-0.320634524123872,2.03830572755036,"Always-taker",-2,49.1756506297944,47.1756506297944,"Failure: non-random eligibility",2127,1,1,47.1756506297944
2526,14,0.605982888294912,-0.696753111784672,"Never-taker",-3.5,49.1417136518361,45.6417136518361,"Failure: non-random eligibility",1508,1,0,49.1417136518361
2527,16,1.65006299978508,-0.915372962387836,"Never-taker",-3.5,54.0372797093229,50.5372797093229,"Failure: non-random eligibility",3236,0,0,54.0372797093229
2528,15,1.71121984926038,0.295189473984567,"Complier",-5,50.7540735964918,45.7540735964918,"Failure: non-random eligibility",1771,1,1,45.7540735964918
2529,13,-0.559612033787819,-0.170192823481579,"Never-taker",-3.5,49.1702449141442,45.6702449141442,"Failure: non-random eligibility",4153,0,0,49.1702449141442
2530,12,0.678990652380272,1.1618601081496,"Complier",-5,50.464679046821,45.464679046821,"Failure: non-random eligibility",4775,0,0,50.464679046821
2531,14,0.942540441504431,0.0957076077959632,"Never-taker",-3.5,50.8021752415492,47.3021752415492,"Failure: non-random eligibility",4721,0,0,50.8021752415492
2532,10,-1.81984145403603,1.0106079911916,"Complier",-5,44.0819340785556,39.0819340785556,"Failure: non-random eligibility",27,1,1,39.0819340785556
2533,12,-0.345167756970913,-0.10291899053925,"Never-taker",-3.5,45.7806234520673,42.2806234520673,"Failure: non-random eligibility",2716,0,0,45.7806234520673
2534,12,-0.775271746533517,2.63231111173166,"Always-taker",-2,45.6435433123617,43.6435433123617,"Failure: non-random eligibility",2622,0,1,43.6435433123617
2535,13,-0.420406848936263,-0.298829716151626,"Never-taker",-3.5,49.9266436921854,46.4266436921854,"Failure: non-random eligibility",4565,0,0,49.9266436921854
2536,16,0.782447051218637,-1.62632660571731,"Never-taker",-3.5,49.4934868376481,45.9934868376481,"Failure: non-random eligibility",4176,0,0,49.4934868376481
2537,11,-1.42752158088457,-1.23302632998701,"Never-taker",-3.5,37.8065814108654,34.3065814108654,"Failure: non-random eligibility",882,1,0,37.8065814108654
2538,12,0.0643532752328894,-0.485890270474409,"Never-taker",-3.5,52.011111123244,48.511111123244,"Failure: non-random eligibility",2020,1,0,52.011111123244
2539,16,1.71178227312437,0.479576427546853,"Complier",-5,56.3019025858398,51.3019025858398,"Failure: non-random eligibility",4489,0,0,56.3019025858398
2540,11,-0.960148301645379,-0.0907877173085236,"Never-taker",-3.5,37.3245727166263,33.8245727166263,"Failure: non-random eligibility",849,1,0,37.3245727166263
2541,15,1.4266980723422,0.486301285107268,"Complier",-5,47.3340836262641,42.3340836262641,"Failure: non-random eligibility",4714,0,0,47.3340836262641
2542,12,0.440588623336517,1.05951445820966,"Complier",-5,47.6597853339891,42.6597853339891,"Failure: non-random eligibility",2878,0,0,47.6597853339891
2543,11,-0.22954923738991,0.419763813419617,"Complier",-5,47.8889703256103,42.8889703256103,"Failure: non-random eligibility",3395,0,0,47.8889703256103
2544,13,0.210532341343176,0.523537952837711,"Complier",-5,43.4483838993312,38.4483838993312,"Failure: non-random eligibility",1862,1,1,38.4483838993312
2545,15,0.38392289337888,-0.4256045820318,"Never-taker",-3.5,49.7851775748535,46.2851775748535,"Failure: non-random eligibility",814,1,0,49.7851775748535
2546,13,-0.763015855005089,0.173472641099239,"Complier",-5,50.2556177135675,45.2556177135675,"Failure: non-random eligibility",2296,1,1,45.2556177135675
2547,10,-1.06062429739495,-0.0680128496134741,"Never-taker",-3.5,40.8212322225939,37.3212322225939,"Failure: non-random eligibility",289,1,0,40.8212322225939
2548,11,-1.04509177989387,0.158971098175332,"Complier",-5,43.4538088938888,38.4538088938888,"Failure: non-random eligibility",505,1,1,38.4538088938888
2549,13,-0.528634810435851,0.112297334491796,"Never-taker",-3.5,40.1440516327244,36.6440516327244,"Failure: non-random eligibility",1978,1,0,40.1440516327244
2550,10,-1.28841021482215,-1.00538267181233,"Never-taker",-3.5,39.4341162235874,35.9341162235874,"Failure: non-random eligibility",1092,1,0,39.4341162235874
2551,12,-0.954062268725314,-0.518352858213976,"Never-taker",-3.5,39.5930509924661,36.0930509924661,"Failure: non-random eligibility",3314,0,0,39.5930509924661
2552,13,1.1680224365173,0.906397726402234,"Complier",-5,54.1256863152625,49.1256863152625,"Failure: non-random eligibility",3017,0,0,54.1256863152625
2553,11,-1.22664920017124,-0.216880143790517,"Never-taker",-3.5,40.9235029493465,37.4235029493465,"Failure: non-random eligibility",543,1,0,40.9235029493465
2554,15,2.0255276236737,-2.29268341817078,"Never-taker",-3.5,48.6796800881667,45.1796800881667,"Failure: non-random eligibility",4896,0,0,48.6796800881667
2555,14,0.96843979091009,0.810267193951817,"Complier",-5,49.1522170495568,44.1522170495568,"Failure: non-random eligibility",3321,0,0,49.1522170495568
2556,13,0.417485342507973,-1.8742542671334,"Never-taker",-3.5,43.7715509725147,40.2715509725147,"Failure: non-random eligibility",1750,1,0,43.7715509725147
2557,13,-0.900965017200665,0.323792436493826,"Complier",-5,38.8862506816354,33.8862506816354,"Failure: non-random eligibility",4283,0,0,38.8862506816354
2558,11,-0.685693312530113,-0.628355353034205,"Never-taker",-3.5,44.1624674435048,40.6624674435048,"Failure: non-random eligibility",608,1,0,44.1624674435048
2559,11,0.797641611292007,0.815999000621279,"Complier",-5,53.53193328516,48.53193328516,"Failure: non-random eligibility",3632,0,0,53.53193328516
2560,10,-0.808985069666655,-0.618417383328352,"Never-taker",-3.5,41.9995684839269,38.4995684839269,"Failure: non-random eligibility",2561,0,0,41.9995684839269
2561,13,0.157562470980562,-0.396430137822006,"Never-taker",-3.5,45.6911804556772,42.1911804556772,"Failure: non-random eligibility",3224,0,0,45.6911804556772
2562,11,-0.163312565400359,-0.125423693407062,"Never-taker",-3.5,46.2831198900093,42.7831198900093,"Failure: non-random eligibility",2745,0,0,46.2831198900093
2563,12,-0.39367158278545,0.821191067985435,"Complier",-5,42.8697014294888,37.8697014294888,"Failure: non-random eligibility",263,1,1,37.8697014294888
2564,12,-0.926776284999378,0.923568886802581,"Complier",-5,44.7921903929487,39.7921903929487,"Failure: non-random eligibility",74,1,1,39.7921903929487
2565,15,1.5808278310176,-0.503761899429029,"Never-taker",-3.5,52.2798024363002,48.7798024363002,"Failure: non-random eligibility",2311,1,0,52.2798024363002
2566,11,-1.98326519902196,-0.730728896361012,"Never-taker",-3.5,36.6215412259501,33.1215412259501,"Failure: non-random eligibility",511,1,0,36.6215412259501
2567,13,0.254468645771369,-1.26683748410245,"Never-taker",-3.5,46.4346254669116,42.9346254669116,"Failure: non-random eligibility",1645,1,0,46.4346254669116
2568,13,0.919973528606155,0.590146594765003,"Complier",-5,49.2725609631336,44.2725609631336,"Failure: non-random eligibility",3290,0,0,49.2725609631336
2569,9,-1.04849669676119,0.221620250293304,"Complier",-5,34.4172020429912,29.4172020429912,"Failure: non-random eligibility",1787,1,1,29.4172020429912
2570,12,-0.286615013489278,0.650980309054368,"Complier",-5,46.1775971621513,41.1775971621513,"Failure: non-random eligibility",3602,0,0,46.1775971621513
2571,11,-0.202645731169019,-0.728094773925378,"Never-taker",-3.5,43.5313713963679,40.0313713963679,"Failure: non-random eligibility",2257,1,0,43.5313713963679
2572,13,0.935551805236809,-2.42082210584736,"Never-taker",-3.5,39.151448290721,35.651448290721,"Failure: non-random eligibility",2157,1,0,39.151448290721
2573,14,0.73455568732637,-0.0443543445185862,"Never-taker",-3.5,49.4803510161603,45.9803510161603,"Failure: non-random eligibility",3564,0,0,49.4803510161603
2574,11,0.0416626380107044,0.17875798960058,"Complier",-5,41.790355149781,36.790355149781,"Failure: non-random eligibility",3288,0,0,41.790355149781
2575,12,0.67609504693906,0.0857035752671883,"Never-taker",-3.5,43.2548444991882,39.7548444991882,"Failure: non-random eligibility",4546,0,0,43.2548444991882
2576,11,-1.0945987080964,1.73462872979141,"Always-taker",-2,41.4883564870475,39.4883564870475,"Failure: non-random eligibility",4430,0,1,39.4883564870475
2577,12,-1.0429993534993,-0.018688514740898,"Never-taker",-3.5,43.7535123722307,40.2535123722307,"Failure: non-random eligibility",3181,0,0,43.7535123722307
2578,12,-1.22201460568666,0.330598770562361,"Complier",-5,41.6872639227499,36.6872639227499,"Failure: non-random eligibility",154,1,1,36.6872639227499
2579,11,-0.897071270656126,-0.525476697487572,"Never-taker",-3.5,40.3149241165449,36.8149241165449,"Failure: non-random eligibility",323,1,0,40.3149241165449
2580,14,0.966457210472732,0.681050194547934,"Complier",-5,47.4547316882997,42.4547316882997,"Failure: non-random eligibility",4770,0,0,47.4547316882997
2581,10,-0.833580415285658,-0.403924741355235,"Never-taker",-3.5,37.6783090367899,34.1783090367899,"Failure: non-random eligibility",2879,0,0,37.6783090367899
2582,14,1.44231693189194,-0.671645674889465,"Never-taker",-3.5,53.137938203618,49.637938203618,"Failure: non-random eligibility",4391,0,0,53.137938203618
2583,14,0.593068284711935,-0.00557539209339962,"Never-taker",-3.5,52.7801895343498,49.2801895343498,"Failure: non-random eligibility",3463,0,0,52.7801895343498
2584,13,0.865226327010584,0.137971982563464,"Complier",-5,48.1343503655496,43.1343503655496,"Failure: non-random eligibility",4883,0,0,48.1343503655496
2585,13,-0.847807070788933,-1.16529908656909,"Never-taker",-3.5,40.8303477661662,37.3303477661662,"Failure: non-random eligibility",1814,1,0,40.8303477661662
2586,12,-0.621344090707232,-0.366669425440506,"Never-taker",-3.5,45.5264048695936,42.0264048695936,"Failure: non-random eligibility",2628,0,0,45.5264048695936
2587,11,-0.274691122263295,-0.0510238090991808,"Never-taker",-3.5,52.8000199284992,49.3000199284992,"Failure: non-random eligibility",1158,1,0,52.8000199284992
2588,13,-0.577890128165817,0.198754807209449,"Complier",-5,45.2963453816225,40.2963453816225,"Failure: non-random eligibility",191,1,1,40.2963453816225
2589,13,-0.175802693193768,0.318173903031836,"Complier",-5,33.6840378067014,28.6840378067014,"Failure: non-random eligibility",159,1,1,28.6840378067014
2590,13,0.122408361393922,0.880352624362266,"Complier",-5,44.2740477179608,39.2740477179608,"Failure: non-random eligibility",750,1,1,39.2740477179608
2591,13,1.0140658493156,0.624651249651875,"Complier",-5,54.3481173741683,49.3481173741683,"Failure: non-random eligibility",4385,0,0,54.3481173741683
2592,12,0.460752118506864,-1.51838107488664,"Never-taker",-3.5,49.5527865086282,46.0527865086282,"Failure: non-random eligibility",4648,0,0,49.5527865086282
2593,14,0.94529275234035,0.00967750790454903,"Never-taker",-3.5,50.888359655412,47.388359655412,"Failure: non-random eligibility",4529,0,0,50.888359655412
2594,13,0.437216383139625,0.481177877964344,"Complier",-5,49.9788490361807,44.9788490361807,"Failure: non-random eligibility",2700,0,0,49.9788490361807
2595,11,0.271182236435877,-0.0749239884396371,"Never-taker",-3.5,44.9068558608336,41.4068558608336,"Failure: non-random eligibility",1742,1,0,44.9068558608336
2596,11,-0.111588791564681,0.78024693006687,"Complier",-5,47.339092461727,42.339092461727,"Failure: non-random eligibility",2492,1,1,42.339092461727
2597,15,0.21367395778838,-1.23981191630571,"Never-taker",-3.5,49.3630351593868,45.8630351593868,"Failure: non-random eligibility",4090,0,0,49.3630351593868
2598,11,-1.1300850102187,-1.14020046734362,"Never-taker",-3.5,39.736491272868,36.236491272868,"Failure: non-random eligibility",4294,0,0,39.736491272868
2599,15,0.499274474376252,-0.018456638952394,"Never-taker",-3.5,54.6527223790544,51.1527223790544,"Failure: non-random eligibility",1458,1,0,54.6527223790544
2600,13,0.175335336484542,0.403941289198262,"Complier",-5,47.087461323978,42.087461323978,"Failure: non-random eligibility",81,1,1,42.087461323978
2601,13,0.701564927216933,1.13037379601345,"Complier",-5,55.4698972601317,50.4698972601317,"Failure: non-random eligibility",4514,0,0,55.4698972601317
2602,14,1.22690917452836,-0.743996718332316,"Never-taker",-3.5,57.0811254941719,53.5811254941719,"Failure: non-random eligibility",1454,1,0,57.0811254941719
2603,14,0.815749812836693,-0.100070211616376,"Never-taker",-3.5,52.3713769951967,48.8713769951967,"Failure: non-random eligibility",3094,0,0,52.3713769951967
2604,13,0.630385663095941,0.267952539590425,"Complier",-5,50.2001530200127,45.2001530200127,"Failure: non-random eligibility",4690,0,0,50.2001530200127
2605,16,1.68488246953677,1.26935502537493,"Complier",-5,56.9451493272758,51.9451493272758,"Failure: non-random eligibility",2419,1,1,51.9451493272758
2606,12,-0.523747380173121,-1.03962602265609,"Never-taker",-3.5,50.5056486217952,47.0056486217952,"Failure: non-random eligibility",3200,0,0,50.5056486217952
2607,12,-0.990708374828314,-0.248857836757722,"Never-taker",-3.5,45.4233803633805,41.9233803633805,"Failure: non-random eligibility",2459,1,0,45.4233803633805
2608,12,0.692927314617856,-0.0143119432343479,"Never-taker",-3.5,46.0815313693513,42.5815313693513,"Failure: non-random eligibility",4574,0,0,46.0815313693513
2609,13,0.0613130244129331,0.102278137802973,"Never-taker",-3.5,46.4305453696565,42.9305453696565,"Failure: non-random eligibility",3409,0,0,46.4305453696565
2610,11,-1.0862500671331,1.20766300574291,"Complier",-5,41.5746450209765,36.5746450209765,"Failure: non-random eligibility",1567,1,1,36.5746450209765
2611,10,-1.91758778618341,1.36968272639608,"Always-taker",-2,42.6565045454969,40.6565045454969,"Failure: non-random eligibility",1394,1,1,40.6565045454969
2612,13,0.211601627561913,0.204936285078388,"Complier",-5,48.2016462557358,43.2016462557358,"Failure: non-random eligibility",4460,0,0,48.2016462557358
2613,11,-0.84484979890869,-1.74439357349779,"Never-taker",-3.5,48.206483057833,44.706483057833,"Failure: non-random eligibility",4204,0,0,48.206483057833
2614,13,-0.598753584012535,-0.428760065939016,"Never-taker",-3.5,40.5539971148306,37.0539971148306,"Failure: non-random eligibility",2475,1,0,40.5539971148306
2615,11,-1.38946112308042,-0.713120441740829,"Never-taker",-3.5,41.3929792028775,37.8929792028775,"Failure: non-random eligibility",2307,1,0,41.3929792028775
2616,14,0.746099823659177,-0.709692479867325,"Never-taker",-3.5,48.3963563956887,44.8963563956887,"Failure: non-random eligibility",3556,0,0,48.3963563956887
2617,11,-0.620142058215106,0.819781360644076,"Complier",-5,48.856126753025,43.856126753025,"Failure: non-random eligibility",3216,0,0,48.856126753025
2618,12,0.657902604105591,-0.52090572317488,"Never-taker",-3.5,41.4133138594186,37.9133138594186,"Failure: non-random eligibility",1111,1,0,41.4133138594186
2619,18,2.99061222961585,-0.43193322171592,"Never-taker",-3.5,68.488598025546,64.988598025546,"Failure: non-random eligibility",4834,0,0,68.488598025546
2620,14,0.650472606469905,-0.796044304262896,"Never-taker",-3.5,49.5350784745443,46.0350784745443,"Failure: non-random eligibility",2083,1,0,49.5350784745443
2621,12,0.189099754316043,0.562508260741801,"Complier",-5,47.4492775574894,42.4492775574894,"Failure: non-random eligibility",2194,1,1,42.4492775574894
2622,13,1.02620481908594,0.354012715608344,"Complier",-5,51.6622210306826,46.6622210306826,"Failure: non-random eligibility",1049,1,1,46.6622210306826
2623,10,-1.55353065867245,-1.33545173015098,"Never-taker",-3.5,34.7935324943704,31.2935324943704,"Failure: non-random eligibility",3523,0,0,34.7935324943704
2624,13,0.0380814857077567,-1.34265023769988,"Never-taker",-3.5,44.6130587087358,41.1130587087358,"Failure: non-random eligibility",823,1,0,44.6130587087358
2625,13,1.40214155423653,-0.572546858231118,"Never-taker",-3.5,52.7060295523919,49.2060295523919,"Failure: non-random eligibility",2864,0,0,52.7060295523919
2626,12,-0.684390547015793,-1.33752608238347,"Never-taker",-3.5,44.6819371694363,41.1819371694363,"Failure: non-random eligibility",2926,0,0,44.6819371694363
2627,13,0.983674743574472,-1.65435759334129,"Never-taker",-3.5,46.1549055727087,42.6549055727087,"Failure: non-random eligibility",388,1,0,46.1549055727087
2628,13,1.2058019796162,-0.140520988297408,"Never-taker",-3.5,49.7159208276036,46.2159208276036,"Failure: non-random eligibility",1444,1,0,49.7159208276036
2629,11,-1.09713682685536,-1.47378944897481,"Never-taker",-3.5,36.849604713598,33.349604713598,"Failure: non-random eligibility",66,1,0,36.849604713598
2630,9,-1.31164601755613,1.29719141330613,"Complier",-5,35.0878616115866,30.0878616115866,"Failure: non-random eligibility",1344,1,1,30.0878616115866
2631,10,-1.38457499813973,1.02494449407232,"Complier",-5,47.4609396166048,42.4609396166048,"Failure: non-random eligibility",939,1,1,42.4609396166048
2632,14,0.9164548784403,1.77193491986406,"Always-taker",-2,50.5748838779683,48.5748838779683,"Failure: non-random eligibility",4349,0,1,48.5748838779683
2633,9,-1.23689677021332,-0.431093102934885,"Never-taker",-3.5,38.6851345261848,35.1851345261848,"Failure: non-random eligibility",2934,0,0,38.6851345261848
2634,13,0.998539300419107,-0.620212767845179,"Never-taker",-3.5,42.9903558558977,39.4903558558977,"Failure: non-random eligibility",2914,0,0,42.9903558558977
2635,12,-0.056610831077268,-0.662681412733092,"Never-taker",-3.5,44.4249243162563,40.9249243162563,"Failure: non-random eligibility",1320,1,0,44.4249243162563
2636,12,-0.0351475906142647,-1.64597685049641,"Never-taker",-3.5,40.5458171682736,37.0458171682736,"Failure: non-random eligibility",1634,1,0,40.5458171682736
2637,9,-1.02527027551761,-1.06109891161504,"Never-taker",-3.5,28.7747035426383,25.2747035426383,"Failure: non-random eligibility",1507,1,0,28.7747035426383
2638,14,0.662318203940914,0.629456168911401,"Complier",-5,39.5882017028526,34.5882017028526,"Failure: non-random eligibility",4747,0,0,39.5882017028526
2639,11,-0.784567330593057,0.624327787309407,"Complier",-5,47.5130391498935,42.5130391498935,"Failure: non-random eligibility",355,1,1,42.5130391498935
2640,16,1.61300596019199,-1.04086539808261,"Never-taker",-3.5,54.5265799478793,51.0265799478793,"Failure: non-random eligibility",4814,0,0,54.5265799478793
2641,11,-1.35596904822929,-0.94260995192544,"Never-taker",-3.5,33.0141902579772,29.5141902579772,"Failure: non-random eligibility",1229,1,0,33.0141902579772
2642,14,0.167737580225105,-0.179884715613166,"Never-taker",-3.5,44.4790144983492,40.9790144983492,"Failure: non-random eligibility",1494,1,0,44.4790144983492
2643,12,0.530838042165837,-0.295000359378093,"Never-taker",-3.5,46.885682671663,43.385682671663,"Failure: non-random eligibility",3319,0,0,46.885682671663
2644,11,-2.06605074709324,0.575255325741699,"Complier",-5,32.9729449492206,27.9729449492206,"Failure: non-random eligibility",888,1,1,27.9729449492206
2645,13,-1.53283092672042,0.953198938953829,"Complier",-5,47.6487916972546,42.6487916972546,"Failure: non-random eligibility",1974,1,1,42.6487916972546
2646,11,-1.4154819173681,-0.131679505880382,"Never-taker",-3.5,36.9585292339611,33.4585292339611,"Failure: non-random eligibility",1858,1,0,36.9585292339611
2647,16,1.69794821565702,0.708015319385452,"Complier",-5,58.8860232698604,53.8860232698604,"Failure: non-random eligibility",3333,0,0,58.8860232698604
2648,15,0.882186848109445,-0.853095711813669,"Never-taker",-3.5,47.6249337370451,44.1249337370451,"Failure: non-random eligibility",3116,0,0,47.6249337370451
2649,12,1.43423400185389,-0.543173071829114,"Never-taker",-3.5,54.261697850402,50.761697850402,"Failure: non-random eligibility",3115,0,0,54.261697850402
2650,13,0.472806070085467,1.01435806643937,"Complier",-5,47.9798619669655,42.9798619669655,"Failure: non-random eligibility",1237,1,1,42.9798619669655
2651,10,-0.843191658688174,0.597394251994801,"Complier",-5,39.5959274679382,34.5959274679382,"Failure: non-random eligibility",1910,1,1,34.5959274679382
2652,17,1.53846825645393,-0.28555157064448,"Never-taker",-3.5,53.993235027341,50.493235027341,"Failure: non-random eligibility",3195,0,0,53.993235027341
2653,9,-1.15152455768556,-0.41168738716638,"Never-taker",-3.5,30.5298279571775,27.0298279571775,"Failure: non-random eligibility",423,1,0,30.5298279571775
2654,13,0.464131405530628,-0.605317921620621,"Never-taker",-3.5,54.4041493062098,50.9041493062098,"Failure: non-random eligibility",3752,0,0,54.4041493062098
2655,10,-2.03581704562103,-0.202182168879805,"Never-taker",-3.5,43.9846879395195,40.4846879395195,"Failure: non-random eligibility",146,1,0,43.9846879395195
2656,11,-2.06731667541716,-1.11832667939907,"Never-taker",-3.5,38.3449751667333,34.8449751667333,"Failure: non-random eligibility",79,1,0,38.3449751667333
2657,13,1.06165413671145,0.967123504520558,"Complier",-5,56.6931830586037,51.6931830586037,"Failure: non-random eligibility",4245,0,0,56.6931830586037
2658,11,-1.39158406426512,-0.0971461394855589,"Never-taker",-3.5,43.5780600526495,40.0780600526495,"Failure: non-random eligibility",515,1,0,43.5780600526495
2659,13,-0.00195793031640156,-0.281236390157626,"Never-taker",-3.5,40.7396251536492,37.2396251536492,"Failure: non-random eligibility",1541,1,0,40.7396251536492
2660,13,0.856140342391313,1.03097437716596,"Complier",-5,47.7519059095492,42.7519059095492,"Failure: non-random eligibility",3324,0,0,47.7519059095492
2661,13,-1.32824683663082,-0.507559278835328,"Never-taker",-3.5,43.4818629050405,39.9818629050405,"Failure: non-random eligibility",1214,1,0,43.4818629050405
2662,14,0.469367321837114,-0.737548182481101,"Never-taker",-3.5,44.9180246791636,41.4180246791636,"Failure: non-random eligibility",3464,0,0,44.9180246791636
2663,14,-0.53044951722123,1.02463100733369,"Complier",-5,51.4048935363505,46.4048935363505,"Failure: non-random eligibility",4519,0,0,51.4048935363505
2664,14,0.241017893764324,0.183920013809422,"Complier",-5,49.8168238766981,44.8168238766981,"Failure: non-random eligibility",1046,1,1,44.8168238766981
2665,13,0.507518814145787,2.97348997712885,"Always-taker",-2,42.5249735659351,40.5249735659351,"Failure: non-random eligibility",4298,0,1,40.5249735659351
2666,14,-0.433663939281925,-0.771393177550381,"Never-taker",-3.5,42.1738216451425,38.6738216451425,"Failure: non-random eligibility",3702,0,0,42.1738216451425
2667,14,-0.328015583101326,1.48414193955525,"Always-taker",-2,46.168615698941,44.168615698941,"Failure: non-random eligibility",3250,0,1,44.168615698941
2668,12,-0.771090500052621,0.0579886987571236,"Never-taker",-3.5,45.4471889045871,41.9471889045871,"Failure: non-random eligibility",981,1,0,45.4471889045871
2669,11,-1.67397268405718,0.0145357191000692,"Never-taker",-3.5,38.1606699258236,34.6606699258236,"Failure: non-random eligibility",212,1,0,38.1606699258236
2670,11,-0.81047794785018,1.01309523304109,"Complier",-5,43.5317555051756,38.5317555051756,"Failure: non-random eligibility",3449,0,0,43.5317555051756
2671,12,0.0726704841836093,-0.647556999747198,"Never-taker",-3.5,42.6142691786451,39.1142691786451,"Failure: non-random eligibility",1711,1,0,42.6142691786451
2672,12,-0.269296751027961,-0.139269001816917,"Never-taker",-3.5,41.6790453468998,38.1790453468998,"Failure: non-random eligibility",2891,0,0,41.6790453468998
2673,14,-0.0416083567611778,-0.547135774372347,"Never-taker",-3.5,45.6930343332714,42.1930343332714,"Failure: non-random eligibility",3295,0,0,45.6930343332714
2674,12,-0.738043446143871,0.151454283705783,"Complier",-5,52.3468665933348,47.3468665933348,"Failure: non-random eligibility",44,1,1,47.3468665933348
2675,12,0.699799684222843,-0.147845456340781,"Never-taker",-3.5,50.4521163465573,46.9521163465573,"Failure: non-random eligibility",1182,1,0,50.4521163465573
2676,12,0.335106230809523,-0.479146845191313,"Never-taker",-3.5,50.3643023667499,46.8643023667499,"Failure: non-random eligibility",2000,1,0,50.3643023667499
2677,13,1.07189167856115,0.22979266133663,"Complier",-5,53.856742029013,48.856742029013,"Failure: non-random eligibility",1913,1,1,48.856742029013
2678,14,-0.0547054898040975,-0.0608180201041933,"Never-taker",-3.5,51.5227898156748,48.0227898156748,"Failure: non-random eligibility",3418,0,0,51.5227898156748
2679,14,0.937290067981748,-0.33532836634064,"Never-taker",-3.5,46.0072731118291,42.5072731118291,"Failure: non-random eligibility",2591,0,0,46.0072731118291
2680,13,1.01707160502148,-0.883529894029726,"Never-taker",-3.5,45.7370180815321,42.2370180815321,"Failure: non-random eligibility",2526,0,0,45.7370180815321
2681,16,2.74247086358678,0.10273246966845,"Never-taker",-3.5,57.2463033362075,53.7463033362075,"Failure: non-random eligibility",4630,0,0,57.2463033362075
2682,13,-0.62500744552351,1.37566573695851,"Always-taker",-2,41.3693911188999,39.3693911188999,"Failure: non-random eligibility",818,1,1,39.3693911188999
2683,12,-0.683254442069476,1.51009162805396,"Always-taker",-2,45.5912078787735,43.5912078787735,"Failure: non-random eligibility",738,1,1,43.5912078787735
2684,13,0.100248588673846,-0.804256515583636,"Never-taker",-3.5,45.221313269924,41.721313269924,"Failure: non-random eligibility",2489,1,0,45.221313269924
2685,10,-1.15558084626733,1.81445700744978,"Always-taker",-2,49.1109105120613,47.1109105120613,"Failure: non-random eligibility",1838,1,1,47.1109105120613
2686,14,0.263963407477294,-1.34561629220337,"Never-taker",-3.5,37.8251333476462,34.3251333476462,"Failure: non-random eligibility",366,1,0,37.8251333476462
2687,13,-0.373007841902662,0.154535821703639,"Complier",-5,47.8457888871282,42.8457888871282,"Failure: non-random eligibility",4448,0,0,47.8457888871282
2688,15,-0.0875170226225895,0.28197868268821,"Complier",-5,44.5916744817968,39.5916744817968,"Failure: non-random eligibility",3877,0,0,44.5916744817968
2689,10,-0.974763148258464,0.834451320973922,"Complier",-5,46.1437979164337,41.1437979164337,"Failure: non-random eligibility",2917,0,0,46.1437979164337
2690,15,1.34378559880569,0.219411416515512,"Complier",-5,57.6124367923954,52.6124367923954,"Failure: non-random eligibility",905,1,1,52.6124367923954
2691,13,0.0360933761046038,1.1228947786697,"Complier",-5,43.4081047437265,38.4081047437265,"Failure: non-random eligibility",2013,1,1,38.4081047437265
2692,15,1.47456883908246,0.469507198902267,"Complier",-5,50.9351528022087,45.9351528022087,"Failure: non-random eligibility",4931,0,0,50.9351528022087
2693,11,0.291981743590472,1.36550248585162,"Always-taker",-2,45.5520263528053,43.5520263528053,"Failure: non-random eligibility",3526,0,1,43.5520263528053
2694,14,0.0360148017110566,-0.716225968966317,"Never-taker",-3.5,45.9537895849114,42.4537895849114,"Failure: non-random eligibility",4601,0,0,45.9537895849114
2695,13,0.45572384984452,-0.352583504095798,"Never-taker",-3.5,51.2069357922622,47.7069357922622,"Failure: non-random eligibility",3494,0,0,51.2069357922622
2696,10,-1.59416357101696,1.01151108059277,"Complier",-5,39.4526367948123,34.4526367948123,"Failure: non-random eligibility",2967,0,0,39.4526367948123
2697,11,-1.0523255482383,1.6993125214404,"Always-taker",-2,42.3409618140537,40.3409618140537,"Failure: non-random eligibility",103,1,1,40.3409618140537
2698,13,-0.126967663658668,1.67293136924907,"Always-taker",-2,55.0953569472092,53.0953569472092,"Failure: non-random eligibility",2412,1,1,53.0953569472092
2699,13,1.08272498540684,-1.25959185037723,"Never-taker",-3.5,42.2754115023522,38.7754115023522,"Failure: non-random eligibility",4631,0,0,42.2754115023522
2700,14,1.29118799500909,0.457026523764067,"Complier",-5,53.6125072787322,48.6125072787322,"Failure: non-random eligibility",2713,0,0,53.6125072787322
2701,15,1.12874350687842,1.64154372422684,"Always-taker",-2,46.1862892192608,44.1862892192608,"Failure: non-random eligibility",2888,0,1,44.1862892192608
2702,10,-1.24645417606678,-0.667827365091246,"Never-taker",-3.5,31.9604530885169,28.4604530885169,"Failure: non-random eligibility",704,1,0,31.9604530885169
2703,12,-0.419673112175878,-0.546712091050077,"Never-taker",-3.5,39.8099574442658,36.3099574442658,"Failure: non-random eligibility",2916,0,0,39.8099574442658
2704,13,-0.934706408183037,2.47702718473157,"Always-taker",-2,44.2442848908638,42.2442848908638,"Failure: non-random eligibility",1314,1,1,42.2442848908638
2705,13,0.0759126117499828,-0.137213118749773,"Never-taker",-3.5,40.7190754416556,37.2190754416556,"Failure: non-random eligibility",754,1,0,40.7190754416556
2706,14,0.687254744958782,-0.309707174071347,"Never-taker",-3.5,48.5231787912248,45.0231787912248,"Failure: non-random eligibility",4044,0,0,48.5231787912248
2707,14,2.03525610158289,1.20066263635841,"Complier",-5,53.3767747335201,48.3767747335201,"Failure: non-random eligibility",4564,0,0,53.3767747335201
2708,13,-0.314257089869949,1.61166487704132,"Always-taker",-2,43.05325441481,41.05325441481,"Failure: non-random eligibility",2432,1,1,41.05325441481
2709,12,0.217149463975601,-0.346059279259123,"Never-taker",-3.5,41.671840448617,38.171840448617,"Failure: non-random eligibility",974,1,0,41.671840448617
2710,11,-0.994809127103828,-0.146397075321144,"Never-taker",-3.5,43.5258963071967,40.0258963071967,"Failure: non-random eligibility",940,1,0,43.5258963071967
2711,13,0.331411181156639,-0.986800111322066,"Never-taker",-3.5,42.3022843960152,38.8022843960152,"Failure: non-random eligibility",3051,0,0,42.3022843960152
2712,13,1.27455308824693,0.372574632824199,"Complier",-5,50.445286495168,45.445286495168,"Failure: non-random eligibility",4485,0,0,50.445286495168
2713,13,0.647163310799172,-1.04149450974701,"Never-taker",-3.5,47.4940534083192,43.9940534083192,"Failure: non-random eligibility",3145,0,0,47.4940534083192
2714,15,1.60977895622169,-1.86748962413844,"Never-taker",-3.5,46.3845566825886,42.8845566825886,"Failure: non-random eligibility",3987,0,0,46.3845566825886
2715,10,-1.03060683710399,0.240352452574238,"Complier",-5,47.4959365954382,42.4959365954382,"Failure: non-random eligibility",1150,1,1,42.4959365954382
2716,12,0.822524630536798,0.855426372652504,"Complier",-5,47.5454622400893,42.5454622400893,"Failure: non-random eligibility",3489,0,0,47.5454622400893
2717,14,0.812789265797074,-2.13023255360243,"Never-taker",-3.5,46.6967018215014,43.1967018215014,"Failure: non-random eligibility",2938,0,0,46.6967018215014
2718,12,-0.44405635749209,1.1867337678235,"Complier",-5,50.4062207328938,45.4062207328938,"Failure: non-random eligibility",3954,0,0,50.4062207328938
2719,13,0.206927607502028,-0.453711712046741,"Never-taker",-3.5,46.5714992189231,43.0714992189231,"Failure: non-random eligibility",4356,0,0,46.5714992189231
2720,14,1.28310569241507,0.512170328717606,"Complier",-5,47.8927706894841,42.8927706894841,"Failure: non-random eligibility",4809,0,0,47.8927706894841
2721,13,0.510510505080513,1.61259207496661,"Always-taker",-2,49.6419274555358,47.6419274555358,"Failure: non-random eligibility",697,1,1,47.6419274555358
2722,10,-1.25571551201718,0.794863353044419,"Complier",-5,39.3845535345173,34.3845535345173,"Failure: non-random eligibility",1914,1,1,34.3845535345173
2723,12,0.91937095792634,0.400739500102613,"Complier",-5,41.4558993004194,36.4558993004194,"Failure: non-random eligibility",1891,1,1,36.4558993004194
2724,13,-0.54092899004802,-1.43221039774543,"Never-taker",-3.5,31.823402440837,28.323402440837,"Failure: non-random eligibility",2190,1,0,31.823402440837
2725,12,0.983433588910218,0.897567593936336,"Complier",-5,46.4836361856065,41.4836361856065,"Failure: non-random eligibility",3133,0,0,46.4836361856065
2726,12,-0.405714077110379,0.7696494143551,"Complier",-5,44.2858823464306,39.2858823464306,"Failure: non-random eligibility",544,1,1,39.2858823464306
2727,14,-0.29826487999017,-0.935205349836464,"Never-taker",-3.5,48.5175439845132,45.0175439845132,"Failure: non-random eligibility",1532,1,0,48.5175439845132
2728,12,-0.902479011214025,-1.07208559458182,"Never-taker",-3.5,36.407921416839,32.907921416839,"Failure: non-random eligibility",836,1,0,36.407921416839
2729,12,-0.305255928875853,-0.769095644709693,"Never-taker",-3.5,42.5233889473172,39.0233889473172,"Failure: non-random eligibility",3953,0,0,42.5233889473172
2730,13,0.455232080247533,0.182506514479332,"Complier",-5,46.6044135135835,41.6044135135835,"Failure: non-random eligibility",4576,0,0,46.6044135135835
2731,12,1.37235114382717,0.343730945603201,"Complier",-5,51.591153145976,46.591153145976,"Failure: non-random eligibility",1764,1,1,46.591153145976
2732,13,1.2587614913371,-0.321591572392703,"Never-taker",-3.5,53.3518064396017,49.8518064396017,"Failure: non-random eligibility",3087,0,0,53.3518064396017
2733,9,-1.12391164857253,1.63916666204991,"Always-taker",-2,40.2995955310229,38.2995955310229,"Failure: non-random eligibility",376,1,1,38.2995955310229
2734,13,0.932496029563313,-0.168549949663628,"Never-taker",-3.5,49.2464223985514,45.7464223985514,"Failure: non-random eligibility",1810,1,0,49.2464223985514
2735,11,-1.61789573355747,-1.53408786218449,"Never-taker",-3.5,43.2366464518773,39.7366464518773,"Failure: non-random eligibility",1217,1,0,43.2366464518773
2736,11,-0.317671025121602,1.06357883479412,"Complier",-5,42.369209634084,37.369209634084,"Failure: non-random eligibility",1919,1,1,37.369209634084
2737,14,0.741190818407566,0.561595976344015,"Complier",-5,44.4251531631197,39.4251531631197,"Failure: non-random eligibility",2970,0,0,44.4251531631197
2738,11,-0.321470606607228,0.803714755366193,"Complier",-5,44.367092891437,39.367092891437,"Failure: non-random eligibility",2734,0,0,44.367092891437
2739,15,1.43780675636883,-0.465993567392432,"Never-taker",-3.5,59.087196295959,55.587196295959,"Failure: non-random eligibility",3077,0,0,59.087196295959
2740,14,1.02801353933999,-0.801385719100904,"Never-taker",-3.5,45.1844382371859,41.6844382371859,"Failure: non-random eligibility",3677,0,0,45.1844382371859
2741,15,1.78601314035886,0.273189721161289,"Complier",-5,47.7859196738533,42.7859196738533,"Failure: non-random eligibility",4419,0,0,47.7859196738533
2742,11,-0.712321401415274,0.125276377178638,"Never-taker",-3.5,46.5622485508737,43.0622485508737,"Failure: non-random eligibility",2635,0,0,46.5622485508737
2743,15,1.52512502947678,0.557693365410467,"Complier",-5,46.5626941618324,41.5626941618324,"Failure: non-random eligibility",3123,0,0,46.5626941618324
2744,14,0.441517419231044,0.445363480645377,"Complier",-5,43.4584213428058,38.4584213428058,"Failure: non-random eligibility",2116,1,1,38.4584213428058
2745,11,0.724155732197437,0.738133777482485,"Complier",-5,50.9296385271372,45.9296385271372,"Failure: non-random eligibility",1251,1,1,45.9296385271372
2746,13,-0.629761976112842,1.69588663200934,"Always-taker",-2,39.5682588492114,37.5682588492114,"Failure: non-random eligibility",2360,1,1,37.5682588492114
2747,12,0.896756470110426,1.98126488814196,"Always-taker",-2,52.1604718425339,50.1604718425339,"Failure: non-random eligibility",4297,0,1,50.1604718425339
2748,11,-0.81009153914377,0.0683347458908581,"Never-taker",-3.5,43.6135652094968,40.1135652094968,"Failure: non-random eligibility",1624,1,0,43.6135652094968
2749,10,-0.999180538602833,1.25323088545374,"Complier",-5,41.235222905842,36.235222905842,"Failure: non-random eligibility",422,1,1,36.235222905842
2750,13,1.38289554173608,-0.0420114625800708,"Never-taker",-3.5,46.4688232184512,42.9688232184512,"Failure: non-random eligibility",4816,0,0,46.4688232184512
2751,13,0.539184985864912,0.588313553083755,"Complier",-5,44.664037374977,39.664037374977,"Failure: non-random eligibility",2898,0,0,44.664037374977
2752,11,0.57953439139503,1.51384403271766,"Always-taker",-2,47.2667145025733,45.2667145025733,"Failure: non-random eligibility",860,1,1,45.2667145025733
2753,14,0.947207289856232,0.893330754437243,"Complier",-5,48.9755434588716,43.9755434588716,"Failure: non-random eligibility",2959,0,0,48.9755434588716
2754,14,0.564448852961108,-1.82675504942383,"Never-taker",-3.5,41.05006201715,37.55006201715,"Failure: non-random eligibility",3027,0,0,41.05006201715
2755,12,-0.571570022779205,0.701747429055933,"Complier",-5,35.4174228358184,30.4174228358184,"Failure: non-random eligibility",2085,1,1,30.4174228358184
2756,12,0.102419265734364,-0.435777529680376,"Never-taker",-3.5,56.5207364058635,53.0207364058635,"Failure: non-random eligibility",1120,1,0,56.5207364058635
2757,13,-0.295857379067649,1.89047224227984,"Always-taker",-2,46.0060360421414,44.0060360421414,"Failure: non-random eligibility",2653,0,1,44.0060360421414
2758,12,-0.0706205217094641,-0.587261098988989,"Never-taker",-3.5,40.0420127111487,36.5420127111487,"Failure: non-random eligibility",2235,1,0,40.0420127111487
2759,13,1.30478829444503,0.726671481087067,"Complier",-5,57.4438606187583,52.4438606187583,"Failure: non-random eligibility",3188,0,0,57.4438606187583
2760,10,-1.21001045660753,0.379334931142465,"Complier",-5,42.1157808581104,37.1157808581104,"Failure: non-random eligibility",250,1,1,37.1157808581104
2761,15,0.100434666059543,-0.483007039403905,"Never-taker",-3.5,50.658351846924,47.158351846924,"Failure: non-random eligibility",778,1,0,50.658351846924
2762,13,1.27536679720627,1.39700477452721,"Always-taker",-2,57.1149189343002,55.1149189343002,"Failure: non-random eligibility",4177,0,1,55.1149189343002
2763,10,-0.929191653675941,-0.245722436544102,"Never-taker",-3.5,39.3936483774718,35.8936483774718,"Failure: non-random eligibility",1293,1,0,39.3936483774718
2764,12,-0.819972777689607,-0.183029128686585,"Never-taker",-3.5,42.4338344608225,38.9338344608225,"Failure: non-random eligibility",2865,0,0,42.4338344608225
2765,9,-2.27350998922508,0.46689582989433,"Complier",-5,37.9267883099151,32.9267883099151,"Failure: non-random eligibility",3782,0,0,37.9267883099151
2766,13,0.0175912897942981,-0.893181093701533,"Never-taker",-3.5,40.6542535810704,37.1542535810704,"Failure: non-random eligibility",4629,0,0,40.6542535810704
2767,12,0.240589568949532,0.447191310774963,"Complier",-5,43.6700131490083,38.6700131490083,"Failure: non-random eligibility",1249,1,1,38.6700131490083
2768,12,-0.811765394126307,0.746322814285708,"Complier",-5,46.488938589533,41.488938589533,"Failure: non-random eligibility",2068,1,1,41.488938589533
2769,13,-0.0942550523246927,-0.203781792425366,"Never-taker",-3.5,48.1347309005719,44.6347309005719,"Failure: non-random eligibility",1957,1,0,48.1347309005719
2770,14,1.30026783920599,0.616022306816333,"Complier",-5,54.9896975332699,49.9896975332699,"Failure: non-random eligibility",4664,0,0,54.9896975332699
2771,14,0.246089073603457,-0.512059232877665,"Never-taker",-3.5,44.031109506608,40.531109506608,"Failure: non-random eligibility",4075,0,0,44.031109506608
2772,14,0.91599001124339,0.436906500165131,"Complier",-5,47.3757871700626,42.3757871700626,"Failure: non-random eligibility",2461,1,1,42.3757871700626
2773,13,1.45818843636534,-0.927290347380265,"Never-taker",-3.5,37.7099622620843,34.2099622620843,"Failure: non-random eligibility",3303,0,0,37.7099622620843
2774,13,-0.635147145889448,-0.137970002324337,"Never-taker",-3.5,47.3663758313012,43.8663758313012,"Failure: non-random eligibility",3861,0,0,47.3663758313012
2775,16,2.92339951762979,1.6102401309581,"Always-taker",-2,57.135779161301,55.135779161301,"Failure: non-random eligibility",4598,0,1,55.135779161301
2776,12,0.171959805192707,-0.338052901372677,"Never-taker",-3.5,43.9214489060771,40.4214489060771,"Failure: non-random eligibility",1795,1,0,43.9214489060771
2777,10,-0.497047082595765,0.0304724136445186,"Never-taker",-3.5,42.9906263499913,39.4906263499913,"Failure: non-random eligibility",619,1,0,42.9906263499913
2778,11,-0.750099507210637,-1.42908619795847,"Never-taker",-3.5,41.0097000459832,37.5097000459832,"Failure: non-random eligibility",3982,0,0,41.0097000459832
2779,12,-0.700349759421981,0.0594740868501852,"Never-taker",-3.5,44.8650038181676,41.3650038181676,"Failure: non-random eligibility",2282,1,0,44.8650038181676
2780,9,-1.60552356977242,-1.43123882825491,"Never-taker",-3.5,31.8037453768326,28.3037453768326,"Failure: non-random eligibility",1395,1,0,31.8037453768326
2781,15,0.601408996047647,1.30836386987285,"Always-taker",-2,48.6988283673157,46.6988283673157,"Failure: non-random eligibility",2027,1,1,46.6988283673157
2782,13,-0.186429239330148,0.201497640681967,"Complier",-5,39.5054467632484,34.5054467632484,"Failure: non-random eligibility",1983,1,1,34.5054467632484
2783,10,-1.75189521186408,0.0640055744149345,"Never-taker",-3.5,40.222910781852,36.722910781852,"Failure: non-random eligibility",18,1,0,40.222910781852
2784,11,-0.00516481621749094,0.935969194287281,"Complier",-5,42.7736006211578,37.7736006211578,"Failure: non-random eligibility",4111,0,0,42.7736006211578
2785,13,-0.46102438301354,0.0397031223387761,"Never-taker",-3.5,52.984395804258,49.484395804258,"Failure: non-random eligibility",1760,1,0,52.984395804258
2786,14,0.459622780088954,0.20477993142882,"Complier",-5,54.3831366983036,49.3831366983036,"Failure: non-random eligibility",2002,1,1,49.3831366983036
2787,11,-0.479547850738627,-0.330207201697868,"Never-taker",-3.5,43.5101187676417,40.0101187676417,"Failure: non-random eligibility",1789,1,0,43.5101187676417
2788,11,-0.98381602864523,1.64911112885036,"Always-taker",-2,43.7908233451954,41.7908233451954,"Failure: non-random eligibility",982,1,1,41.7908233451954
2789,12,0.416537410625963,-1.30458930689766,"Never-taker",-3.5,40.4666517950472,36.9666517950472,"Failure: non-random eligibility",4036,0,0,40.4666517950472
2790,9,-1.62104594120959,-0.461740184888465,"Never-taker",-3.5,38.995905275694,35.495905275694,"Failure: non-random eligibility",846,1,0,38.995905275694
2791,12,-0.0641667339359885,1.04115349604808,"Complier",-5,45.6028759138418,40.6028759138418,"Failure: non-random eligibility",4450,0,0,45.6028759138418
2792,14,1.67227760592205,0.535590418951191,"Complier",-5,58.7353001820174,53.7353001820174,"Failure: non-random eligibility",2779,0,0,58.7353001820174
2793,12,0.454721935052909,-0.251303612400854,"Never-taker",-3.5,40.9440949596707,37.4440949596707,"Failure: non-random eligibility",3137,0,0,40.9440949596707
2794,12,-0.233899914958943,-0.685139525950729,"Never-taker",-3.5,44.7069376743621,41.2069376743621,"Failure: non-random eligibility",2749,0,0,44.7069376743621
2795,13,1.15362338069611,0.518520124975277,"Complier",-5,49.2861252856456,44.2861252856456,"Failure: non-random eligibility",3490,0,0,49.2861252856456
2796,11,-1.2460361860084,-1.32121594572993,"Never-taker",-3.5,41.0675886645956,37.5675886645956,"Failure: non-random eligibility",1139,1,0,41.0675886645956
2797,13,0.578034290406911,0.181933566193743,"Complier",-5,44.3400253176221,39.3400253176221,"Failure: non-random eligibility",3546,0,0,44.3400253176221
2798,13,0.363773541671737,0.0756979798788365,"Never-taker",-3.5,47.956616413903,44.456616413903,"Failure: non-random eligibility",3643,0,0,47.956616413903
2799,10,-0.503125077903738,-0.286889545436745,"Never-taker",-3.5,36.4467677315987,32.9467677315987,"Failure: non-random eligibility",572,1,0,36.4467677315987
2800,14,1.40376562535833,0.374873189093406,"Complier",-5,43.0406525689119,38.0406525689119,"Failure: non-random eligibility",3648,0,0,43.0406525689119
2801,13,0.352552676048002,0.502453072907395,"Complier",-5,44.860846065041,39.860846065041,"Failure: non-random eligibility",1220,1,1,39.860846065041
2802,10,-1.72551916983539,1.4331904668141,"Always-taker",-2,45.333230782111,43.333230782111,"Failure: non-random eligibility",3141,0,1,43.333230782111
2803,13,0.214664177015079,0.438071067185834,"Complier",-5,44.3519535059076,39.3519535059076,"Failure: non-random eligibility",4233,0,0,44.3519535059076
2804,12,0.544770520918524,-0.546549863539644,"Never-taker",-3.5,41.2615651527256,37.7615651527256,"Failure: non-random eligibility",2874,0,0,41.2615651527256
2805,15,0.41020683022709,1.12877606660695,"Complier",-5,56.1346899801353,51.1346899801353,"Failure: non-random eligibility",3493,0,0,56.1346899801353
2806,14,0.658496554546251,1.91248083825623,"Always-taker",-2,48.8300208734568,46.8300208734568,"Failure: non-random eligibility",3130,0,1,46.8300208734568
2807,13,-0.123628385422143,-0.414424966430434,"Never-taker",-3.5,42.4627845869273,38.9627845869273,"Failure: non-random eligibility",1304,1,0,42.4627845869273
2808,14,-0.41568884141653,-0.495448777609542,"Never-taker",-3.5,52.9191995285509,49.4191995285509,"Failure: non-random eligibility",150,1,0,52.9191995285509
2809,12,0.366317350139767,-0.820303313371023,"Never-taker",-3.5,52.3530414992576,48.8530414992576,"Failure: non-random eligibility",1450,1,0,52.3530414992576
2810,11,0.430893623210441,1.19696722553321,"Complier",-5,47.3156393802578,42.3156393802578,"Failure: non-random eligibility",2451,1,1,42.3156393802578
2811,10,-1.0607726732595,-0.130814071654662,"Never-taker",-3.5,37.6552169990185,34.1552169990185,"Failure: non-random eligibility",232,1,0,37.6552169990185
2812,9,-1.02143136264585,0.493329144485714,"Complier",-5,32.5070511082811,27.5070511082811,"Failure: non-random eligibility",885,1,1,27.5070511082811
2813,12,0.529324624822018,1.22137990296031,"Complier",-5,55.8018685886185,50.8018685886185,"Failure: non-random eligibility",588,1,1,50.8018685886185
2814,12,-0.117177278645698,-0.335810137020599,"Never-taker",-3.5,49.6225272094729,46.1225272094729,"Failure: non-random eligibility",2267,1,0,49.6225272094729
2815,14,1.87421786356862,-0.106946796253366,"Never-taker",-3.5,56.2605454188279,52.7605454188279,"Failure: non-random eligibility",3086,0,0,56.2605454188279
2816,14,0.9371711771196,1.27365581989139,"Complier",-5,49.0233557628432,44.0233557628432,"Failure: non-random eligibility",2370,1,1,44.0233557628432
2817,12,0.613290967957192,0.0113598962381701,"Never-taker",-3.5,47.3555748422718,43.8555748422718,"Failure: non-random eligibility",3852,0,0,47.3555748422718
2818,18,3.64391083712613,-0.745668798655172,"Never-taker",-3.5,63.3037302881556,59.8037302881556,"Failure: non-random eligibility",4345,0,0,63.3037302881556
2819,12,-1.48167126576018,-0.00373238143530304,"Never-taker",-3.5,40.3314752827559,36.8314752827559,"Failure: non-random eligibility",2743,0,0,40.3314752827559
2820,15,2.24320496824423,-1.63834506931779,"Never-taker",-3.5,48.3501489865216,44.8501489865216,"Failure: non-random eligibility",4638,0,0,48.3501489865216
2821,11,-0.412688792338108,-0.848941353110527,"Never-taker",-3.5,45.5418784742982,42.0418784742982,"Failure: non-random eligibility",3942,0,0,45.5418784742982
2822,13,-0.733519019908903,-1.31221686339386,"Never-taker",-3.5,41.9335121771931,38.4335121771931,"Failure: non-random eligibility",2946,0,0,41.9335121771931
2823,15,1.3658355779617,0.255268261322786,"Complier",-5,55.3934452319974,50.3934452319974,"Failure: non-random eligibility",4861,0,0,55.3934452319974
2824,13,0.24658851601721,-0.0500838047730592,"Never-taker",-3.5,50.5915379595262,47.0915379595262,"Failure: non-random eligibility",1545,1,0,50.5915379595262
2825,13,0.646821007178778,0.748124446765052,"Complier",-5,44.744050739503,39.744050739503,"Failure: non-random eligibility",3650,0,0,44.744050739503
2826,11,-0.480977721381515,-0.580470196767409,"Never-taker",-3.5,38.3444116186701,34.8444116186701,"Failure: non-random eligibility",1135,1,0,38.3444116186701
2827,12,-0.0503211717355799,-1.27841745809703,"Never-taker",-3.5,40.7298643514664,37.2298643514664,"Failure: non-random eligibility",4895,0,0,40.7298643514664
2828,12,-0.0812638327950261,1.06292265260828,"Complier",-5,47.3871476707249,42.3871476707249,"Failure: non-random eligibility",2982,0,0,47.3871476707249
2829,15,1.67333719739832,-0.334756217706294,"Never-taker",-3.5,45.5627756119976,42.0627756119976,"Failure: non-random eligibility",4786,0,0,45.5627756119976
2830,14,0.0139913824256402,0.553594764795723,"Complier",-5,52.2128012978321,47.2128012978321,"Failure: non-random eligibility",3607,0,0,52.2128012978321
2831,15,1.22882014302625,0.0297663008997402,"Never-taker",-3.5,52.7359916499257,49.2359916499257,"Failure: non-random eligibility",2760,0,0,52.7359916499257
2832,12,-0.464391569201422,1.04325744271911,"Complier",-5,38.0694564014857,33.0694564014857,"Failure: non-random eligibility",3822,0,0,38.0694564014857
2833,15,0.852191513558634,1.12118271092628,"Complier",-5,53.4206109768374,48.4206109768374,"Failure: non-random eligibility",2960,0,0,53.4206109768374
2834,13,0.537658285687257,0.353377004006069,"Complier",-5,53.0256883124374,48.0256883124374,"Failure: non-random eligibility",3075,0,0,53.0256883124374
2835,16,1.4582711935236,-1.13363304035552,"Never-taker",-3.5,50.7017482270208,47.2017482270208,"Failure: non-random eligibility",4152,0,0,50.7017482270208
2836,14,0.494434048479772,-0.38176960712364,"Never-taker",-3.5,50.4957373901181,46.9957373901181,"Failure: non-random eligibility",830,1,0,50.4957373901181
2837,11,0.533470994965251,-0.0921058479203933,"Never-taker",-3.5,49.7581867187675,46.2581867187675,"Failure: non-random eligibility",1874,1,0,49.7581867187675
2838,13,-0.479233099146646,-0.423962807500705,"Never-taker",-3.5,44.0760215340678,40.5760215340678,"Failure: non-random eligibility",4314,0,0,44.0760215340678
2839,12,-0.561184591519289,-0.959870085637948,"Never-taker",-3.5,39.127219677019,35.627219677019,"Failure: non-random eligibility",676,1,0,39.127219677019
2840,14,0.757552070374459,-1.38842940145989,"Never-taker",-3.5,47.4061998242448,43.9061998242448,"Failure: non-random eligibility",4158,0,0,47.4061998242448
2841,11,-1.00922900450367,-2.09130632577452,"Never-taker",-3.5,36.1789135999329,32.6789135999329,"Failure: non-random eligibility",2883,0,0,36.1789135999329
2842,12,-0.871594381179555,0.548467738439669,"Complier",-5,42.0107845748034,37.0107845748034,"Failure: non-random eligibility",2615,0,0,42.0107845748034
2843,12,-0.292664608908036,-0.927515730674187,"Never-taker",-3.5,44.3282722689801,40.8282722689801,"Failure: non-random eligibility",983,1,0,44.3282722689801
2844,12,1.08657778209514,0.664399993595608,"Complier",-5,51.8471782968909,46.8471782968909,"Failure: non-random eligibility",4223,0,0,51.8471782968909
2845,15,0.751455625706665,-1.23183777255572,"Never-taker",-3.5,43.5532052529876,40.0532052529876,"Failure: non-random eligibility",4928,0,0,43.5532052529876
2846,13,1.69872558089371,-1.03368272848815,"Never-taker",-3.5,54.9174406287964,51.4174406287964,"Failure: non-random eligibility",4213,0,0,54.9174406287964
2847,14,0.378361166578907,0.0938974310809192,"Never-taker",-3.5,45.5650916866663,42.0650916866663,"Failure: non-random eligibility",2719,0,0,45.5650916866663
2848,12,0.0100268000558265,-1.45490222649009,"Never-taker",-3.5,42.7822334248043,39.2822334248043,"Failure: non-random eligibility",1414,1,0,42.7822334248043
2849,12,-0.40285918580726,0.311128595569871,"Complier",-5,41.3346630846082,36.3346630846082,"Failure: non-random eligibility",916,1,1,36.3346630846082
2850,9,-0.419774956929556,0.924181243817247,"Complier",-5,46.0142539709594,41.0142539709594,"Failure: non-random eligibility",1195,1,1,41.0142539709594
2851,11,0.503377869618662,1.32326043543817,"Always-taker",-2,47.3873170458276,45.3873170458276,"Failure: non-random eligibility",523,1,1,45.3873170458276
2852,11,-0.617472203688982,1.36375861846708,"Always-taker",-2,46.6967732175442,44.6967732175442,"Failure: non-random eligibility",1550,1,1,44.6967732175442
2853,12,-0.676395472515474,0.996617939792118,"Complier",-5,44.9403223361666,39.9403223361666,"Failure: non-random eligibility",435,1,1,39.9403223361666
2854,13,0.485664012766116,-0.313451484983072,"Never-taker",-3.5,50.6372050309174,47.1372050309174,"Failure: non-random eligibility",4207,0,0,50.6372050309174
2855,11,-2.17385592918387,-0.804960489029692,"Never-taker",-3.5,41.0088556958715,37.5088556958715,"Failure: non-random eligibility",2287,1,0,41.0088556958715
2856,12,-0.464908407616743,0.656180551809033,"Complier",-5,44.637490594132,39.637490594132,"Failure: non-random eligibility",1200,1,1,39.637490594132
2857,9,-1.31056990580107,0.912479004268871,"Complier",-5,33.0186493429256,28.0186493429256,"Failure: non-random eligibility",238,1,1,28.0186493429256
2858,14,2.02349582395115,-1.42310552333156,"Never-taker",-3.5,51.8787649800995,48.3787649800995,"Failure: non-random eligibility",4990,0,0,51.8787649800995
2859,13,0.610795585531219,1.00282733901481,"Complier",-5,46.6407539959085,41.6407539959085,"Failure: non-random eligibility",3240,0,0,46.6407539959085
2860,10,-1.8489599092459,0.16860012661982,"Complier",-5,38.7077151779618,33.7077151779618,"Failure: non-random eligibility",921,1,1,33.7077151779618
2861,14,1.31640025472898,-1.02709030833806,"Never-taker",-3.5,52.8994906480466,49.3994906480466,"Failure: non-random eligibility",4515,0,0,52.8994906480466
2862,12,0.130214510844646,1.22652106497424,"Complier",-5,48.733821992332,43.733821992332,"Failure: non-random eligibility",1725,1,1,43.733821992332
2863,16,1.47702327769217,0.258721184659277,"Complier",-5,50.3735059237072,45.3735059237072,"Failure: non-random eligibility",3111,0,0,50.3735059237072
2864,12,-0.220358342580254,-1.27971749305927,"Never-taker",-3.5,40.5049864359913,37.0049864359913,"Failure: non-random eligibility",680,1,0,40.5049864359913
2865,12,0.0964512183235619,-1.19051805347265,"Never-taker",-3.5,42.8258745553106,39.3258745553106,"Failure: non-random eligibility",2813,0,0,42.8258745553106
2866,13,-0.21783204265481,-1.66834682852038,"Never-taker",-3.5,42.4621628584557,38.9621628584557,"Failure: non-random eligibility",2003,1,0,42.4621628584557
2867,15,0.838149286445428,0.216789427417386,"Complier",-5,51.5548932550817,46.5548932550817,"Failure: non-random eligibility",4462,0,0,51.5548932550817
2868,14,0.770571065056269,-0.633052243412036,"Never-taker",-3.5,46.5222866243557,43.0222866243557,"Failure: non-random eligibility",2279,1,0,46.5222866243557
2869,8,-1.61249732101494,-1.11865770704973,"Never-taker",-3.5,34.7479362098424,31.2479362098424,"Failure: non-random eligibility",3380,0,0,34.7479362098424
2870,14,0.809919410678509,0.538931151071583,"Complier",-5,53.7489054456205,48.7489054456205,"Failure: non-random eligibility",2353,1,1,48.7489054456205
2871,11,-0.149489501936058,0.871821095716621,"Complier",-5,52.7342310743355,47.7342310743355,"Failure: non-random eligibility",1699,1,1,47.7342310743355
2872,9,-2.0214953126077,1.12777673889164,"Complier",-5,44.1907590230549,39.1907590230549,"Failure: non-random eligibility",486,1,1,39.1907590230549
2873,13,-0.374103387632847,2.1623213651163,"Always-taker",-2,50.9894635385512,48.9894635385512,"Failure: non-random eligibility",1915,1,1,48.9894635385512
2874,14,-0.588207096150536,-0.420559636383958,"Never-taker",-3.5,47.2041583058526,43.7041583058526,"Failure: non-random eligibility",662,1,0,47.2041583058526
2875,13,-2.0689685272425,-0.056927977829285,"Never-taker",-3.5,38.2065066013567,34.7065066013567,"Failure: non-random eligibility",88,1,0,38.2065066013567
2876,13,1.33282453094676,-2.11019018661577,"Never-taker",-3.5,46.9863694478702,43.4863694478702,"Failure: non-random eligibility",3355,0,0,46.9863694478702
2877,15,2.53376040753609,-1.81975847498312,"Never-taker",-3.5,49.391713976401,45.891713976401,"Failure: non-random eligibility",3948,0,0,49.391713976401
2878,15,1.37893686652921,1.4862985054437,"Always-taker",-2,56.8795100763529,54.8795100763529,"Failure: non-random eligibility",3627,0,1,54.8795100763529
2879,11,-0.771434368301841,1.36166708877881,"Always-taker",-2,38.8456805394172,36.8456805394172,"Failure: non-random eligibility",904,1,1,36.8456805394172
2880,13,1.68327339351437,0.49937401493649,"Complier",-5,47.4085975847232,42.4085975847232,"Failure: non-random eligibility",1898,1,1,42.4085975847232
2881,16,1.21716050945086,-0.470729480424282,"Never-taker",-3.5,49.1182000673612,45.6182000673612,"Failure: non-random eligibility",4561,0,0,49.1182000673612
2882,13,0.216153085105857,-0.707032349721556,"Never-taker",-3.5,47.609189071254,44.109189071254,"Failure: non-random eligibility",2377,1,0,47.609189071254
2883,12,-1.83593071601417,1.10396449984029,"Complier",-5,40.9038240242325,35.9038240242325,"Failure: non-random eligibility",3221,0,0,40.9038240242325
2884,10,-0.80333438446191,-1.79102141665703,"Never-taker",-3.5,39.4738973366116,35.9738973366116,"Failure: non-random eligibility",1510,1,0,39.4738973366116
2885,12,-1.10864588031276,-0.880065115139756,"Never-taker",-3.5,39.9783043091976,36.4783043091976,"Failure: non-random eligibility",3768,0,0,39.9783043091976
2886,16,2.60180954979751,0.775776085468018,"Complier",-5,56.374147017318,51.374147017318,"Failure: non-random eligibility",4988,0,0,56.374147017318
2887,13,0.279713090658429,0.759031321160353,"Complier",-5,43.5535510417912,38.5535510417912,"Failure: non-random eligibility",4801,0,0,43.5535510417912
2888,13,0.0773144317905908,0.794209291159908,"Complier",-5,52.3567623274161,47.3567623274161,"Failure: non-random eligibility",3453,0,0,52.3567623274161
2889,16,1.4921610002746,-0.077273043741188,"Never-taker",-3.5,51.5585201233803,48.0585201233803,"Failure: non-random eligibility",4761,0,0,51.5585201233803
2890,11,-0.387925555380996,-0.0318755534526387,"Never-taker",-3.5,45.4591156961162,41.9591156961162,"Failure: non-random eligibility",1183,1,0,45.4591156961162
2891,9,-2.08140686997358,-1.03187493150933,"Never-taker",-3.5,32.5635806975584,29.0635806975584,"Failure: non-random eligibility",1887,1,0,32.5635806975584
2892,15,0.240010751115384,-0.604470196080451,"Never-taker",-3.5,44.0554917435626,40.5554917435626,"Failure: non-random eligibility",4078,0,0,44.0554917435626
2893,15,1.28046003121259,-0.479549397390932,"Never-taker",-3.5,44.4181935981263,40.9181935981263,"Failure: non-random eligibility",4991,0,0,44.4181935981263
2894,13,0.502985734754451,0.524604552296114,"Complier",-5,46.8302796992361,41.8302796992361,"Failure: non-random eligibility",845,1,1,41.8302796992361
2895,15,-0.134410388837983,0.390403886443164,"Complier",-5,44.6618705353396,39.6618705353396,"Failure: non-random eligibility",3022,0,0,44.6618705353396
2896,11,-0.790798404677035,-1.13550372992857,"Never-taker",-3.5,34.3149443543648,30.8149443543648,"Failure: non-random eligibility",420,1,0,34.3149443543648
2897,14,0.521337587729767,-0.26527101984236,"Never-taker",-3.5,47.0710288635253,43.5710288635253,"Failure: non-random eligibility",4850,0,0,47.0710288635253
2898,11,-1.05791389542737,0.0405680993716962,"Never-taker",-3.5,39.7197765590671,36.2197765590671,"Failure: non-random eligibility",1523,1,0,39.7197765590671
2899,11,0.0933621304868679,1.85602669963465,"Always-taker",-2,42.5307590152609,40.5307590152609,"Failure: non-random eligibility",3105,0,1,40.5307590152609
2900,12,-0.278597562830178,-0.0399378797936849,"Never-taker",-3.5,43.9782001599155,40.4782001599155,"Failure: non-random eligibility",1937,1,0,43.9782001599155
2901,11,-1.16373570593177,0.146008735847062,"Complier",-5,43.136640496568,38.136640496568,"Failure: non-random eligibility",2556,0,0,43.136640496568
2902,16,2.12284837647509,0.951127398991601,"Complier",-5,53.9783284428433,48.9783284428433,"Failure: non-random eligibility",4926,0,0,53.9783284428433
2903,14,0.202860264984688,-1.01799531046261,"Never-taker",-3.5,42.6755969956413,39.1755969956413,"Failure: non-random eligibility",6,1,0,42.6755969956413
2904,13,-0.442514561012954,-0.057909148293313,"Never-taker",-3.5,44.7639972897521,41.2639972897521,"Failure: non-random eligibility",1848,1,0,44.7639972897521
2905,13,1.57433792410773,0.399865822568207,"Complier",-5,46.0388918296245,41.0388918296245,"Failure: non-random eligibility",3229,0,0,46.0388918296245
2906,9,-1.50510715315448,-0.0843076418958077,"Never-taker",-3.5,38.6776747474323,35.1776747474323,"Failure: non-random eligibility",1703,1,0,38.6776747474323
2907,12,-0.289411709096249,-0.0737467311463765,"Never-taker",-3.5,52.5145684119978,49.0145684119978,"Failure: non-random eligibility",947,1,0,52.5145684119978
2908,13,-0.0784472933466009,-0.415112376355938,"Never-taker",-3.5,53.6759939845886,50.1759939845886,"Failure: non-random eligibility",281,1,0,53.6759939845886
2909,13,0.615070482643405,0.766027118649891,"Complier",-5,46.3036036986202,41.3036036986202,"Failure: non-random eligibility",3100,0,0,46.3036036986202
2910,16,1.58977476478212,2.12763199289812,"Always-taker",-2,59.9498017441201,57.9498017441201,"Failure: non-random eligibility",4975,0,1,57.9498017441201
2911,9,-2.56680447244423,0.391276246129837,"Complier",-5,41.2266888628015,36.2266888628015,"Failure: non-random eligibility",2230,1,1,36.2266888628015
2912,17,1.1510521427729,0.118848259854736,"Never-taker",-3.5,62.0776337771467,58.5776337771467,"Failure: non-random eligibility",3834,0,0,62.0776337771467
2913,12,0.68412016070374,-0.937594067889776,"Never-taker",-3.5,46.3778449991241,42.8778449991241,"Failure: non-random eligibility",3580,0,0,46.3778449991241
2914,10,-1.12120178132447,0.171899764648746,"Complier",-5,45.6167162589933,40.6167162589933,"Failure: non-random eligibility",1417,1,1,40.6167162589933
2915,14,0.495203707622712,-1.69338745310292,"Never-taker",-3.5,46.3675456084246,42.8675456084246,"Failure: non-random eligibility",4369,0,0,46.3675456084246
2916,13,0.621848441516541,-0.12461282139827,"Never-taker",-3.5,49.8753557159879,46.3753557159879,"Failure: non-random eligibility",4815,0,0,49.8753557159879
2917,14,1.84697527477106,-0.666007632224816,"Never-taker",-3.5,56.8269630805457,53.3269630805457,"Failure: non-random eligibility",4946,0,0,56.8269630805457
2918,10,-0.596900434376241,-1.06364607427007,"Never-taker",-3.5,45.4035031986312,41.9035031986312,"Failure: non-random eligibility",308,1,0,45.4035031986312
2919,15,1.58446815521949,-0.951976426476138,"Never-taker",-3.5,48.426256085697,44.926256085697,"Failure: non-random eligibility",2531,0,0,48.426256085697
2920,11,-0.854678747798636,0.646985648000872,"Complier",-5,40.8341825761334,35.8341825761334,"Failure: non-random eligibility",3875,0,0,40.8341825761334
2921,13,1.95737275951956,-0.749418515728271,"Never-taker",-3.5,44.6906168495312,41.1906168495312,"Failure: non-random eligibility",4128,0,0,44.6906168495312
2922,12,-0.231852114427248,0.976003081931381,"Complier",-5,44.2857793475599,39.2857793475599,"Failure: non-random eligibility",2980,0,0,44.2857793475599
2923,12,-0.0834515664963502,1.04960294527764,"Complier",-5,49.4536597518904,44.4536597518904,"Failure: non-random eligibility",1274,1,1,44.4536597518904
2924,13,0.296079586316877,-0.953795745417834,"Never-taker",-3.5,43.6528578238869,40.1528578238869,"Failure: non-random eligibility",3624,0,0,43.6528578238869
2925,13,0.371508644602584,-0.80075381671484,"Never-taker",-3.5,44.2178749169956,40.7178749169956,"Failure: non-random eligibility",2952,0,0,44.2178749169956
2926,12,0.472862979754195,1.98577867965583,"Always-taker",-2,56.4359648824537,54.4359648824537,"Failure: non-random eligibility",1385,1,1,54.4359648824537
2927,14,1.21549312455205,2.40234442170247,"Always-taker",-2,53.5565121005337,51.5565121005337,"Failure: non-random eligibility",4210,0,1,51.5565121005337
2928,13,-0.649198559910329,0.116847052897463,"Never-taker",-3.5,47.5512760810739,44.0512760810739,"Failure: non-random eligibility",4372,0,0,47.5512760810739
2929,13,0.583651775348687,1.91159200860035,"Always-taker",-2,48.6629946070477,46.6629946070477,"Failure: non-random eligibility",3719,0,1,46.6629946070477
2930,14,0.571246244356109,-0.0835882776336427,"Never-taker",-3.5,43.1406616264604,39.6406616264604,"Failure: non-random eligibility",3460,0,0,43.1406616264604
2931,12,0.836970534771534,0.120475244714564,"Never-taker",-3.5,47.2797894491238,43.7797894491238,"Failure: non-random eligibility",2340,1,0,47.2797894491238
2932,12,0.228544214652624,0.932460658726261,"Complier",-5,44.927846452887,39.927846452887,"Failure: non-random eligibility",4830,0,0,44.927846452887
2933,13,0.761764625986507,-0.479800181866004,"Never-taker",-3.5,54.7955896617904,51.2955896617904,"Failure: non-random eligibility",2351,1,0,54.7955896617904
2934,16,2.24018529123224,0.706363642394187,"Complier",-5,55.8961491053366,50.8961491053366,"Failure: non-random eligibility",653,1,1,50.8961491053366
2935,12,-0.640753209421795,0.909763856652832,"Complier",-5,50.493833495096,45.493833495096,"Failure: non-random eligibility",2077,1,1,45.493833495096
2936,13,-0.00972252558711754,-0.217650908033049,"Never-taker",-3.5,46.1618922186776,42.6618922186776,"Failure: non-random eligibility",3083,0,0,46.1618922186776
2937,11,-1.04981528034309,0.227062593040911,"Complier",-5,47.6824140763874,42.6824140763874,"Failure: non-random eligibility",1119,1,1,42.6824140763874
2938,8,-1.28983405204366,-0.985981571761644,"Never-taker",-3.5,35.1836350665492,31.6836350665492,"Failure: non-random eligibility",2833,0,0,35.1836350665492
2939,12,-0.179550967163515,-0.0743817672131219,"Never-taker",-3.5,40.347382726293,36.847382726293,"Failure: non-random eligibility",1758,1,0,40.347382726293
2940,16,0.695795592688076,0.322292599802593,"Complier",-5,53.8500768245014,48.8500768245014,"Failure: non-random eligibility",4557,0,0,53.8500768245014
2941,12,-0.33054657196585,0.420277766233818,"Complier",-5,46.7379296837562,41.7379296837562,"Failure: non-random eligibility",3724,0,0,46.7379296837562
2942,12,-1.1851555869373,0.531328900997688,"Complier",-5,48.1511284016776,43.1511284016776,"Failure: non-random eligibility",4500,0,0,48.1511284016776
2943,15,0.715052068679189,0.24477509977042,"Complier",-5,56.3971210707676,51.3971210707676,"Failure: non-random eligibility",3298,0,0,56.3971210707676
2944,12,-1.53274353698091,0.385088488001942,"Complier",-5,40.9847846481502,35.9847846481502,"Failure: non-random eligibility",470,1,1,35.9847846481502
2945,12,-0.224781459905076,-0.897589600552258,"Never-taker",-3.5,43.4806618993217,39.9806618993217,"Failure: non-random eligibility",3372,0,0,43.4806618993217
2946,12,-0.885713206423296,-0.256422365860202,"Never-taker",-3.5,42.1027173051049,38.6027173051049,"Failure: non-random eligibility",2213,1,0,42.1027173051049
2947,12,-0.674740092399936,1.00646698126764,"Complier",-5,46.6055036631925,41.6055036631925,"Failure: non-random eligibility",874,1,1,41.6055036631925
2948,13,1.01240519287699,0.0185276760574272,"Never-taker",-3.5,39.9518239493427,36.4518239493427,"Failure: non-random eligibility",3219,0,0,39.9518239493427
2949,13,0.0928494271488834,-0.711610306955483,"Never-taker",-3.5,43.2851356088648,39.7851356088648,"Failure: non-random eligibility",4301,0,0,43.2851356088648
2950,12,0.252501451121228,-1.4488512538082,"Never-taker",-3.5,44.3339151929681,40.8339151929681,"Failure: non-random eligibility",3112,0,0,44.3339151929681
2951,11,-0.389320765542871,1.16062560635983,"Complier",-5,46.8796705016534,41.8796705016534,"Failure: non-random eligibility",133,1,1,41.8796705016534
2952,14,1.3332667652867,0.309691673104709,"Complier",-5,52.8838536705068,47.8838536705068,"Failure: non-random eligibility",4942,0,0,52.8838536705068
2953,11,-0.0267468251436919,1.47870399593413,"Always-taker",-2,45.0147614567946,43.0147614567946,"Failure: non-random eligibility",3092,0,1,43.0147614567946
2954,13,-0.253113207484218,0.210897525770907,"Complier",-5,46.9094457610805,41.9094457610805,"Failure: non-random eligibility",3279,0,0,46.9094457610805
2955,15,1.20559035807639,-0.0909424492787821,"Never-taker",-3.5,45.6688532544639,42.1688532544639,"Failure: non-random eligibility",1431,1,0,45.6688532544639
2956,12,-0.564253461226575,1.18333085374443,"Complier",-5,49.7678342314671,44.7678342314671,"Failure: non-random eligibility",563,1,1,44.7678342314671
2957,12,-0.67740399990392,-0.686877578973785,"Never-taker",-3.5,46.1709577503314,42.6709577503314,"Failure: non-random eligibility",2761,0,0,46.1709577503314
2958,11,0.145902131900797,-1.00985489533828,"Never-taker",-3.5,41.7679416753048,38.2679416753048,"Failure: non-random eligibility",2408,1,0,41.7679416753048
2959,11,-0.604061621139465,0.280758598305885,"Complier",-5,32.8012208633178,27.8012208633178,"Failure: non-random eligibility",459,1,1,27.8012208633178
2960,12,0.087061068222405,-0.0809609473274756,"Never-taker",-3.5,49.0522903982892,45.5522903982892,"Failure: non-random eligibility",4595,0,0,49.0522903982892
2961,10,-1.29045082583323,-1.85256516868461,"Never-taker",-3.5,41.1657640034759,37.6657640034759,"Failure: non-random eligibility",479,1,0,41.1657640034759
2962,11,0.127035789985083,-0.0109639742691122,"Never-taker",-3.5,46.5758052283102,43.0758052283102,"Failure: non-random eligibility",3301,0,0,46.5758052283102
2963,12,-0.155913621293043,0.368301259699251,"Complier",-5,46.7960992578446,41.7960992578446,"Failure: non-random eligibility",1984,1,1,41.7960992578446
2964,11,-2.10780658792036,0.16490644861293,"Complier",-5,45.4392002337855,40.4392002337855,"Failure: non-random eligibility",1190,1,1,40.4392002337855
2965,14,-0.0442636822515857,1.04566207907156,"Complier",-5,46.1799424772102,41.1799424772102,"Failure: non-random eligibility",4532,0,0,46.1799424772102
2966,15,1.81000090636753,0.197753525664505,"Complier",-5,51.2562349652066,46.2562349652066,"Failure: non-random eligibility",4597,0,0,51.2562349652066
2967,11,-0.521408343420191,-0.07146180075302,"Never-taker",-3.5,47.0014197722025,43.5014197722025,"Failure: non-random eligibility",834,1,0,47.0014197722025
2968,11,-0.85474010657447,0.800569375468091,"Complier",-5,38.8402485262343,33.8402485262343,"Failure: non-random eligibility",3502,0,0,38.8402485262343
2969,13,0.647878240676083,0.501091900638575,"Complier",-5,42.7149991218448,37.7149991218448,"Failure: non-random eligibility",1981,1,1,37.7149991218448
2970,13,0.336916394618135,-0.407204497357793,"Never-taker",-3.5,40.5991150322564,37.0991150322564,"Failure: non-random eligibility",4513,0,0,40.5991150322564
2971,13,0.380348687973939,0.76957915482708,"Complier",-5,48.4861744602982,43.4861744602982,"Failure: non-random eligibility",4918,0,0,48.4861744602982
2972,14,1.68404125278893,1.19621289503903,"Complier",-5,51.0794226300459,46.0794226300459,"Failure: non-random eligibility",389,1,1,46.0794226300459
2973,14,0.572748332877429,0.587992829710111,"Complier",-5,48.9773657335363,43.9773657335363,"Failure: non-random eligibility",1369,1,1,43.9773657335363
2974,11,-0.930644549484272,-0.415980731677594,"Never-taker",-3.5,42.4471440576562,38.9471440576562,"Failure: non-random eligibility",208,1,0,42.4471440576562
2975,12,-0.208088001490225,0.44273334800468,"Complier",-5,40.8417804310488,35.8417804310488,"Failure: non-random eligibility",2921,0,0,40.8417804310488
2976,12,0.205531143370191,2.28066840335705,"Always-taker",-2,57.7570199934094,55.7570199934094,"Failure: non-random eligibility",2030,1,1,55.7570199934094
2977,14,0.763244950626675,0.107214975790967,"Never-taker",-3.5,50.4402829225812,46.9402829225812,"Failure: non-random eligibility",2791,0,0,50.4402829225812
2978,11,0.549088883900144,-0.889870192976853,"Never-taker",-3.5,39.2782353972142,35.7782353972142,"Failure: non-random eligibility",524,1,0,39.2782353972142
2979,13,-0.324875913541614,-0.721386046643772,"Never-taker",-3.5,47.6962673938503,44.1962673938503,"Failure: non-random eligibility",100,1,0,47.6962673938503
2980,11,-1.15067291466408,0.789536174112098,"Complier",-5,40.9664463835761,35.9664463835761,"Failure: non-random eligibility",1614,1,1,35.9664463835761
2981,12,0.269626135964573,2.82285045202333,"Always-taker",-2,43.7225595563932,41.7225595563932,"Failure: non-random eligibility",3042,0,1,41.7225595563932
2982,10,-0.737575004393882,1.90809100165377,"Always-taker",-2,46.9524452520781,44.9524452520781,"Failure: non-random eligibility",2809,0,1,44.9524452520781
2983,10,-2.5559090285196,-0.426714937479643,"Never-taker",-3.5,42.3774316187955,38.8774316187955,"Failure: non-random eligibility",1623,1,0,42.3774316187955
2984,12,0.466813792129003,-0.247247839306604,"Never-taker",-3.5,44.3733455575322,40.8733455575322,"Failure: non-random eligibility",1601,1,0,44.3733455575322
2985,12,0.894982899224569,-0.195750825262817,"Never-taker",-3.5,45.0016811648765,41.5016811648765,"Failure: non-random eligibility",2706,0,0,45.0016811648765
2986,12,0.265063344878053,-1.63450426869192,"Never-taker",-3.5,42.2119349214598,38.7119349214598,"Failure: non-random eligibility",3264,0,0,42.2119349214598
2987,12,-0.969015176971699,1.80848880323073,"Always-taker",-2,42.3048976699568,40.3048976699568,"Failure: non-random eligibility",1652,1,1,40.3048976699568
2988,14,1.28784532733952,1.76445073985377,"Always-taker",-2,60.2693750105144,58.2693750105144,"Failure: non-random eligibility",2210,1,1,58.2693750105144
2989,12,-0.730311653461274,0.380747223768553,"Complier",-5,41.3815085722355,36.3815085722355,"Failure: non-random eligibility",760,1,1,36.3815085722355
2990,11,0.0514123059592769,0.877790696513101,"Complier",-5,37.9048755339391,32.9048755339391,"Failure: non-random eligibility",4071,0,0,37.9048755339391
2991,15,1.17899541300259,0.969658867513156,"Complier",-5,51.5084881851512,46.5084881851512,"Failure: non-random eligibility",4411,0,0,51.5084881851512
2992,11,0.831838481313727,0.194170139378647,"Complier",-5,41.431711952614,36.431711952614,"Failure: non-random eligibility",4731,0,0,41.431711952614
2993,14,0.962162582497392,0.0842049594381152,"Never-taker",-3.5,45.8749104167171,42.3749104167171,"Failure: non-random eligibility",584,1,0,45.8749104167171
2994,12,0.320141974905424,-0.385673170241791,"Never-taker",-3.5,45.8502011562867,42.3502011562867,"Failure: non-random eligibility",3803,0,0,45.8502011562867
2995,11,-1.14835819870535,0.124978016198419,"Never-taker",-3.5,42.7630593868023,39.2630593868023,"Failure: non-random eligibility",634,1,0,42.7630593868023
2996,13,0.114912723630737,-0.251582103027966,"Never-taker",-3.5,45.4310908192736,41.9310908192736,"Failure: non-random eligibility",2109,1,0,45.4310908192736
2997,13,0.422650620378789,-0.507268601151004,"Never-taker",-3.5,39.9691519966888,36.4691519966888,"Failure: non-random eligibility",1216,1,0,39.9691519966888
2998,15,0.847644262365276,1.81027543800094,"Always-taker",-2,52.6091457511284,50.6091457511284,"Failure: non-random eligibility",4382,0,1,50.6091457511284
2999,15,0.469114010238162,0.202084914296836,"Complier",-5,53.045439392177,48.045439392177,"Failure: non-random eligibility",615,1,1,48.045439392177
3000,13,0.540998644302658,0.886417968222641,"Complier",-5,51.110422747087,46.110422747087,"Failure: non-random eligibility",929,1,1,46.110422747087
3001,16,1.40707773631719,0.883031253556272,"Complier",-5,50.9111031534861,45.9111031534861,"Failure: non-random eligibility",4340,0,0,50.9111031534861
3002,12,-1.20230168631617,-1.17036199239265,"Never-taker",-3.5,40.0024479124115,36.5024479124115,"Failure: non-random eligibility",2388,1,0,40.0024479124115
3003,11,0.177669352011694,-1.40241900746849,"Never-taker",-3.5,36.6332032597931,33.1332032597931,"Failure: non-random eligibility",306,1,0,36.6332032597931
3004,9,-1.42779807736702,1.01245949958914,"Complier",-5,37.5767989535007,32.5767989535007,"Failure: non-random eligibility",429,1,1,32.5767989535007
3005,13,-1.01433241272,-0.17548838915812,"Never-taker",-3.5,47.8143183433327,44.3143183433327,"Failure: non-random eligibility",312,1,0,47.8143183433327
3006,15,-0.109933628039012,1.1246899521026,"Complier",-5,48.1130636637499,43.1130636637499,"Failure: non-random eligibility",3965,0,0,48.1130636637499
3007,15,0.529924152552117,0.321216531356414,"Complier",-5,56.3901461493348,51.3901461493348,"Failure: non-random eligibility",4135,0,0,56.3901461493348
3008,13,0.255520964151227,0.781565943833168,"Complier",-5,52.848530046132,47.848530046132,"Failure: non-random eligibility",1993,1,1,47.848530046132
3009,13,0.242786617012344,-1.11386069814369,"Never-taker",-3.5,40.5564588481908,37.0564588481908,"Failure: non-random eligibility",1278,1,0,40.5564588481908
3010,15,1.70249001252569,2.82983144128226,"Always-taker",-2,51.1040011348884,49.1040011348884,"Failure: non-random eligibility",3791,0,1,49.1040011348884
3011,10,-0.993139056263954,2.30824213591596,"Always-taker",-2,45.4690408073738,43.4690408073738,"Failure: non-random eligibility",1039,1,1,43.4690408073738
3012,14,1.41990836654681,-0.341161968777398,"Never-taker",-3.5,49.0358093369623,45.5358093369623,"Failure: non-random eligibility",2162,1,0,49.0358093369623
3013,15,-0.0740407814241111,0.79242845835053,"Complier",-5,58.6370530390185,53.6370530390185,"Failure: non-random eligibility",4563,0,0,58.6370530390185
3014,14,1.7287203382754,0.311446791205089,"Complier",-5,50.384073611426,45.384073611426,"Failure: non-random eligibility",4720,0,0,50.384073611426
3015,11,-1.58653899383775,-0.978800168218964,"Never-taker",-3.5,37.9123628602549,34.4123628602549,"Failure: non-random eligibility",1724,1,0,37.9123628602549
3016,13,0.0521633252843565,0.23218884947425,"Complier",-5,42.3308522634713,37.3308522634713,"Failure: non-random eligibility",3469,0,0,42.3308522634713
3017,11,-0.411181871414437,0.482256618532331,"Complier",-5,33.6854040368072,28.6854040368072,"Failure: non-random eligibility",620,1,1,28.6854040368072
3018,13,0.411888854761156,2.1440376224237,"Always-taker",-2,52.0218174397669,50.0218174397669,"Failure: non-random eligibility",1570,1,1,50.0218174397669
3019,11,-0.488152268247635,-0.542722225157898,"Never-taker",-3.5,44.2623423951793,40.7623423951793,"Failure: non-random eligibility",3287,0,0,44.2623423951793
3020,12,-1.67821824540595,-0.445828747893554,"Never-taker",-3.5,44.8529505863098,41.3529505863098,"Failure: non-random eligibility",2441,1,0,44.8529505863098
3021,14,0.907533723637404,0.378143500016262,"Complier",-5,47.3695691485852,42.3695691485852,"Failure: non-random eligibility",4252,0,0,47.3695691485852
3022,12,-1.12550910520328,1.00324541933719,"Complier",-5,51.8319667697249,46.8319667697249,"Failure: non-random eligibility",315,1,1,46.8319667697249
3023,14,-0.00535636693546956,-0.756926526656749,"Never-taker",-3.5,42.4372965360692,38.9372965360692,"Failure: non-random eligibility",1777,1,0,42.4372965360692
3024,14,0.242898805342127,0.935783039180236,"Complier",-5,44.0682590561223,39.0682590561223,"Failure: non-random eligibility",3076,0,0,44.0682590561223
3025,10,-0.618546314778905,-0.0858282200659617,"Never-taker",-3.5,41.1343778420993,37.6343778420993,"Failure: non-random eligibility",343,1,0,41.1343778420993
3026,12,-0.829781833809876,-0.222067104938945,"Never-taker",-3.5,41.5208581561634,38.0208581561634,"Failure: non-random eligibility",489,1,0,41.5208581561634
3027,14,-0.0156544145447412,-0.843442538253523,"Never-taker",-3.5,45.1538109361651,41.6538109361651,"Failure: non-random eligibility",1470,1,0,45.1538109361651
3028,12,0.415813334324884,0.0321250152249346,"Never-taker",-3.5,51.2864917387167,47.7864917387167,"Failure: non-random eligibility",3670,0,0,51.2864917387167
3029,13,0.233050624996459,1.88591071877139,"Always-taker",-2,55.5928014242838,53.5928014242838,"Failure: non-random eligibility",3601,0,1,53.5928014242838
3030,12,-0.162908192470179,0.740464671511976,"Complier",-5,51.2339246174877,46.2339246174877,"Failure: non-random eligibility",4856,0,0,51.2339246174877
3031,10,-1.62467629676473,0.608348428752173,"Complier",-5,36.6636194300486,31.6636194300486,"Failure: non-random eligibility",403,1,1,31.6636194300486
3032,14,0.374220480639268,0.500675577608952,"Complier",-5,51.7708571771372,46.7708571771372,"Failure: non-random eligibility",1295,1,1,46.7708571771372
3033,13,-0.45218441898249,0.343082490141905,"Complier",-5,36.8422368851335,31.8422368851335,"Failure: non-random eligibility",1266,1,1,31.8422368851335
3034,12,0.191324622410027,0.883523405217728,"Complier",-5,52.3922026790196,47.3922026790196,"Failure: non-random eligibility",3770,0,0,52.3922026790196
3035,14,-0.0286495431739619,-0.385624004989417,"Never-taker",-3.5,53.117837962891,49.617837962891,"Failure: non-random eligibility",1286,1,0,53.117837962891
3036,16,1.98051384810515,0.905523376882922,"Complier",-5,51.7095204630622,46.7095204630622,"Failure: non-random eligibility",2547,0,0,51.7095204630622
3037,10,-0.773783888518558,-1.56515392327051,"Never-taker",-3.5,30.4446267491681,26.9446267491681,"Failure: non-random eligibility",56,1,0,30.4446267491681
3038,12,-1.0846045335034,0.812577997457487,"Complier",-5,38.8606107617088,33.8606107617088,"Failure: non-random eligibility",4740,0,0,38.8606107617088
3039,11,-0.0925383056492068,1.0711874261081,"Complier",-5,45.7636287441064,40.7636287441064,"Failure: non-random eligibility",3755,0,0,45.7636287441064
3040,15,1.36998036318961,-0.807560042201632,"Never-taker",-3.5,48.0588687119937,44.5588687119937,"Failure: non-random eligibility",4035,0,0,48.0588687119937
3041,13,1.30693986548171,-0.436077080304356,"Never-taker",-3.5,43.485800186862,39.985800186862,"Failure: non-random eligibility",1499,1,0,43.485800186862
3042,11,-0.000251424633526834,0.218284372639095,"Complier",-5,41.9905099290876,36.9905099290876,"Failure: non-random eligibility",2498,1,1,36.9905099290876
3043,17,2.16444570918331,1.41601137438182,"Always-taker",-2,54.2547493133514,52.2547493133514,"Failure: non-random eligibility",4971,0,1,52.2547493133514
3044,11,0.108540277533913,-1.35001514652679,"Never-taker",-3.5,43.4055817826191,39.9055817826191,"Failure: non-random eligibility",471,1,0,43.4055817826191
3045,11,-2.06237254508618,0.540939004024687,"Complier",-5,36.5316319718769,31.5316319718769,"Failure: non-random eligibility",2228,1,1,31.5316319718769
3046,13,1.2209529417005,0.73131966044551,"Complier",-5,51.2790928940583,46.2790928940583,"Failure: non-random eligibility",2708,0,0,51.2790928940583
3047,13,0.268762360081753,0.217995293230323,"Complier",-5,43.2719284644691,38.2719284644691,"Failure: non-random eligibility",2017,1,1,38.2719284644691
3048,11,-0.867851144679349,1.7670041531962,"Always-taker",-2,42.9140695932968,40.9140695932968,"Failure: non-random eligibility",757,1,1,40.9140695932968
3049,11,0.137631441092886,0.462965309895293,"Complier",-5,49.411076630072,44.411076630072,"Failure: non-random eligibility",2838,0,0,49.411076630072
3050,15,1.9714243285231,-1.65755515393688,"Never-taker",-3.5,45.526805192704,42.026805192704,"Failure: non-random eligibility",3912,0,0,45.526805192704
3051,11,-0.454240244711893,0.714272831637186,"Complier",-5,42.0260428798427,37.0260428798427,"Failure: non-random eligibility",898,1,1,37.0260428798427
3052,10,-1.17903996940135,-0.315239172607097,"Never-taker",-3.5,43.5602710806019,40.0602710806019,"Failure: non-random eligibility",3043,0,0,43.5602710806019
3053,15,1.83633801722941,0.142930759495477,"Complier",-5,48.9023434952019,43.9023434952019,"Failure: non-random eligibility",4890,0,0,48.9023434952019
3054,11,-1.45098033616747,0.13543457916009,"Complier",-5,36.4120563171624,31.4120563171624,"Failure: non-random eligibility",3850,0,0,36.4120563171624
3055,12,-0.00956050885310966,1.55324048530631,"Always-taker",-2,47.3298166949155,45.3298166949155,"Failure: non-random eligibility",1033,1,1,45.3298166949155
3056,10,-1.18607680877761,0.17497551383278,"Complier",-5,42.0748350226022,37.0748350226022,"Failure: non-random eligibility",3824,0,0,42.0748350226022
3057,11,-0.874547930401623,-1.24397543219982,"Never-taker",-3.5,39.1346166168914,35.6346166168914,"Failure: non-random eligibility",992,1,0,39.1346166168914
3058,13,-0.938980874321245,-0.177302214708082,"Never-taker",-3.5,44.0024403521704,40.5024403521704,"Failure: non-random eligibility",4032,0,0,44.0024403521704
3059,14,1.56060631220278,-0.788777474586479,"Never-taker",-3.5,57.727585958355,54.227585958355,"Failure: non-random eligibility",4134,0,0,57.727585958355
3060,17,1.40190591773287,0.575723205770626,"Complier",-5,52.2514181120596,47.2514181120596,"Failure: non-random eligibility",4082,0,0,52.2514181120596
3061,12,-0.763207763517517,-0.59577823192152,"Never-taker",-3.5,50.7321484126947,47.2321484126947,"Failure: non-random eligibility",2323,1,0,50.7321484126947
3062,14,1.47317200864844,1.17348364006032,"Complier",-5,47.9344075278104,42.9344075278104,"Failure: non-random eligibility",4869,0,0,47.9344075278104
3063,13,-0.470669685834362,2.00805376319915,"Always-taker",-2,47.1560389653018,45.1560389653018,"Failure: non-random eligibility",4525,0,1,45.1560389653018
3064,11,-1.35281071549557,-1.63160045759046,"Never-taker",-3.5,33.0949877591088,29.5949877591088,"Failure: non-random eligibility",1098,1,0,33.0949877591088
3065,14,1.451804422039,0.551552832498474,"Complier",-5,50.3748041768166,45.3748041768166,"Failure: non-random eligibility",2976,0,0,50.3748041768166
3066,14,0.125650302624742,0.553529771479354,"Complier",-5,43.3706533126385,38.3706533126385,"Failure: non-random eligibility",1485,1,1,38.3706533126385
3067,13,-0.596899955232758,0.902842739060952,"Complier",-5,43.1871183164616,38.1871183164616,"Failure: non-random eligibility",678,1,1,38.1871183164616
3068,14,1.30836333068233,-0.239709930464576,"Never-taker",-3.5,51.3597900952806,47.8597900952806,"Failure: non-random eligibility",2915,0,0,51.3597900952806
3069,9,-0.549763822453904,0.181699233125471,"Complier",-5,35.4707605592158,30.4707605592158,"Failure: non-random eligibility",659,1,1,30.4707605592158
3070,13,0.285387211333227,-0.447243577102348,"Never-taker",-3.5,50.2069995976827,46.7069995976827,"Failure: non-random eligibility",3421,0,0,50.2069995976827
3071,12,1.27989712695376,-1.29001649729476,"Never-taker",-3.5,40.6280390109308,37.1280390109308,"Failure: non-random eligibility",3739,0,0,40.6280390109308
3072,15,1.55507335305893,-1.13395966772278,"Never-taker",-3.5,51.4631135204607,47.9631135204607,"Failure: non-random eligibility",3404,0,0,51.4631135204607
3073,14,0.282086044282098,-1.26716408018033,"Never-taker",-3.5,45.9210692192321,42.4210692192321,"Failure: non-random eligibility",3329,0,0,45.9210692192321
3074,12,-0.623415595345288,1.65011814353244,"Always-taker",-2,44.1543492179658,42.1543492179658,"Failure: non-random eligibility",2766,0,1,42.1543492179658
3075,12,0.290226428501314,-0.429467609000618,"Never-taker",-3.5,41.8716902922895,38.3716902922895,"Failure: non-random eligibility",2174,1,0,41.8716902922895
3076,13,0.267768004895247,1.8078954573817,"Always-taker",-2,47.1989111159306,45.1989111159306,"Failure: non-random eligibility",3716,0,1,45.1989111159306
3077,14,1.47662396694346,0.895509384685336,"Complier",-5,47.9701068963006,42.9701068963006,"Failure: non-random eligibility",3166,0,0,47.9701068963006
3078,11,-0.550984362488465,-0.806179823597323,"Never-taker",-3.5,45.2718716885894,41.7718716885894,"Failure: non-random eligibility",3208,0,0,45.2718716885894
3079,15,1.9948417109088,-0.326448419624052,"Never-taker",-3.5,54.9709417755008,51.4709417755008,"Failure: non-random eligibility",2939,0,0,54.9709417755008
3080,9,-1.31184431789952,0.641493442764677,"Complier",-5,42.450277673747,37.450277673747,"Failure: non-random eligibility",516,1,1,37.450277673747
3081,15,0.74630421567176,-2.10687715731694,"Never-taker",-3.5,44.2370828547081,40.7370828547081,"Failure: non-random eligibility",903,1,0,44.2370828547081
3082,12,-1.34621936638668,-0.505752933740424,"Never-taker",-3.5,38.4297556138306,34.9297556138306,"Failure: non-random eligibility",2505,0,0,38.4297556138306
3083,14,0.441378014172939,1.15035644549924,"Complier",-5,45.0881554571208,40.0881554571208,"Failure: non-random eligibility",2506,0,0,45.0881554571208
3084,10,-0.0843849482212667,0.548817229593404,"Complier",-5,48.8998725449294,43.8998725449294,"Failure: non-random eligibility",2178,1,1,43.8998725449294
3085,14,1.0067482714976,-0.338606531100899,"Never-taker",-3.5,46.7748079251148,43.2748079251148,"Failure: non-random eligibility",2148,1,0,46.7748079251148
3086,14,1.11599144787754,1.59906371706837,"Always-taker",-2,50.901796995851,48.901796995851,"Failure: non-random eligibility",2582,0,1,48.901796995851
3087,12,0.0317144086329287,0.981442028733405,"Complier",-5,45.9369831043823,40.9369831043823,"Failure: non-random eligibility",3574,0,0,45.9369831043823
3088,14,2.63758489578442,1.32166347407949,"Always-taker",-2,57.1751123633279,55.1751123633279,"Failure: non-random eligibility",4790,0,1,55.1751123633279
3089,11,-0.619559168494066,-0.740556841605931,"Never-taker",-3.5,45.6627130352225,42.1627130352225,"Failure: non-random eligibility",2381,1,0,45.6627130352225
3090,12,0.47678871667615,0.0323682921250954,"Never-taker",-3.5,43.6065349652082,40.1065349652082,"Failure: non-random eligibility",2343,1,0,43.6065349652082
3091,15,0.171334000456136,1.23439254041188,"Complier",-5,44.9217557942794,39.9217557942794,"Failure: non-random eligibility",801,1,1,39.9217557942794
3092,11,-0.225593953016004,-0.420867146662253,"Never-taker",-3.5,44.5906826096941,41.0906826096941,"Failure: non-random eligibility",4829,0,0,44.5906826096941
3093,10,-0.681479162909596,-0.280364860429785,"Never-taker",-3.5,45.3741834687409,41.8741834687409,"Failure: non-random eligibility",2856,0,0,45.3741834687409
3094,13,0.229081525027278,-0.501973181610951,"Never-taker",-3.5,55.3217614133763,51.8217614133763,"Failure: non-random eligibility",538,1,0,55.3217614133763
3095,15,0.740749706054418,-1.03216940699334,"Never-taker",-3.5,49.311925281365,45.811925281365,"Failure: non-random eligibility",4917,0,0,49.311925281365
3096,11,-1.20438384606579,-0.416876155451354,"Never-taker",-3.5,34.7231374267609,31.2231374267609,"Failure: non-random eligibility",877,1,0,34.7231374267609
3097,15,0.897303482688342,1.71311973367675,"Always-taker",-2,56.9278753806271,54.9278753806271,"Failure: non-random eligibility",4371,0,1,54.9278753806271
3098,14,1.11639375421331,0.666693682452773,"Complier",-5,40.6713761402854,35.6713761402854,"Failure: non-random eligibility",4711,0,0,40.6713761402854
3099,15,0.925093022009091,-0.0883066745390469,"Never-taker",-3.5,51.4408350517717,47.9408350517717,"Failure: non-random eligibility",4408,0,0,51.4408350517717
3100,11,-0.104351843480667,-0.597292895212993,"Never-taker",-3.5,45.2021978716016,41.7021978716016,"Failure: non-random eligibility",393,1,0,45.2021978716016
3101,13,0.69727608152972,1.67465989042885,"Always-taker",-2,46.2680804325863,44.2680804325863,"Failure: non-random eligibility",4930,0,1,44.2680804325863
3102,13,-0.0693767058002999,-0.700977382172688,"Never-taker",-3.5,41.1407844109619,37.6407844109619,"Failure: non-random eligibility",1179,1,0,41.1407844109619
3103,15,2.03867228569732,-0.874490895207024,"Never-taker",-3.5,52.9699765303453,49.4699765303453,"Failure: non-random eligibility",3664,0,0,52.9699765303453
3104,11,-0.670343861168387,1.56117550234829,"Always-taker",-2,41.47607078811,39.47607078811,"Failure: non-random eligibility",2487,1,1,39.47607078811
3105,12,-0.325611680230294,-0.596248243860023,"Never-taker",-3.5,47.2598353341334,43.7598353341334,"Failure: non-random eligibility",1955,1,0,47.2598353341334
3106,12,-0.671345522193933,-0.0729560395868991,"Never-taker",-3.5,41.534834693629,38.034834693629,"Failure: non-random eligibility",421,1,0,41.534834693629
3107,13,0.408091570352308,0.00560839170355336,"Never-taker",-3.5,40.0647060890735,36.5647060890735,"Failure: non-random eligibility",4065,0,0,40.0647060890735
3108,13,1.50562431938488,-0.405079597716271,"Never-taker",-3.5,51.4644798984414,47.9644798984414,"Failure: non-random eligibility",1779,1,0,51.4644798984414
3109,12,-0.607685538099107,-0.714166804590812,"Never-taker",-3.5,44.7389297375141,41.2389297375141,"Failure: non-random eligibility",2854,0,0,44.7389297375141
3110,11,-0.613048111578057,-0.960240030621081,"Never-taker",-3.5,42.2087161356779,38.7087161356779,"Failure: non-random eligibility",1154,1,0,42.2087161356779
3111,11,-0.410879744462989,0.740920205072602,"Complier",-5,35.6295954187887,30.6295954187887,"Failure: non-random eligibility",2712,0,0,35.6295954187887
3112,11,0.359638492975481,-0.164801272403106,"Never-taker",-3.5,40.4987449397518,36.9987449397518,"Failure: non-random eligibility",841,1,0,40.4987449397518
3113,13,0.552121079611595,0.228376708604618,"Complier",-5,44.1643667631503,39.1643667631503,"Failure: non-random eligibility",2196,1,1,39.1643667631503
3114,13,-0.019880836760294,0.0459991174626317,"Never-taker",-3.5,40.2820565771964,36.7820565771964,"Failure: non-random eligibility",785,1,0,40.2820565771964
3115,9,-1.69802351376164,-0.391651108525001,"Never-taker",-3.5,33.8789843079232,30.3789843079232,"Failure: non-random eligibility",1863,1,0,33.8789843079232
3116,12,-1.62483700988712,2.14723316110141,"Always-taker",-2,50.3585249492225,48.3585249492225,"Failure: non-random eligibility",1726,1,1,48.3585249492225
3117,13,0.885973060835796,0.105974647550609,"Never-taker",-3.5,45.3081934275404,41.8081934275404,"Failure: non-random eligibility",4870,0,0,45.3081934275404
3118,16,2.14522261648338,0.690742744089839,"Complier",-5,56.7348472238023,51.7348472238023,"Failure: non-random eligibility",4468,0,0,56.7348472238023
3119,14,1.63898971518353,1.0148317985775,"Complier",-5,59.703755071025,54.703755071025,"Failure: non-random eligibility",1328,1,1,54.703755071025
3120,11,-0.776015104597382,0.521403713300863,"Complier",-5,46.36787270504,41.36787270504,"Failure: non-random eligibility",22,1,1,41.36787270504
3121,10,-0.454920255345763,-0.00737139391697115,"Never-taker",-3.5,42.3083781822764,38.8083781822764,"Failure: non-random eligibility",4397,0,0,42.3083781822764
3122,15,0.223194900875601,-0.0493538653532459,"Never-taker",-3.5,56.2644007188474,52.7644007188474,"Failure: non-random eligibility",3312,0,0,56.2644007188474
3123,13,1.2992131731634,0.346323959664122,"Complier",-5,52.3857724005107,47.3857724005107,"Failure: non-random eligibility",4217,0,0,52.3857724005107
3124,12,1.12663913530832,0.167795554750552,"Complier",-5,52.1103850980628,47.1103850980628,"Failure: non-random eligibility",4221,0,0,52.1103850980628
3125,13,-0.271434575786301,1.51932313875668,"Always-taker",-2,49.5626846555238,47.5626846555238,"Failure: non-random eligibility",2075,1,1,47.5626846555238
3126,11,0.0221448269144489,0.134652139905237,"Complier",-5,42.4313280366401,37.4313280366401,"Failure: non-random eligibility",2695,0,0,42.4313280366401
3127,12,-0.572776936967983,0.761108177163891,"Complier",-5,45.8214471146041,40.8214471146041,"Failure: non-random eligibility",2599,0,0,45.8214471146041
3128,14,0.819538771258383,-0.940809136859016,"Never-taker",-3.5,44.1788806555176,40.6788806555176,"Failure: non-random eligibility",2520,0,0,44.1788806555176
3129,12,0.544376314018383,-1.74338963155393,"Never-taker",-3.5,44.7074767346116,41.2074767346116,"Failure: non-random eligibility",2028,1,0,44.7074767346116
3130,15,1.14887283639325,-0.7535452996395,"Never-taker",-3.5,52.8050814735559,49.3050814735559,"Failure: non-random eligibility",2145,1,0,52.8050814735559
3131,12,0.269582835735049,0.969554089432311,"Complier",-5,45.8238759402225,40.8238759402225,"Failure: non-random eligibility",1594,1,1,40.8238759402225
3132,11,0.13528034169761,0.645256301762322,"Complier",-5,44.1878051473823,39.1878051473823,"Failure: non-random eligibility",682,1,1,39.1878051473823
3133,12,-0.708139219934288,-0.232279202813952,"Never-taker",-3.5,44.8413202195332,41.3413202195332,"Failure: non-random eligibility",4107,0,0,44.8413202195332
3134,13,-0.318686666996364,1.60168328648942,"Always-taker",-2,42.5697249853107,40.5697249853107,"Failure: non-random eligibility",3916,0,1,40.5697249853107
3135,12,-0.794135485173795,-0.288061564595546,"Never-taker",-3.5,42.3293460535085,38.8293460535085,"Failure: non-random eligibility",3899,0,0,42.3293460535085
3136,10,-1.52379267325503,2.34775776714758,"Always-taker",-2,46.1226732748688,44.1226732748688,"Failure: non-random eligibility",3720,0,1,44.1226732748688
3137,16,0.900016748640912,-0.31865678672042,"Never-taker",-3.5,48.7366990668275,45.2366990668275,"Failure: non-random eligibility",1609,1,0,48.7366990668275
3138,14,1.43833557885338,0.955676290653273,"Complier",-5,60.7629270390978,55.7629270390978,"Failure: non-random eligibility",1944,1,1,55.7629270390978
3139,10,-1.31726400749163,-1.3572286698225,"Never-taker",-3.5,35.4994018053177,31.9994018053177,"Failure: non-random eligibility",417,1,0,35.4994018053177
3140,13,-0.127328155557003,-0.524755138460372,"Never-taker",-3.5,40.5564693091811,37.0564693091811,"Failure: non-random eligibility",3621,0,0,40.5564693091811
3141,10,0.070215739332284,1.94903018287573,"Always-taker",-2,46.2978840805069,44.2978840805069,"Failure: non-random eligibility",1207,1,1,44.2978840805069
3142,13,0.643859753757707,-0.687344935530852,"Never-taker",-3.5,49.2734979494184,45.7734979494184,"Failure: non-random eligibility",4389,0,0,49.2734979494184
3143,9,-1.53289278295727,-2.31069581557423,"Never-taker",-3.5,27.4691829303774,23.9691829303774,"Failure: non-random eligibility",1103,1,0,27.4691829303774
3144,8,-1.13867353949685,0.0362478934125856,"Never-taker",-3.5,36.4038607289381,32.9038607289381,"Failure: non-random eligibility",3281,0,0,36.4038607289381
3145,11,0.0719391670173217,0.647437397928472,"Complier",-5,41.6906263996962,36.6906263996962,"Failure: non-random eligibility",1736,1,1,36.6906263996962
3146,12,0.684652355130686,0.142967667226401,"Complier",-5,45.4095471015355,40.4095471015355,"Failure: non-random eligibility",4276,0,0,45.4095471015355
3147,11,-0.247064366638442,0.536307108272518,"Complier",-5,48.6947374573706,43.6947374573706,"Failure: non-random eligibility",1408,1,1,43.6947374573706
3148,10,-1.15237080231777,1.03662741887611,"Complier",-5,38.1420141685835,33.1420141685835,"Failure: non-random eligibility",832,1,1,33.1420141685835
3149,14,0.549175081095026,-0.683261404165177,"Never-taker",-3.5,49.1843863766044,45.6843863766044,"Failure: non-random eligibility",4604,0,0,49.1843863766044
3150,12,-0.729686471355527,-0.811247328229239,"Never-taker",-3.5,45.5496249578025,42.0496249578025,"Failure: non-random eligibility",931,1,0,45.5496249578025
3151,13,0.436604908355169,-1.27408225786606,"Never-taker",-3.5,40.3784858755222,36.8784858755222,"Failure: non-random eligibility",1105,1,0,40.3784858755222
3152,13,-0.183177314783053,-2.75646613968221,"Never-taker",-3.5,35.2283423439852,31.7283423439852,"Failure: non-random eligibility",2850,0,0,35.2283423439852
3153,14,-0.249857589945467,-0.703625778986498,"Never-taker",-3.5,46.5923850553292,43.0923850553292,"Failure: non-random eligibility",350,1,0,46.5923850553292
3154,11,-0.1821613692487,0.738303020675072,"Complier",-5,39.1732537190817,34.1732537190817,"Failure: non-random eligibility",2724,0,0,39.1732537190817
3155,13,0.661253838786802,-0.129081464247615,"Never-taker",-3.5,48.9827185872075,45.4827185872075,"Failure: non-random eligibility",2849,0,0,48.9827185872075
3156,13,0.0448587669851351,-1.27480203166587,"Never-taker",-3.5,44.121262614499,40.621262614499,"Failure: non-random eligibility",1022,1,0,44.121262614499
3157,13,0.217482686550954,0.278432799970293,"Complier",-5,52.202956944232,47.202956944232,"Failure: non-random eligibility",3628,0,0,52.202956944232
3158,14,0.403147338333524,1.11303655353236,"Complier",-5,51.2848206927664,46.2848206927664,"Failure: non-random eligibility",1618,1,1,46.2848206927664
3159,14,0.136036401222107,1.92615768228883,"Always-taker",-2,55.0844806339201,53.0844806339201,"Failure: non-random eligibility",997,1,1,53.0844806339201
3160,13,1.10405977119972,0.540195441588129,"Complier",-5,56.4662233629763,51.4662233629763,"Failure: non-random eligibility",4746,0,0,56.4662233629763
3161,14,0.221629919977901,-0.276439378596382,"Never-taker",-3.5,45.7235149312664,42.2235149312664,"Failure: non-random eligibility",2619,0,0,45.7235149312664
3162,11,-0.623354856181983,0.60127766825621,"Complier",-5,44.6759561765036,39.6759561765036,"Failure: non-random eligibility",4474,0,0,44.6759561765036
3163,15,1.03429986996763,0.71919534240321,"Complier",-5,52.3273964428184,47.3273964428184,"Failure: non-random eligibility",2519,0,0,52.3273964428184
3164,10,-0.204867336037063,0.516863164960525,"Complier",-5,44.6975123900931,39.6975123900931,"Failure: non-random eligibility",3796,0,0,44.6975123900931
3165,13,0.0922989918282153,-0.108824428710348,"Never-taker",-3.5,44.9689842633558,41.4689842633558,"Failure: non-random eligibility",3723,0,0,44.9689842633558
3166,11,-2.26608012447198,0.559201999686799,"Complier",-5,46.6208641755189,41.6208641755189,"Failure: non-random eligibility",3000,0,0,46.6208641755189
3167,16,1.78524077992479,0.178991317212087,"Complier",-5,48.0138609626817,43.0138609626817,"Failure: non-random eligibility",3794,0,0,48.0138609626817
3168,12,-0.409186029673408,-0.901880087165316,"Never-taker",-3.5,45.9487270719038,42.4487270719038,"Failure: non-random eligibility",2155,1,0,45.9487270719038
3169,11,-0.657698247543352,0.495225727380301,"Complier",-5,40.6069112160332,35.6069112160332,"Failure: non-random eligibility",4577,0,0,40.6069112160332
3170,16,1.45341914784966,1.34143876491436,"Always-taker",-2,51.5148173306602,49.5148173306602,"Failure: non-random eligibility",4719,0,1,49.5148173306602
3171,11,-0.98484737336622,0.750678327446377,"Complier",-5,43.4875256827715,38.4875256827715,"Failure: non-random eligibility",2290,1,1,38.4875256827715
3172,11,-1.31594831289948,-0.176838356597564,"Never-taker",-3.5,40.7345791486626,37.2345791486626,"Failure: non-random eligibility",2099,1,0,40.7345791486626
3173,9,-2.19728560938818,-0.754237999656013,"Never-taker",-3.5,36.1633118097374,32.6633118097374,"Failure: non-random eligibility",78,1,0,36.1633118097374
3174,13,-0.368695175354748,0.946806760321761,"Complier",-5,38.1898988450731,33.1898988450731,"Failure: non-random eligibility",2110,1,1,33.1898988450731
3175,15,0.455596491074795,-0.187156214544107,"Never-taker",-3.5,43.9785577728768,40.4785577728768,"Failure: non-random eligibility",2631,0,0,43.9785577728768
3176,12,0.707243243161554,-0.127305915701533,"Never-taker",-3.5,46.5110072976041,43.0110072976041,"Failure: non-random eligibility",2778,0,0,46.5110072976041
3177,12,-0.561877292121044,0.583778610722018,"Complier",-5,48.7791531063874,43.7791531063874,"Failure: non-random eligibility",4540,0,0,48.7791531063874
3178,12,-1.72439243175453,1.10405269759083,"Complier",-5,43.1087997822697,38.1087997822697,"Failure: non-random eligibility",869,1,1,38.1087997822697
3179,10,-0.416710175631707,-0.350884046061973,"Never-taker",-3.5,36.596727630383,33.096727630383,"Failure: non-random eligibility",517,1,0,36.596727630383
3180,11,0.00285162225803886,-0.260900007397209,"Never-taker",-3.5,35.8656344249779,32.3656344249779,"Failure: non-random eligibility",244,1,0,35.8656344249779
3181,13,-0.00238272540561523,0.180906493183044,"Complier",-5,42.7749151491983,37.7749151491983,"Failure: non-random eligibility",2429,1,1,37.7749151491983
3182,13,-0.223080958420953,-0.72054620623967,"Never-taker",-3.5,49.2048776347848,45.7048776347848,"Failure: non-random eligibility",902,1,0,49.2048776347848
3183,15,1.24927287014677,-0.10684017001195,"Never-taker",-3.5,49.7514169712556,46.2514169712556,"Failure: non-random eligibility",4452,0,0,49.7514169712556
3184,10,-1.69413416611523,0.84191858694016,"Complier",-5,48.3269098865273,43.3269098865273,"Failure: non-random eligibility",113,1,1,43.3269098865273
3185,11,0.626259899817722,-1.71331194273679,"Never-taker",-3.5,36.8147700514043,33.3147700514043,"Failure: non-random eligibility",2585,0,0,36.8147700514043
3186,11,-0.094430940992222,1.26158838417816,"Complier",-5,38.7181845535416,33.7181845535416,"Failure: non-random eligibility",4311,0,0,38.7181845535416
3187,12,1.00419910396025,-0.115622042545913,"Never-taker",-3.5,47.6437275821566,44.1437275821566,"Failure: non-random eligibility",1163,1,0,47.6437275821566
3188,11,0.217094851816168,1.26649935999626,"Complier",-5,39.8092180284943,34.8092180284943,"Failure: non-random eligibility",3274,0,0,39.8092180284943
3189,13,0.203732712437491,0.0687337206992495,"Never-taker",-3.5,44.3171517377061,40.8171517377061,"Failure: non-random eligibility",1264,1,0,44.3171517377061
3190,15,1.52865891317739,1.69766850065736,"Always-taker",-2,59.0891193421805,57.0891193421805,"Failure: non-random eligibility",3041,0,1,57.0891193421805
3191,14,-0.101876222042714,0.179391953874687,"Complier",-5,41.5000127004015,36.5000127004015,"Failure: non-random eligibility",3805,0,0,41.5000127004015
3192,12,-1.06266007352691,0.407811455128372,"Complier",-5,44.4578771722862,39.4578771722862,"Failure: non-random eligibility",745,1,1,39.4578771722862
3193,15,1.8610472532943,-0.435557192672732,"Never-taker",-3.5,54.461682758282,50.961682758282,"Failure: non-random eligibility",2273,1,0,54.461682758282
3194,9,-2.20803790344276,-1.37582809735754,"Never-taker",-3.5,26.0258449026486,22.5258449026486,"Failure: non-random eligibility",1,1,0,26.0258449026486
3195,12,0.304092872188518,-0.59405046119111,"Never-taker",-3.5,43.3693410322825,39.8693410322825,"Failure: non-random eligibility",3334,0,0,43.3693410322825
3196,14,0.466339559460413,-0.0855009349079948,"Never-taker",-3.5,50.4156641936977,46.9156641936977,"Failure: non-random eligibility",3737,0,0,50.4156641936977
3197,13,0.646727105145904,-0.0751223401003557,"Never-taker",-3.5,46.7772717911407,43.2772717911407,"Failure: non-random eligibility",4148,0,0,46.7772717911407
3198,10,-1.45481626556115,-1.51993297236106,"Never-taker",-3.5,39.7085095340423,36.2085095340423,"Failure: non-random eligibility",305,1,0,39.7085095340423
3199,14,0.58460827514541,1.55192049791276,"Always-taker",-2,46.2288771157679,44.2288771157679,"Failure: non-random eligibility",4802,0,1,44.2288771157679
3200,10,-1.44780329119086,1.30364187859851,"Complier",-5,47.2882033031866,42.2882033031866,"Failure: non-random eligibility",149,1,1,42.2882033031866
3201,12,0.644507252125628,-0.724976036339052,"Never-taker",-3.5,45.1874301666316,41.6874301666316,"Failure: non-random eligibility",4239,0,0,45.1874301666316
3202,12,1.2867972459481,-0.464525297634336,"Never-taker",-3.5,45.9268889404787,42.4268889404787,"Failure: non-random eligibility",3944,0,0,45.9268889404787
3203,11,-1.21852090258772,-0.158731857905957,"Never-taker",-3.5,39.970506917129,36.470506917129,"Failure: non-random eligibility",21,1,0,39.970506917129
3204,13,0.000383379054153612,1.47848801912443,"Always-taker",-2,42.7696000419961,40.7696000419961,"Failure: non-random eligibility",3252,0,1,40.7696000419961
3205,13,0.694074970665976,0.0939217204858663,"Never-taker",-3.5,51.7383310340196,48.2383310340196,"Failure: non-random eligibility",3272,0,0,51.7383310340196
3206,15,0.726305678249544,-0.720926898806264,"Never-taker",-3.5,54.9234369324706,51.4234369324706,"Failure: non-random eligibility",2681,0,0,54.9234369324706
3207,12,-0.661602904201232,-1.01183483125331,"Never-taker",-3.5,46.446046545577,42.946046545577,"Failure: non-random eligibility",2684,0,0,46.446046545577
3208,15,1.92144779936207,0.246065638820922,"Complier",-5,58.0187487439173,53.0187487439173,"Failure: non-random eligibility",2950,0,0,58.0187487439173
3209,14,0.432461146614036,-1.37670112611669,"Never-taker",-3.5,48.2852697687483,44.7852697687483,"Failure: non-random eligibility",3089,0,0,48.2852697687483
3210,12,-0.357783713114462,-0.0712436367164044,"Never-taker",-3.5,46.3119682595275,42.8119682595275,"Failure: non-random eligibility",410,1,0,46.3119682595275
3211,13,-0.389209438286587,0.290287671461686,"Complier",-5,49.4449963308624,44.4449963308624,"Failure: non-random eligibility",1287,1,1,44.4449963308624
3212,15,1.13438768860343,0.671909665668439,"Complier",-5,50.744359952033,45.744359952033,"Failure: non-random eligibility",3592,0,0,50.744359952033
3213,13,-0.109400590179809,0.0442031526848265,"Never-taker",-3.5,43.7191819382644,40.2191819382644,"Failure: non-random eligibility",32,1,0,43.7191819382644
3214,12,-0.381490099838273,-0.118932335054226,"Never-taker",-3.5,46.2286544608866,42.7286544608866,"Failure: non-random eligibility",893,1,0,46.2286544608866
3215,12,-0.29200798796609,-2.11679216695008,"Never-taker",-3.5,41.4846855082224,37.9846855082224,"Failure: non-random eligibility",2757,0,0,41.4846855082224
3216,13,0.198026572401055,1.29378828051632,"Complier",-5,45.2915235963343,40.2915235963343,"Failure: non-random eligibility",2094,1,1,40.2915235963343
3217,14,0.563600813971384,-0.632277746920628,"Never-taker",-3.5,50.4765839818735,46.9765839818735,"Failure: non-random eligibility",1820,1,0,50.4765839818735
3218,12,0.0354094364650164,1.3316590864507,"Always-taker",-2,57.1286048147978,55.1286048147978,"Failure: non-random eligibility",1161,1,1,55.1286048147978
3219,13,0.249907829440269,-0.616216646739141,"Never-taker",-3.5,46.6480753686212,43.1480753686212,"Failure: non-random eligibility",4394,0,0,46.6480753686212
3220,13,0.698918181929616,0.655488438503193,"Complier",-5,45.0009588573229,40.0009588573229,"Failure: non-random eligibility",3356,0,0,45.0009588573229
3221,15,0.492827144386249,0.567503478330696,"Complier",-5,49.7224717469309,44.7224717469309,"Failure: non-random eligibility",3127,0,0,49.7224717469309
3222,12,0.432721403422022,0.457728265775599,"Complier",-5,45.4462329910592,40.4462329910592,"Failure: non-random eligibility",4652,0,0,45.4462329910592
3223,13,1.45900714738947,0.644931386449271,"Complier",-5,52.8397222605937,47.8397222605937,"Failure: non-random eligibility",480,1,1,47.8397222605937
3224,11,-0.155329580962068,-0.0877140469540616,"Never-taker",-3.5,45.6523961405129,42.1523961405129,"Failure: non-random eligibility",2125,1,0,45.6523961405129
3225,11,-1.43236087695371,-1.75540122332019,"Never-taker",-3.5,36.215713535924,32.715713535924,"Failure: non-random eligibility",19,1,0,36.215713535924
3226,12,1.20240118846591,-1.13762805885838,"Never-taker",-3.5,41.5902588438844,38.0902588438844,"Failure: non-random eligibility",4085,0,0,41.5902588438844
3227,11,-0.844530003782564,-0.157022009873101,"Never-taker",-3.5,42.3568701252581,38.8568701252581,"Failure: non-random eligibility",988,1,0,42.3568701252581
3228,13,0.561839707541314,1.97176318047442,"Always-taker",-2,56.4915077243906,54.4915077243906,"Failure: non-random eligibility",4641,0,1,54.4915077243906
3229,12,0.00377311040679433,-1.01457689665353,"Never-taker",-3.5,42.477497771587,38.977497771587,"Failure: non-random eligibility",4851,0,0,42.477497771587
3230,13,0.585009123543555,1.11544552566483,"Complier",-5,46.7226120151726,41.7226120151726,"Failure: non-random eligibility",1140,1,1,41.7226120151726
3231,14,0.685667311131959,-0.202399387155461,"Never-taker",-3.5,49.9947776963649,46.4947776963649,"Failure: non-random eligibility",4923,0,0,49.9947776963649
3232,10,0.163134506119386,1.44925519189894,"Always-taker",-2,50.1857697925875,48.1857697925875,"Failure: non-random eligibility",4744,0,1,48.1857697925875
3233,12,-0.277971641633048,-0.263291655491695,"Never-taker",-3.5,46.1098381070268,42.6098381070268,"Failure: non-random eligibility",4486,0,0,46.1098381070268
3234,12,0.877190168467419,0.261803078365291,"Complier",-5,49.5126483475469,44.5126483475469,"Failure: non-random eligibility",3961,0,0,49.5126483475469
3235,10,-1.61896304653847,-1.36997056254335,"Never-taker",-3.5,36.7085362792117,33.2085362792117,"Failure: non-random eligibility",90,1,0,36.7085362792117
3236,12,-1.45069183322006,1.20805094855655,"Complier",-5,37.3192756293536,32.3192756293536,"Failure: non-random eligibility",2186,1,1,32.3192756293536
3237,12,0.198399030161544,-0.342764945788905,"Never-taker",-3.5,39.8583362408197,36.3583362408197,"Failure: non-random eligibility",3289,0,0,39.8583362408197
3238,12,-0.257691292757186,-1.12110468642929,"Never-taker",-3.5,43.8268719173192,40.3268719173192,"Failure: non-random eligibility",4407,0,0,43.8268719173192
3239,14,0.27617058506605,-0.0402986785343991,"Never-taker",-3.5,48.4262740052331,44.9262740052331,"Failure: non-random eligibility",4138,0,0,48.4262740052331
3240,12,0.0761216408412012,-2.64045700196021,"Never-taker",-3.5,37.3788653789348,33.8788653789348,"Failure: non-random eligibility",2569,0,0,37.3788653789348
3241,11,-0.165854426214973,-0.578746166687478,"Never-taker",-3.5,45.413572512708,41.913572512708,"Failure: non-random eligibility",632,1,0,45.413572512708
3242,15,1.04656659557514,0.843675922422764,"Complier",-5,50.0176046639022,45.0176046639022,"Failure: non-random eligibility",1480,1,1,45.0176046639022
3243,12,-0.107477921883992,-0.204520855542657,"Never-taker",-3.5,39.6459525511688,36.1459525511688,"Failure: non-random eligibility",3527,0,0,39.6459525511688
3244,14,0.512766251336339,-0.739003899589297,"Never-taker",-3.5,49.9001937421908,46.4001937421908,"Failure: non-random eligibility",3016,0,0,49.9001937421908
3245,9,-1.08439041330459,-0.303037190645493,"Never-taker",-3.5,42.9850675043048,39.4850675043048,"Failure: non-random eligibility",934,1,0,42.9850675043048
3246,12,-1.08390666360852,-0.532951877587622,"Never-taker",-3.5,46.7568630827789,43.2568630827789,"Failure: non-random eligibility",3669,0,0,46.7568630827789
3247,11,-1.75606440317606,0.602349999284745,"Complier",-5,38.6941058343512,33.6941058343512,"Failure: non-random eligibility",52,1,1,33.6941058343512
3248,10,-2.18313534122097,-0.167982524684791,"Never-taker",-3.5,47.4540055482595,43.9540055482595,"Failure: non-random eligibility",1816,1,0,47.4540055482595
3249,12,-0.120169384955847,-2.17177792500176,"Never-taker",-3.5,47.1907249647767,43.6907249647767,"Failure: non-random eligibility",2741,0,0,47.1907249647767
3250,14,-0.0519782004980306,0.628875524701123,"Complier",-5,50.1378279092319,45.1378279092319,"Failure: non-random eligibility",3003,0,0,50.1378279092319
3251,16,1.57396944235458,-0.835884133661688,"Never-taker",-3.5,55.8964966825833,52.3964966825833,"Failure: non-random eligibility",4882,0,0,55.8964966825833
3252,12,-0.419656048539509,-0.73854471539113,"Never-taker",-3.5,38.3369753625733,34.8369753625733,"Failure: non-random eligibility",3254,0,0,38.3369753625733
3253,12,-0.00911886228137098,-1.63869541664165,"Never-taker",-3.5,35.4731650383913,31.9731650383913,"Failure: non-random eligibility",3175,0,0,35.4731650383913
3254,12,0.269184720989003,-1.20124954100094,"Never-taker",-3.5,49.0859033653715,45.5859033653715,"Failure: non-random eligibility",4979,0,0,49.0859033653715
3255,16,1.29976222114477,-0.469665618774638,"Never-taker",-3.5,55.2692575965936,51.7692575965936,"Failure: non-random eligibility",4552,0,0,55.2692575965936
3256,14,0.988818999922991,1.05668913691381,"Complier",-5,51.4585249988489,46.4585249988489,"Failure: non-random eligibility",866,1,1,46.4585249988489
3257,16,1.51099112858205,0.0874631375340941,"Never-taker",-3.5,53.1288192152482,49.6288192152482,"Failure: non-random eligibility",4568,0,0,53.1288192152482
3258,14,0.519012146174861,0.410538725432346,"Complier",-5,43.5725085763638,38.5725085763638,"Failure: non-random eligibility",2640,0,0,43.5725085763638
3259,11,0.170167989280656,0.428039797644584,"Complier",-5,45.7136429189437,40.7136429189437,"Failure: non-random eligibility",1185,1,1,40.7136429189437
3260,14,0.507099235715647,-1.52547628434032,"Never-taker",-3.5,44.3489933184996,40.8489933184996,"Failure: non-random eligibility",4905,0,0,44.3489933184996
3261,13,0.116913636291431,-0.218356424036499,"Never-taker",-3.5,51.055610037223,47.555610037223,"Failure: non-random eligibility",2054,1,0,51.055610037223
3262,13,1.45372002156453,0.133961791934912,"Complier",-5,52.4605215140053,47.4605215140053,"Failure: non-random eligibility",3966,0,0,52.4605215140053
3263,13,0.92664107105043,-0.30475238637626,"Never-taker",-3.5,48.6476383232204,45.1476383232204,"Failure: non-random eligibility",4077,0,0,48.6476383232204
3264,12,0.472008207012668,0.594489286081456,"Complier",-5,51.6825851370272,46.6825851370272,"Failure: non-random eligibility",1976,1,1,46.6825851370272
3265,14,0.214557270299318,0.22450277338161,"Complier",-5,47.1837480181375,42.1837480181375,"Failure: non-random eligibility",2375,1,1,42.1837480181375
3266,14,-0.0285213673281769,-0.0612537347266853,"Never-taker",-3.5,47.2953852865746,43.7953852865746,"Failure: non-random eligibility",2442,1,0,47.2953852865746
3267,12,-0.41621223910618,-1.1439755103139,"Never-taker",-3.5,43.7422199199731,40.2422199199731,"Failure: non-random eligibility",924,1,0,43.7422199199731
3268,14,0.269854599082618,0.00437183570851054,"Never-taker",-3.5,48.1170274992122,44.6170274992122,"Failure: non-random eligibility",3478,0,0,48.1170274992122
3269,12,0.0700143453129501,-1.02397574446275,"Never-taker",-3.5,41.5049734377777,38.0049734377777,"Failure: non-random eligibility",3653,0,0,41.5049734377777
3270,9,-1.67987695002101,0.70989202759471,"Complier",-5,36.7632162495573,31.7632162495573,"Failure: non-random eligibility",169,1,1,31.7632162495573
3271,15,0.92855483752034,0.102362655502509,"Never-taker",-3.5,58.4056037676307,54.9056037676307,"Failure: non-random eligibility",4238,0,0,58.4056037676307
3272,11,0.0131733884617491,-1.71888144847436,"Never-taker",-3.5,47.2175078581999,43.7175078581999,"Failure: non-random eligibility",1921,1,0,47.2175078581999
3273,12,0.319253360933576,-2.54345577888452,"Never-taker",-3.5,36.4660318100705,32.9660318100705,"Failure: non-random eligibility",1579,1,0,36.4660318100705
3274,11,-0.0537528703404103,-0.14492261068203,"Never-taker",-3.5,38.4532004030552,34.9532004030552,"Failure: non-random eligibility",2121,1,0,38.4532004030552
3275,12,0.542253167016229,-1.14043433473902,"Never-taker",-3.5,40.8103866120528,37.3103866120528,"Failure: non-random eligibility",3057,0,0,40.8103866120528
3276,14,0.554279364698864,0.650570328983276,"Complier",-5,50.529235747008,45.529235747008,"Failure: non-random eligibility",2972,0,0,50.529235747008
3277,10,-0.556605149054436,0.88793329969995,"Complier",-5,44.3162363808877,39.3162363808877,"Failure: non-random eligibility",3859,0,0,44.3162363808877
3278,12,-0.380343378829518,0.234005340201042,"Complier",-5,43.4827557956962,38.4827557956962,"Failure: non-random eligibility",1044,1,1,38.4827557956962
3279,11,0.677044989494024,-0.904045850535014,"Never-taker",-3.5,30.2934400650839,26.7934400650839,"Failure: non-random eligibility",3709,0,0,30.2934400650839
3280,14,-0.663119840340189,-0.28719384545291,"Never-taker",-3.5,43.6253198165788,40.1253198165788,"Failure: non-random eligibility",10,1,0,43.6253198165788
3281,14,0.860082017028609,1.588888453775,"Always-taker",-2,47.0792764671755,45.0792764671755,"Failure: non-random eligibility",3364,0,1,45.0792764671755
3282,13,1.26583898449114,0.881431745695591,"Complier",-5,53.965463158773,48.965463158773,"Failure: non-random eligibility",1457,1,1,48.965463158773
3283,12,-1.19612755449341,-0.220237088783731,"Never-taker",-3.5,41.1671927820061,37.6671927820061,"Failure: non-random eligibility",1269,1,0,41.1671927820061
3284,11,-0.617388570869889,-0.849331453730846,"Never-taker",-3.5,37.8526939684233,34.3526939684233,"Failure: non-random eligibility",948,1,0,37.8526939684233
3285,12,0.477626317488779,0.702002934724875,"Complier",-5,42.4844954566324,37.4844954566324,"Failure: non-random eligibility",1767,1,1,37.4844954566324
3286,10,-1.50873985498805,-0.452408294485033,"Never-taker",-3.5,39.4007613450602,35.9007613450602,"Failure: non-random eligibility",723,1,0,39.4007613450602
3287,11,0.411694073818689,-0.762889696558521,"Never-taker",-3.5,49.5514029005719,46.0514029005719,"Failure: non-random eligibility",1940,1,0,49.5514029005719
3288,17,1.64370526473902,-0.978624128739367,"Never-taker",-3.5,54.7113321235932,51.2113321235932,"Failure: non-random eligibility",3931,0,0,54.7113321235932
3289,18,2.57018885113426,0.939739720993027,"Complier",-5,58.3916349820085,53.3916349820085,"Failure: non-random eligibility",4965,0,0,58.3916349820085
3290,11,-0.313044014504024,-0.542580295171146,"Never-taker",-3.5,38.5507446250231,35.0507446250231,"Failure: non-random eligibility",2166,1,0,38.5507446250231
3291,14,1.43288198465668,-0.471231930021606,"Never-taker",-3.5,56.2195332398168,52.7195332398168,"Failure: non-random eligibility",4983,0,0,56.2195332398168
3292,11,0.190017695675756,1.04341391841837,"Complier",-5,44.8993631769747,39.8993631769747,"Failure: non-random eligibility",4858,0,0,44.8993631769747
3293,14,2.1356593886414,0.218826731492721,"Complier",-5,60.174099614251,55.174099614251,"Failure: non-random eligibility",3980,0,0,60.174099614251
3294,11,-1.41919555635518,-2.38042092857376,"Never-taker",-3.5,43.6461532426495,40.1461532426495,"Failure: non-random eligibility",188,1,0,43.6461532426495
3295,11,-0.576604585884484,-1.81490741367253,"Never-taker",-3.5,32.3273076379875,28.8273076379875,"Failure: non-random eligibility",2830,0,0,32.3273076379875
3296,10,-1.96660350338395,-0.0733756715126346,"Never-taker",-3.5,39.5654325891135,36.0654325891135,"Failure: non-random eligibility",555,1,0,39.5654325891135
3297,13,-0.0626206501782502,1.2206753279941,"Complier",-5,46.6367622816631,41.6367622816631,"Failure: non-random eligibility",362,1,1,41.6367622816631
3298,11,-0.862192424062496,-0.290638105008287,"Never-taker",-3.5,40.7114618030552,37.2114618030552,"Failure: non-random eligibility",2584,0,0,40.7114618030552
3299,11,0.254053228906416,0.547273137255626,"Complier",-5,44.8632920861461,39.8632920861461,"Failure: non-random eligibility",663,1,1,39.8632920861461
3300,14,0.146682198709267,0.0500551586151471,"Never-taker",-3.5,55.6895184030922,52.1895184030922,"Failure: non-random eligibility",795,1,0,55.6895184030922
3301,12,-0.804138382774731,0.533842040283933,"Complier",-5,34.0373148065373,29.0373148065373,"Failure: non-random eligibility",722,1,1,29.0373148065373
3302,15,1.56002816544028,0.433112526317259,"Complier",-5,50.0149513691725,45.0149513691725,"Failure: non-random eligibility",3603,0,0,50.0149513691725
3303,12,-1.10923588348476,-0.225256713301882,"Never-taker",-3.5,43.757308639899,40.257308639899,"Failure: non-random eligibility",132,1,0,43.757308639899
3304,13,0.685144467589978,1.26085228729986,"Complier",-5,55.1847485218263,50.1847485218263,"Failure: non-random eligibility",4335,0,0,55.1847485218263
3305,13,-0.875466973783982,1.49329948250819,"Always-taker",-2,46.8343071270633,44.8343071270633,"Failure: non-random eligibility",3609,0,1,44.8343071270633
3306,10,-1.24447148491961,1.55690011810995,"Always-taker",-2,43.0914280649467,41.0914280649467,"Failure: non-random eligibility",1807,1,1,41.0914280649467
3307,12,0.0668476204769053,0.941106590606689,"Complier",-5,49.7613783934897,44.7613783934897,"Failure: non-random eligibility",4290,0,0,49.7613783934897
3308,9,-1.6839014936943,0.544998375396457,"Complier",-5,45.6303122387197,40.6303122387197,"Failure: non-random eligibility",3541,0,0,45.6303122387197
3309,8,-1.85530334715877,-2.28071800771552,"Never-taker",-3.5,30.4411591684429,26.9411591684429,"Failure: non-random eligibility",602,1,0,30.4411591684429
3310,15,0.253717466521062,1.5507853108804,"Always-taker",-2,52.0743650292002,50.0743650292002,"Failure: non-random eligibility",2562,0,1,50.0743650292002
3311,13,0.8241446907365,-0.284349469816482,"Never-taker",-3.5,46.8826501268688,43.3826501268688,"Failure: non-random eligibility",4872,0,0,46.8826501268688
3312,12,-0.322107480499423,-0.335988361770889,"Never-taker",-3.5,39.5501617098256,36.0501617098256,"Failure: non-random eligibility",4236,0,0,39.5501617098256
3313,15,0.525450903981669,0.496490897391329,"Complier",-5,51.6013620213465,46.6013620213465,"Failure: non-random eligibility",3876,0,0,51.6013620213465
3314,11,-1.22664993951701,2.17028946558445,"Always-taker",-2,43.637470136709,41.637470136709,"Failure: non-random eligibility",1827,1,1,41.637470136709
3315,12,0.28503299061479,-0.228942852377157,"Never-taker",-3.5,45.9707076221224,42.4707076221224,"Failure: non-random eligibility",4691,0,0,45.9707076221224
3316,10,-1.39997779915176,-0.623207348943205,"Never-taker",-3.5,37.3309678652119,33.8309678652119,"Failure: non-random eligibility",117,1,0,37.3309678652119
3317,16,1.85387736082639,-1.02299363568945,"Never-taker",-3.5,47.2422832027166,43.7422832027166,"Failure: non-random eligibility",3307,0,0,47.2422832027166
3318,11,0.0733292390601442,0.460378662323719,"Complier",-5,49.7952099764869,44.7952099764869,"Failure: non-random eligibility",1871,1,1,44.7952099764869
3319,14,1.27741195599376,1.49789931724359,"Always-taker",-2,56.734058134482,54.734058134482,"Failure: non-random eligibility",2334,1,1,54.734058134482
3320,11,-0.00999400211052006,-0.771615905775096,"Never-taker",-3.5,41.1178947048108,37.6178947048108,"Failure: non-random eligibility",2886,0,0,41.1178947048108
3321,13,0.445050539533978,-1.6826012770584,"Never-taker",-3.5,42.6912031220704,39.1912031220704,"Failure: non-random eligibility",4237,0,0,42.6912031220704
3322,14,2.00348385271931,0.111539565805184,"Never-taker",-3.5,51.9586607973353,48.4586607973353,"Failure: non-random eligibility",3658,0,0,51.9586607973353
3323,11,-0.612977833153488,-1.72658877778,"Never-taker",-3.5,39.5276414068465,36.0276414068465,"Failure: non-random eligibility",2466,1,0,39.5276414068465
3324,10,-1.42879805601975,-0.991340366874689,"Never-taker",-3.5,34.068140440015,30.568140440015,"Failure: non-random eligibility",1632,1,0,34.068140440015
3325,12,-1.06692946470629,-2.24929167455572,"Never-taker",-3.5,40.1462810999792,36.6462810999792,"Failure: non-random eligibility",2954,0,0,40.1462810999792
3326,14,1.17675528164948,0.764418999181797,"Complier",-5,41.3844412242762,36.3844412242762,"Failure: non-random eligibility",3727,0,0,41.3844412242762
3327,13,0.719768683440875,0.254315688947669,"Complier",-5,37.5829685076975,32.5829685076975,"Failure: non-random eligibility",2399,1,1,32.5829685076975
3328,13,-0.323432639163136,0.626051561036907,"Complier",-5,54.247104440336,49.247104440336,"Failure: non-random eligibility",1396,1,1,49.247104440336
3329,14,1.82881679522831,0.15046680752606,"Complier",-5,48.6262505180663,43.6262505180663,"Failure: non-random eligibility",494,1,1,43.6262505180663
3330,12,-0.675889004977925,0.282911667387209,"Complier",-5,45.5958701975255,40.5958701975255,"Failure: non-random eligibility",2362,1,1,40.5958701975255
3331,13,-0.570893477299605,1.09225819528208,"Complier",-5,51.7669836612872,46.7669836612872,"Failure: non-random eligibility",3396,0,0,51.7669836612872
3332,11,-1.07683591865094,0.0137279693019188,"Never-taker",-3.5,47.1161007142334,43.6161007142334,"Failure: non-random eligibility",461,1,0,47.1161007142334
3333,16,0.358679301723009,-1.70296925878839,"Never-taker",-3.5,50.9819936460302,47.4819936460302,"Failure: non-random eligibility",2164,1,0,50.9819936460302
3334,15,1.24609865404036,-0.481504837790325,"Never-taker",-3.5,52.071727494051,48.571727494051,"Failure: non-random eligibility",1890,1,0,52.071727494051
3335,13,0.372953603357731,0.877894870454371,"Complier",-5,50.9153450750815,45.9153450750815,"Failure: non-random eligibility",3091,0,0,50.9153450750815
3336,13,-0.383503789131985,0.140279564193996,"Complier",-5,45.6100927962617,40.6100927962617,"Failure: non-random eligibility",2132,1,1,40.6100927962617
3337,17,1.17014540194887,-0.0280918683597792,"Never-taker",-3.5,56.4238074261732,52.9238074261732,"Failure: non-random eligibility",3781,0,0,56.4238074261732
3338,13,-0.216258452385559,0.27833488905151,"Complier",-5,44.2097717062047,39.2097717062047,"Failure: non-random eligibility",3114,0,0,44.2097717062047
3339,11,-0.423769203050473,1.13360309645467,"Complier",-5,42.0504871934383,37.0504871934383,"Failure: non-random eligibility",3040,0,0,42.0504871934383
3340,8,-1.94466830166869,0.993533299805124,"Complier",-5,39.2154572762547,34.2154572762547,"Failure: non-random eligibility",170,1,1,34.2154572762547
3341,10,0.068965759631547,0.295097032975267,"Complier",-5,34.9652171497721,29.9652171497721,"Failure: non-random eligibility",3244,0,0,34.9652171497721
3342,13,0.644882794115065,-1.28334266840959,"Never-taker",-3.5,50.9471851836464,47.4471851836464,"Failure: non-random eligibility",2963,0,0,50.9471851836464
3343,12,-0.326359959827735,-2.16329688832203,"Never-taker",-3.5,33.6681858694945,30.1681858694945,"Failure: non-random eligibility",4029,0,0,33.6681858694945
3344,13,-0.343770492112677,0.546468022756493,"Complier",-5,44.8138553277614,39.8138553277614,"Failure: non-random eligibility",2860,0,0,44.8138553277614
3345,13,-0.463410974445298,1.20800042320961,"Complier",-5,47.1418227072143,42.1418227072143,"Failure: non-random eligibility",1131,1,1,42.1418227072143
3346,13,0.959163119865062,-0.596018540079963,"Never-taker",-3.5,51.2013711329031,47.7013711329031,"Failure: non-random eligibility",2463,1,0,51.2013711329031
3347,11,-1.20852703749766,-0.180913347200308,"Never-taker",-3.5,43.7434228346157,40.2434228346157,"Failure: non-random eligibility",1066,1,0,43.7434228346157
3348,12,-0.383143609385841,0.300322722441546,"Complier",-5,50.4530899546849,45.4530899546849,"Failure: non-random eligibility",1184,1,1,45.4530899546849
3349,14,-0.280722294735879,0.288526677566382,"Complier",-5,48.4326327102379,43.4326327102379,"Failure: non-random eligibility",1837,1,1,43.4326327102379
3350,12,0.577075804798676,0.962070780398933,"Complier",-5,47.2282539104155,42.2282539104155,"Failure: non-random eligibility",4256,0,0,47.2282539104155
3351,14,0.983471348277951,-0.93826263763137,"Never-taker",-3.5,48.6951024373287,45.1951024373287,"Failure: non-random eligibility",3392,0,0,48.6951024373287
3352,14,-0.0345230963871617,1.25734471367542,"Complier",-5,43.2067536128266,38.2067536128266,"Failure: non-random eligibility",1281,1,1,38.2067536128266
3353,10,-2.36156553762673,-0.216390425204528,"Never-taker",-3.5,37.8591942441681,34.3591942441681,"Failure: non-random eligibility",87,1,0,37.8591942441681
3354,10,-1.88278704282043,0.398794857032618,"Complier",-5,37.3300596292334,32.3300596292334,"Failure: non-random eligibility",3504,0,0,37.3300596292334
3355,13,-0.783823542668852,0.484848216326306,"Complier",-5,39.8909830325557,34.8909830325557,"Failure: non-random eligibility",1189,1,1,34.8909830325557
3356,11,-0.906182382356738,1.09861021681666,"Complier",-5,36.4174204278689,31.4174204278689,"Failure: non-random eligibility",2305,1,1,31.4174204278689
3357,11,0.868209740977381,0.653618299994215,"Complier",-5,46.5431982862366,41.5431982862366,"Failure: non-random eligibility",2885,0,0,46.5431982862366
3358,14,1.39745596171078,-2.11078075991666,"Never-taker",-3.5,45.9479814092156,42.4479814092156,"Failure: non-random eligibility",2658,0,0,45.9479814092156
3359,10,-1.10078812357032,-0.315572774620497,"Never-taker",-3.5,46.6456237706122,43.1456237706122,"Failure: non-random eligibility",402,1,0,46.6456237706122
3360,14,0.374147696569014,0.989555155826108,"Complier",-5,46.950573921809,41.950573921809,"Failure: non-random eligibility",2140,1,1,41.950573921809
3361,10,-1.8323327388577,1.54810060493625,"Always-taker",-2,39.8511565635538,37.8511565635538,"Failure: non-random eligibility",1128,1,1,37.8511565635538
3362,12,0.0202275290339736,-0.561554007221838,"Never-taker",-3.5,43.9400706135629,40.4400706135629,"Failure: non-random eligibility",1537,1,0,43.9400706135629
3363,13,0.89041162221727,-1.58247531250946,"Never-taker",-3.5,40.6793483358942,37.1793483358942,"Failure: non-random eligibility",1084,1,0,40.6793483358942
3364,15,1.49701430543947,0.606433040002164,"Complier",-5,51.5812848749788,46.5812848749788,"Failure: non-random eligibility",2016,1,1,46.5812848749788
3365,15,2.0487081793094,0.468727170038478,"Complier",-5,54.400086724376,49.400086724376,"Failure: non-random eligibility",4793,0,0,54.400086724376
3366,13,-0.435192012694563,1.16713334782875,"Complier",-5,47.5789913255162,42.5789913255162,"Failure: non-random eligibility",2826,0,0,47.5789913255162
3367,12,-0.045206666138674,1.42302562305524,"Always-taker",-2,45.4451546383035,43.4451546383035,"Failure: non-random eligibility",2867,0,1,43.4451546383035
3368,9,-2.97395602387602,0.647186074871776,"Complier",-5,30.4070641525141,25.4070641525141,"Failure: non-random eligibility",943,1,1,25.4070641525141
3369,14,0.982040084769832,-0.577070645972098,"Never-taker",-3.5,45.6616992473808,42.1616992473808,"Failure: non-random eligibility",3524,0,0,45.6616992473808
3370,12,0.943547369767768,0.644758108940498,"Complier",-5,49.6907655806168,44.6907655806168,"Failure: non-random eligibility",3946,0,0,49.6907655806168
3371,11,-0.377176668837306,0.363424756399822,"Complier",-5,42.4767675447207,37.4767675447207,"Failure: non-random eligibility",799,1,1,37.4767675447207
3372,15,1.51418760446799,0.0928037028516618,"Never-taker",-3.5,57.2689391366335,53.7689391366335,"Failure: non-random eligibility",4313,0,0,57.2689391366335
3373,12,-0.398835470587002,-1.18264101596254,"Never-taker",-3.5,39.4629815284806,35.9629815284806,"Failure: non-random eligibility",826,1,0,39.4629815284806
3374,14,0.487616156683861,0.359720846505655,"Complier",-5,52.9027546419523,47.9027546419523,"Failure: non-random eligibility",2407,1,1,47.9027546419523
3375,13,0.315482763901199,0.484840091832832,"Complier",-5,44.9349901367462,39.9349901367462,"Failure: non-random eligibility",1114,1,1,39.9349901367462
3376,10,-1.90351138258704,1.72730178083739,"Always-taker",-2,40.6545558396636,38.6545558396636,"Failure: non-random eligibility",11,1,1,38.6545558396636
3377,11,-0.0325863217234807,-0.197528149595531,"Never-taker",-3.5,45.3189400632106,41.8189400632106,"Failure: non-random eligibility",67,1,0,45.3189400632106
3378,13,-0.626060201292278,-1.87824236288858,"Never-taker",-3.5,44.3812049192981,40.8812049192981,"Failure: non-random eligibility",1607,1,0,44.3812049192981
3379,13,0.159577635301918,-0.592299985513874,"Never-taker",-3.5,47.1064866044748,43.6064866044748,"Failure: non-random eligibility",2286,1,0,47.1064866044748
3380,12,0.539766517943446,0.630147012950798,"Complier",-5,52.0462761929826,47.0462761929826,"Failure: non-random eligibility",4322,0,0,52.0462761929826
3381,11,-0.178293159895792,-0.700116900966933,"Never-taker",-3.5,39.0919310832292,35.5919310832292,"Failure: non-random eligibility",2894,0,0,39.0919310832292
3382,14,0.924875336886933,0.796727060166044,"Complier",-5,51.9140290138559,46.9140290138559,"Failure: non-random eligibility",4732,0,0,51.9140290138559
3383,12,-0.562884164182429,1.64750726777016,"Always-taker",-2,45.4962264492721,43.4962264492721,"Failure: non-random eligibility",2249,1,1,43.4962264492721
3384,13,-0.516555552103024,2.1414545337178,"Always-taker",-2,47.7921328610287,45.7921328610287,"Failure: non-random eligibility",1228,1,1,45.7921328610287
3385,13,0.0264229911082559,-0.851545105603056,"Never-taker",-3.5,37.5108805952424,34.0108805952424,"Failure: non-random eligibility",4390,0,0,37.5108805952424
3386,14,-1.02874441430598,-1.05642969238778,"Never-taker",-3.5,42.4606674871504,38.9606674871504,"Failure: non-random eligibility",397,1,0,42.4606674871504
3387,12,-1.12939008336742,-1.73448858926945,"Never-taker",-3.5,38.7590191019606,35.2590191019606,"Failure: non-random eligibility",1226,1,0,38.7590191019606
3388,12,-0.842971682763066,-0.627505197474101,"Never-taker",-3.5,41.804406815451,38.304406815451,"Failure: non-random eligibility",1657,1,0,41.804406815451
3389,11,-2.00577351360737,0.677895647042704,"Complier",-5,40.2696562438369,35.2696562438369,"Failure: non-random eligibility",1107,1,1,35.2696562438369
3390,17,1.20420981321363,1.0874903012375,"Complier",-5,58.8273555604243,53.8273555604243,"Failure: non-random eligibility",1925,1,1,53.8273555604243
3391,14,0.0128759444859605,1.18707306114973,"Complier",-5,50.880743253394,45.880743253394,"Failure: non-random eligibility",1707,1,1,45.880743253394
3392,12,-1.43082013330439,0.225464759862964,"Complier",-5,39.0590449682743,34.0590449682743,"Failure: non-random eligibility",124,1,1,34.0590449682743
3393,13,1.72136237704418,0.213219684033923,"Complier",-5,52.4572420882783,47.4572420882783,"Failure: non-random eligibility",4857,0,0,52.4572420882783
3394,12,-0.372677197673583,0.476277390623304,"Complier",-5,44.3517997932239,39.3517997932239,"Failure: non-random eligibility",2667,0,0,44.3517997932239
3395,13,-1.00734095144286,-0.936642508934319,"Never-taker",-3.5,41.8799460810772,38.3799460810772,"Failure: non-random eligibility",930,1,0,41.8799460810772
3396,12,0.318433225147487,2.12468844653099,"Always-taker",-2,43.589142758039,41.589142758039,"Failure: non-random eligibility",3207,0,1,41.589142758039
3397,13,-0.124088834069183,-0.0717125113354962,"Never-taker",-3.5,44.963147493162,41.463147493162,"Failure: non-random eligibility",816,1,0,44.963147493162
3398,12,-0.454234961290033,-0.377091449633178,"Never-taker",-3.5,38.9406466228075,35.4406466228075,"Failure: non-random eligibility",326,1,0,38.9406466228075
3399,12,0.333007367774334,0.461764325675211,"Complier",-5,41.797609474631,36.797609474631,"Failure: non-random eligibility",3815,0,0,41.797609474631
3400,12,-0.256263307811336,1.57980200000357,"Always-taker",-2,40.7812831462909,38.7812831462909,"Failure: non-random eligibility",3477,0,1,38.7812831462909
3401,13,-0.0928948834780317,-0.521356750645595,"Never-taker",-3.5,48.3687615760218,44.8687615760218,"Failure: non-random eligibility",3374,0,0,48.3687615760218
3402,14,1.71163483079402,0.970955874383483,"Complier",-5,48.8371280350079,43.8371280350079,"Failure: non-random eligibility",3284,0,0,48.8371280350079
3403,14,-0.12984726732353,0.117251245992672,"Never-taker",-3.5,51.3144353148306,47.8144353148306,"Failure: non-random eligibility",2638,0,0,51.3144353148306
3404,10,-1.93857606085141,-0.396272430685078,"Never-taker",-3.5,37.461428001841,33.961428001841,"Failure: non-random eligibility",752,1,0,37.461428001841
3405,11,0.249857362364933,-0.255518415191037,"Never-taker",-3.5,44.6617135709906,41.1617135709906,"Failure: non-random eligibility",3322,0,0,44.6617135709906
3406,11,-1.49756632268682,0.19315466449604,"Complier",-5,39.8624405501745,34.8624405501745,"Failure: non-random eligibility",439,1,1,34.8624405501745
3407,13,0.193333022689376,-1.15095379948235,"Never-taker",-3.5,45.6026063028231,42.1026063028231,"Failure: non-random eligibility",1349,1,0,45.6026063028231
3408,9,-0.971090066047766,-0.0175322500190814,"Never-taker",-3.5,42.4338566331049,38.9338566331049,"Failure: non-random eligibility",730,1,0,42.4338566331049
3409,14,0.496354748663468,-0.474192304797366,"Never-taker",-3.5,50.9535735143277,47.4535735143277,"Failure: non-random eligibility",2905,0,0,50.9535735143277
3410,13,0.302835485164088,2.18219293910353,"Always-taker",-2,46.1235077140602,44.1235077140602,"Failure: non-random eligibility",578,1,1,44.1235077140602
3411,14,1.07266471020205,1.07203952904181,"Complier",-5,57.4918132467121,52.4918132467121,"Failure: non-random eligibility",3476,0,0,57.4918132467121
3412,12,-1.89022343840104,-1.16553113086181,"Never-taker",-3.5,37.5223759025658,34.0223759025658,"Failure: non-random eligibility",148,1,0,37.5223759025658
3413,12,-0.215583756169464,0.0120340147038421,"Never-taker",-3.5,48.193561967413,44.693561967413,"Failure: non-random eligibility",1717,1,0,48.193561967413
3414,11,-1.69443653838975,0.885887069104748,"Complier",-5,41.9977469780359,36.9977469780359,"Failure: non-random eligibility",62,1,1,36.9977469780359
3415,17,2.15345524712988,-0.852735058236322,"Never-taker",-3.5,56.9033485952493,53.4033485952493,"Failure: non-random eligibility",3787,0,0,56.9033485952493
3416,12,0.0452725082399098,-0.310198047647414,"Never-taker",-3.5,47.3429717381647,43.8429717381647,"Failure: non-random eligibility",1543,1,0,47.3429717381647
3417,11,-1.18107150335321,-0.393885221860426,"Never-taker",-3.5,36.9881021662203,33.4881021662203,"Failure: non-random eligibility",4016,0,0,36.9881021662203
3418,12,0.82705848228947,-0.0590402055670491,"Never-taker",-3.5,44.0084701747948,40.5084701747948,"Failure: non-random eligibility",2907,0,0,44.0084701747948
3419,15,1.37932125398251,1.46629090636666,"Always-taker",-2,49.9288409110782,47.9288409110782,"Failure: non-random eligibility",1893,1,1,47.9288409110782
3420,11,-0.54808980091087,-0.892662073170912,"Never-taker",-3.5,38.5906523049615,35.0906523049615,"Failure: non-random eligibility",1593,1,0,38.5906523049615
3421,15,1.07014668320832,-0.038832779042072,"Never-taker",-3.5,44.8637311419983,41.3637311419983,"Failure: non-random eligibility",668,1,0,44.8637311419983
3422,12,-0.873979300005678,-3.27846651118359,"Never-taker",-3.5,42.5488964949627,39.0488964949627,"Failure: non-random eligibility",2664,0,0,42.5488964949627
3423,14,0.959799103257992,-0.439737150301873,"Never-taker",-3.5,52.3092479578795,48.8092479578795,"Failure: non-random eligibility",4443,0,0,52.3092479578795
3424,13,-0.579230032171677,-0.115754195821655,"Never-taker",-3.5,41.2269938523387,37.7269938523387,"Failure: non-random eligibility",2367,1,0,41.2269938523387
3425,13,-0.334348286346814,-0.859816765074453,"Never-taker",-3.5,48.0933577273767,44.5933577273767,"Failure: non-random eligibility",1592,1,0,48.0933577273767
3426,12,-0.195085978298704,0.301076668728909,"Complier",-5,39.3313171703299,34.3313171703299,"Failure: non-random eligibility",914,1,1,34.3313171703299
3427,13,1.39853972089197,-0.489431372573722,"Never-taker",-3.5,46.7501168320722,43.2501168320722,"Failure: non-random eligibility",3297,0,0,46.7501168320722
3428,10,-0.916739990291034,0.674903320976586,"Complier",-5,37.3539903313145,32.3539903313145,"Failure: non-random eligibility",4803,0,0,37.3539903313145
3429,16,2.02657061758334,1.7284518910219,"Always-taker",-2,54.587861787768,52.587861787768,"Failure: non-random eligibility",4935,0,1,52.587861787768
3430,16,2.27760633958911,-0.394845836010934,"Never-taker",-3.5,54.2151961357972,50.7151961357972,"Failure: non-random eligibility",4806,0,0,54.2151961357972
3431,12,0.00747663809074505,0.136641480746674,"Complier",-5,44.0756297993068,39.0756297993068,"Failure: non-random eligibility",2979,0,0,44.0756297993068
3432,13,-0.137510942832451,0.712759472172061,"Complier",-5,50.6400955078996,45.6400955078996,"Failure: non-random eligibility",504,1,1,45.6400955078996
3433,15,1.36131845512666,-0.22720339528248,"Never-taker",-3.5,47.1477158942614,43.6477158942614,"Failure: non-random eligibility",4959,0,0,47.1477158942614
3434,14,0.530585218066053,-0.206716480950623,"Never-taker",-3.5,45.3609433896575,41.8609433896575,"Failure: non-random eligibility",2884,0,0,45.3609433896575
3435,11,-0.861524242321415,1.16055627710839,"Complier",-5,39.9380642163971,34.9380642163971,"Failure: non-random eligibility",1384,1,1,34.9380642163971
3436,12,0.031708896668186,1.54667045333695,"Always-taker",-2,47.7855530361165,45.7855530361165,"Failure: non-random eligibility",17,1,1,45.7855530361165
3437,9,-2.10820309801515,1.15112833117223,"Complier",-5,41.8759118171202,36.8759118171202,"Failure: non-random eligibility",462,1,1,36.8759118171202
3438,13,0.319613481848871,-1.35717587643595,"Never-taker",-3.5,46.7879855829823,43.2879855829823,"Failure: non-random eligibility",1211,1,0,46.7879855829823
3439,9,-2.13323503798292,0.527817723986316,"Complier",-5,41.2091057400546,36.2091057400546,"Failure: non-random eligibility",1460,1,1,36.2091057400546
3440,11,-0.423219872135527,-0.447267803851923,"Never-taker",-3.5,36.519703041722,33.019703041722,"Failure: non-random eligibility",980,1,0,36.519703041722
3441,15,0.865864098668767,-0.786950002044217,"Never-taker",-3.5,45.7135328073744,42.2135328073744,"Failure: non-random eligibility",3177,0,0,45.7135328073744
3442,15,1.49652331681003,-1.29990707848143,"Never-taker",-3.5,42.840440772202,39.340440772202,"Failure: non-random eligibility",3545,0,0,42.840440772202
3443,14,0.695124617285265,1.18159817721951,"Complier",-5,45.0467610428538,40.0467610428538,"Failure: non-random eligibility",4523,0,0,45.0467610428538
3444,12,0.148590475866661,-0.258076499715719,"Never-taker",-3.5,42.4497475692135,38.9497475692135,"Failure: non-random eligibility",3698,0,0,42.4497475692135
3445,11,-0.198385685677081,0.239295319866283,"Complier",-5,39.6390742457233,34.6390742457233,"Failure: non-random eligibility",1802,1,1,34.6390742457233
3446,14,-0.382511845307141,-0.174236251386795,"Never-taker",-3.5,46.5843691945202,43.0843691945202,"Failure: non-random eligibility",2259,1,0,46.5843691945202
3447,16,1.34873882729388,1.7544133056953,"Always-taker",-2,60.6515710106776,58.6515710106776,"Failure: non-random eligibility",1300,1,1,58.6515710106776
3448,12,-0.814815516811297,-2.44891072940765,"Never-taker",-3.5,40.3788773714021,36.8788773714021,"Failure: non-random eligibility",1277,1,0,40.3788773714021
3449,12,0.692133330992148,-0.379361017675271,"Never-taker",-3.5,42.5826175908575,39.0826175908575,"Failure: non-random eligibility",4651,0,0,42.5826175908575
3450,9,-1.1138360697671,-0.718410766810351,"Never-taker",-3.5,35.1934148628996,31.6934148628996,"Failure: non-random eligibility",1123,1,0,35.1934148628996
3451,9,-1.39653349500525,0.300570906002812,"Complier",-5,42.2123311966255,37.2123311966255,"Failure: non-random eligibility",579,1,1,37.2123311966255
3452,12,-0.357536651497206,-0.0573448084536997,"Never-taker",-3.5,41.7970876776974,38.2970876776974,"Failure: non-random eligibility",2587,0,0,41.7970876776974
3453,12,-0.098935792151662,-1.97875416135161,"Never-taker",-3.5,42.93578813906,39.43578813906,"Failure: non-random eligibility",3905,0,0,42.93578813906
3454,13,0.142056464662374,-0.904170948032571,"Never-taker",-3.5,44.6717515551194,41.1717515551194,"Failure: non-random eligibility",966,1,0,44.6717515551194
3455,12,-0.380739279953875,2.16735261709814,"Always-taker",-2,51.7027069010855,49.7027069010855,"Failure: non-random eligibility",2818,0,1,49.7027069010855
3456,12,0.399943307878486,-1.50035185145086,"Never-taker",-3.5,41.5611790417336,38.0611790417336,"Failure: non-random eligibility",2666,0,0,41.5611790417336
3457,11,-0.281069216447802,1.07787348423235,"Complier",-5,37.3137282045118,32.3137282045118,"Failure: non-random eligibility",1670,1,1,32.3137282045118
3458,9,-2.78234152228673,0.203048400019865,"Complier",-5,34.6620441071421,29.6620441071421,"Failure: non-random eligibility",490,1,1,29.6620441071421
3459,10,-2.32830048697013,-2.84582581970977,"Never-taker",-3.5,34.2155205813154,30.7155205813154,"Failure: non-random eligibility",2241,1,0,34.2155205813154
3460,12,-0.356779677523052,1.02462121630699,"Complier",-5,48.3189520162392,43.3189520162392,"Failure: non-random eligibility",3305,0,0,48.3189520162392
3461,11,-1.41144704145137,-0.929412565866836,"Never-taker",-3.5,35.7493311437678,32.2493311437678,"Failure: non-random eligibility",955,1,0,35.7493311437678
3462,16,2.40900273674493,0.887233825893545,"Complier",-5,57.795853371198,52.795853371198,"Failure: non-random eligibility",4913,0,0,57.795853371198
3463,15,2.10640388934276,-0.866178319673216,"Never-taker",-3.5,49.5498106786151,46.0498106786151,"Failure: non-random eligibility",2476,1,0,49.5498106786151
3464,10,-1.37077821602082,0.458701432967642,"Complier",-5,46.4514633276043,41.4514633276043,"Failure: non-random eligibility",1617,1,1,41.4514633276043
3465,12,-0.277665217588777,-0.282516152554319,"Never-taker",-3.5,51.8524011999664,48.3524011999664,"Failure: non-random eligibility",2394,1,0,51.8524011999664
3466,11,-0.60252392520194,1.83741296195371,"Always-taker",-2,51.5155952672183,49.5155952672183,"Failure: non-random eligibility",975,1,1,49.5155952672183
3467,11,-0.201153199069176,-0.656646424904984,"Never-taker",-3.5,46.5556685490102,43.0556685490102,"Failure: non-random eligibility",968,1,0,46.5556685490102
3468,12,0.66724145588164,-0.461973407011489,"Never-taker",-3.5,44.1229492275933,40.6229492275933,"Failure: non-random eligibility",3417,0,0,44.1229492275933
3469,14,1.680031565186,-0.55702854982049,"Never-taker",-3.5,48.2514800022191,44.7514800022191,"Failure: non-random eligibility",3605,0,0,48.2514800022191
3470,14,1.28241720293271,-0.323642129275027,"Never-taker",-3.5,50.9456216148997,47.4456216148997,"Failure: non-random eligibility",4668,0,0,50.9456216148997
3471,15,1.51265462639302,-0.07913593818189,"Never-taker",-3.5,54.0385499672693,50.5385499672693,"Failure: non-random eligibility",3970,0,0,54.0385499672693
3472,14,0.548369663544202,-2.01969222731766,"Never-taker",-3.5,46.0907747315888,42.5907747315888,"Failure: non-random eligibility",4653,0,0,46.0907747315888
3473,11,-0.66962571558625,-0.212915862947718,"Never-taker",-3.5,39.538870453084,36.038870453084,"Failure: non-random eligibility",2495,1,0,39.538870453084
3474,15,1.21349893082774,-0.00584246705066056,"Never-taker",-3.5,51.7223697620817,48.2223697620817,"Failure: non-random eligibility",4792,0,0,51.7223697620817
3475,17,1.71653807587965,-0.881431046181433,"Never-taker",-3.5,55.8782393992376,52.3782393992376,"Failure: non-random eligibility",3587,0,0,55.8782393992376
3476,12,-1.25026193789774,1.20094042132543,"Complier",-5,46.3337824517712,41.3337824517712,"Failure: non-random eligibility",2564,0,0,46.3337824517712
3477,11,-0.525681660541593,0.527722589212018,"Complier",-5,44.6744252985056,39.6744252985056,"Failure: non-random eligibility",296,1,1,39.6744252985056
3478,14,0.843050858966371,-0.281433200184228,"Never-taker",-3.5,47.5215920400209,44.0215920400209,"Failure: non-random eligibility",2268,1,0,47.5215920400209
3479,10,-1.27526302766047,0.953354999491246,"Complier",-5,34.257846703951,29.257846703951,"Failure: non-random eligibility",317,1,1,29.257846703951
3480,10,-0.490414379309939,-0.132307921196776,"Never-taker",-3.5,46.1175922363983,42.6175922363983,"Failure: non-random eligibility",2644,0,0,46.1175922363983
3481,14,0.891265237135321,-1.33610600201677,"Never-taker",-3.5,45.063521137041,41.563521137041,"Failure: non-random eligibility",3140,0,0,45.063521137041
3482,8,-3.2069057292897,0.562895566403647,"Complier",-5,37.3195838631453,32.3195838631453,"Failure: non-random eligibility",320,1,1,32.3195838631453
3483,13,0.307646591310485,1.62225409392351,"Always-taker",-2,48.9940315426333,46.9940315426333,"Failure: non-random eligibility",2258,1,1,46.9940315426333
3484,14,-0.466343352281388,-0.399730777417162,"Never-taker",-3.5,49.477786471239,45.977786471239,"Failure: non-random eligibility",3405,0,0,49.477786471239
3485,13,1.43234680709967,1.740141462844,"Always-taker",-2,50.9984165992403,48.9984165992403,"Failure: non-random eligibility",1850,1,1,48.9984165992403
3486,11,-0.499543866438764,-2.91698408501844,"Never-taker",-3.5,42.472266032855,38.972266032855,"Failure: non-random eligibility",1097,1,0,42.472266032855
3487,13,-0.331327060721024,1.76860960408177,"Always-taker",-2,49.1207758370081,47.1207758370081,"Failure: non-random eligibility",4439,0,1,47.1207758370081
3488,11,-0.24751180760199,-1.49558037048099,"Never-taker",-3.5,39.7187114299079,36.2187114299079,"Failure: non-random eligibility",4403,0,0,39.7187114299079
3489,13,-0.150589753770039,-1.56239131167481,"Never-taker",-3.5,44.9947639402228,41.4947639402228,"Failure: non-random eligibility",1473,1,0,44.9947639402228
3490,14,1.4008778789223,-0.748139755869469,"Never-taker",-3.5,55.1974911310297,51.6974911310297,"Failure: non-random eligibility",3578,0,0,55.1974911310297
3491,13,0.414961937226667,-0.274608486143979,"Never-taker",-3.5,51.3426756820414,47.8426756820414,"Failure: non-random eligibility",2993,0,0,51.3426756820414
3492,11,-1.00312570183361,-0.620059098174694,"Never-taker",-3.5,34.9009072191703,31.4009072191703,"Failure: non-random eligibility",3812,0,0,34.9009072191703
3493,11,-0.699431371984808,-0.921745464308633,"Never-taker",-3.5,39.2314009407017,35.7314009407017,"Failure: non-random eligibility",4453,0,0,39.2314009407017
3494,11,-0.962856222646969,0.247614109704554,"Complier",-5,41.9741240385533,36.9741240385533,"Failure: non-random eligibility",331,1,1,36.9741240385533
3495,14,0.277434646520984,-2.14728429710591,"Never-taker",-3.5,44.4439985856382,40.9439985856382,"Failure: non-random eligibility",4708,0,0,44.4439985856382
3496,13,2.08238229499421,-1.27486616914251,"Never-taker",-3.5,53.8020013275824,50.3020013275824,"Failure: non-random eligibility",4355,0,0,53.8020013275824
3497,12,-0.263836541940263,-0.209082149874131,"Never-taker",-3.5,45.3233723636868,41.8233723636868,"Failure: non-random eligibility",182,1,0,45.3233723636868
3498,13,0.574983285995526,1.62450847649166,"Always-taker",-2,51.4479112906393,49.4479112906393,"Failure: non-random eligibility",4915,0,1,49.4479112906393
3499,11,-0.442100278018233,-0.278420034257544,"Never-taker",-3.5,45.1861198028329,41.6861198028329,"Failure: non-random eligibility",657,1,0,45.1861198028329
3500,11,-0.40757874846225,-1.62977790324279,"Never-taker",-3.5,38.6802063059573,35.1802063059573,"Failure: non-random eligibility",354,1,0,38.6802063059573
3501,12,0.0198811950669433,-0.983033211323379,"Never-taker",-3.5,40.9655221597043,37.4655221597043,"Failure: non-random eligibility",737,1,0,40.9655221597043
3502,13,0.711521489931604,1.55703229883163,"Always-taker",-2,49.8233494522988,47.8233494522988,"Failure: non-random eligibility",1990,1,1,47.8233494522988
3503,11,-1.30201518767083,-0.619428897566,"Never-taker",-3.5,41.2705426377204,37.7705426377204,"Failure: non-random eligibility",8,1,0,41.2705426377204
3504,16,2.831188031156,0.451196495250404,"Complier",-5,56.4730918484697,51.4730918484697,"Failure: non-random eligibility",4968,0,0,56.4730918484697
3505,11,-1.18441602660921,-1.01665983911367,"Never-taker",-3.5,34.2472113870077,30.7472113870077,"Failure: non-random eligibility",2150,1,0,34.2472113870077
3506,12,-0.294300689824891,-0.619881678017945,"Never-taker",-3.5,39.1191754947481,35.6191754947481,"Failure: non-random eligibility",597,1,0,39.1191754947481
3507,14,0.478198597627098,-0.6176615731857,"Never-taker",-3.5,47.9959103249927,44.4959103249927,"Failure: non-random eligibility",3973,0,0,47.9959103249927
3508,11,-1.6840735801507,1.7963634893681,"Always-taker",-2,41.047737271055,39.047737271055,"Failure: non-random eligibility",2566,0,1,39.047737271055
3509,13,0.728514743158007,-1.82476449481292,"Never-taker",-3.5,42.7054966574648,39.2054966574648,"Failure: non-random eligibility",3251,0,0,42.7054966574648
3510,11,-1.02499357354188,-1.46231582007759,"Never-taker",-3.5,41.9542727509903,38.4542727509903,"Failure: non-random eligibility",3420,0,0,41.9542727509903
3511,15,-0.95595795166751,0.123372721163103,"Never-taker",-3.5,50.3961043137271,46.8961043137271,"Failure: non-random eligibility",1723,1,0,50.3961043137271
3512,13,-0.242620648528654,-1.98413632883502,"Never-taker",-3.5,45.4779515201748,41.9779515201748,"Failure: non-random eligibility",1598,1,0,45.4779515201748
3513,14,1.94703880320587,-0.847914217488471,"Never-taker",-3.5,57.0550910304746,53.5550910304746,"Failure: non-random eligibility",4581,0,0,57.0550910304746
3514,17,1.06486172926392,0.707642714937875,"Complier",-5,53.8666544631867,48.8666544631867,"Failure: non-random eligibility",1488,1,1,48.8666544631867
3515,15,0.0831582202456754,1.8665691681754,"Always-taker",-2,53.1708841734612,51.1708841734612,"Failure: non-random eligibility",2736,0,1,51.1708841734612
3516,14,1.13884606828104,0.286328391569486,"Complier",-5,51.4580868834403,46.4580868834403,"Failure: non-random eligibility",3994,0,0,51.4580868834403
3517,14,0.573167065657397,0.938447763319895,"Complier",-5,46.9747642797572,41.9747642797572,"Failure: non-random eligibility",4888,0,0,46.9747642797572
3518,13,0.913334099167931,0.600493159044734,"Complier",-5,57.1419865867838,52.1419865867838,"Failure: non-random eligibility",2333,1,1,52.1419865867838
3519,8,-2.27317836202847,0.683873655601923,"Complier",-5,35.0627677627664,30.0627677627664,"Failure: non-random eligibility",786,1,1,30.0627677627664
3520,8,-2.47859494027994,2.11145668182249,"Always-taker",-2,36.5177070343595,34.5177070343595,"Failure: non-random eligibility",2502,0,1,34.5177070343595
3521,12,-0.521013078422061,-0.538799424978886,"Never-taker",-3.5,47.6990494715215,44.1990494715215,"Failure: non-random eligibility",451,1,0,47.6990494715215
3522,13,0.881399263975448,0.0963884636688385,"Never-taker",-3.5,47.5263484481314,44.0263484481314,"Failure: non-random eligibility",3073,0,0,47.5263484481314
3523,13,0.636804303002606,-0.769894079836026,"Never-taker",-3.5,47.0561752961489,43.5561752961489,"Failure: non-random eligibility",3703,0,0,47.0561752961489
3524,15,2.32900713610382,-0.44203135180848,"Never-taker",-3.5,48.8471688178827,45.3471688178827,"Failure: non-random eligibility",4208,0,0,48.8471688178827
3525,14,0.377378087848446,-0.367879232061615,"Never-taker",-3.5,46.8811411542094,43.3811411542094,"Failure: non-random eligibility",2702,0,0,46.8811411542094
3526,13,0.35298061178016,-0.111113156734645,"Never-taker",-3.5,51.8240888516547,48.3240888516547,"Failure: non-random eligibility",3510,0,0,51.8240888516547
3527,13,-0.650330949189017,-1.15070348593046,"Never-taker",-3.5,37.7033375733285,34.2033375733285,"Failure: non-random eligibility",2626,0,0,37.7033375733285
3528,12,-0.477022490225816,1.43579583831565,"Always-taker",-2,50.9438313814406,48.9438313814406,"Failure: non-random eligibility",2753,0,1,48.9438313814406
3529,13,0.111163160878539,1.49445095246701,"Always-taker",-2,47.3834306375316,45.3834306375316,"Failure: non-random eligibility",3518,0,1,45.3834306375316
3530,9,-2.0808036602683,-1.38620593219451,"Never-taker",-3.5,35.4548836031067,31.9548836031067,"Failure: non-random eligibility",727,1,0,35.4548836031067
3531,11,-1.36793949932294,0.196730505466959,"Complier",-5,45.054301362103,40.054301362103,"Failure: non-random eligibility",275,1,1,40.054301362103
3532,12,-1.70477835587698,0.186594128375875,"Complier",-5,37.3768538878959,32.3768538878959,"Failure: non-random eligibility",2176,1,1,32.3768538878959
3533,12,-0.369402319962766,0.27479302037256,"Complier",-5,42.0488228668959,37.0488228668959,"Failure: non-random eligibility",4697,0,0,42.0488228668959
3534,12,-0.385959495167173,-1.1302960213928,"Never-taker",-3.5,40.9903743269117,37.4903743269117,"Failure: non-random eligibility",345,1,0,40.9903743269117
3535,14,0.451834126460113,0.26057944959856,"Complier",-5,49.2886462508928,44.2886462508928,"Failure: non-random eligibility",4300,0,0,49.2886462508928
3536,12,0.441606153526827,-0.90089370004751,"Never-taker",-3.5,42.9121570699839,39.4121570699839,"Failure: non-random eligibility",3771,0,0,42.9121570699839
3537,11,-0.450131005068537,-2.24374366783277,"Never-taker",-3.5,41.224114394993,37.724114394993,"Failure: non-random eligibility",593,1,0,41.224114394993
3538,11,-0.154819900807525,0.673457012937225,"Complier",-5,48.8577865304892,43.8577865304892,"Failure: non-random eligibility",401,1,1,43.8577865304892
3539,14,1.51396934041284,-0.34414276799238,"Never-taker",-3.5,47.7942936380573,44.2942936380573,"Failure: non-random eligibility",3929,0,0,47.7942936380573
3540,12,-1.21946940628452,-1.15877777994522,"Never-taker",-3.5,43.4618546104466,39.9618546104466,"Failure: non-random eligibility",1851,1,0,43.4618546104466
3541,12,-0.323574343400757,0.133439707807773,"Complier",-5,45.5895869444768,40.5895869444768,"Failure: non-random eligibility",187,1,1,40.5895869444768
3542,12,-0.422702435839191,0.542615723619485,"Complier",-5,46.7549565790715,41.7549565790715,"Failure: non-random eligibility",1201,1,1,41.7549565790715
3543,12,0.885555178449026,0.145806173027533,"Complier",-5,48.3790388612157,43.3790388612157,"Failure: non-random eligibility",1019,1,1,43.3790388612157
3544,14,0.573631785081779,1.37124256858216,"Always-taker",-2,49.6493960170775,47.6493960170775,"Failure: non-random eligibility",2522,0,1,47.6493960170775
3545,12,-0.729645316212593,-1.59908168656492,"Never-taker",-3.5,37.272633039081,33.772633039081,"Failure: non-random eligibility",1636,1,0,37.272633039081
3546,15,1.41047280849096,1.04306035019575,"Complier",-5,62.1466094611923,57.1466094611923,"Failure: non-random eligibility",2940,0,0,62.1466094611923
3547,11,-0.673772663553844,0.521796001423798,"Complier",-5,36.2366354309437,31.2366354309437,"Failure: non-random eligibility",1400,1,1,31.2366354309437
3548,14,0.808396547861906,1.11395074153495,"Complier",-5,45.3070472244116,40.3070472244116,"Failure: non-random eligibility",1512,1,1,40.3070472244116
3549,13,1.38912543234551,-1.00093178599186,"Never-taker",-3.5,51.7753627341739,48.2753627341739,"Failure: non-random eligibility",2325,1,0,51.7753627341739
3550,12,1.03839972377451,0.89506022839232,"Complier",-5,49.998339711466,44.998339711466,"Failure: non-random eligibility",3036,0,0,49.998339711466
3551,11,-1.74345284237656,0.629425971163461,"Complier",-5,44.7167761406071,39.7167761406071,"Failure: non-random eligibility",1917,1,1,39.7167761406071
3552,11,-1.17778726723713,-0.222962120092223,"Never-taker",-3.5,38.6296780280233,35.1296780280233,"Failure: non-random eligibility",199,1,0,38.6296780280233
3553,12,-1.0177983535941,-0.729749426151903,"Never-taker",-3.5,36.6869591984178,33.1869591984178,"Failure: non-random eligibility",2108,1,0,36.6869591984178
3554,15,0.93734268723168,-0.195161600138015,"Never-taker",-3.5,41.0266510933687,37.5266510933687,"Failure: non-random eligibility",3798,0,0,41.0266510933687
3555,13,0.829106509858122,-0.756840712553855,"Never-taker",-3.5,50.7037585385367,47.2037585385367,"Failure: non-random eligibility",2134,1,0,50.7037585385367
3556,13,1.14819572587041,-1.12766997586077,"Never-taker",-3.5,36.9995161307623,33.4995161307623,"Failure: non-random eligibility",4211,0,0,36.9995161307623
3557,13,-0.374541792868934,0.425005406059295,"Complier",-5,38.9104219048933,33.9104219048933,"Failure: non-random eligibility",3193,0,0,38.9104219048933
3558,11,0.148307349769871,-2.16183718493084,"Never-taker",-3.5,34.9386737108724,31.4386737108724,"Failure: non-random eligibility",487,1,0,34.9386737108724
3559,12,-1.17919473877474,2.67638005763842,"Always-taker",-2,45.7681338965965,43.7681338965965,"Failure: non-random eligibility",1034,1,1,43.7681338965965
3560,15,0.368293531411332,0.788956065836027,"Complier",-5,54.0489364645391,49.0489364645391,"Failure: non-random eligibility",3474,0,0,54.0489364645391
3561,13,-0.215079292094928,-0.000659451074474112,"Never-taker",-3.5,44.4774694626173,40.9774694626173,"Failure: non-random eligibility",3763,0,0,44.4774694626173
3562,10,-1.20723997583152,-0.855223055158047,"Never-taker",-3.5,39.149896669747,35.649896669747,"Failure: non-random eligibility",1042,1,0,39.149896669747
3563,10,-0.656504732057062,0.622409655737147,"Complier",-5,39.3145028990875,34.3145028990875,"Failure: non-random eligibility",458,1,1,34.3145028990875
3564,12,-0.355459987281394,-0.00735435015139288,"Never-taker",-3.5,37.7639594955795,34.2639594955795,"Failure: non-random eligibility",482,1,0,37.7639594955795
3565,12,-2.03243712324379,-1.08459053258669,"Never-taker",-3.5,36.777411645299,33.277411645299,"Failure: non-random eligibility",1626,1,0,36.777411645299
3566,11,-0.459304143254974,-0.310920236374058,"Never-taker",-3.5,30.3700557431333,26.8700557431333,"Failure: non-random eligibility",1410,1,0,30.3700557431333
3567,13,-0.0383693991566971,-0.0876743334701454,"Never-taker",-3.5,48.9366895723425,45.4366895723425,"Failure: non-random eligibility",2237,1,0,48.9366895723425
3568,13,-0.300960048066699,-0.678716878148744,"Never-taker",-3.5,38.8086687193702,35.3086687193702,"Failure: non-random eligibility",1817,1,0,38.8086687193702
3569,11,-1.99153988814422,2.05079162345912,"Always-taker",-2,45.255758613794,43.255758613794,"Failure: non-random eligibility",804,1,1,43.255758613794
3570,12,-0.78304707258124,-1.52957762656171,"Never-taker",-3.5,36.3615979104693,32.8615979104693,"Failure: non-random eligibility",1804,1,0,36.3615979104693
3571,12,-0.298966037673149,-0.033219620309758,"Never-taker",-3.5,41.8039866002305,38.3039866002305,"Failure: non-random eligibility",2896,0,0,41.8039866002305
3572,13,0.528792903519823,0.271235794360298,"Complier",-5,49.9764937712917,44.9764937712917,"Failure: non-random eligibility",4635,0,0,49.9764937712917
3573,11,-0.374627769097782,1.63812427789617,"Always-taker",-2,43.0898634297627,41.0898634297627,"Failure: non-random eligibility",371,1,1,41.0898634297627
3574,10,-0.316567223092355,-1.31120048488055,"Never-taker",-3.5,33.4016144523802,29.9016144523802,"Failure: non-random eligibility",3573,0,0,33.4016144523802
3575,15,1.94487293185777,1.02562908843788,"Complier",-5,57.2044465051028,52.2044465051028,"Failure: non-random eligibility",4637,0,0,57.2044465051028
3576,11,-0.697724735072346,0.523391390482796,"Complier",-5,38.224768775221,33.224768775221,"Failure: non-random eligibility",15,1,1,33.224768775221
3577,11,-0.0134836353877664,-0.920199740009019,"Never-taker",-3.5,37.7057218749693,34.2057218749693,"Failure: non-random eligibility",3313,0,0,37.7057218749693
3578,14,0.59451111373921,-0.309050381393766,"Never-taker",-3.5,46.7647980865217,43.2647980865217,"Failure: non-random eligibility",4699,0,0,46.7647980865217
3579,12,-0.118950280395736,-0.135479685106705,"Never-taker",-3.5,45.8769310438981,42.3769310438981,"Failure: non-random eligibility",1669,1,0,45.8769310438981
3580,12,-0.511378494449371,0.711245166098289,"Complier",-5,45.1459755795677,40.1459755795677,"Failure: non-random eligibility",1215,1,1,40.1459755795677
3581,12,-0.362982750385504,-1.38894534774754,"Never-taker",-3.5,46.406577991362,42.906577991362,"Failure: non-random eligibility",2047,1,0,46.406577991362
3582,14,0.437133496534006,-0.106726557225805,"Never-taker",-3.5,50.734589738073,47.234589738073,"Failure: non-random eligibility",876,1,0,50.734589738073
3583,14,0.0356903131229681,1.11337254951516,"Complier",-5,39.0954563653143,34.0954563653143,"Failure: non-random eligibility",4287,0,0,39.0954563653143
3584,12,-0.323321429353427,-0.45238473493434,"Never-taker",-3.5,41.4854613105174,37.9854613105174,"Failure: non-random eligibility",1330,1,0,41.4854613105174
3585,13,-0.51712254481313,-0.726189053625856,"Never-taker",-3.5,36.3091440080647,32.8091440080647,"Failure: non-random eligibility",446,1,0,36.3091440080647
3586,13,0.422570419250574,0.104238063585022,"Never-taker",-3.5,47.6839482530818,44.1839482530818,"Failure: non-random eligibility",2042,1,0,47.6839482530818
3587,15,2.18495904372599,-0.798470248990001,"Never-taker",-3.5,53.2219089604497,49.7219089604497,"Failure: non-random eligibility",4963,0,0,53.2219089604497
3588,11,-1.35510718293708,0.818360832277714,"Complier",-5,37.8005131651513,32.8005131651513,"Failure: non-random eligibility",309,1,1,32.8005131651513
3589,13,-0.0723968653232432,1.34561257148787,"Always-taker",-2,50.6316821563736,48.6316821563736,"Failure: non-random eligibility",2773,0,1,48.6316821563736
3590,12,0.647167074908534,-0.900390273716071,"Never-taker",-3.5,42.8997638091697,39.3997638091697,"Failure: non-random eligibility",3335,0,0,42.8997638091697
3591,12,0.621309848674545,0.840854555682598,"Complier",-5,46.3974750558887,41.3974750558887,"Failure: non-random eligibility",2165,1,1,41.3974750558887
3592,12,-0.6044948660004,-0.026964439610039,"Never-taker",-3.5,45.6781309400936,42.1781309400936,"Failure: non-random eligibility",529,1,0,45.6781309400936
3593,12,-0.0537667140631706,-0.0294579819969438,"Never-taker",-3.5,43.4280666159665,39.9280666159665,"Failure: non-random eligibility",1619,1,0,43.4280666159665
3594,12,-0.283835809500174,0.839119159350739,"Complier",-5,48.4462784170894,43.4462784170894,"Failure: non-random eligibility",3084,0,0,48.4462784170894
3595,13,-0.789818513188632,0.461061540214007,"Complier",-5,52.7255976223474,47.7255976223474,"Failure: non-random eligibility",95,1,1,47.7255976223474
3596,13,-0.0375676332952535,2.14890428520029,"Always-taker",-2,47.6223857385933,45.6223857385933,"Failure: non-random eligibility",3968,0,1,45.6223857385933
3597,10,-1.03906827858068,0.630646127913896,"Complier",-5,41.5706394617489,36.5706394617489,"Failure: non-random eligibility",3821,0,0,41.5706394617489
3598,13,0.746791328778255,-0.143355537396989,"Never-taker",-3.5,48.2464057557587,44.7464057557587,"Failure: non-random eligibility",2403,1,0,48.2464057557587
3599,13,-0.794716095803002,-0.865618605961649,"Never-taker",-3.5,46.6788305388291,43.1788305388291,"Failure: non-random eligibility",2887,0,0,46.6788305388291
3600,10,-1.03204558923156,-2.2969377018042,"Never-taker",-3.5,35.7785717220194,32.2785717220194,"Failure: non-random eligibility",815,1,0,35.7785717220194
3601,14,0.504398297715426,0.945075987009543,"Complier",-5,54.3857164917126,49.3857164917126,"Failure: non-random eligibility",4226,0,0,54.3857164917126
3602,16,2.02264347765434,-0.187522312698817,"Never-taker",-3.5,47.6651522558246,44.1651522558246,"Failure: non-random eligibility",4240,0,0,47.6651522558246
3603,13,1.24638077214313,1.00109724476715,"Complier",-5,51.581302649538,46.581302649538,"Failure: non-random eligibility",3162,0,0,51.581302649538
3604,13,0.614606632514996,0.468535295924959,"Complier",-5,48.8808055005727,43.8808055005727,"Failure: non-random eligibility",4405,0,0,48.8808055005727
3605,11,-0.820791897755115,0.283954823730925,"Complier",-5,39.1334269483237,34.1334269483237,"Failure: non-random eligibility",4154,0,0,39.1334269483237
3606,10,-1.15747660382203,-0.281568532665824,"Never-taker",-3.5,39.4817134446621,35.9817134446621,"Failure: non-random eligibility",1409,1,0,39.4817134446621
3607,11,-0.064314617133886,-0.612892483590169,"Never-taker",-3.5,37.0499184188262,33.5499184188262,"Failure: non-random eligibility",3613,0,0,37.0499184188262
3608,10,-0.730484488408251,2.10607149772966,"Always-taker",-2,38.6068708493041,36.6068708493041,"Failure: non-random eligibility",1906,1,1,36.6068708493041
3609,11,0.266989321738247,-1.14627804473347,"Never-taker",-3.5,45.5933765817289,42.0933765817289,"Failure: non-random eligibility",1017,1,0,45.5933765817289
3610,9,-1.4976701333302,-0.376970349445639,"Never-taker",-3.5,33.6350497547558,30.1350497547558,"Failure: non-random eligibility",1127,1,0,33.6350497547558
3611,12,-1.59443336654114,-1.39547204582652,"Never-taker",-3.5,34.9928323822905,31.4928323822905,"Failure: non-random eligibility",3857,0,0,34.9928323822905
3612,9,-1.02431026603407,-0.471794309844412,"Never-taker",-3.5,33.3508298146854,29.8508298146854,"Failure: non-random eligibility",3266,0,0,33.3508298146854
3613,12,-0.617215135088696,0.26137862813186,"Complier",-5,52.4318472483425,47.4318472483425,"Failure: non-random eligibility",531,1,1,47.4318472483425
3614,10,-1.41011660877295,-0.411045238404466,"Never-taker",-3.5,31.9944254212696,28.4944254212696,"Failure: non-random eligibility",567,1,0,31.9944254212696
3615,13,1.93178301593533,-1.69853281616155,"Never-taker",-3.5,47.772258684821,44.272258684821,"Failure: non-random eligibility",4433,0,0,47.772258684821
3616,12,-0.981624446118911,-0.695326575479821,"Never-taker",-3.5,45.0145770972438,41.5145770972438,"Failure: non-random eligibility",765,1,0,45.0145770972438
3617,14,2.03450036332756,0.320247133940288,"Complier",-5,56.8026354953342,51.8026354953342,"Failure: non-random eligibility",4996,0,0,56.8026354953342
3618,12,-0.129528911972328,0.446316154874363,"Complier",-5,40.4235995429897,35.4235995429897,"Failure: non-random eligibility",4279,0,0,40.4235995429897
3619,12,-0.0700832893607686,-1.70805840844311,"Never-taker",-3.5,48.0199665061081,44.5199665061081,"Failure: non-random eligibility",2201,1,0,48.0199665061081
3620,14,0.417853770437276,-0.767470233970673,"Never-taker",-3.5,38.8842692670592,35.3842692670592,"Failure: non-random eligibility",3892,0,0,38.8842692670592
3621,11,-0.509475575934246,2.09909333111001,"Always-taker",-2,43.0428815296275,41.0428815296275,"Failure: non-random eligibility",2143,1,1,41.0428815296275
3622,13,-0.671406495029367,0.112070153190367,"Never-taker",-3.5,49.8795702716389,46.3795702716389,"Failure: non-random eligibility",75,1,0,49.8795702716389
3623,14,0.827910966278779,0.0261395113812417,"Never-taker",-3.5,42.5715891706204,39.0715891706204,"Failure: non-random eligibility",3582,0,0,42.5715891706204
3624,11,-0.130855427030301,-1.1342908729052,"Never-taker",-3.5,32.3036507120431,28.8036507120431,"Failure: non-random eligibility",3786,0,0,32.3036507120431
3625,12,-1.07018169571331,-1.09797833931587,"Never-taker",-3.5,45.4569745678354,41.9569745678354,"Failure: non-random eligibility",297,1,0,45.4569745678354
3626,15,0.990222235323659,-1.22373874378127,"Never-taker",-3.5,57.6386250605574,54.1386250605574,"Failure: non-random eligibility",3744,0,0,57.6386250605574
3627,14,0.24607329464213,-0.151847632097588,"Never-taker",-3.5,44.7960188762575,41.2960188762575,"Failure: non-random eligibility",3332,0,0,44.7960188762575
3628,13,1.43505688213,0.49013605012136,"Complier",-5,52.6220918335982,47.6220918335982,"Failure: non-random eligibility",1445,1,1,47.6220918335982
3629,12,-0.90205007171352,1.13118707069089,"Complier",-5,50.2210559548083,45.2210559548083,"Failure: non-random eligibility",1735,1,1,45.2210559548083
3630,13,0.781453610113473,0.0779329428290202,"Never-taker",-3.5,47.0877769095483,43.5877769095483,"Failure: non-random eligibility",2444,1,0,47.0877769095483
3631,13,0.139051542734386,1.13580684765678,"Complier",-5,49.5821710245018,44.5821710245018,"Failure: non-random eligibility",2678,0,0,49.5821710245018
3632,13,0.917829596796272,0.654913515651135,"Complier",-5,44.8104210958998,39.8104210958998,"Failure: non-random eligibility",1630,1,1,39.8104210958998
3633,14,0.627668668664266,-0.279940083209605,"Never-taker",-3.5,54.808360189199,51.308360189199,"Failure: non-random eligibility",2748,0,0,54.808360189199
3634,14,0.176366963406009,0.479484302343015,"Complier",-5,45.4979175528236,40.4979175528236,"Failure: non-random eligibility",321,1,1,40.4979175528236
3635,14,-0.291133095848016,-0.680661302420782,"Never-taker",-3.5,46.847008123442,43.347008123442,"Failure: non-random eligibility",49,1,0,46.847008123442
3636,13,0.733840199176452,-0.413151113604811,"Never-taker",-3.5,46.263676561332,42.763676561332,"Failure: non-random eligibility",4902,0,0,46.263676561332
3637,13,0.0093434355248197,-0.926973887895786,"Never-taker",-3.5,44.5632274712209,41.0632274712209,"Failure: non-random eligibility",2625,0,0,44.5632274712209
3638,10,-2.78627036861663,-1.52190773490002,"Never-taker",-3.5,32.6808485346028,29.1808485346028,"Failure: non-random eligibility",873,1,0,32.6808485346028
3639,14,1.31042157811358,0.255855835348132,"Complier",-5,51.9787561424863,46.9787561424863,"Failure: non-random eligibility",2141,1,1,46.9787561424863
3640,15,1.16428977764213,0.589034040523257,"Complier",-5,52.5962342902104,47.5962342902104,"Failure: non-random eligibility",3438,0,0,52.5962342902104
3641,11,-1.36835546166636,1.22288413181207,"Complier",-5,45.7970534034121,40.7970534034121,"Failure: non-random eligibility",925,1,1,40.7970534034121
3642,10,-1.64229828872751,-0.843938801837092,"Never-taker",-3.5,40.732415377778,37.232415377778,"Failure: non-random eligibility",319,1,0,40.732415377778
3643,13,0.354906030587699,1.40470580996961,"Always-taker",-2,40.9160560807097,38.9160560807097,"Failure: non-random eligibility",3050,0,1,38.9160560807097
3644,11,-0.923501689922334,0.411394232442875,"Complier",-5,37.7769680240094,32.7769680240094,"Failure: non-random eligibility",1461,1,1,32.7769680240094
3645,12,-1.08684296917507,-0.130897172184995,"Never-taker",-3.5,44.7187202147391,41.2187202147391,"Failure: non-random eligibility",3862,0,0,44.7187202147391
3646,12,-0.589283590930941,-0.863692799743777,"Never-taker",-3.5,44.2635298169801,40.7635298169801,"Failure: non-random eligibility",1130,1,0,44.2635298169801
3647,10,-0.447352386950954,-0.222340858099401,"Never-taker",-3.5,43.3961848158712,39.8961848158712,"Failure: non-random eligibility",4112,0,0,43.3961848158712
3648,11,-0.773425037033073,1.49092766761536,"Always-taker",-2,52.8349575302969,50.8349575302969,"Failure: non-random eligibility",4934,0,1,50.8349575302969
3649,10,-0.52011863875441,-1.00989803331556,"Never-taker",-3.5,46.125864163571,42.625864163571,"Failure: non-random eligibility",1713,1,0,46.125864163571
3650,14,1.0471203421957,-0.41523761530888,"Never-taker",-3.5,52.4801976108025,48.9801976108025,"Failure: non-random eligibility",4479,0,0,52.4801976108025
3651,14,0.424683980173277,-1.05175590118993,"Never-taker",-3.5,44.5137466872313,41.0137466872313,"Failure: non-random eligibility",510,1,0,44.5137466872313
3652,12,-0.611034369881041,-0.377012969055158,"Never-taker",-3.5,41.397235918617,37.897235918617,"Failure: non-random eligibility",4347,0,0,41.397235918617
3653,10,-1.32688234273605,0.037577804757336,"Never-taker",-3.5,41.3642860447121,37.8642860447121,"Failure: non-random eligibility",2378,1,0,41.3642860447121
3654,15,0.827598299934197,0.312257166984644,"Complier",-5,48.3069881657755,43.3069881657755,"Failure: non-random eligibility",2660,0,0,48.3069881657755
3655,14,-0.0305345172205442,1.01452632166681,"Complier",-5,49.019302223275,44.019302223275,"Failure: non-random eligibility",521,1,1,44.019302223275
3656,13,0.820241748176835,-0.0754403230139898,"Never-taker",-3.5,46.1851298759268,42.6851298759268,"Failure: non-random eligibility",4171,0,0,46.1851298759268
3657,15,0.747579167340753,1.4803955624681,"Always-taker",-2,55.0213619057631,53.0213619057631,"Failure: non-random eligibility",4400,0,1,53.0213619057631
3658,11,-0.379593470572656,-0.597274670197062,"Never-taker",-3.5,41.5674576921013,38.0674576921013,"Failure: non-random eligibility",1994,1,0,41.5674576921013
3659,12,-1.07991418361953,0.184293075381539,"Complier",-5,45.1785957247093,40.1785957247093,"Failure: non-random eligibility",101,1,1,40.1785957247093
3660,11,0.0176281076089725,1.93328714784345,"Always-taker",-2,45.5260823613752,43.5260823613752,"Failure: non-random eligibility",1980,1,1,43.5260823613752
3661,11,-0.315918742748031,-0.608794100468004,"Never-taker",-3.5,46.8599127137115,43.3599127137115,"Failure: non-random eligibility",3011,0,0,46.8599127137115
3662,13,-0.14250347664311,0.593392257191293,"Complier",-5,45.2707805665994,40.2707805665994,"Failure: non-random eligibility",2661,0,0,45.2707805665994
3663,14,0.53668839062731,-0.607209299969059,"Never-taker",-3.5,43.44025529443,39.94025529443,"Failure: non-random eligibility",527,1,0,43.44025529443
3664,15,0.680746659233932,0.00165721550920844,"Never-taker",-3.5,50.8883885743266,47.3883885743266,"Failure: non-random eligibility",4031,0,0,50.8883885743266
3665,12,0.0828433045891049,0.837905850645771,"Complier",-5,46.7413264722629,41.7413264722629,"Failure: non-random eligibility",2961,0,0,46.7413264722629
3666,11,-0.943788769335303,0.552783478330855,"Complier",-5,43.3740575874799,38.3740575874799,"Failure: non-random eligibility",377,1,1,38.3740575874799
3667,11,-0.471872626553905,-0.929939033108103,"Never-taker",-3.5,39.9642175534994,36.4642175534994,"Failure: non-random eligibility",221,1,0,39.9642175534994
3668,12,1.02872791381914,-1.03849795414189,"Never-taker",-3.5,49.5541431835835,46.0541431835835,"Failure: non-random eligibility",2081,1,0,49.5541431835835
3669,11,-1.50957586490079,2.00859099493671,"Always-taker",-2,42.1438736572826,40.1438736572826,"Failure: non-random eligibility",1692,1,1,40.1438736572826
3670,14,0.266189780993579,-0.700699233837132,"Never-taker",-3.5,53.7207777790417,50.2207777790417,"Failure: non-random eligibility",473,1,0,53.7207777790417
3671,11,-1.7498266565079,-0.202798664049264,"Never-taker",-3.5,41.0003109518849,37.5003109518849,"Failure: non-random eligibility",1241,1,0,41.0003109518849
3672,12,-1.09674336848598,-0.482359237976668,"Never-taker",-3.5,43.5127851768236,40.0127851768236,"Failure: non-random eligibility",2611,0,0,43.5127851768236
3673,14,1.53691604291907,0.299634291818599,"Complier",-5,59.3574477197877,54.3574477197877,"Failure: non-random eligibility",4625,0,0,59.3574477197877
3674,11,-0.465722525201219,1.0182619092431,"Complier",-5,39.6588793048453,34.6588793048453,"Failure: non-random eligibility",1224,1,1,34.6588793048453
3675,11,-0.478733526299899,0.786219494867881,"Complier",-5,41.0134749785435,36.0134749785435,"Failure: non-random eligibility",3159,0,0,41.0134749785435
3676,13,0.356039398071934,1.72702196904575,"Always-taker",-2,58.2957340098327,56.2957340098327,"Failure: non-random eligibility",4106,0,1,56.2957340098327
3677,11,-0.463283242017554,1.92760245053276,"Always-taker",-2,45.2489102640217,43.2489102640217,"Failure: non-random eligibility",2032,1,1,43.2489102640217
3678,11,-0.71897771695364,0.497805439012893,"Complier",-5,39.8604642743931,34.8604642743931,"Failure: non-random eligibility",651,1,1,34.8604642743931
3679,12,0.26350689357289,1.98175684610986,"Always-taker",-2,51.9862070399523,49.9862070399523,"Failure: non-random eligibility",1564,1,1,49.9862070399523
3680,11,-0.273039989873782,0.685142880138611,"Complier",-5,44.7580249638062,39.7580249638062,"Failure: non-random eligibility",3157,0,0,44.7580249638062
3681,12,-0.372930874474008,1.8031404956277,"Always-taker",-2,51.5806218453604,49.5806218453604,"Failure: non-random eligibility",2689,0,1,49.5806218453604
3682,13,-0.184831975617544,-1.41351519711687,"Never-taker",-3.5,35.5090324745857,32.0090324745857,"Failure: non-random eligibility",265,1,0,35.5090324745857
3683,9,-1.65554568558051,0.842373282874553,"Complier",-5,37.8247173209605,32.8247173209605,"Failure: non-random eligibility",4178,0,0,37.8247173209605
3684,12,-1.03489221388122,0.0986147759086981,"Never-taker",-3.5,46.3046440044315,42.8046440044315,"Failure: non-random eligibility",3976,0,0,46.3046440044315
3685,13,-0.455855384592923,-1.62446601635162,"Never-taker",-3.5,45.0815768708445,41.5815768708445,"Failure: non-random eligibility",583,1,0,45.0815768708445
3686,13,1.10339892667051,-0.514282019255365,"Never-taker",-3.5,50.5854756814013,47.0854756814013,"Failure: non-random eligibility",3571,0,0,50.5854756814013
3687,16,1.33552727007537,1.76136073121805,"Always-taker",-2,57.5837362432148,55.5837362432148,"Failure: non-random eligibility",4986,0,1,55.5837362432148
3688,9,-1.01146077146197,-2.43129677469153,"Never-taker",-3.5,34.5756206281052,31.0756206281052,"Failure: non-random eligibility",626,1,0,34.5756206281052
3689,14,-0.190138990399503,-1.23682885398991,"Never-taker",-3.5,45.8175734337775,42.3175734337775,"Failure: non-random eligibility",1113,1,0,45.8175734337775
3690,13,0.88977523280734,-1.69983536756615,"Never-taker",-3.5,51.2577670213319,47.7577670213319,"Failure: non-random eligibility",4644,0,0,51.2577670213319
3691,13,-0.218433196929433,-0.691753491106338,"Never-taker",-3.5,47.1002428500883,43.6002428500883,"Failure: non-random eligibility",1146,1,0,47.1002428500883
3692,15,1.02845550336262,-0.132483978350313,"Never-taker",-3.5,46.5479451953995,43.0479451953995,"Failure: non-random eligibility",4418,0,0,46.5479451953995
3693,13,0.135498382125304,0.682826911580668,"Complier",-5,49.2958783942049,44.2958783942049,"Failure: non-random eligibility",3293,0,0,49.2958783942049
3694,14,1.08928651704662,-1.03750997727671,"Never-taker",-3.5,49.9530943464182,46.4530943464182,"Failure: non-random eligibility",2345,1,0,49.9530943464182
3695,11,0.101367798534965,0.525010518038223,"Complier",-5,45.8214035214324,40.8214035214324,"Failure: non-random eligibility",2089,1,1,40.8214035214324
3696,13,0.317377025334463,-0.495047692849198,"Never-taker",-3.5,48.953411823093,45.453411823093,"Failure: non-random eligibility",1487,1,0,48.953411823093
3697,12,-0.910180909906911,-0.729648110573533,"Never-taker",-3.5,42.1943658648945,38.6943658648945,"Failure: non-random eligibility",591,1,0,42.1943658648945
3698,11,-1.18191637211147,-0.00546063476594709,"Never-taker",-3.5,45.0012391910601,41.5012391910601,"Failure: non-random eligibility",3699,0,0,45.0012391910601
3699,9,-1.64953179181923,-0.326373035316439,"Never-taker",-3.5,35.8932938944613,32.3932938944613,"Failure: non-random eligibility",3458,0,0,35.8932938944613
3700,15,0.898065886115355,-1.20856672727062,"Never-taker",-3.5,46.3467645327461,42.8467645327461,"Failure: non-random eligibility",1889,1,0,46.3467645327461
3701,13,-0.274031502112641,0.575204980989791,"Complier",-5,47.0127704592294,42.0127704592294,"Failure: non-random eligibility",3443,0,0,47.0127704592294
3702,13,-0.0137107921245775,0.580511615960454,"Complier",-5,41.4570178153304,36.4570178153304,"Failure: non-random eligibility",2514,0,0,41.4570178153304
3703,17,1.36430832711555,-0.977976660413919,"Never-taker",-3.5,55.9121578962363,52.4121578962363,"Failure: non-random eligibility",2231,1,0,55.9121578962363
3704,12,0.876356961048775,-0.36871407271841,"Never-taker",-3.5,44.9986844707605,41.4986844707605,"Failure: non-random eligibility",2966,0,0,44.9986844707605
3705,15,1.01488185635982,2.3938184280017,"Always-taker",-2,53.673037593836,51.673037593836,"Failure: non-random eligibility",3848,0,1,51.673037593836
3706,15,1.26312633916849,0.853223623048379,"Complier",-5,45.588852015593,40.588852015593,"Failure: non-random eligibility",2699,0,0,45.588852015593
3707,12,-1.360067243824,0.123985969180777,"Never-taker",-3.5,51.7266777231388,48.2266777231388,"Failure: non-random eligibility",1155,1,0,51.7266777231388
3708,12,-1.50578485342833,1.3173861535319,"Always-taker",-2,46.4692522184654,44.4692522184654,"Failure: non-random eligibility",2862,0,1,44.4692522184654
3709,12,0.178436102686575,-1.32042880317526,"Never-taker",-3.5,40.4480373294716,36.9480373294716,"Failure: non-random eligibility",2260,1,0,40.4480373294716
3710,15,0.684686141273464,-0.671760612291092,"Never-taker",-3.5,49.4913070842676,45.9913070842676,"Failure: non-random eligibility",4490,0,0,49.4913070842676
3711,13,0.92322524181468,-0.84527805345776,"Never-taker",-3.5,50.8428156214207,47.3428156214207,"Failure: non-random eligibility",1992,1,0,50.8428156214207
3712,11,0.331056838814258,0.776279184102636,"Complier",-5,51.3474722632083,46.3474722632083,"Failure: non-random eligibility",3515,0,0,51.3474722632083
3713,15,0.508717854812243,-0.0632370290006361,"Never-taker",-3.5,53.4071216048652,49.9071216048652,"Failure: non-random eligibility",2490,1,0,53.4071216048652
3714,9,-1.6786088180825,0.507665404501244,"Complier",-5,38.2870245654932,33.2870245654932,"Failure: non-random eligibility",239,1,1,33.2870245654932
3715,13,0.594520074363044,-0.151713082309267,"Never-taker",-3.5,47.8691771162236,44.3691771162236,"Failure: non-random eligibility",4333,0,0,47.8691771162236
3716,11,-0.513350993180807,0.445849098155535,"Complier",-5,40.3461332390332,35.3461332390332,"Failure: non-random eligibility",3540,0,0,40.3461332390332
3717,12,0.0478536617324858,2.42721216101848,"Always-taker",-2,53.3348569156029,51.3348569156029,"Failure: non-random eligibility",1423,1,1,51.3348569156029
3718,10,-0.376452225820987,1.20918462842135,"Complier",-5,41.6567495269852,36.6567495269852,"Failure: non-random eligibility",3508,0,0,41.6567495269852
3719,14,0.462910362495662,1.24856591362877,"Complier",-5,49.0129983322719,44.0129983322719,"Failure: non-random eligibility",2243,1,1,44.0129983322719
3720,13,-0.804058563260219,1.35607618438375,"Always-taker",-2,47.9945167546259,45.9945167546259,"Failure: non-random eligibility",1142,1,1,45.9945167546259
3721,15,0.993929786774615,-0.98255681464227,"Never-taker",-3.5,50.7304139076772,47.2304139076772,"Failure: non-random eligibility",4906,0,0,50.7304139076772
3722,15,0.911812484067435,-0.259646288595369,"Never-taker",-3.5,48.7328975400959,45.2328975400959,"Failure: non-random eligibility",2029,1,0,48.7328975400959
3723,14,0.430318849166682,-1.50876095922726,"Never-taker",-3.5,49.5110753417736,46.0110753417736,"Failure: non-random eligibility",4901,0,0,49.5110753417736
3724,12,-0.74196536010955,-0.592111674502993,"Never-taker",-3.5,33.4228199497677,29.9228199497677,"Failure: non-random eligibility",1961,1,0,33.4228199497677
3725,12,-1.1708664797379,-0.155200665854694,"Never-taker",-3.5,43.9667858984569,40.4667858984569,"Failure: non-random eligibility",1483,1,0,43.9667858984569
3726,16,2.2231010386091,0.184221094615916,"Complier",-5,59.767131347392,54.767131347392,"Failure: non-random eligibility",4091,0,0,59.767131347392
3727,11,-0.417060489808102,0.265403533090922,"Complier",-5,40.9955503890007,35.9955503890007,"Failure: non-random eligibility",1678,1,1,35.9955503890007
3728,14,0.375957845172677,-0.923463774335374,"Never-taker",-3.5,50.4627475694982,46.9627475694982,"Failure: non-random eligibility",4428,0,0,50.4627475694982
3729,9,-2.25059167443957,1.02836141214949,"Complier",-5,32.7444235642687,27.7444235642687,"Failure: non-random eligibility",330,1,1,27.7444235642687
3730,12,0.00732895760709568,-1.16243572924162,"Never-taker",-3.5,44.7156332857077,41.2156332857077,"Failure: non-random eligibility",4049,0,0,44.7156332857077
3731,11,-0.949141953497823,-1.32616851474569,"Never-taker",-3.5,34.7968309547259,31.2968309547259,"Failure: non-random eligibility",1348,1,0,34.7968309547259
3732,13,0.384246473762943,0.344812917763775,"Complier",-5,48.8965049826295,43.8965049826295,"Failure: non-random eligibility",677,1,1,43.8965049826295
3733,13,0.103324429837677,0.047681855208159,"Never-taker",-3.5,45.2276893506206,41.7276893506206,"Failure: non-random eligibility",4716,0,0,45.2276893506206
3734,15,0.687712914835697,-0.506116066131443,"Never-taker",-3.5,44.8811154481588,41.3811154481588,"Failure: non-random eligibility",923,1,0,44.8811154481588
3735,10,-1.53560743906369,-1.72995289809042,"Never-taker",-3.5,33.9183055031246,30.4183055031246,"Failure: non-random eligibility",1503,1,0,33.9183055031246
3736,13,-0.168581234958302,0.53817233685058,"Complier",-5,47.897820348936,42.897820348936,"Failure: non-random eligibility",4140,0,0,47.897820348936
3737,12,-0.546709562576554,0.533627870396181,"Complier",-5,42.0391818783159,37.0391818783159,"Failure: non-random eligibility",1683,1,1,37.0391818783159
3738,17,2.42216955203863,0.60212651453764,"Complier",-5,53.7614947800279,48.7614947800279,"Failure: non-random eligibility",4929,0,0,53.7614947800279
3739,13,-0.00836427490677529,0.592729198936187,"Complier",-5,48.871169242678,43.871169242678,"Failure: non-random eligibility",3110,0,0,48.871169242678
3740,13,0.496850941728023,-0.128565137525268,"Never-taker",-3.5,42.9436980541674,39.4436980541674,"Failure: non-random eligibility",316,1,0,42.9436980541674
3741,12,0.469321619829077,0.0865304059225567,"Never-taker",-3.5,46.0674936301256,42.5674936301256,"Failure: non-random eligibility",4779,0,0,46.0674936301256
3742,13,0.00734223539016292,0.713805122195562,"Complier",-5,39.4985651368401,34.4985651368401,"Failure: non-random eligibility",181,1,1,34.4985651368401
3743,9,-0.628376406826558,0.487814821202693,"Complier",-5,38.6289671497852,33.6289671497852,"Failure: non-random eligibility",3928,0,0,38.6289671497852
3744,13,-0.39559366926315,-0.676366137155118,"Never-taker",-3.5,40.6442872026004,37.1442872026004,"Failure: non-random eligibility",193,1,0,40.6442872026004
3745,10,-2.26070056739683,0.919706684235351,"Complier",-5,36.1063382630966,31.1063382630966,"Failure: non-random eligibility",1379,1,1,31.1063382630966
3746,15,0.350072068890674,-0.0549509641947787,"Never-taker",-3.5,49.8044218181635,46.3044218181635,"Failure: non-random eligibility",1757,1,0,49.8044218181635
3747,10,-0.0971206322086185,0.608904930903191,"Complier",-5,50.8382847064992,45.8382847064992,"Failure: non-random eligibility",2942,0,0,50.8382847064992
3748,13,1.28616932979279,-0.705758153364096,"Never-taker",-3.5,44.870392261679,41.370392261679,"Failure: non-random eligibility",3213,0,0,44.870392261679
3749,11,-0.271066144841814,0.263241920826201,"Complier",-5,38.335800469435,33.335800469435,"Failure: non-random eligibility",3448,0,0,38.335800469435
3750,9,-3.41232889644038,-0.0284698602494611,"Never-taker",-3.5,38.3301990089754,34.8301990089754,"Failure: non-random eligibility",540,1,0,38.3301990089754
3751,12,-1.30203625225997,2.06684682913237,"Always-taker",-2,44.1493032217407,42.1493032217407,"Failure: non-random eligibility",530,1,1,42.1493032217407
3752,10,-1.78403490156028,0.387289161509647,"Complier",-5,33.5915643180582,28.5915643180582,"Failure: non-random eligibility",2373,1,1,28.5915643180582
3753,13,0.892261155639748,-0.512332078959303,"Never-taker",-3.5,39.9889488343476,36.4889488343476,"Failure: non-random eligibility",4617,0,0,39.9889488343476
3754,13,0.504783321703434,-0.365583556093076,"Never-taker",-3.5,46.9586715653798,43.4586715653798,"Failure: non-random eligibility",3337,0,0,46.9586715653798
3755,11,-0.623532084910322,-1.99564883381258,"Never-taker",-3.5,40.9007337064431,37.4007337064431,"Failure: non-random eligibility",2464,1,0,40.9007337064431
3756,11,0.156116232016712,-1.14154735252364,"Never-taker",-3.5,46.7282915249596,43.2282915249596,"Failure: non-random eligibility",2462,1,0,46.7282915249596
3757,15,0.900017597534166,1.20745546455609,"Complier",-5,51.5084427175841,46.5084427175841,"Failure: non-random eligibility",4822,0,0,51.5084427175841
3758,10,-1.56651390352052,0.846055854961185,"Complier",-5,38.747720970371,33.747720970371,"Failure: non-random eligibility",1481,1,1,33.747720970371
3759,17,2.63281207784176,0.891467877774489,"Complier",-5,59.1865170950895,54.1865170950895,"Failure: non-random eligibility",4494,0,0,59.1865170950895
3760,11,-0.59488511818874,1.59849551307661,"Always-taker",-2,47.0846516430797,45.0846516430797,"Failure: non-random eligibility",1599,1,1,45.0846516430797
3761,11,-0.661915079781833,2.0670510648636,"Always-taker",-2,45.0722299504558,43.0722299504558,"Failure: non-random eligibility",4958,0,1,43.0722299504558
3762,13,0.498845672987045,1.17806718522005,"Complier",-5,49.0654808637596,44.0654808637596,"Failure: non-random eligibility",3774,0,0,49.0654808637596
3763,14,0.191301048515354,-1.26149051748053,"Never-taker",-3.5,49.119602901489,45.619602901489,"Failure: non-random eligibility",4903,0,0,49.119602901489
3764,13,-0.220203867968127,0.0414923888404749,"Never-taker",-3.5,49.0405307668667,45.5405307668667,"Failure: non-random eligibility",2319,1,0,49.0405307668667
3765,12,-1.74334458451386,-0.143673630150744,"Never-taker",-3.5,45.2400210247245,41.7400210247245,"Failure: non-random eligibility",358,1,0,45.2400210247245
3766,16,2.32698206069968,-0.35579381018288,"Never-taker",-3.5,48.7934023601686,45.2934023601686,"Failure: non-random eligibility",3242,0,0,48.7934023601686
3767,13,-1.01814702372779,-0.170626103852149,"Never-taker",-3.5,47.1498858407532,43.6498858407532,"Failure: non-random eligibility",4199,0,0,47.1498858407532
3768,13,-0.162970330324335,-0.223231925361958,"Never-taker",-3.5,46.0070643015349,42.5070643015349,"Failure: non-random eligibility",1173,1,0,46.0070643015349
3769,14,0.697644044593723,-0.919417106266383,"Never-taker",-3.5,49.8898469115976,46.3898469115976,"Failure: non-random eligibility",2991,0,0,49.8898469115976
3770,12,-0.34742010830661,-0.906562987390846,"Never-taker",-3.5,40.2089910186507,36.7089910186507,"Failure: non-random eligibility",1589,1,0,40.2089910186507
3771,14,0.563924344044954,-1.44505020347861,"Never-taker",-3.5,42.0403683672594,38.5403683672594,"Failure: non-random eligibility",1686,1,0,42.0403683672594
3772,16,1.62630242711001,0.111286387924783,"Never-taker",-3.5,54.3168068777611,50.8168068777611,"Failure: non-random eligibility",4898,0,0,54.3168068777611
3773,15,1.08704792797218,-0.0178626949920375,"Never-taker",-3.5,54.5334728155258,51.0334728155258,"Failure: non-random eligibility",3974,0,0,54.5334728155258
3774,16,0.525672065044573,-1.44289793533362,"Never-taker",-3.5,55.0627216602115,51.5627216602115,"Failure: non-random eligibility",1356,1,0,55.0627216602115
3775,10,-1.47206975435992,1.83355855323639,"Always-taker",-2,39.7601263652373,37.7601263652373,"Failure: non-random eligibility",708,1,1,37.7601263652373
3776,15,0.683757264148831,0.242010835207932,"Complier",-5,51.3353273759953,46.3353273759953,"Failure: non-random eligibility",1186,1,1,46.3353273759953
3777,11,0.109171629904268,1.34077459851947,"Always-taker",-2,55.964689489273,53.964689489273,"Failure: non-random eligibility",2824,0,1,53.964689489273
3778,12,0.677902700421726,0.208542289932932,"Complier",-5,46.7509147905175,41.7509147905175,"Failure: non-random eligibility",3186,0,0,46.7509147905175
3779,11,-0.945351104003897,-0.503962218329935,"Never-taker",-3.5,42.8352060775419,39.3352060775419,"Failure: non-random eligibility",1884,1,0,42.8352060775419
3780,12,-0.429656631912129,0.0458070268403086,"Never-taker",-3.5,44.1157436692151,40.6157436692151,"Failure: non-random eligibility",1528,1,0,44.1157436692151
3781,13,-0.451116344393894,-1.29627760703667,"Never-taker",-3.5,42.8508632553299,39.3508632553299,"Failure: non-random eligibility",3082,0,0,42.8508632553299
3782,13,0.0961740875579906,-0.383113619195725,"Never-taker",-3.5,48.048898138805,44.548898138805,"Failure: non-random eligibility",2616,0,0,48.048898138805
3783,15,0.751665019928306,-0.240555642234871,"Never-taker",-3.5,47.637600678482,44.137600678482,"Failure: non-random eligibility",1631,1,0,47.637600678482
3784,14,0.292635935918123,0.00419645935438023,"Never-taker",-3.5,37.8561902841517,34.3561902841517,"Failure: non-random eligibility",3278,0,0,37.8561902841517
3785,10,-2.01158973659252,1.59222211863127,"Always-taker",-2,40.5545909216375,38.5545909216375,"Failure: non-random eligibility",4773,0,1,38.5545909216375
3786,14,1.05266538756541,-0.323331059947144,"Never-taker",-3.5,49.4746424158876,45.9746424158876,"Failure: non-random eligibility",3467,0,0,49.4746424158876
3787,12,-0.702144446726475,1.47712213491128,"Always-taker",-2,49.253833734847,47.253833734847,"Failure: non-random eligibility",2945,0,1,47.253833734847
3788,14,0.536437282149788,1.47295380318738,"Always-taker",-2,60.8433481660188,58.8433481660188,"Failure: non-random eligibility",2392,1,1,58.8433481660188
3789,13,0.0112360851405152,1.90992733217238,"Always-taker",-2,47.50444496716,45.50444496716,"Failure: non-random eligibility",4291,0,1,45.50444496716
3790,14,0.694727161478755,-0.68909870244376,"Never-taker",-3.5,43.0259999163122,39.5259999163122,"Failure: non-random eligibility",3428,0,0,43.0259999163122
3791,13,-0.175114262975272,0.169229373150397,"Complier",-5,41.0882806818349,36.0882806818349,"Failure: non-random eligibility",2064,1,1,36.0882806818349
3792,16,1.02622260645017,-0.928162698086135,"Never-taker",-3.5,50.1463238925911,46.6463238925911,"Failure: non-random eligibility",3360,0,0,50.1463238925911
3793,14,0.95077859086408,0.526142623541061,"Complier",-5,44.8962929164207,39.8962929164207,"Failure: non-random eligibility",2683,0,0,44.8962929164207
3794,12,1.10436040736265,-1.1375315728239,"Never-taker",-3.5,43.1632613530016,39.6632613530016,"Failure: non-random eligibility",2189,1,0,43.1632613530016
3795,11,0.855010520395388,-0.404677600086247,"Never-taker",-3.5,45.7849280008705,42.2849280008705,"Failure: non-random eligibility",2679,0,0,45.7849280008705
3796,9,-1.15979490964953,1.06333742588505,"Complier",-5,41.6090612915361,36.6090612915361,"Failure: non-random eligibility",573,1,1,36.6090612915361
3797,13,0.0890673843330008,0.712188964213586,"Complier",-5,49.7868810224901,44.7868810224901,"Failure: non-random eligibility",2906,0,0,49.7868810224901
3798,14,-0.00689797090294973,1.56911206841483,"Always-taker",-2,51.8072804969572,49.8072804969572,"Failure: non-random eligibility",2575,0,1,49.8072804969572
3799,12,-0.297336286383534,0.706497223312872,"Complier",-5,48.499559153907,43.499559153907,"Failure: non-random eligibility",375,1,1,43.499559153907
3800,12,-0.620075969182544,2.02544047699337,"Always-taker",-2,44.9877505955734,42.9877505955734,"Failure: non-random eligibility",1002,1,1,42.9877505955734
3801,10,-1.10257627493764,1.31940748720105,"Always-taker",-2,52.0993474033033,50.0993474033033,"Failure: non-random eligibility",2771,0,1,50.0993474033033
3802,13,0.0504887899728739,0.204921754837461,"Complier",-5,49.0483740736134,44.0483740736134,"Failure: non-random eligibility",2352,1,1,44.0483740736134
3803,11,-0.701149425125605,-0.465140630211851,"Never-taker",-3.5,44.0244205281183,40.5244205281183,"Failure: non-random eligibility",4643,0,0,44.0244205281183
3804,12,-1.6004557717128,-0.188339763422908,"Never-taker",-3.5,39.0648998140849,35.5648998140849,"Failure: non-random eligibility",213,1,0,39.0648998140849
3805,13,-0.588419491410409,-1.25032226394622,"Never-taker",-3.5,36.8088291421953,33.3088291421953,"Failure: non-random eligibility",2581,0,0,36.8088291421953
3806,14,2.1459426131165,-0.508707819917966,"Never-taker",-3.5,44.6200179900958,41.1200179900958,"Failure: non-random eligibility",4765,0,0,44.6200179900958
3807,14,1.01192012719235,1.51488725117351,"Always-taker",-2,50.3739153662626,48.3739153662626,"Failure: non-random eligibility",3107,0,1,48.3739153662626
3808,14,0.915963420532006,-0.934578258335945,"Never-taker",-3.5,51.6553479733214,48.1553479733214,"Failure: non-random eligibility",4125,0,0,51.6553479733214
3809,12,-0.864717567364241,0.155942793142398,"Complier",-5,41.3011436727277,36.3011436727277,"Failure: non-random eligibility",4175,0,0,41.3011436727277
3810,11,-1.23288378582892,1.23510844188315,"Complier",-5,37.4697401075574,32.4697401075574,"Failure: non-random eligibility",1621,1,1,32.4697401075574
3811,11,0.130487156529525,0.436842920919241,"Complier",-5,47.4781917389721,42.4781917389721,"Failure: non-random eligibility",1821,1,1,42.4781917389721
3812,11,-0.492979433417475,-0.924239584521783,"Never-taker",-3.5,46.152636163355,42.652636163355,"Failure: non-random eligibility",2649,0,0,46.152636163355
3813,15,0.645037437279884,-1.34110986242064,"Never-taker",-3.5,53.1440532420863,49.6440532420863,"Failure: non-random eligibility",1841,1,0,53.1440532420863
3814,12,-0.0566190896717644,0.885722609695793,"Complier",-5,46.9366723685742,41.9366723685742,"Failure: non-random eligibility",2374,1,1,41.9366723685742
3815,14,0.368090389736278,0.359585002428317,"Complier",-5,50.5147512685041,45.5147512685041,"Failure: non-random eligibility",2709,0,0,50.5147512685041
3816,15,2.12173231278659,-2.32274595084228,"Never-taker",-3.5,45.3282499061562,41.8282499061562,"Failure: non-random eligibility",4406,0,0,45.3282499061562
3817,14,1.23232461825126,0.414151852915463,"Complier",-5,52.9294727609082,47.9294727609082,"Failure: non-random eligibility",1627,1,1,47.9294727609082
3818,12,-0.769988388457685,-0.0320102571618461,"Never-taker",-3.5,42.5879345217371,39.0879345217371,"Failure: non-random eligibility",4522,0,0,42.5879345217371
3819,11,-1.05969324651723,0.396768490109833,"Complier",-5,41.6278325521049,36.6278325521049,"Failure: non-random eligibility",4067,0,0,41.6278325521049
3820,10,-1.23328877397781,0.591122657375064,"Complier",-5,47.5973501525879,42.5973501525879,"Failure: non-random eligibility",3871,0,0,47.5973501525879
3821,13,-0.314733149478702,-0.201319264106008,"Never-taker",-3.5,43.5437089477157,40.0437089477157,"Failure: non-random eligibility",4596,0,0,43.5437089477157
3822,14,0.640424054134755,-1.73700183087416,"Never-taker",-3.5,45.2868793233593,41.7868793233593,"Failure: non-random eligibility",2500,1,0,45.2868793233593
3823,13,-0.531681913871453,-0.458758816024634,"Never-taker",-3.5,47.9969413143955,44.4969413143955,"Failure: non-random eligibility",3533,0,0,47.9969413143955
3824,14,1.65295453103233,0.525520552885166,"Complier",-5,52.5231987175457,47.5231987175457,"Failure: non-random eligibility",4554,0,0,52.5231987175457
3825,15,1.11311712179875,0.50589609710273,"Complier",-5,51.7847409457674,46.7847409457674,"Failure: non-random eligibility",2676,0,0,51.7847409457674
3826,13,0.907588576828374,-0.974887640905345,"Never-taker",-3.5,45.5239364042436,42.0239364042436,"Failure: non-random eligibility",556,1,0,45.5239364042436
3827,11,-0.634680113451791,-2.00817664030523,"Never-taker",-3.5,38.6265702461412,35.1265702461412,"Failure: non-random eligibility",1860,1,0,38.6265702461412
3828,10,-1.55557680068294,1.44356110382567,"Always-taker",-2,45.6976796511182,43.6976796511182,"Failure: non-random eligibility",2880,0,1,43.6976796511182
3829,13,0.414146788710781,0.411608900676593,"Complier",-5,56.4891873653613,51.4891873653613,"Failure: non-random eligibility",3814,0,0,56.4891873653613
3830,12,-0.0916797359297456,-1.70861355875047,"Never-taker",-3.5,39.6376054889714,36.1376054889714,"Failure: non-random eligibility",2137,1,0,39.6376054889714
3831,15,0.840743611132957,1.31910879273189,"Always-taker",-2,43.297706519036,41.297706519036,"Failure: non-random eligibility",4989,0,1,41.297706519036
3832,14,0.669718059245719,-1.58082317904763,"Never-taker",-3.5,41.6639586796332,38.1639586796332,"Failure: non-random eligibility",2395,1,0,41.6639586796332
3833,14,-0.234554854124594,-0.965033469085317,"Never-taker",-3.5,41.8652891778896,38.3652891778896,"Failure: non-random eligibility",2668,0,0,41.8652891778896
3834,14,1.25548444720504,-1.58244518422683,"Never-taker",-3.5,48.7636191234234,45.2636191234234,"Failure: non-random eligibility",4624,0,0,48.7636191234234
3835,13,0.210238708597736,0.647752144310887,"Complier",-5,45.2701909485938,40.2701909485938,"Failure: non-random eligibility",4955,0,0,45.2701909485938
3836,13,0.983092975026849,-0.237356202046271,"Never-taker",-3.5,47.8738930185569,44.3738930185569,"Failure: non-random eligibility",3863,0,0,47.8738930185569
3837,11,-0.522496022387406,-0.336772166294346,"Never-taker",-3.5,34.2053870262012,30.7053870262012,"Failure: non-random eligibility",2901,0,0,34.2053870262012
3838,10,-1.46103178599171,-1.6736450674291,"Never-taker",-3.5,35.3803904235552,31.8803904235552,"Failure: non-random eligibility",1102,1,0,35.3803904235552
3839,15,1.09213986109188,0.838001104263905,"Complier",-5,52.0034618276383,47.0034618276383,"Failure: non-random eligibility",4144,0,0,52.0034618276383
3840,13,-0.1286969978818,-0.400847243586574,"Never-taker",-3.5,47.3045892842507,43.8045892842507,"Failure: non-random eligibility",3424,0,0,47.3045892842507
3841,9,-1.60559186956753,0.388361159351691,"Complier",-5,39.2176036388881,34.2176036388881,"Failure: non-random eligibility",248,1,1,34.2176036388881
3842,11,0.278007706142775,-0.340744803224273,"Never-taker",-3.5,39.2251736023215,35.7251736023215,"Failure: non-random eligibility",4656,0,0,39.2251736023215
3843,12,-0.519240051191357,-0.791797530349836,"Never-taker",-3.5,40.4993523858607,36.9993523858607,"Failure: non-random eligibility",674,1,0,40.4993523858607
3844,11,-0.427559053914942,-1.85426491124266,"Never-taker",-3.5,39.1280719433587,35.6280719433587,"Failure: non-random eligibility",600,1,0,39.1280719433587
3845,10,-0.462950324290124,-0.963865628258336,"Never-taker",-3.5,43.0169133126863,39.5169133126863,"Failure: non-random eligibility",2918,0,0,43.0169133126863
3846,11,-0.846314049530247,-0.238724391927121,"Never-taker",-3.5,47.3913214490763,43.8913214490763,"Failure: non-random eligibility",553,1,0,47.3913214490763
3847,11,-1.14194450384654,-0.631839438663615,"Never-taker",-3.5,51.5664733875987,48.0664733875987,"Failure: non-random eligibility",2692,0,0,51.5664733875987
3848,15,1.16948757874498,-0.0268238237731972,"Never-taker",-3.5,54.0043118909271,50.5043118909271,"Failure: non-random eligibility",4947,0,0,54.0043118909271
3849,10,-1.79642304369994,-0.539254961981398,"Never-taker",-3.5,39.006564540027,35.506564540027,"Failure: non-random eligibility",1252,1,0,39.006564540027
3850,13,-1.36810271990447,2.98486506288323,"Always-taker",-2,39.9428560640912,37.9428560640912,"Failure: non-random eligibility",290,1,1,37.9428560640912
3851,13,0.323354309565828,0.350169646327896,"Complier",-5,55.1887360474666,50.1887360474666,"Failure: non-random eligibility",1265,1,1,50.1887360474666
3852,12,0.00158378487934125,-0.274702239007759,"Never-taker",-3.5,45.8717906199074,42.3717906199074,"Failure: non-random eligibility",724,1,0,45.8717906199074
3853,11,1.24260752857308,0.229545116172287,"Complier",-5,52.7390345337365,47.7390345337365,"Failure: non-random eligibility",2380,1,1,47.7390345337365
3854,12,-0.781793411010602,-1.30809731988953,"Never-taker",-3.5,40.351222239728,36.851222239728,"Failure: non-random eligibility",3487,0,0,40.351222239728
3855,14,0.610192999336437,-1.23354002369705,"Never-taker",-3.5,41.4527148874637,37.9527148874637,"Failure: non-random eligibility",1682,1,0,41.4527148874637
3856,10,-1.05399531558853,-0.113227487994167,"Never-taker",-3.5,40.5668304229063,37.0668304229063,"Failure: non-random eligibility",1143,1,0,40.5668304229063
3857,13,0.495057797999869,-1.20652859462566,"Never-taker",-3.5,52.438033705471,48.938033705471,"Failure: non-random eligibility",3038,0,0,52.438033705471
3858,11,-0.769276412870271,0.281077841734339,"Complier",-5,39.050047973025,34.050047973025,"Failure: non-random eligibility",3740,0,0,39.050047973025
3859,11,0.207722163755115,-0.715666524526585,"Never-taker",-3.5,50.4705387888746,46.9705387888746,"Failure: non-random eligibility",4800,0,0,50.4705387888746
3860,16,1.64573784709743,0.0518362003750435,"Never-taker",-3.5,50.7355145582309,47.2355145582309,"Failure: non-random eligibility",4050,0,0,50.7355145582309
3861,12,-0.290456098799009,-0.470779859263802,"Never-taker",-3.5,42.4930997300598,38.9930997300598,"Failure: non-random eligibility",883,1,0,42.4930997300598
3862,11,0.757110011352237,-0.365302946650739,"Never-taker",-3.5,47.2327429286253,43.7327429286253,"Failure: non-random eligibility",1950,1,0,47.2327429286253
3863,10,-0.468196877662949,-0.737168401381129,"Never-taker",-3.5,46.636944200125,43.136944200125,"Failure: non-random eligibility",3623,0,0,46.636944200125
3864,15,0.591568718711881,-1.01231443165729,"Never-taker",-3.5,45.2062369763451,41.7062369763451,"Failure: non-random eligibility",854,1,0,45.2062369763451
3865,10,-1.76252028302634,-0.723333114770667,"Never-taker",-3.5,34.3904697315776,30.8904697315776,"Failure: non-random eligibility",396,1,0,34.3904697315776
3866,17,1.86209990049648,-1.06893805381514,"Never-taker",-3.5,57.4354879411379,53.9354879411379,"Failure: non-random eligibility",2831,0,0,57.4354879411379
3867,16,0.0815702151314416,1.28088688706369,"Complier",-5,49.4302304844916,44.4302304844916,"Failure: non-random eligibility",2568,0,0,49.4302304844916
3868,10,-1.07845216502468,1.31450817342396,"Always-taker",-2,44.6582289939874,42.6582289939874,"Failure: non-random eligibility",1368,1,1,42.6582289939874
3869,12,-1.4643378580468,0.902129138219733,"Complier",-5,48.5810366076692,43.5810366076692,"Failure: non-random eligibility",658,1,1,43.5810366076692
3870,15,2.56557089371892,-0.0282881975523105,"Never-taker",-3.5,59.1225151228264,55.6225151228264,"Failure: non-random eligibility",3937,0,0,59.1225151228264
3871,9,-0.797006415817114,0.544718804752035,"Complier",-5,41.1300745581231,36.1300745581231,"Failure: non-random eligibility",3919,0,0,41.1300745581231
3872,11,-1.83118541498653,0.157297459720472,"Complier",-5,43.665106944155,38.665106944155,"Failure: non-random eligibility",1629,1,1,38.665106944155
3873,10,-1.29426280476027,0.806734803700451,"Complier",-5,41.8371543678422,36.8371543678422,"Failure: non-random eligibility",43,1,1,36.8371543678422
3874,12,-0.540443784381891,-0.00119413332235214,"Never-taker",-3.5,44.8117877669506,41.3117877669506,"Failure: non-random eligibility",1205,1,0,44.8117877669506
3875,11,-1.79162037284485,0.271937739248223,"Complier",-5,37.3098115391959,32.3098115391959,"Failure: non-random eligibility",887,1,1,32.3098115391959
3876,10,-1.62055832952108,0.700796488444297,"Complier",-5,32.7089102718041,27.7089102718041,"Failure: non-random eligibility",812,1,1,27.7089102718041
3877,13,-0.552193117915817,1.15106202038615,"Complier",-5,46.2633128357357,41.2633128357357,"Failure: non-random eligibility",31,1,1,41.2633128357357
3878,12,1.51152317067792,-1.91619025501887,"Never-taker",-3.5,45.6443406311816,42.1443406311816,"Failure: non-random eligibility",4713,0,0,45.6443406311816
3879,9,-2.54253457048717,0.50215184304382,"Complier",-5,37.368077629374,32.368077629374,"Failure: non-random eligibility",1074,1,1,32.368077629374
3880,13,0.74449917762084,0.950595595376362,"Complier",-5,48.3162387374497,43.3162387374497,"Failure: non-random eligibility",3579,0,0,48.3162387374497
3881,14,-0.162529934880554,-2.54565349548301,"Never-taker",-3.5,49.3321991862998,45.8321991862998,"Failure: non-random eligibility",767,1,0,49.3321991862998
3882,13,0.870981783647449,-0.963194157500813,"Never-taker",-3.5,48.1568436706754,44.6568436706754,"Failure: non-random eligibility",2925,0,0,48.1568436706754
3883,12,-0.256782698345903,1.19590171732097,"Complier",-5,38.9110436042482,33.9110436042482,"Failure: non-random eligibility",3072,0,0,38.9110436042482
3884,15,0.600747432974498,-0.740344800799194,"Never-taker",-3.5,54.472796036029,50.972796036029,"Failure: non-random eligibility",4133,0,0,54.472796036029
3885,9,-1.9493215333859,-0.38365830872624,"Never-taker",-3.5,36.7915152555592,33.2915152555592,"Failure: non-random eligibility",901,1,0,36.7915152555592
3886,14,0.45385835793515,0.464002282592272,"Complier",-5,54.3763165912136,49.3763165912136,"Failure: non-random eligibility",3969,0,0,54.3763165912136
3887,13,0.373910389780162,-1.60420683059454,"Never-taker",-3.5,45.7618961610213,42.2618961610213,"Failure: non-random eligibility",4943,0,0,45.7618961610213
3888,13,0.198872344403687,0.215626388038805,"Complier",-5,47.7487360725869,42.7487360725869,"Failure: non-random eligibility",4097,0,0,47.7487360725869
3889,13,-1.19519176913103,-0.308649554299155,"Never-taker",-3.5,48.7921719671197,45.2921719671197,"Failure: non-random eligibility",4649,0,0,48.7921719671197
3890,14,0.47364320257803,-1.05547085323952,"Never-taker",-3.5,43.5918576164133,40.0918576164133,"Failure: non-random eligibility",2172,1,0,43.5918576164133
3891,11,-0.17251866708605,1.13081729624037,"Complier",-5,43.7274177819291,38.7274177819291,"Failure: non-random eligibility",1561,1,1,38.7274177819291
3892,13,-0.0480252308372632,0.564996045825784,"Complier",-5,44.3962871770796,39.3962871770796,"Failure: non-random eligibility",4852,0,0,44.3962871770796
3893,15,1.25141068632594,0.869400287656322,"Complier",-5,59.0103027442272,54.0103027442272,"Failure: non-random eligibility",889,1,1,54.0103027442272
3894,13,0.269872475228955,-0.96083199045284,"Never-taker",-3.5,44.2598291097056,40.7598291097056,"Failure: non-random eligibility",4807,0,0,44.2598291097056
3895,14,0.699265408433081,-0.326477045604275,"Never-taker",-3.5,46.8231445249333,43.3231445249333,"Failure: non-random eligibility",2050,1,0,46.8231445249333
3896,14,0.268112321755396,-0.817065142941,"Never-taker",-3.5,48.674301418459,45.174301418459,"Failure: non-random eligibility",2379,1,0,48.674301418459
3897,13,-0.327654703695344,-0.715772916896808,"Never-taker",-3.5,50.5869658298266,47.0869658298266,"Failure: non-random eligibility",4273,0,0,50.5869658298266
3898,11,-1.35303553155094,-0.166338118726908,"Never-taker",-3.5,37.9964540646071,34.4964540646071,"Failure: non-random eligibility",1620,1,0,37.9964540646071
3899,12,-0.421102093337265,1.49892503276702,"Always-taker",-2,42.1099942247194,40.1099942247194,"Failure: non-random eligibility",3992,0,1,40.1099942247194
3900,15,0.957781196963602,0.107134943223728,"Never-taker",-3.5,50.5279078808022,47.0279078808022,"Failure: non-random eligibility",3470,0,0,50.5279078808022
3901,13,0.00704805702275148,0.499371233695884,"Complier",-5,43.951032716873,38.951032716873,"Failure: non-random eligibility",4328,0,0,43.951032716873
3902,13,0.120858589113541,-0.303649096094137,"Never-taker",-3.5,46.7436019279075,43.2436019279075,"Failure: non-random eligibility",1292,1,0,46.7436019279075
3903,13,-0.150412519830009,-1.13118219044467,"Never-taker",-3.5,43.1670767973679,39.6670767973679,"Failure: non-random eligibility",2550,0,0,43.1670767973679
3904,14,0.124449880296028,0.44389256922078,"Complier",-5,47.7498967575678,42.7498967575678,"Failure: non-random eligibility",2254,1,1,42.7498967575678
3905,14,0.572219610710697,0.356169644073672,"Complier",-5,46.9252800707955,41.9252800707955,"Failure: non-random eligibility",4517,0,0,46.9252800707955
3906,12,-0.0878623959412637,-0.44050862006007,"Never-taker",-3.5,43.5448036056116,40.0448036056116,"Failure: non-random eligibility",1720,1,0,43.5448036056116
3907,13,-0.0496572292141029,-1.7129845660313,"Never-taker",-3.5,44.3760916920458,40.8760916920458,"Failure: non-random eligibility",110,1,0,44.3760916920458
3908,12,-1.10835671197071,-0.414321732351347,"Never-taker",-3.5,41.9107387316041,38.4107387316041,"Failure: non-random eligibility",1788,1,0,41.9107387316041
3909,12,-0.0152881325768257,-1.658623505244,"Never-taker",-3.5,43.0775087808036,39.5775087808036,"Failure: non-random eligibility",3884,0,0,43.0775087808036
3910,10,-1.23811303410316,-0.68055780734476,"Never-taker",-3.5,35.970625625914,32.470625625914,"Failure: non-random eligibility",562,1,0,35.970625625914
3911,15,0.980664087590832,-1.17073405795004,"Never-taker",-3.5,49.1153903114427,45.6153903114427,"Failure: non-random eligibility",3178,0,0,49.1153903114427
3912,13,-0.824121913021214,-0.463989675605492,"Never-taker",-3.5,34.2568165768214,30.7568165768214,"Failure: non-random eligibility",2217,1,0,34.2568165768214
3913,12,0.496580775319612,0.0134990134656932,"Never-taker",-3.5,50.6016311637476,47.1016311637476,"Failure: non-random eligibility",4600,0,0,50.6016311637476
3914,13,0.844636024217977,1.49624157216326,"Always-taker",-2,51.7278873305675,49.7278873305675,"Failure: non-random eligibility",1152,1,1,49.7278873305675
3915,11,-0.172231846077941,0.244520887122614,"Complier",-5,57.0670022053956,52.0670022053956,"Failure: non-random eligibility",2090,1,1,52.0670022053956
3916,12,-0.259181495022696,0.366596185901894,"Complier",-5,38.2779506416987,33.2779506416987,"Failure: non-random eligibility",51,1,1,33.2779506416987
3917,15,0.946988635238244,-0.328331905462406,"Never-taker",-3.5,48.8459587523321,45.3459587523321,"Failure: non-random eligibility",1352,1,0,48.8459587523321
3918,13,1.34717030129488,0.146999250178157,"Complier",-5,49.1473499947694,44.1473499947694,"Failure: non-random eligibility",4143,0,0,49.1473499947694
3919,10,-1.34756286652,0.103096523799232,"Never-taker",-3.5,41.5234258930804,38.0234258930804,"Failure: non-random eligibility",1053,1,0,41.5234258930804
3920,11,-1.10181611566236,-0.805631781023478,"Never-taker",-3.5,36.4651125512392,32.9651125512392,"Failure: non-random eligibility",1690,1,0,36.4651125512392
3921,11,-1.77364688082101,-0.363198133355179,"Never-taker",-3.5,33.249838776295,29.749838776295,"Failure: non-random eligibility",1063,1,0,33.249838776295
3922,10,-1.91980984656255,-0.108120597968618,"Never-taker",-3.5,40.0827959918597,36.5827959918597,"Failure: non-random eligibility",718,1,0,40.0827959918597
3923,12,-0.0833948312260526,0.243760394958391,"Complier",-5,44.9619003704686,39.9619003704686,"Failure: non-random eligibility",3192,0,0,44.9619003704686
3924,12,1.09468081201534,-0.975091997652096,"Never-taker",-3.5,44.7984702533788,41.2984702533788,"Failure: non-random eligibility",4678,0,0,44.7984702533788
3925,13,0.411738349063541,-0.766148691210051,"Never-taker",-3.5,47.7775330836864,44.2775330836864,"Failure: non-random eligibility",4054,0,0,47.7775330836864
3926,12,0.101522545015875,0.86009782560298,"Complier",-5,40.0303636365037,35.0303636365037,"Failure: non-random eligibility",3707,0,0,40.0303636365037
3927,12,-0.399117832300488,0.13254650434133,"Complier",-5,42.4796889647664,37.4796889647664,"Failure: non-random eligibility",3129,0,0,42.4796889647664
3928,13,-0.59443952984411,-1.64470326213309,"Never-taker",-3.5,40.2861698546847,36.7861698546847,"Failure: non-random eligibility",702,1,0,40.2861698546847
3929,12,0.42452732253299,0.479453902702267,"Complier",-5,51.3741197165967,46.3741197165967,"Failure: non-random eligibility",3227,0,0,51.3741197165967
3930,10,-0.917557637760512,2.8733168579563,"Always-taker",-2,50.4044584490149,48.4044584490149,"Failure: non-random eligibility",1849,1,1,48.4044584490149
3931,10,-2.52839607419443,0.974047943961531,"Complier",-5,39.6324387518324,34.6324387518324,"Failure: non-random eligibility",70,1,1,34.6324387518324
3932,15,1.88000584098183,0.193889707583506,"Complier",-5,53.7511103987885,48.7511103987885,"Failure: non-random eligibility",1602,1,1,48.7511103987885
3933,10,-1.03803865047142,-0.926708728247584,"Never-taker",-3.5,38.6539169743114,35.1539169743114,"Failure: non-random eligibility",2589,0,0,38.6539169743114
3934,13,1.29173762254629,-0.615362212309556,"Never-taker",-3.5,45.292538776854,41.792538776854,"Failure: non-random eligibility",4672,0,0,45.292538776854
3935,12,-0.226491241644066,-0.701702221162161,"Never-taker",-3.5,43.10699359769,39.60699359769,"Failure: non-random eligibility",1885,1,0,43.10699359769
3936,12,-0.229596795187997,0.276580086794672,"Complier",-5,45.2390154043625,40.2390154043625,"Failure: non-random eligibility",3519,0,0,45.2390154043625
3937,13,0.585047966308893,-0.468067655229871,"Never-taker",-3.5,47.0310443110045,43.5310443110045,"Failure: non-random eligibility",3068,0,0,47.0310443110045
3938,12,0.464675230590965,0.0148121447075493,"Never-taker",-3.5,41.5558597346498,38.0558597346498,"Failure: non-random eligibility",1372,1,0,41.5558597346498
3939,11,-0.574378306172148,-0.754845656385722,"Never-taker",-3.5,41.7259588044392,38.2259588044392,"Failure: non-random eligibility",500,1,0,41.7259588044392
3940,15,0.631041711616784,1.65756312357191,"Always-taker",-2,50.867580503911,48.867580503911,"Failure: non-random eligibility",3557,0,1,48.867580503911
3941,9,-1.85543074727774,0.707686631672093,"Complier",-5,31.8029051777735,26.8029051777735,"Failure: non-random eligibility",2063,1,1,26.8029051777735
3942,14,0.737171269055079,0.45547917062018,"Complier",-5,47.3782624475868,42.3782624475868,"Failure: non-random eligibility",3328,0,0,47.3782624475868
3943,8,-2.2806056533645,0.778893701754238,"Complier",-5,41.768056826851,36.768056826851,"Failure: non-random eligibility",176,1,1,36.768056826851
3944,11,-0.715952264679515,0.486068922882166,"Complier",-5,44.1563275357126,39.1563275357126,"Failure: non-random eligibility",3688,0,0,44.1563275357126
3945,15,0.580911592323377,-0.476757726583622,"Never-taker",-3.5,49.9692313172238,46.4692313172238,"Failure: non-random eligibility",3682,0,0,49.9692313172238
3946,13,-0.12572659764507,-1.18991894305424,"Never-taker",-3.5,43.3120178721596,39.8120178721596,"Failure: non-random eligibility",2996,0,0,43.3120178721596
3947,12,0.297872381852423,-0.445332432212865,"Never-taker",-3.5,43.7740180503038,40.2740180503038,"Failure: non-random eligibility",2636,0,0,43.7740180503038
3948,11,-1.16133176202021,-0.875592010836022,"Never-taker",-3.5,37.0974841930102,33.5974841930102,"Failure: non-random eligibility",328,1,0,37.0974841930102
3949,13,0.353097261333869,0.544758515362331,"Complier",-5,43.4687231312975,38.4687231312975,"Failure: non-random eligibility",1548,1,1,38.4687231312975
3950,12,-1.68416519223997,-0.940876399587307,"Never-taker",-3.5,35.5949143239801,32.0949143239801,"Failure: non-random eligibility",2170,1,0,35.5949143239801
3951,12,-1.11609758060522,-0.717539299247102,"Never-taker",-3.5,45.1592566465315,41.6592566465315,"Failure: non-random eligibility",2861,0,0,45.1592566465315
3952,11,1.33163868863209,0.237645941093819,"Complier",-5,43.2176737757317,38.2176737757317,"Failure: non-random eligibility",2427,1,1,38.2176737757317
3953,13,1.0579234039222,0.159261326681011,"Complier",-5,51.9789518750378,46.9789518750378,"Failure: non-random eligibility",3325,0,0,51.9789518750378
3954,13,-0.250406871661851,2.05470005590518,"Always-taker",-2,55.5386426245165,53.5386426245165,"Failure: non-random eligibility",776,1,1,53.5386426245165
3955,13,2.00897380688427,0.173174958952377,"Complier",-5,51.2529149080961,46.2529149080961,"Failure: non-random eligibility",3199,0,0,51.2529149080961
3956,12,-1.0882133221904,-0.221482686858726,"Never-taker",-3.5,41.7361469645527,38.2361469645527,"Failure: non-random eligibility",1020,1,0,41.7361469645527
3957,11,-0.70894089303276,-0.739357991172144,"Never-taker",-3.5,40.6659782568704,37.1659782568704,"Failure: non-random eligibility",1297,1,0,40.6659782568704
3958,14,0.162913000684647,-0.525022404578757,"Never-taker",-3.5,42.398699119388,38.898699119388,"Failure: non-random eligibility",171,1,0,42.398699119388
3959,15,1.37183146466845,-1.82551365027723,"Never-taker",-3.5,53.1950953060964,49.6950953060964,"Failure: non-random eligibility",891,1,0,53.1950953060964
3960,12,0.867220114497218,1.19011530831451,"Complier",-5,47.7310791035822,42.7310791035822,"Failure: non-random eligibility",4798,0,0,47.7310791035822
3961,10,-0.509887753034201,0.590995167088703,"Complier",-5,39.2609577577279,34.2609577577279,"Failure: non-random eligibility",1772,1,1,34.2609577577279
3962,11,-0.430969524884149,-1.32333711291855,"Never-taker",-3.5,38.8114355770261,35.3114355770261,"Failure: non-random eligibility",560,1,0,38.8114355770261
3963,16,-1.07653435507073,-0.224634585306912,"Never-taker",-3.5,47.9891062949748,44.4891062949748,"Failure: non-random eligibility",303,1,0,47.9891062949748
3964,12,0.606165722166826,-0.321709402939366,"Never-taker",-3.5,39.7271916450253,36.2271916450253,"Failure: non-random eligibility",4701,0,0,39.7271916450253
3965,12,0.526728760951963,0.98448684621517,"Complier",-5,42.0355329902045,37.0355329902045,"Failure: non-random eligibility",1597,1,1,37.0355329902045
3966,15,0.740202478667642,0.834524509537427,"Complier",-5,56.9651641720537,51.9651641720537,"Failure: non-random eligibility",2202,1,1,51.9651641720537
3967,11,-1.66425008332047,0.196798162168511,"Complier",-5,39.1392816324458,34.1392816324458,"Failure: non-random eligibility",1766,1,1,34.1392816324458
3968,14,0.900584943443571,-1.3927227734841,"Never-taker",-3.5,49.6020816324879,46.1020816324879,"Failure: non-random eligibility",672,1,0,49.6020816324879
3969,13,0.647367879751575,-0.363290783035716,"Never-taker",-3.5,47.047873704025,43.547873704025,"Failure: non-random eligibility",4654,0,0,47.047873704025
3970,12,-0.47049524647735,0.722047909659353,"Complier",-5,37.360099070906,32.360099070906,"Failure: non-random eligibility",3507,0,0,37.360099070906
3971,16,3.02796412195875,0.418932885706284,"Complier",-5,60.631578807461,55.631578807461,"Failure: non-random eligibility",4336,0,0,60.631578807461
3972,13,0.37817565816171,0.942645951783596,"Complier",-5,51.9709138191045,46.9709138191045,"Failure: non-random eligibility",4011,0,0,51.9709138191045
3973,16,0.823953618696508,-0.0770854255137557,"Never-taker",-3.5,53.3595511357203,49.8595511357203,"Failure: non-random eligibility",1245,1,0,53.3595511357203
3974,12,-0.895880161138461,0.0306249619508076,"Never-taker",-3.5,45.8237528630645,42.3237528630645,"Failure: non-random eligibility",1451,1,0,45.8237528630645
3975,10,-1.40385024300042,-1.66899889378773,"Never-taker",-3.5,44.7389362309583,41.2389362309583,"Failure: non-random eligibility",112,1,0,44.7389362309583
3976,13,-0.37193575785125,1.47480289437069,"Always-taker",-2,53.4318997569558,51.4318997569558,"Failure: non-random eligibility",2331,1,1,51.4318997569558
3977,13,-0.0388109379921352,-0.832502185193242,"Never-taker",-3.5,45.68004171286,42.18004171286,"Failure: non-random eligibility",1169,1,0,45.68004171286
3978,12,-1.28001115340569,-1.70343992929263,"Never-taker",-3.5,42.3061397853704,38.8061397853704,"Failure: non-random eligibility",1175,1,0,42.3061397853704
3979,12,0.09544543686619,-2.42848732061567,"Never-taker",-3.5,36.2312923525978,32.7312923525978,"Failure: non-random eligibility",4312,0,0,36.2312923525978
3980,10,0.375346711521362,0.0749218874173053,"Never-taker",-3.5,44.0347383635548,40.5347383635548,"Failure: non-random eligibility",1870,1,0,44.0347383635548
3981,13,0.539720354000602,-0.817758679165831,"Never-taker",-3.5,62.6108465593684,59.1108465593684,"Failure: non-random eligibility",1347,1,0,62.6108465593684
3982,11,-0.347259389986152,-1.91738426501406,"Never-taker",-3.5,44.2486762021361,40.7486762021361,"Failure: non-random eligibility",3080,0,0,44.2486762021361
3983,13,0.16228211289617,0.019158648339556,"Never-taker",-3.5,47.3716357484686,43.8716357484686,"Failure: non-random eligibility",1926,1,0,47.3716357484686
3984,12,0.865201504585929,-1.09545105458412,"Never-taker",-3.5,46.6971052126177,43.1971052126177,"Failure: non-random eligibility",514,1,0,46.6971052126177
3985,11,-0.864393671845431,-0.642428517416941,"Never-taker",-3.5,38.5204879400048,35.0204879400048,"Failure: non-random eligibility",4235,0,0,38.5204879400048
3986,14,0.825494991252587,0.459996979263245,"Complier",-5,51.3375318075845,46.3375318075845,"Failure: non-random eligibility",4511,0,0,51.3375318075845
3987,15,0.105769593219928,-0.0643882490970102,"Never-taker",-3.5,47.1246152126909,43.6246152126909,"Failure: non-random eligibility",1359,1,0,47.1246152126909
3988,13,0.210457292865374,-0.532355801342378,"Never-taker",-3.5,46.6375922469762,43.1375922469762,"Failure: non-random eligibility",2091,1,0,46.6375922469762
3989,13,-0.148081619027884,1.41596248810608,"Always-taker",-2,43.56895707243,41.56895707243,"Failure: non-random eligibility",4662,0,1,41.56895707243
3990,13,0.0894721724704059,0.784710604606652,"Complier",-5,52.1683532548483,47.1683532548483,"Failure: non-random eligibility",184,1,1,47.1683532548483
3991,10,-0.435553962964692,-0.162696865772818,"Never-taker",-3.5,35.2661484693129,31.7661484693129,"Failure: non-random eligibility",2115,1,0,35.2661484693129
3992,13,0.917653103627001,-0.370773280216819,"Never-taker",-3.5,47.594973743927,44.094973743927,"Failure: non-random eligibility",3516,0,0,47.594973743927
3993,13,0.0964220134141865,-1.88297205776696,"Never-taker",-3.5,50.4974903548959,46.9974903548959,"Failure: non-random eligibility",1247,1,0,50.4974903548959
3994,12,-0.639380283846196,0.560544267236449,"Complier",-5,42.1914847831264,37.1914847831264,"Failure: non-random eligibility",4674,0,0,42.1914847831264
3995,12,-1.08761745420166,-0.559708683089953,"Never-taker",-3.5,37.5121468291383,34.0121468291383,"Failure: non-random eligibility",993,1,0,37.5121468291383
3996,13,0.215477600119528,-1.55810890715036,"Never-taker",-3.5,48.8221346001319,45.3221346001319,"Failure: non-random eligibility",1932,1,0,48.8221346001319
3997,12,0.274066114287579,-0.774986787203809,"Never-taker",-3.5,38.3043243702111,34.8043243702111,"Failure: non-random eligibility",1660,1,0,38.3043243702111
3998,12,-0.115994526666451,-0.7695747576815,"Never-taker",-3.5,47.9672633304044,44.4672633304044,"Failure: non-random eligibility",764,1,0,47.9672633304044
3999,10,-1.07765721460739,1.19812793190059,"Complier",-5,45.5173700029305,40.5173700029305,"Failure: non-random eligibility",558,1,1,40.5173700029305
4000,14,0.72652312532817,2.70106199568584,"Always-taker",-2,59.2196201811,57.2196201811,"Failure: non-random eligibility",4119,0,1,57.2196201811
4001,13,-0.263066046477175,0.375533615541808,"Complier",-5,46.8918861667258,41.8918861667258,"Failure: non-random eligibility",3187,0,0,46.8918861667258
4002,12,-0.252261537626864,0.598191555625547,"Complier",-5,39.2654338789646,34.2654338789646,"Failure: non-random eligibility",1952,1,1,34.2654338789646
4003,13,0.294495714135802,-1.85525062269812,"Never-taker",-3.5,39.3030265354072,35.8030265354072,"Failure: non-random eligibility",989,1,0,39.3030265354072
4004,14,0.939204450343552,0.619325415605439,"Complier",-5,53.7679612174307,48.7679612174307,"Failure: non-random eligibility",3379,0,0,53.7679612174307
4005,12,-1.35968163437831,-0.584585576328641,"Never-taker",-3.5,44.3705730398537,40.8705730398537,"Failure: non-random eligibility",2303,1,0,44.3705730398537
4006,12,-0.282383416610967,-1.23258147474632,"Never-taker",-3.5,39.1618054132986,35.6618054132986,"Failure: non-random eligibility",2206,1,0,39.1618054132986
4007,13,0.372507371881502,-0.0784553968854357,"Never-taker",-3.5,45.4644431897786,41.9644431897786,"Failure: non-random eligibility",3979,0,0,45.4644431897786
4008,12,-1.19591337070096,0.265420648990267,"Complier",-5,45.8342463506335,40.8342463506335,"Failure: non-random eligibility",2147,1,1,40.8342463506335
4009,14,1.15315249252105,1.18289099393713,"Complier",-5,53.4688722841958,48.4688722841958,"Failure: non-random eligibility",3887,0,0,53.4688722841958
4010,12,-0.417687078002042,-0.324305612280035,"Never-taker",-3.5,46.3158457302105,42.8158457302105,"Failure: non-random eligibility",3725,0,0,46.3158457302105
4011,12,-0.717679176095173,-0.357612269954576,"Never-taker",-3.5,41.7471732285935,38.2471732285935,"Failure: non-random eligibility",960,1,0,41.7471732285935
4012,10,-1.83673763574251,0.937044311923789,"Complier",-5,47.567552193272,42.567552193272,"Failure: non-random eligibility",546,1,1,42.567552193272
4013,11,-0.206002613645747,-1.56182250969699,"Never-taker",-3.5,42.3241093150419,38.8241093150419,"Failure: non-random eligibility",3751,0,0,42.3241093150419
4014,12,0.254909595136759,1.25486360329405,"Complier",-5,46.8439387860885,41.8439387860885,"Failure: non-random eligibility",1193,1,1,41.8439387860885
4015,16,2.05263412674871,-0.0381327781124178,"Never-taker",-3.5,49.2578884710942,45.7578884710942,"Failure: non-random eligibility",4076,0,0,49.2578884710942
4016,13,0.0304596110534169,-1.06156800161152,"Never-taker",-3.5,41.4273875841392,37.9273875841392,"Failure: non-random eligibility",2031,1,0,41.4273875841392
4017,12,0.693485614595402,0.577153487482237,"Complier",-5,48.4034871179078,43.4034871179078,"Failure: non-random eligibility",3257,0,0,48.4034871179078
4018,11,-1.34813928849114,-1.19777871557364,"Never-taker",-3.5,30.697171533298,27.197171533298,"Failure: non-random eligibility",369,1,0,30.697171533298
4019,15,1.05923489513563,-0.803765765550547,"Never-taker",-3.5,44.4217601312501,40.9217601312501,"Failure: non-random eligibility",2927,0,0,44.4217601312501
4020,13,-0.568902585405413,0.706274001305242,"Complier",-5,42.1237333272754,37.1237333272754,"Failure: non-random eligibility",1649,1,1,37.1237333272754
4021,14,0.80027697148753,-0.85809734317913,"Never-taker",-3.5,48.2834430309489,44.7834430309489,"Failure: non-random eligibility",4310,0,0,48.2834430309489
4022,14,0.726856509152797,-2.40092628231618,"Never-taker",-3.5,43.6036241160743,40.1036241160743,"Failure: non-random eligibility",4614,0,0,43.6036241160743
4023,12,0.242224600865991,0.405880222244265,"Complier",-5,46.0028690380378,41.0028690380378,"Failure: non-random eligibility",3461,0,0,46.0028690380378
4024,12,-0.308752905172881,-0.643645964529925,"Never-taker",-3.5,51.1403301470237,47.6403301470237,"Failure: non-random eligibility",107,1,0,51.1403301470237
4025,14,1.3007354832893,1.59494201122616,"Always-taker",-2,46.8287523926309,44.8287523926309,"Failure: non-random eligibility",3868,0,1,44.8287523926309
4026,13,0.0333163312259482,1.73670572481416,"Always-taker",-2,58.3848689120704,56.3848689120704,"Failure: non-random eligibility",1763,1,1,56.3848689120704
4027,13,0.500289162678706,1.27432227934909,"Complier",-5,45.9259725210028,40.9259725210028,"Failure: non-random eligibility",2988,0,0,45.9259725210028
4028,12,-1.80139092759268,1.42346913931378,"Always-taker",-2,36.2378091443082,34.2378091443082,"Failure: non-random eligibility",37,1,1,34.2378091443082
4029,14,0.0345944040508041,1.55196616780211,"Always-taker",-2,46.7644027644128,44.7644027644128,"Failure: non-random eligibility",3394,0,1,44.7644027644128
4030,12,-0.165271755953745,0.417897922912146,"Complier",-5,47.944258301496,42.944258301496,"Failure: non-random eligibility",1013,1,1,42.944258301496
4031,10,-1.71356748427085,0.0285008878790457,"Never-taker",-3.5,38.2157988677693,34.7157988677693,"Failure: non-random eligibility",518,1,0,38.2157988677693
4032,14,-0.107778167309576,0.732485295132286,"Complier",-5,52.2262553650911,47.2262553650911,"Failure: non-random eligibility",2540,0,0,52.2262553650911
4033,11,-0.393781960874766,-1.73876516250791,"Never-taker",-3.5,36.4236544487254,32.9236544487254,"Failure: non-random eligibility",1496,1,0,36.4236544487254
4034,14,0.821777540019907,1.20301713371501,"Complier",-5,50.2881301942317,45.2881301942317,"Failure: non-random eligibility",2004,1,1,45.2881301942317
4035,14,1.41195302237645,-1.67058357350498,"Never-taker",-3.5,50.7811421649686,47.2811421649686,"Failure: non-random eligibility",4754,0,0,50.7811421649686
4036,12,0.0741393720096409,-0.85081681297176,"Never-taker",-3.5,42.3849959368016,38.8849959368016,"Failure: non-random eligibility",2424,1,0,42.3849959368016
4037,12,0.0564198334685129,0.941902287066852,"Complier",-5,44.2986874566897,39.2986874566897,"Failure: non-random eligibility",1988,1,1,39.2986874566897
4038,15,1.33724999332905,0.642818459435838,"Complier",-5,56.1995428350892,51.1995428350892,"Failure: non-random eligibility",3153,0,0,56.1995428350892
4039,12,0.542257480320339,0.402844770310959,"Complier",-5,44.3878038534745,39.3878038534745,"Failure: non-random eligibility",684,1,1,39.3878038534745
4040,15,0.346359073593862,-1.87535111302233,"Never-taker",-3.5,35.5635335532587,32.0635335532587,"Failure: non-random eligibility",4645,0,0,35.5635335532587
4041,10,-1.4548615772719,0.271062330852662,"Complier",-5,42.8755115723122,37.8755115723122,"Failure: non-random eligibility",1136,1,1,37.8755115723122
4042,12,-0.38240984560739,-1.71910678022203,"Never-taker",-3.5,42.4520483321138,38.9520483321138,"Failure: non-random eligibility",246,1,0,42.4520483321138
4043,13,0.757558626326875,0.188815916958973,"Complier",-5,52.7427062912283,47.7427062912283,"Failure: non-random eligibility",1769,1,1,47.7427062912283
4044,14,1.01835528602627,-0.917895576453968,"Never-taker",-3.5,44.9600916768778,41.4600916768778,"Failure: non-random eligibility",4528,0,0,44.9600916768778
4045,11,-0.16181365473927,-1.45105064145898,"Never-taker",-3.5,37.8312143118962,34.3312143118962,"Failure: non-random eligibility",2694,0,0,37.8312143118962
4046,13,0.766772938584373,2.49319888330371,"Always-taker",-2,57.1043369819712,55.1043369819712,"Failure: non-random eligibility",3639,0,1,55.1043369819712
4047,12,-0.588927443908453,-0.807518976039807,"Never-taker",-3.5,47.6404272576383,44.1404272576383,"Failure: non-random eligibility",1646,1,0,47.6404272576383
4048,14,0.144329899727127,-0.639620095260737,"Never-taker",-3.5,43.2689681686755,39.7689681686755,"Failure: non-random eligibility",4569,0,0,43.2689681686755
4049,12,-1.55643768848946,0.800286541291402,"Complier",-5,42.8466152801552,37.8466152801552,"Failure: non-random eligibility",501,1,1,37.8466152801552
4050,12,-0.803017771651764,-1.85968799742895,"Never-taker",-3.5,47.9034700035454,44.4034700035454,"Failure: non-random eligibility",1587,1,0,47.9034700035454
4051,12,0.322298851143131,1.14284191980658,"Complier",-5,43.1491117110185,38.1491117110185,"Failure: non-random eligibility",3659,0,0,43.1491117110185
4052,9,-1.26391986259117,0.204132833753767,"Complier",-5,44.7416812383456,39.7416812383456,"Failure: non-random eligibility",1603,1,1,39.7416812383456
4053,11,0.327298507934158,-0.758468565645524,"Never-taker",-3.5,41.231677348237,37.731677348237,"Failure: non-random eligibility",3009,0,0,41.231677348237
4054,13,0.630558532153246,-0.344296008109866,"Never-taker",-3.5,51.1081271048375,47.6081271048375,"Failure: non-random eligibility",753,1,0,51.1081271048375
4055,11,-0.72607167458708,0.663638238438015,"Complier",-5,37.3612355693113,32.3612355693113,"Failure: non-random eligibility",3773,0,0,37.3612355693113
4056,12,0.351726379387751,0.800719292719361,"Complier",-5,47.9668622502615,42.9668622502615,"Failure: non-random eligibility",3363,0,0,47.9668622502615
4057,12,0.0899647392130584,-1.85946523431802,"Never-taker",-3.5,49.2241022286441,45.7241022286441,"Failure: non-random eligibility",1094,1,0,49.2241022286441
4058,14,1.1595068260955,-0.542437776408945,"Never-taker",-3.5,55.7729064772982,52.2729064772982,"Failure: non-random eligibility",4373,0,0,55.7729064772982
4059,12,-0.514154969077334,1.16861450189075,"Complier",-5,53.7896989500191,48.7896989500191,"Failure: non-random eligibility",1566,1,1,48.7896989500191
4060,13,0.174156970915213,0.561383387157741,"Complier",-5,48.2100504047898,43.2100504047898,"Failure: non-random eligibility",2327,1,1,43.2100504047898
4061,10,-1.55141533287114,-1.88748083478805,"Never-taker",-3.5,36.3321797449287,32.8321797449287,"Failure: non-random eligibility",1071,1,0,36.3321797449287
4062,12,-0.860818531747032,0.173802977655818,"Complier",-5,41.7215709755411,36.7215709755411,"Failure: non-random eligibility",920,1,1,36.7215709755411
4063,12,-0.848507172063307,1.43933865391855,"Always-taker",-2,41.1271802177036,39.1271802177036,"Failure: non-random eligibility",3673,0,1,39.1271802177036
4064,13,-0.0967395215322997,0.798540668268761,"Complier",-5,53.171873262762,48.171873262762,"Failure: non-random eligibility",3746,0,0,53.171873262762
4065,12,-1.13421999170276,-0.0118806103108966,"Never-taker",-3.5,52.0042940719169,48.5042940719169,"Failure: non-random eligibility",68,1,0,52.0042940719169
4066,11,-1.22234769411682,-0.552136852784504,"Never-taker",-3.5,33.4852823236258,29.9852823236258,"Failure: non-random eligibility",438,1,0,33.4852823236258
4067,15,1.48407172820292,-0.757283486255854,"Never-taker",-3.5,48.9018923813256,45.4018923813256,"Failure: non-random eligibility",2328,1,0,48.9018923813256
4068,12,-0.914694663907239,-0.776390031121658,"Never-taker",-3.5,44.6113914866258,41.1113914866258,"Failure: non-random eligibility",2067,1,0,44.6113914866258
4069,12,0.421141059338885,0.700132674175738,"Complier",-5,51.1775928359666,46.1775928359666,"Failure: non-random eligibility",695,1,1,46.1775928359666
4070,12,0.386909157233762,1.55495137755785,"Always-taker",-2,47.7161801227122,45.7161801227122,"Failure: non-random eligibility",4781,0,1,45.7161801227122
4071,13,-0.148882685168469,1.3216693693328,"Always-taker",-2,56.0573931412515,54.0573931412515,"Failure: non-random eligibility",4455,0,1,54.0573931412515
4072,9,-1.08917965572353,0.783477805405392,"Complier",-5,34.9339552047467,29.9339552047467,"Failure: non-random eligibility",650,1,1,29.9339552047467
4073,14,0.0541126698546172,-0.251908445982112,"Never-taker",-3.5,37.4033937943365,33.9033937943365,"Failure: non-random eligibility",2288,1,0,37.4033937943365
4074,10,-1.38029233381663,-0.5394543003422,"Never-taker",-3.5,42.2252514005454,38.7252514005454,"Failure: non-random eligibility",782,1,0,42.2252514005454
4075,14,2.23547982989725,0.972576413286026,"Complier",-5,47.1192638861237,42.1192638861237,"Failure: non-random eligibility",4846,0,0,47.1192638861237
4076,11,-0.174047720561071,-0.0776344642899568,"Never-taker",-3.5,41.540088725081,38.040088725081,"Failure: non-random eligibility",3447,0,0,41.540088725081
4077,14,-0.0955305851229204,-0.677745541000526,"Never-taker",-3.5,45.4331626492493,41.9331626492493,"Failure: non-random eligibility",2070,1,0,45.4331626492493
4078,12,0.612821364407232,0.769657062639996,"Complier",-5,47.7449098547924,42.7449098547924,"Failure: non-random eligibility",214,1,1,42.7449098547924
4079,11,-1.40536256805299,-2.34604980249123,"Never-taker",-3.5,38.2441864343614,34.7441864343614,"Failure: non-random eligibility",4129,0,0,38.2441864343614
4080,12,0.417942708305933,0.538615692108145,"Complier",-5,43.3354550085217,38.3354550085217,"Failure: non-random eligibility",4194,0,0,43.3354550085217
4081,13,0.985658729044967,1.11659976141765,"Complier",-5,47.2207582055446,42.2207582055446,"Failure: non-random eligibility",838,1,1,42.2207582055446
4082,12,0.708055590762661,0.0480045270535347,"Never-taker",-3.5,45.8811089711821,42.3811089711821,"Failure: non-random eligibility",3120,0,0,45.8811089711821
4083,11,-0.934567509261688,-1.23182041487101,"Never-taker",-3.5,43.9476236229194,40.4476236229194,"Failure: non-random eligibility",971,1,0,43.9476236229194
4084,14,0.433097449077964,-0.146081624417474,"Never-taker",-3.5,50.319797251823,46.819797251823,"Failure: non-random eligibility",3880,0,0,50.319797251823
4085,15,0.755307195514035,0.599232661589294,"Complier",-5,48.7157295768266,43.7157295768266,"Failure: non-random eligibility",1867,1,1,43.7157295768266
4086,14,0.489105611417855,-0.000950738521606241,"Never-taker",-3.5,53.0602830115806,49.5602830115806,"Failure: non-random eligibility",2579,0,0,53.0602830115806
4087,14,0.483499662970557,-0.524632874485556,"Never-taker",-3.5,45.8817247875835,42.3817247875835,"Failure: non-random eligibility",4799,0,0,45.8817247875835
4088,13,0.325674341620263,-0.164325668400258,"Never-taker",-3.5,57.9795161439652,54.4795161439652,"Failure: non-random eligibility",4386,0,0,57.9795161439652
4089,14,1.01790040779245,-1.38678634266973,"Never-taker",-3.5,42.0671707616949,38.5671707616949,"Failure: non-random eligibility",2184,1,0,42.0671707616949
4090,14,0.55792006030853,-0.530430687573769,"Never-taker",-3.5,48.7331705978697,45.2331705978697,"Failure: non-random eligibility",2479,1,0,48.7331705978697
4091,13,0.093752755103624,-1.2038759960485,"Never-taker",-3.5,42.1097001495773,38.6097001495773,"Failure: non-random eligibility",4132,0,0,42.1097001495773
4092,11,0.184319955727202,0.301844425450812,"Complier",-5,47.3588180302447,42.3588180302447,"Failure: non-random eligibility",2295,1,1,42.3588180302447
4093,8,-2.5198934883363,0.292160567907971,"Complier",-5,32.1233330937334,27.1233330937334,"Failure: non-random eligibility",283,1,1,27.1233330937334
4094,13,1.62582434643298,-1.15360496795846,"Never-taker",-3.5,53.720661589022,50.220661589022,"Failure: non-random eligibility",2815,0,0,53.720661589022
4095,13,-0.0112013083093951,1.4671832988746,"Always-taker",-2,50.8727109208976,48.8727109208976,"Failure: non-random eligibility",2846,0,1,48.8727109208976
4096,14,0.635319943783891,0.595426810254872,"Complier",-5,49.494460478975,44.494460478975,"Failure: non-random eligibility",3173,0,0,49.494460478975
4097,15,0.474740131831554,-1.47468394097685,"Never-taker",-3.5,46.3259402951466,42.8259402951466,"Failure: non-random eligibility",4086,0,0,46.3259402951466
4098,11,-1.40689421889901,-0.373318971717963,"Never-taker",-3.5,43.0985384833023,39.5985384833023,"Failure: non-random eligibility",1118,1,0,43.0985384833023
4099,13,0.265856609135666,1.33386065903516,"Always-taker",-2,43.5535417800936,41.5535417800936,"Failure: non-random eligibility",4232,0,1,41.5535417800936
4100,11,0.0636224034540158,-0.000187356608957725,"Never-taker",-3.5,45.86664998641,42.36664998641,"Failure: non-random eligibility",1969,1,0,45.86664998641
4101,13,1.82655466228096,-2.10150068847128,"Never-taker",-3.5,50.108794281751,46.608794281751,"Failure: non-random eligibility",4972,0,0,50.108794281751
4102,9,-1.62039942509107,-0.152837986398901,"Never-taker",-3.5,42.8689648476684,39.3689648476684,"Failure: non-random eligibility",1361,1,0,42.8689648476684
4103,12,0.118664139219409,0.0345671700911194,"Never-taker",-3.5,44.5189911175544,41.0189911175544,"Failure: non-random eligibility",2889,0,0,44.5189911175544
4104,12,-0.480267779768128,0.741095696525539,"Complier",-5,38.9387585685259,33.9387585685259,"Failure: non-random eligibility",787,1,1,33.9387585685259
4105,13,-0.467446594857659,-1.3617541216002,"Never-taker",-3.5,42.5607028734328,39.0607028734328,"Failure: non-random eligibility",3830,0,0,42.5607028734328
4106,14,-0.156775657755088,-0.295522630110003,"Never-taker",-3.5,47.4109028666296,43.9109028666296,"Failure: non-random eligibility",4640,0,0,47.4109028666296
4107,12,0.0552930993560952,0.623852004985504,"Complier",-5,42.3288549286377,37.3288549286377,"Failure: non-random eligibility",2911,0,0,42.3288549286377
4108,15,0.587046033104369,-0.0931763168843259,"Never-taker",-3.5,53.8985844024075,50.3985844024075,"Failure: non-random eligibility",3096,0,0,53.8985844024075
4109,13,-0.735634230578854,-0.471823879350793,"Never-taker",-3.5,45.7602747922807,42.2602747922807,"Failure: non-random eligibility",491,1,0,45.7602747922807
4110,10,-1.42449947761631,-0.109139264351531,"Never-taker",-3.5,44.9682906552126,41.4682906552126,"Failure: non-random eligibility",2576,0,0,44.9682906552126
4111,14,0.79189685799771,-0.415565853701896,"Never-taker",-3.5,48.4368742079597,44.9368742079597,"Failure: non-random eligibility",1977,1,0,48.4368742079597
4112,15,1.17077600612582,0.967860037723037,"Complier",-5,56.0085483869964,51.0085483869964,"Failure: non-random eligibility",4259,0,0,56.0085483869964
4113,11,-0.79439036460977,0.437401330519545,"Complier",-5,39.1467546056875,34.1467546056875,"Failure: non-random eligibility",258,1,1,34.1467546056875
4114,11,-1.2538779775848,-0.0222470892234111,"Never-taker",-3.5,43.4468986491073,39.9468986491073,"Failure: non-random eligibility",811,1,0,43.4468986491073
4115,14,1.67390291534433,0.149991203594931,"Complier",-5,48.8203380321766,43.8203380321766,"Failure: non-random eligibility",4258,0,0,48.8203380321766
4116,12,0.436153315575911,-0.861203305735414,"Never-taker",-3.5,45.361415934442,41.861415934442,"Failure: non-random eligibility",2662,0,0,45.361415934442
4117,13,-0.0110044592975391,-0.490777310256791,"Never-taker",-3.5,48.3184348716663,44.8184348716663,"Failure: non-random eligibility",3161,0,0,48.3184348716663
4118,13,0.704078862491836,-0.905610853829858,"Never-taker",-3.5,45.176622949539,41.676622949539,"Failure: non-random eligibility",2314,1,0,45.176622949539
4119,13,0.114201116570316,-0.701532033997443,"Never-taker",-3.5,46.6395126691353,43.1395126691353,"Failure: non-random eligibility",4017,0,0,46.6395126691353
4120,13,0.380767795115285,1.68660316426267,"Always-taker",-2,45.3482918796079,43.3482918796079,"Failure: non-random eligibility",4263,0,1,43.3482918796079
4121,11,-0.675909033248986,-0.910972371240721,"Never-taker",-3.5,43.5124879463642,40.0124879463642,"Failure: non-random eligibility",2356,1,0,43.5124879463642
4122,13,-0.940892151450218,-0.695671113645369,"Never-taker",-3.5,37.1044812162462,33.6044812162462,"Failure: non-random eligibility",1782,1,0,37.1044812162462
4123,13,0.484795562005163,-0.234467330298055,"Never-taker",-3.5,43.1941696907263,39.6941696907263,"Failure: non-random eligibility",2601,0,0,43.1941696907263
4124,15,0.884305928029325,-0.936450394829757,"Never-taker",-3.5,46.7435648677872,43.2435648677872,"Failure: non-random eligibility",2877,0,0,46.7435648677872
4125,12,0.514004169413991,-1.5605100260498,"Never-taker",-3.5,38.9291869478264,35.4291869478264,"Failure: non-random eligibility",3858,0,0,38.9291869478264
4126,13,-0.703933573256203,-0.896907303392496,"Never-taker",-3.5,42.1513494913685,38.6513494913685,"Failure: non-random eligibility",1124,1,0,42.1513494913685
4127,12,-0.85963926145675,0.412439604525341,"Complier",-5,44.5209169921401,39.5209169921401,"Failure: non-random eligibility",2452,1,1,39.5209169921401
4128,11,-1.82781079257642,-0.155927599247577,"Never-taker",-3.5,40.8903469401851,37.3903469401851,"Failure: non-random eligibility",4100,0,0,40.8903469401851
4129,11,-0.384548071423873,-1.40212749794237,"Never-taker",-3.5,46.0542585634436,42.5542585634436,"Failure: non-random eligibility",2705,0,0,46.0542585634436
4130,14,1.08129348660637,-0.33194216170918,"Never-taker",-3.5,50.3319131637749,46.8319131637749,"Failure: non-random eligibility",1041,1,0,50.3319131637749
4131,11,0.925544229474179,-0.433952321286768,"Never-taker",-3.5,42.9396892930038,39.4396892930038,"Failure: non-random eligibility",2040,1,0,42.9396892930038
4132,13,-0.0667375708536924,-0.0899263078268742,"Never-taker",-3.5,44.8219192363256,41.3219192363256,"Failure: non-random eligibility",2574,0,0,44.8219192363256
4133,11,0.356989244208491,-1.10309482399372,"Never-taker",-3.5,47.3993660644981,43.8993660644981,"Failure: non-random eligibility",3921,0,0,47.3993660644981
4134,14,1.54761227185804,0.591698319529865,"Complier",-5,51.3204514849884,46.3204514849884,"Failure: non-random eligibility",2837,0,0,51.3204514849884
4135,12,0.469913549612814,-0.166988186588352,"Never-taker",-3.5,44.4590600770926,40.9590600770926,"Failure: non-random eligibility",2398,1,0,44.4590600770926
4136,11,-0.414420250757374,0.564033601492071,"Complier",-5,46.7144363127759,41.7144363127759,"Failure: non-random eligibility",2248,1,1,41.7144363127759
4137,12,0.191084930378422,0.503903407417845,"Complier",-5,43.8511434012578,38.8511434012578,"Failure: non-random eligibility",2126,1,1,38.8511434012578
4138,12,-0.718271533880205,0.372572283852277,"Complier",-5,52.3009723403725,47.3009723403725,"Failure: non-random eligibility",4820,0,0,52.3009723403725
4139,12,-0.711826769392641,0.125946899845783,"Never-taker",-3.5,50.0348675279286,46.5348675279286,"Failure: non-random eligibility",3757,0,0,50.0348675279286
4140,13,-0.858308096833951,-0.0867483106212218,"Never-taker",-3.5,44.7145339745582,41.2145339745582,"Failure: non-random eligibility",1575,1,0,44.7145339745582
4141,11,-0.779833857805395,0.187698197826236,"Complier",-5,35.9182359272943,30.9182359272943,"Failure: non-random eligibility",2346,1,1,30.9182359272943
4142,12,-0.447180619539751,0.777652372495884,"Complier",-5,47.230536628895,42.230536628895,"Failure: non-random eligibility",138,1,1,42.230536628895
4143,11,-0.301290040946057,0.488624866890097,"Complier",-5,43.3549206471892,38.3549206471892,"Failure: non-random eligibility",2385,1,1,38.3549206471892
4144,14,0.432447154977402,-0.558583413271605,"Never-taker",-3.5,48.3105764257571,44.8105764257571,"Failure: non-random eligibility",3743,0,0,48.3105764257571
4145,14,1.0279362604203,0.139386429195195,"Complier",-5,46.4783294028621,41.4783294028621,"Failure: non-random eligibility",4873,0,0,46.4783294028621
4146,16,1.90687480356681,-1.63424460614276,"Never-taker",-3.5,57.278713734117,53.778713734117,"Failure: non-random eligibility",3191,0,0,57.278713734117
4147,11,-0.454625306545331,0.429247941505374,"Complier",-5,46.8869701755457,41.8869701755457,"Failure: non-random eligibility",4402,0,0,46.8869701755457
4148,12,0.916525629421406,-0.208377924625893,"Never-taker",-3.5,45.0798813868539,41.5798813868539,"Failure: non-random eligibility",1231,1,0,45.0798813868539
4149,16,1.99137188298197,0.850749899237709,"Complier",-5,55.6536483283965,50.6536483283965,"Failure: non-random eligibility",3996,0,0,55.6536483283965
4150,11,-0.9016976240754,1.45622099324825,"Always-taker",-2,36.6707956814903,34.6707956814903,"Failure: non-random eligibility",3427,0,1,34.6707956814903
4151,15,0.875911962439948,-0.258656462295539,"Never-taker",-3.5,50.8636120750282,47.3636120750282,"Failure: non-random eligibility",2261,1,0,50.8636120750282
4152,10,-1.21095199846059,0.388327364066082,"Complier",-5,41.3073085268247,36.3073085268247,"Failure: non-random eligibility",360,1,1,36.3073085268247
4153,13,-0.46397051610922,1.31310324876304,"Always-taker",-2,46.7367140417228,44.7367140417228,"Failure: non-random eligibility",1489,1,1,44.7367140417228
4154,13,0.756193250623198,-1.68159775267759,"Never-taker",-3.5,46.1044295403986,42.6044295403986,"Failure: non-random eligibility",1462,1,0,46.1044295403986
4155,13,0.198852213678176,1.4737182180122,"Always-taker",-2,50.6604955336099,48.6604955336099,"Failure: non-random eligibility",3563,0,1,48.6604955336099
4156,15,2.03004752653702,0.648732080906258,"Complier",-5,51.0431802102158,46.0431802102158,"Failure: non-random eligibility",4795,0,0,51.0431802102158
4157,14,-0.0646158774819045,0.289260578491406,"Complier",-5,53.4019303049314,48.4019303049314,"Failure: non-random eligibility",1191,1,1,48.4019303049314
4158,12,-1.9035662599787,-1.64797898685308,"Never-taker",-3.5,43.4298785892401,39.9298785892401,"Failure: non-random eligibility",332,1,0,43.4298785892401
4159,11,-1.12921314930045,-0.89794619673749,"Never-taker",-3.5,42.7364551688101,39.2364551688101,"Failure: non-random eligibility",568,1,0,42.7364551688101
4160,15,0.712021143680019,0.581814564934037,"Complier",-5,47.8903211375061,42.8903211375061,"Failure: non-random eligibility",2124,1,1,42.8903211375061
4161,12,-0.284986817072599,-0.470228788025208,"Never-taker",-3.5,49.2477928856755,45.7477928856755,"Failure: non-random eligibility",3125,0,0,49.2477928856755
4162,14,0.417308075905119,-0.0545595941417769,"Never-taker",-3.5,46.2151576505497,42.7151576505497,"Failure: non-random eligibility",1515,1,0,46.2151576505497
4163,15,1.53640226247138,-1.05881766267652,"Never-taker",-3.5,55.5524740546364,52.0524740546364,"Failure: non-random eligibility",4844,0,0,55.5524740546364
4164,13,1.45570101450354,-0.603313183002202,"Never-taker",-3.5,48.5496296203086,45.0496296203086,"Failure: non-random eligibility",3701,0,0,48.5496296203086
4165,15,-0.298381059076318,-1.5527944137575,"Never-taker",-3.5,43.3385175491799,39.8385175491799,"Failure: non-random eligibility",1159,1,0,43.3385175491799
4166,10,-1.8843308203009,-0.195471305528231,"Never-taker",-3.5,34.0049687242675,30.5049687242675,"Failure: non-random eligibility",400,1,0,34.0049687242675
4167,11,-0.0172999934402435,-0.579272320020964,"Never-taker",-3.5,44.8153084773203,41.3153084773203,"Failure: non-random eligibility",2943,0,0,44.8153084773203
4168,11,-0.498629222262778,0.270733144652496,"Complier",-5,44.9237302308002,39.9237302308002,"Failure: non-random eligibility",1565,1,1,39.9237302308002
4169,15,0.651048899786881,-1.61461274754064,"Never-taker",-3.5,49.1055910633686,45.6055910633686,"Failure: non-random eligibility",4378,0,0,49.1055910633686
4170,14,0.715577445463681,0.37203903000711,"Complier",-5,39.3610592636564,34.3610592636564,"Failure: non-random eligibility",361,1,1,34.3610592636564
4171,15,2.58861145375211,0.993241220905576,"Complier",-5,55.7157184420361,50.7157184420361,"Failure: non-random eligibility",4783,0,0,55.7157184420361
4172,12,-0.301587081112278,1.62398624520213,"Always-taker",-2,50.278905105113,48.278905105113,"Failure: non-random eligibility",4767,0,1,48.278905105113
4173,14,1.14372914369857,1.58070257222041,"Always-taker",-2,49.356321091737,47.356321091737,"Failure: non-random eligibility",3783,0,1,47.356321091737
4174,10,-0.773832052748947,0.504193854918141,"Complier",-5,42.3786206728998,37.3786206728998,"Failure: non-random eligibility",1267,1,1,37.3786206728998
4175,13,0.476983158982926,-1.38008463808903,"Never-taker",-3.5,45.8595977175637,42.3595977175637,"Failure: non-random eligibility",2821,0,0,45.8595977175637
4176,11,0.0913117942354525,0.635337123989728,"Complier",-5,34.7920564141177,29.7920564141177,"Failure: non-random eligibility",4316,0,0,34.7920564141177
4177,13,0.531750653349792,0.755859153882374,"Complier",-5,43.8585837955339,38.8585837955339,"Failure: non-random eligibility",1374,1,1,38.8585837955339
4178,11,-0.564390790600914,-0.205921369347036,"Never-taker",-3.5,53.2929326487471,49.7929326487471,"Failure: non-random eligibility",3652,0,0,53.2929326487471
4179,9,-2.35225322682126,0.425992678653065,"Complier",-5,32.9835009220515,27.9835009220515,"Failure: non-random eligibility",166,1,1,27.9835009220515
4180,12,-1.32870112858104,0.765215606433323,"Complier",-5,52.8210642587527,47.8210642587527,"Failure: non-random eligibility",809,1,1,47.8210642587527
4181,14,0.538685416177989,0.141718757043068,"Complier",-5,46.663205829015,41.663205829015,"Failure: non-random eligibility",2036,1,1,41.663205829015
4182,14,0.198126259891333,0.945117762145378,"Complier",-5,48.0499804948776,43.0499804948776,"Failure: non-random eligibility",4326,0,0,48.0499804948776
4183,12,-0.814134367070902,1.21995685941915,"Complier",-5,39.9202181833914,34.9202181833914,"Failure: non-random eligibility",1504,1,1,34.9202181833914
4184,13,0.288037968805363,-1.60050074750466,"Never-taker",-3.5,42.6056146685053,39.1056146685053,"Failure: non-random eligibility",3569,0,0,42.6056146685053
4185,8,-2.22372712062989,1.42533649319383,"Always-taker",-2,38.4978286894129,36.4978286894129,"Failure: non-random eligibility",1259,1,1,36.4978286894129
4186,12,0.301423667380781,0.223324024651463,"Complier",-5,42.7137788866953,37.7137788866953,"Failure: non-random eligibility",3030,0,0,42.7137788866953
4187,14,0.797985097244373,0.746542469786408,"Complier",-5,45.3211976819716,40.3211976819716,"Failure: non-random eligibility",1426,1,1,40.3211976819716
4188,14,1.77384873774034,1.54664408091281,"Always-taker",-2,52.0073394221593,50.0073394221593,"Failure: non-random eligibility",3172,0,1,50.0073394221593
4189,12,0.309089248819609,-0.101779347201879,"Never-taker",-3.5,42.1136899700484,38.6136899700484,"Failure: non-random eligibility",3799,0,0,42.1136899700484
4190,13,0.703215965499742,-1.92224094243714,"Never-taker",-3.5,42.5151402334035,39.0151402334035,"Failure: non-random eligibility",1339,1,0,42.5151402334035
4191,13,-0.611742312082778,-1.15159915519176,"Never-taker",-3.5,48.8787684663701,45.3787684663701,"Failure: non-random eligibility",1141,1,0,48.8787684663701
4192,12,0.584700771570158,0.975295053960348,"Complier",-5,46.7523908438638,41.7523908438638,"Failure: non-random eligibility",3851,0,0,46.7523908438638
4193,10,-1.08100534067165,-0.347080955057584,"Never-taker",-3.5,46.9185389010441,43.4185389010441,"Failure: non-random eligibility",1905,1,0,46.9185389010441
4194,10,-0.86338532552699,-0.972094813215649,"Never-taker",-3.5,44.1866358337607,40.6866358337607,"Failure: non-random eligibility",3415,0,0,44.1866358337607
4195,12,1.06489802215205,-0.748153979638011,"Never-taker",-3.5,47.0085137845378,43.5085137845378,"Failure: non-random eligibility",4000,0,0,47.0085137845378
4196,11,-0.920053978133561,1.01221675125115,"Complier",-5,46.6741886537957,41.6741886537957,"Failure: non-random eligibility",1234,1,1,41.6741886537957
4197,11,-1.65032716362993,-0.236537053052776,"Never-taker",-3.5,38.2762471041812,34.7762471041812,"Failure: non-random eligibility",23,1,0,38.2762471041812
4198,14,0.70938889036215,-1.05581430016385,"Never-taker",-3.5,50.8391513574092,47.3391513574092,"Failure: non-random eligibility",4745,0,0,50.8391513574092
4199,12,0.111527489005434,-0.0565259667281971,"Never-taker",-3.5,41.4987899847692,37.9987899847692,"Failure: non-random eligibility",346,1,0,41.4987899847692
4200,13,-0.187744106218648,1.40367846153883,"Always-taker",-2,43.1387971558339,41.1387971558339,"Failure: non-random eligibility",1809,1,1,41.1387971558339
4201,12,0.192419219501775,-0.146242528042984,"Never-taker",-3.5,47.1893980432241,43.6893980432241,"Failure: non-random eligibility",3245,0,0,47.1893980432241
4202,10,-0.950560013392993,-1.34143789334402,"Never-taker",-3.5,33.3098493551229,29.8098493551229,"Failure: non-random eligibility",307,1,0,33.3098493551229
4203,12,-1.65276108536291,-0.675363119566589,"Never-taker",-3.5,37.5175954919425,34.0175954919425,"Failure: non-random eligibility",664,1,0,37.5175954919425
4204,12,-0.183201164758561,-0.771065874558382,"Never-taker",-3.5,37.7577434967087,34.2577434967087,"Failure: non-random eligibility",2775,0,0,37.7577434967087
4205,13,-0.139412947538992,-0.77880773394021,"Never-taker",-3.5,46.3952291309076,42.8952291309076,"Failure: non-random eligibility",4089,0,0,46.3952291309076
4206,9,-1.19694388387535,0.0195484857907322,"Never-taker",-3.5,42.9052110491069,39.4052110491069,"Failure: non-random eligibility",1811,1,0,42.9052110491069
4207,12,-0.230908662031861,1.54759299736297,"Always-taker",-2,45.9541572882249,43.9541572882249,"Failure: non-random eligibility",1067,1,1,43.9541572882249
4208,13,-0.466246412803264,1.54940461767842,"Always-taker",-2,53.6901380442001,51.6901380442001,"Failure: non-random eligibility",4196,0,1,51.6901380442001
4209,16,1.49618536788597,-0.108122406601313,"Never-taker",-3.5,47.1067644974033,43.6067644974033,"Failure: non-random eligibility",4206,0,0,47.1067644974033
4210,10,-1.55710906107714,-0.440733525275441,"Never-taker",-3.5,39.4816937781178,35.9816937781178,"Failure: non-random eligibility",2073,1,0,39.4816937781178
4211,12,0.0137824545980226,-0.0633087299523028,"Never-taker",-3.5,42.0792997797733,38.5792997797733,"Failure: non-random eligibility",1568,1,0,42.0792997797733
4212,11,-0.673994451718131,1.06939586407397,"Complier",-5,42.5294451020687,37.5294451020687,"Failure: non-random eligibility",3028,0,0,42.5294451020687
4213,15,1.07705521977606,-0.621711141148167,"Never-taker",-3.5,48.865597452262,45.365597452262,"Failure: non-random eligibility",3962,0,0,48.865597452262
4214,12,-0.31157724884798,0.475303409956885,"Complier",-5,46.1770993310599,41.1770993310599,"Failure: non-random eligibility",2577,0,0,46.1770993310599
4215,11,0.0251820140291469,0.947864788833532,"Complier",-5,51.7452378535813,46.7452378535813,"Failure: non-random eligibility",3683,0,0,51.7452378535813
4216,15,1.81384025906752,0.108792965464339,"Never-taker",-3.5,55.2334673917672,51.7334673917672,"Failure: non-random eligibility",4188,0,0,55.2334673917672
4217,13,-0.298014328908696,0.414919545399679,"Complier",-5,45.0307250874958,40.0307250874958,"Failure: non-random eligibility",2076,1,1,40.0307250874958
4218,14,0.825688312786891,1.61723519702109,"Always-taker",-2,59.1049521173284,57.1049521173284,"Failure: non-random eligibility",4343,0,1,57.1049521173284
4219,11,-1.14040580629571,0.430776511008014,"Complier",-5,41.9021095612557,36.9021095612557,"Failure: non-random eligibility",1941,1,1,36.9021095612557
4220,11,-1.71628645115589,0.342896861635739,"Complier",-5,37.6882981768094,32.6882981768094,"Failure: non-random eligibility",733,1,1,32.6882981768094
4221,12,0.683893762981965,1.47797151351207,"Always-taker",-2,48.2442948050206,46.2442948050206,"Failure: non-random eligibility",3617,0,1,46.2442948050206
4222,12,-0.746965077451844,0.376367108757228,"Complier",-5,39.4982462200448,34.4982462200448,"Failure: non-random eligibility",714,1,1,34.4982462200448
4223,12,-0.551983121734969,-0.0194004312682094,"Never-taker",-3.5,48.279765295413,44.779765295413,"Failure: non-random eligibility",1836,1,0,48.279765295413
4224,12,-0.0616706699628084,1.8194086328466,"Always-taker",-2,55.5100211446862,53.5100211446862,"Failure: non-random eligibility",409,1,1,53.5100211446862
4225,12,-0.116947663076919,-0.2505504437801,"Never-taker",-3.5,41.9280911964317,38.4280911964317,"Failure: non-random eligibility",4503,0,0,41.9280911964317
4226,10,-1.78808515453563,-0.860580101409636,"Never-taker",-3.5,39.9189487278532,36.4189487278532,"Failure: non-random eligibility",84,1,0,39.9189487278532
4227,11,0.0315523009763839,-1.07342502163546,"Never-taker",-3.5,44.0350921940989,40.5350921940989,"Failure: non-random eligibility",2384,1,0,44.0350921940989
4228,10,-1.91885337455177,-0.0986101712413451,"Never-taker",-3.5,43.9894105751377,40.4894105751377,"Failure: non-random eligibility",660,1,0,43.9894105751377
4229,13,0.474496211880238,0.802407405902476,"Complier",-5,38.8888317359258,33.8888317359258,"Failure: non-random eligibility",142,1,1,33.8888317359258
4230,13,1.19468353585469,0.212027310005002,"Complier",-5,55.0706680238222,50.0706680238222,"Failure: non-random eligibility",4293,0,0,55.0706680238222
4231,10,-1.05403906387363,-0.269500571411086,"Never-taker",-3.5,40.0189895820377,36.5189895820377,"Failure: non-random eligibility",175,1,0,40.0189895820377
4232,12,-0.303103192046877,-0.139199920539991,"Never-taker",-3.5,43.2956453318868,39.7956453318868,"Failure: non-random eligibility",1835,1,0,43.2956453318868
4233,13,-0.599331845551569,1.10760825412227,"Complier",-5,41.4453491448405,36.4453491448405,"Failure: non-random eligibility",1675,1,1,36.4453491448405
4234,13,1.03252161775225,-1.09137585041983,"Never-taker",-3.5,47.6822628062836,44.1822628062836,"Failure: non-random eligibility",1754,1,0,47.6822628062836
4235,16,1.76371745732203,1.94658187667704,"Always-taker",-2,57.639207752343,55.639207752343,"Failure: non-random eligibility",4045,0,1,55.639207752343
4236,10,-1.11314454971809,-0.992544678691356,"Never-taker",-3.5,41.0190638705662,37.5190638705662,"Failure: non-random eligibility",1813,1,0,41.0190638705662
4237,12,0.610665408600627,0.93417782356506,"Complier",-5,35.642220194657,30.642220194657,"Failure: non-random eligibility",2277,1,1,30.642220194657
4238,11,-0.715457898615433,-0.452793240263192,"Never-taker",-3.5,44.005528602419,40.505528602419,"Failure: non-random eligibility",783,1,0,44.005528602419
4239,13,-1.56540104661572,-0.380308864167428,"Never-taker",-3.5,44.1180535501472,40.6180535501472,"Failure: non-random eligibility",1238,1,0,44.1180535501472
4240,11,-0.569867798290029,-0.11394567086237,"Never-taker",-3.5,45.2630867517513,41.7630867517513,"Failure: non-random eligibility",802,1,0,45.2630867517513
4241,14,1.66331291068486,-0.352034533245043,"Never-taker",-3.5,54.7270597062035,51.2270597062035,"Failure: non-random eligibility",4599,0,0,54.7270597062035
4242,10,-0.74796981592247,0.545075993870808,"Complier",-5,45.8369945089226,40.8369945089226,"Failure: non-random eligibility",671,1,1,40.8369945089226
4243,14,1.06877198870139,0.480646585288094,"Complier",-5,50.6810088404213,45.6810088404213,"Failure: non-random eligibility",4613,0,0,50.6810088404213
4244,11,-1.03041500529678,0.124912375833328,"Never-taker",-3.5,39.3933956890942,35.8933956890942,"Failure: non-random eligibility",1894,1,0,39.3933956890942
4245,12,-1.17623111025249,0.816258489443882,"Complier",-5,38.563772739869,33.563772739869,"Failure: non-random eligibility",3056,0,0,38.563772739869
4246,12,-0.612581547456079,0.111618664337076,"Never-taker",-3.5,41.2838249683433,37.7838249683433,"Failure: non-random eligibility",693,1,0,41.2838249683433
4247,12,0.452935478349952,0.893524617634572,"Complier",-5,46.8697896758527,41.8697896758527,"Failure: non-random eligibility",2168,1,1,41.8697896758527
4248,15,0.11101929407525,0.279014230521414,"Complier",-5,47.6757232928934,42.6757232928934,"Failure: non-random eligibility",3680,0,0,47.6757232928934
4249,13,0.572187601406361,1.59882346775746,"Always-taker",-2,49.8805673898569,47.8805673898569,"Failure: non-random eligibility",3778,0,1,47.8805673898569
4250,11,0.0174444575207356,0.843443681749952,"Complier",-5,45.3774736046085,40.3774736046085,"Failure: non-random eligibility",2146,1,1,40.3774736046085
4251,15,1.91073753519667,0.204197562774929,"Complier",-5,51.6075748117371,46.6075748117371,"Failure: non-random eligibility",3710,0,0,51.6075748117371
4252,11,0.499694760609054,-0.661422645904007,"Never-taker",-3.5,41.1594746418811,37.6594746418811,"Failure: non-random eligibility",2208,1,0,41.1594746418811
4253,11,-1.2333457438657,0.171727760602993,"Complier",-5,41.6961199327036,36.6961199327036,"Failure: non-random eligibility",1170,1,1,36.6961199327036
4254,11,-0.501856335750042,0.350762179315842,"Complier",-5,43.8105096816923,38.8105096816923,"Failure: non-random eligibility",1232,1,1,38.8105096816923
4255,11,-1.08425639400519,-0.0485546148933009,"Never-taker",-3.5,42.723580494885,39.223580494885,"Failure: non-random eligibility",696,1,0,42.723580494885
4256,9,-1.4884933703398,-1.38890107356837,"Never-taker",-3.5,33.1155642338564,29.6155642338564,"Failure: non-random eligibility",2361,1,0,33.1155642338564
4257,15,0.212321425772966,-0.147663782522183,"Never-taker",-3.5,48.3743796490523,44.8743796490523,"Failure: non-random eligibility",2859,0,0,48.3743796490523
4258,14,-0.727579461088141,-0.982859738733014,"Never-taker",-3.5,44.8034937834133,41.3034937834133,"Failure: non-random eligibility",223,1,0,44.8034937834133
4259,14,-0.0588328814800109,0.865689114315498,"Complier",-5,50.3749936910828,45.3749936910828,"Failure: non-random eligibility",2995,0,0,50.3749936910828
4260,13,0.0694089081865507,-0.0396806890623036,"Never-taker",-3.5,50.8371361910896,47.3371361910896,"Failure: non-random eligibility",1999,1,0,50.8371361910896
4261,14,-0.0765431366202103,-0.925827502547212,"Never-taker",-3.5,49.5612999456227,46.0612999456227,"Failure: non-random eligibility",4836,0,0,49.5612999456227
4262,13,0.077724934999218,0.262485707242047,"Complier",-5,41.8396376572981,36.8396376572981,"Failure: non-random eligibility",4057,0,0,41.8396376572981
4263,10,-0.365857361230652,-1.43832442321763,"Never-taker",-3.5,37.7638424687728,34.2638424687728,"Failure: non-random eligibility",1386,1,0,37.7638424687728
4264,13,-0.507380998944033,2.12285630481704,"Always-taker",-2,46.9366132330336,44.9366132330336,"Failure: non-random eligibility",2171,1,1,44.9366132330336
4265,11,-0.644920461079951,0.558028041693727,"Complier",-5,48.9502628871371,43.9502628871371,"Failure: non-random eligibility",359,1,1,43.9502628871371
4266,13,0.627997803864915,-2.7869278257834,"Never-taker",-3.5,46.730536594977,43.230536594977,"Failure: non-random eligibility",2517,0,0,46.730536594977
4267,12,-0.847024725366688,0.521644187418404,"Complier",-5,43.817365144893,38.817365144893,"Failure: non-random eligibility",2272,1,1,38.817365144893
4268,10,-0.917805104586574,-0.0427024376816924,"Never-taker",-3.5,34.4428621353839,30.9428621353839,"Failure: non-random eligibility",2389,1,0,34.4428621353839
4269,11,-2.19590020037084,0.662767857315968,"Complier",-5,33.1912308622647,28.1912308622647,"Failure: non-random eligibility",129,1,1,28.1912308622647
4270,14,-0.569808035360957,0.0682285914192959,"Never-taker",-3.5,41.1092113557765,37.6092113557765,"Failure: non-random eligibility",1258,1,0,41.1092113557765
4271,13,-0.0442782229295029,1.45194316551155,"Always-taker",-2,43.978519120516,41.978519120516,"Failure: non-random eligibility",3785,0,1,41.978519120516
4272,13,-0.520300426237575,-0.246527745604682,"Never-taker",-3.5,41.5913189126556,38.0913189126556,"Failure: non-random eligibility",3407,0,0,41.5913189126556
4273,13,1.98393401316467,0.208228927969307,"Complier",-5,47.1219883757762,42.1219883757762,"Failure: non-random eligibility",2772,0,0,47.1219883757762
4274,14,0.226856971479616,2.31700172091796,"Always-taker",-2,46.2528786582112,44.2528786582112,"Failure: non-random eligibility",3143,0,1,44.2528786582112
4275,14,-0.767246183252104,-0.403689313090688,"Never-taker",-3.5,42.2029713444048,38.7029713444048,"Failure: non-random eligibility",1392,1,0,42.2029713444048
4276,15,0.290667276875178,-0.0486237984526509,"Never-taker",-3.5,54.0478878146983,50.5478878146983,"Failure: non-random eligibility",548,1,0,54.0478878146983
4277,13,-0.112568960652635,-1.05397465126427,"Never-taker",-3.5,43.0072635264287,39.5072635264287,"Failure: non-random eligibility",3550,0,0,43.0072635264287
4278,12,0.615354747018349,1.54684932538574,"Always-taker",-2,45.1832145820851,43.1832145820851,"Failure: non-random eligibility",3230,0,1,43.1832145820851
4279,14,0.275168913094484,-2.13825674547237,"Never-taker",-3.5,35.8600934553269,32.3600934553269,"Failure: non-random eligibility",498,1,0,35.8600934553269
4280,15,1.35102252044913,0.226991088720724,"Complier",-5,51.4596942802274,46.4596942802274,"Failure: non-random eligibility",2025,1,1,46.4596942802274
4281,9,-0.868400238533899,0.614389612205044,"Complier",-5,41.8512780830821,36.8512780830821,"Failure: non-random eligibility",2092,1,1,36.8512780830821
4282,16,0.42204718793786,-0.918549476066927,"Never-taker",-3.5,48.2165031543295,44.7165031543295,"Failure: non-random eligibility",3881,0,0,48.2165031543295
4283,13,0.320729919120684,-0.443782312297945,"Never-taker",-3.5,45.7485342104096,42.2485342104096,"Failure: non-random eligibility",3482,0,0,45.7485342104096
4284,11,-0.860007974535987,-0.547122622291934,"Never-taker",-3.5,45.3216025845811,41.8216025845811,"Failure: non-random eligibility",2160,1,0,45.3216025845811
4285,14,0.146865056305708,0.450661067589154,"Complier",-5,49.7824860488801,44.7824860488801,"Failure: non-random eligibility",3376,0,0,49.7824860488801
4286,12,0.350559449011957,0.392959885550752,"Complier",-5,46.1330187062357,41.1330187062357,"Failure: non-random eligibility",4282,0,0,46.1330187062357
4287,12,-0.184332294116208,-1.74816677566295,"Never-taker",-3.5,37.7664902602496,34.2664902602496,"Failure: non-random eligibility",41,1,0,37.7664902602496
4288,12,-0.768368742803402,-1.24749981220251,"Never-taker",-3.5,36.9687716289836,33.4687716289836,"Failure: non-random eligibility",3261,0,0,36.9687716289836
4289,12,-0.832063443526153,1.01051587787666,"Complier",-5,54.6425806541808,49.6425806541808,"Failure: non-random eligibility",2793,0,0,54.6425806541808
4290,13,-0.0192836193442208,0.339787195769656,"Complier",-5,48.8238498020256,43.8238498020256,"Failure: non-random eligibility",1586,1,1,43.8238498020256
4291,11,-1.53895742781379,-1.80595316906425,"Never-taker",-3.5,39.0672900641577,35.5672900641577,"Failure: non-random eligibility",3273,0,0,39.0672900641577
4292,16,1.78977105695408,-0.879085077249295,"Never-taker",-3.5,53.970946926117,50.470946926117,"Failure: non-random eligibility",4392,0,0,53.970946926117
4293,12,-1.08176144586723,-0.515090710215847,"Never-taker",-3.5,40.3247917138297,36.8247917138297,"Failure: non-random eligibility",1430,1,0,40.3247917138297
4294,14,1.35569928864771,0.688211569259395,"Complier",-5,49.7791278024244,44.7791278024244,"Failure: non-random eligibility",965,1,1,44.7791278024244
4295,12,-0.947506177100039,-0.220671110634555,"Never-taker",-3.5,46.0504015179295,42.5504015179295,"Failure: non-random eligibility",3940,0,0,46.0504015179295
4296,11,-0.498997398735348,0.0824391380156777,"Never-taker",-3.5,41.8218013737737,38.3218013737737,"Failure: non-random eligibility",1571,1,0,41.8218013737737
4297,11,-0.149407808218083,-0.482670576318743,"Never-taker",-3.5,39.4498932561075,35.9498932561075,"Failure: non-random eligibility",595,1,0,39.4498932561075
4298,14,0.878566024039725,-2.81801372320354,"Never-taker",-3.5,43.3272843656279,39.8272843656279,"Failure: non-random eligibility",4063,0,0,43.3272843656279
4299,12,-0.0702140309713448,-3.5007069757569,"Never-taker",-3.5,42.9865314595465,39.4865314595465,"Failure: non-random eligibility",3233,0,0,42.9865314595465
4300,13,-0.232278899476092,1.24263165765588,"Complier",-5,39.9832295862883,34.9832295862883,"Failure: non-random eligibility",2069,1,1,34.9832295862883
4301,13,0.799257918533368,0.786455262096242,"Complier",-5,49.2012834505498,44.2012834505498,"Failure: non-random eligibility",4584,0,0,49.2012834505498
4302,9,-0.300674416971326,0.68150819798436,"Complier",-5,36.2612965180121,31.2612965180121,"Failure: non-random eligibility",4570,0,0,36.2612965180121
4303,12,-0.518994144210006,1.49456751252813,"Always-taker",-2,46.5208006134433,44.5208006134433,"Failure: non-random eligibility",2732,0,1,44.5208006134433
4304,15,0.132383498823357,0.544065735947055,"Complier",-5,50.3855710991306,45.3855710991306,"Failure: non-random eligibility",1334,1,1,45.3855710991306
4305,12,-0.9860446011667,0.914478549198072,"Complier",-5,49.2898226845622,44.2898226845622,"Failure: non-random eligibility",1206,1,1,44.2898226845622
4306,13,0.558490997740925,0.906022088120434,"Complier",-5,43.8408580010648,38.8408580010648,"Failure: non-random eligibility",4277,0,0,43.8408580010648
4307,11,-1.13935800095607,-0.740428880837621,"Never-taker",-3.5,32.7172932157463,29.2172932157463,"Failure: non-random eligibility",197,1,0,32.7172932157463
4308,12,-0.0722420809053685,-1.40472076622839,"Never-taker",-3.5,46.2221070097338,42.7221070097338,"Failure: non-random eligibility",526,1,0,46.2221070097338
4309,12,0.399587303575485,-1.58457589279679,"Never-taker",-3.5,39.7941040250979,36.2941040250979,"Failure: non-random eligibility",3316,0,0,39.7941040250979
4310,14,0.410100542765697,-0.0506243741166623,"Never-taker",-3.5,43.9454997868078,40.4454997868078,"Failure: non-random eligibility",1596,1,0,43.9454997868078
4311,13,0.533496086978887,-0.726425357968111,"Never-taker",-3.5,40.9244510232708,37.4244510232708,"Failure: non-random eligibility",4853,0,0,40.9244510232708
4312,12,-0.13552243660023,0.269954136446855,"Complier",-5,53.9497718896164,48.9497718896164,"Failure: non-random eligibility",3828,0,0,53.9497718896164
4313,12,0.122255124536789,0.855386205445773,"Complier",-5,44.5024199393888,39.5024199393888,"Failure: non-random eligibility",4242,0,0,44.5024199393888
4314,11,-0.302623308498877,2.2350889485595,"Always-taker",-2,52.3059602498673,50.3059602498673,"Failure: non-random eligibility",3032,0,1,50.3059602498673
4315,13,-0.265702150644566,0.320082375841552,"Complier",-5,49.0756835057314,44.0756835057314,"Failure: non-random eligibility",2119,1,1,44.0756835057314
4316,12,0.0345682599166065,-1.43747864965918,"Never-taker",-3.5,46.0748026137267,42.5748026137267,"Failure: non-random eligibility",3007,0,0,46.0748026137267
4317,12,-0.535125589033853,-1.42713783937984,"Never-taker",-3.5,40.528134543102,37.028134543102,"Failure: non-random eligibility",2750,0,0,40.528134543102
4318,12,-0.428062551203638,-0.395872633940211,"Never-taker",-3.5,47.123225701056,43.623225701056,"Failure: non-random eligibility",994,1,0,47.123225701056
4319,12,0.347877171408262,0.0483419675479521,"Never-taker",-3.5,45.2033756353576,41.7033756353576,"Failure: non-random eligibility",641,1,0,45.2033756353576
4320,11,-1.80983035626986,-1.97663600775269,"Never-taker",-3.5,40.3886374663462,36.8886374663462,"Failure: non-random eligibility",912,1,0,40.3886374663462
4321,11,-0.514662714910325,2.39765209200303,"Always-taker",-2,43.6356786259512,41.6356786259512,"Failure: non-random eligibility",3456,0,1,41.6356786259512
4322,13,0.843937430160089,-0.648712777923901,"Never-taker",-3.5,46.2902937098573,42.7902937098573,"Failure: non-random eligibility",4040,0,0,46.2902937098573
4323,14,0.99106112078275,1.25512078700985,"Complier",-5,57.5819475901014,52.5819475901014,"Failure: non-random eligibility",1881,1,1,52.5819475901014
4324,12,0.708579424666829,-0.990295119917676,"Never-taker",-3.5,45.9115878990043,42.4115878990043,"Failure: non-random eligibility",414,1,0,45.9115878990043
4325,11,-0.703596337037074,-1.80810737252905,"Never-taker",-3.5,44.1972505559349,40.6972505559349,"Failure: non-random eligibility",3397,0,0,44.1972505559349
4326,14,0.77302719733055,-0.426167540464823,"Never-taker",-3.5,45.4214492984365,41.9214492984365,"Failure: non-random eligibility",2048,1,0,45.4214492984365
4327,12,0.104251456298179,0.15084865635749,"Complier",-5,44.1011987221226,39.1011987221226,"Failure: non-random eligibility",1313,1,1,39.1011987221226
4328,10,-1.81978961567083,1.14671936204674,"Complier",-5,47.5225552541003,42.5225552541003,"Failure: non-random eligibility",1710,1,1,42.5225552541003
4329,15,-0.211868899943713,0.689224835216142,"Complier",-5,52.5661698938419,47.5661698938419,"Failure: non-random eligibility",2191,1,1,47.5661698938419
4330,13,-0.735996944802363,0.331719132534634,"Complier",-5,47.5815172760285,42.5815172760285,"Failure: non-random eligibility",4508,0,0,47.5815172760285
4331,9,-1.9036503156382,0.178389729411697,"Complier",-5,39.313906763646,34.313906763646,"Failure: non-random eligibility",1639,1,1,34.313906763646
4332,11,-1.85245913832541,1.00888913410498,"Complier",-5,41.5054602525083,36.5054602525083,"Failure: non-random eligibility",1148,1,1,36.5054602525083
4333,13,-0.411101605928659,-0.597770690526759,"Never-taker",-3.5,44.0241244810844,40.5241244810844,"Failure: non-random eligibility",1729,1,0,44.0241244810844
4334,13,-0.539139256319989,-2.21627724316594,"Never-taker",-3.5,45.0468057856755,41.5468057856755,"Failure: non-random eligibility",1280,1,0,45.0468057856755
4335,12,-1.26254971050698,-1.04581552761516,"Never-taker",-3.5,38.7264939103292,35.2264939103292,"Failure: non-random eligibility",4286,0,0,38.7264939103292
4336,11,-0.520871341053969,-0.83827098918658,"Never-taker",-3.5,40.5710039872234,37.0710039872234,"Failure: non-random eligibility",2088,1,0,40.5710039872234
4337,14,0.574838848962234,0.04524455206641,"Never-taker",-3.5,50.3663531108376,46.8663531108376,"Failure: non-random eligibility",2770,0,0,50.3663531108376
4338,14,0.366999860391092,-1.04912894230721,"Never-taker",-3.5,48.0981346760087,44.5981346760087,"Failure: non-random eligibility",4794,0,0,48.0981346760087
4339,13,0.709492973238629,0.561018193919735,"Complier",-5,45.3204013683751,40.3204013683751,"Failure: non-random eligibility",2332,1,1,40.3204013683751
4340,11,0.371997975037874,-0.575457157848422,"Never-taker",-3.5,46.1131638962715,42.6131638962715,"Failure: non-random eligibility",1095,1,0,46.1131638962715
4341,9,-1.8818772150414,-0.580641251629468,"Never-taker",-3.5,39.3329751920381,35.8329751920381,"Failure: non-random eligibility",220,1,0,39.3329751920381
4342,14,0.321757066535149,-0.443664970611542,"Never-taker",-3.5,46.1421503443534,42.6421503443534,"Failure: non-random eligibility",3611,0,0,46.1421503443534
4343,15,0.887132738606174,0.4092480864007,"Complier",-5,50.5332414857372,45.5332414857372,"Failure: non-random eligibility",4835,0,0,50.5332414857372
4344,14,0.225486863845009,-0.449335967882713,"Never-taker",-3.5,45.0036290039385,41.5036290039385,"Failure: non-random eligibility",3283,0,0,45.0036290039385
4345,13,0.740989420567073,-0.897244779767407,"Never-taker",-3.5,43.335415284815,39.835415284815,"Failure: non-random eligibility",3486,0,0,43.335415284815
4346,17,2.15007343336075,0.214953928489664,"Complier",-5,53.9765490579967,48.9765490579967,"Failure: non-random eligibility",3509,0,0,53.9765490579967
4347,12,-0.581717424361329,0.732846483590792,"Complier",-5,47.2367778134663,42.2367778134663,"Failure: non-random eligibility",1845,1,1,42.2367778134663
4348,15,1.12495259757194,0.258462762652519,"Complier",-5,61.3768721895114,56.3768721895114,"Failure: non-random eligibility",4904,0,0,61.3768721895114
4349,12,-1.02415955705847,1.33969717822373,"Always-taker",-2,46.5935552858487,44.5935552858487,"Failure: non-random eligibility",167,1,1,44.5935552858487
4350,13,-0.0834949864005909,0.138921967350888,"Complier",-5,50.7050647787808,45.7050647787808,"Failure: non-random eligibility",2386,1,1,45.7050647787808
4351,11,0.125850447570291,0.213797320480474,"Complier",-5,44.1458094961677,39.1458094961677,"Failure: non-random eligibility",3152,0,0,44.1458094961677
4352,11,-1.69833000131765,1.32126491807206,"Always-taker",-2,42.5029891976643,40.5029891976643,"Failure: non-random eligibility",335,1,1,40.5029891976643
4353,10,-0.17077937202536,1.29598723531494,"Complier",-5,41.6799564819598,36.6799564819598,"Failure: non-random eligibility",2527,0,0,41.6799564819598
4354,15,0.582327685093781,0.12222391486677,"Never-taker",-3.5,51.9964419907443,48.4964419907443,"Failure: non-random eligibility",3320,0,0,51.9964419907443
4355,11,-1.21794926025711,0.283378606806227,"Complier",-5,40.3442309032705,35.3442309032705,"Failure: non-random eligibility",2430,1,1,35.3442309032705
4356,12,-0.23185997052318,0.00802972704395713,"Never-taker",-3.5,46.9035497901969,43.4035497901969,"Failure: non-random eligibility",2604,0,0,46.9035497901969
4357,14,1.31529290081199,0.468049482925049,"Complier",-5,56.1750803777611,51.1750803777611,"Failure: non-random eligibility",1933,1,1,51.1750803777611
4358,12,-0.473813366905676,2.39294135260873,"Always-taker",-2,51.5071140380335,49.5071140380335,"Failure: non-random eligibility",1012,1,1,49.5071140380335
4359,13,-0.63870057074257,2.0711724852152,"Always-taker",-2,53.2664603821776,51.2664603821776,"Failure: non-random eligibility",1547,1,1,51.2664603821776
4360,11,-0.72252218416591,1.36678514669944,"Always-taker",-2,38.4514706931453,36.4514706931453,"Failure: non-random eligibility",466,1,1,36.4514706931453
4361,10,0.284365115412053,-0.798570606783121,"Never-taker",-3.5,40.7928247550105,37.2928247550105,"Failure: non-random eligibility",2774,0,0,40.7928247550105
4362,12,-0.353763211443119,-0.595983528760869,"Never-taker",-3.5,37.4479774246071,33.9479774246071,"Failure: non-random eligibility",4607,0,0,37.4479774246071
4363,13,-0.0492471146538194,-0.972713411953533,"Never-taker",-3.5,47.9643250232528,44.4643250232528,"Failure: non-random eligibility",135,1,0,47.9643250232528
4364,11,-1.26596890838644,-0.588295859523003,"Never-taker",-3.5,35.8788327476342,32.3788327476342,"Failure: non-random eligibility",2536,0,0,35.8788327476342
4365,10,-0.607687363314673,1.26878562744464,"Complier",-5,47.8816346774293,42.8816346774293,"Failure: non-random eligibility",2873,0,0,47.8816346774293
4366,11,-0.234120272627174,-1.02458901890711,"Never-taker",-3.5,36.5692269155115,33.0692269155115,"Failure: non-random eligibility",4351,0,0,36.5692269155115
4367,14,0.920649947957152,-0.351839061395854,"Never-taker",-3.5,41.1450887234816,37.6450887234816,"Failure: non-random eligibility",4951,0,0,41.1450887234816
4368,13,1.85400844169997,0.945744289771326,"Complier",-5,49.3593856050328,44.3593856050328,"Failure: non-random eligibility",1283,1,1,44.3593856050328
4369,12,0.0782225632097905,-0.405167652996015,"Never-taker",-3.5,40.7829211435398,37.2829211435398,"Failure: non-random eligibility",648,1,0,40.7829211435398
4370,14,1.36487184971223,1.73748266660655,"Always-taker",-2,52.3469143220625,50.3469143220625,"Failure: non-random eligibility",2400,1,1,50.3469143220625
4371,11,-1.38317162285766,0.958852274052471,"Complier",-5,41.0428773999754,36.0428773999754,"Failure: non-random eligibility",3492,0,0,41.0428773999754
4372,12,-0.0538170861782462,-0.0564507930086125,"Never-taker",-3.5,47.7271668576469,44.2271668576469,"Failure: non-random eligibility",4296,0,0,47.7271668576469
4373,12,0.201662695319535,-0.0672209158608574,"Never-taker",-3.5,45.2092581960947,41.7092581960947,"Failure: non-random eligibility",1653,1,0,45.2092581960947
4374,12,0.665501647652282,1.43123978555276,"Always-taker",-2,44.836148543314,42.836148543314,"Failure: non-random eligibility",3176,0,1,42.836148543314
4375,13,-0.703540133852929,0.827368121566703,"Complier",-5,46.3150978194048,41.3150978194048,"Failure: non-random eligibility",3612,0,0,46.3150978194048
4376,10,-1.27461680339925,0.451568291793927,"Complier",-5,39.8066594592431,34.8066594592431,"Failure: non-random eligibility",413,1,1,34.8066594592431
4377,14,0.952844549301469,-0.00351079699551044,"Never-taker",-3.5,50.4228961201468,46.9228961201468,"Failure: non-random eligibility",4864,0,0,50.4228961201468
4378,12,0.463948841683229,0.134547778069915,"Complier",-5,46.7756622426045,41.7756622426045,"Failure: non-random eligibility",4281,0,0,46.7756622426045
4379,12,-0.0898834166724428,0.817184411024054,"Complier",-5,46.6211532370381,41.6211532370381,"Failure: non-random eligibility",1799,1,1,41.6211532370381
4380,12,0.950812051606302,-1.84833634718706,"Never-taker",-3.5,55.0720020393348,51.5720020393348,"Failure: non-random eligibility",2643,0,0,55.0720020393348
4381,11,-0.9680098970794,0.659054656642625,"Complier",-5,48.5186822627894,43.5186822627894,"Failure: non-random eligibility",1982,1,1,43.5186822627894
4382,14,-0.274087505179256,-1.25801879326499,"Never-taker",-3.5,43.2446509325602,39.7446509325602,"Failure: non-random eligibility",3691,0,0,43.2446509325602
4383,11,-0.82988564172903,0.34085581717761,"Complier",-5,43.6398291675422,38.6398291675422,"Failure: non-random eligibility",844,1,1,38.6398291675422
4384,13,1.29724582711448,-0.52285610043976,"Never-taker",-3.5,51.0793444246008,47.5793444246008,"Failure: non-random eligibility",3534,0,0,51.0793444246008
4385,10,0.659276120040487,0.159225037685344,"Complier",-5,41.2434553896558,36.2434553896558,"Failure: non-random eligibility",3738,0,0,41.2434553896558
4386,12,-0.357671459697187,-0.647263212255882,"Never-taker",-3.5,35.3712366332273,31.8712366332273,"Failure: non-random eligibility",4037,0,0,35.3712366332273
4387,11,-0.242371722911127,0.790818153509362,"Complier",-5,54.2071248765397,49.2071248765397,"Failure: non-random eligibility",1212,1,1,49.2071248765397
4388,12,-0.206321176205001,-1.56401934917766,"Never-taker",-3.5,35.4490617868865,31.9490617868865,"Failure: non-random eligibility",3754,0,0,35.4490617868865
4389,11,-0.978381935816929,0.240038649456424,"Complier",-5,37.8408528932435,32.8408528932435,"Failure: non-random eligibility",607,1,1,32.8408528932435
4390,14,1.72926204559949,1.5562752466567,"Always-taker",-2,48.5402375676965,46.5402375676965,"Failure: non-random eligibility",3459,0,1,46.5402375676965
4391,12,-0.172758606409612,-0.296130766925583,"Never-taker",-3.5,40.7490458856991,37.2490458856991,"Failure: non-random eligibility",391,1,0,40.7490458856991
4392,13,1.2375907114578,-0.0456625319398937,"Never-taker",-3.5,53.4606721765057,49.9606721765057,"Failure: non-random eligibility",4615,0,0,53.4606721765057
4393,14,1.24533552478113,-2.37158762842225,"Never-taker",-3.5,39.6261999855543,36.1261999855543,"Failure: non-random eligibility",3205,0,0,39.6261999855543
4394,11,-1.16218086177846,1.31199643703626,"Always-taker",-2,45.7193782277409,43.7193782277409,"Failure: non-random eligibility",3918,0,1,43.7193782277409
4395,14,0.826101025438363,-0.244639979972662,"Never-taker",-3.5,52.3135087047575,48.8135087047575,"Failure: non-random eligibility",2199,1,0,52.3135087047575
4396,13,-0.401172703259909,-1.95363520568639,"Never-taker",-3.5,43.9306640101352,40.4306640101352,"Failure: non-random eligibility",4187,0,0,43.9306640101352
4397,13,1.33583505367039,0.984593125524367,"Complier",-5,52.1935433818964,47.1935433818964,"Failure: non-random eligibility",2203,1,1,47.1935433818964
4398,12,-0.27554438529585,0.111068795462853,"Never-taker",-3.5,44.2128124881015,40.7128124881015,"Failure: non-random eligibility",42,1,0,44.2128124881015
4399,13,0.4566771052795,-0.133688606766598,"Never-taker",-3.5,43.7753183506501,40.2753183506501,"Failure: non-random eligibility",2857,0,0,43.7753183506501
4400,15,0.00930124665814231,0.021730095675434,"Never-taker",-3.5,45.6025837144775,42.1025837144775,"Failure: non-random eligibility",4070,0,0,45.6025837144775
4401,11,-0.342025689483805,-0.50827001896005,"Never-taker",-3.5,49.1550132786617,45.6550132786617,"Failure: non-random eligibility",1549,1,0,49.1550132786617
4402,13,-0.162818989109231,0.405174225433615,"Complier",-5,42.7633748815353,37.7633748815353,"Failure: non-random eligibility",468,1,1,37.7633748815353
4403,13,1.55519790368056,1.16610654458525,"Complier",-5,44.7798632346599,39.7798632346599,"Failure: non-random eligibility",4533,0,0,44.7798632346599
4404,12,-1.12779063833978,0.765588623456544,"Complier",-5,39.8596884117526,34.8596884117526,"Failure: non-random eligibility",547,1,1,34.8596884117526
4405,16,2.13436423635168,-0.207507106069749,"Never-taker",-3.5,56.1449599459516,52.6449599459516,"Failure: non-random eligibility",4876,0,0,56.1449599459516
4406,12,0.156030041905533,-0.122037421402688,"Never-taker",-3.5,47.1562766085638,43.6562766085638,"Failure: non-random eligibility",4505,0,0,47.1562766085638
4407,11,-1.81124747163016,-0.197698890604247,"Never-taker",-3.5,46.7318793621927,43.2318793621927,"Failure: non-random eligibility",102,1,0,46.7318793621927
4408,11,0.341284860238325,-0.419107660652291,"Never-taker",-3.5,46.25388914227,42.75388914227,"Failure: non-random eligibility",839,1,0,46.25388914227
4409,12,-0.262880251795173,-2.57563667150178,"Never-taker",-3.5,35.2172759869289,31.7172759869289,"Failure: non-random eligibility",1337,1,0,35.2172759869289
4410,11,-0.272247204354961,-0.0153174211574043,"Never-taker",-3.5,44.4999876294234,40.9999876294234,"Failure: non-random eligibility",1312,1,0,44.4999876294234
4411,12,-0.823406799339676,-0.31557391943806,"Never-taker",-3.5,44.8314623397687,41.3314623397687,"Failure: non-random eligibility",1338,1,0,44.8314623397687
4412,13,-0.0623169085676623,0.437775944121686,"Complier",-5,47.6275049234864,42.6275049234864,"Failure: non-random eligibility",3967,0,0,47.6275049234864
4413,13,0.454341307146196,-0.799519736045175,"Never-taker",-3.5,42.7701545786729,39.2701545786729,"Failure: non-random eligibility",4663,0,0,42.7701545786729
4414,16,1.98126018734214,-0.138020836893782,"Never-taker",-3.5,52.3537478242027,48.8537478242027,"Failure: non-random eligibility",2677,0,0,52.3537478242027
4415,14,0.878088963406875,0.74034475576917,"Complier",-5,51.6539069666812,46.6539069666812,"Failure: non-random eligibility",4212,0,0,51.6539069666812
4416,11,0.0173814124331438,1.19778087366592,"Complier",-5,47.4311198643935,42.4311198643935,"Failure: non-random eligibility",4068,0,0,47.4311198643935
4417,12,-0.0995100204003125,0.232748797250544,"Complier",-5,49.3658404232435,44.3658404232435,"Failure: non-random eligibility",622,1,1,44.3658404232435
4418,13,0.471505773865882,-0.865835299205343,"Never-taker",-3.5,46.435087385776,42.935087385776,"Failure: non-random eligibility",864,1,0,46.435087385776
4419,15,1.5553704488639,1.52627675950443,"Always-taker",-2,52.6400813578368,50.6400813578368,"Failure: non-random eligibility",4868,0,1,50.6400813578368
4420,13,-0.0199863452250664,0.87638489923708,"Complier",-5,52.4577904696,47.4577904696,"Failure: non-random eligibility",2872,0,0,52.4577904696
4421,14,-1.17568333765677,0.112980118403206,"Never-taker",-3.5,43.1975261745128,39.6975261745128,"Failure: non-random eligibility",1076,1,0,43.1975261745128
4422,11,-0.389031114857705,-0.015694271033135,"Never-taker",-3.5,38.0305798121296,34.5305798121296,"Failure: non-random eligibility",2651,0,0,38.0305798121296
4423,13,0.925800772057087,-0.986028233785093,"Never-taker",-3.5,52.7112488175496,49.2112488175496,"Failure: non-random eligibility",2297,1,0,52.7112488175496
4424,12,0.353974645855436,0.987226057739,"Complier",-5,53.2835114546605,48.2835114546605,"Failure: non-random eligibility",3840,0,0,53.2835114546605
4425,15,1.86921867688522,2.12927512709021,"Always-taker",-2,47.6045224211061,45.6045224211061,"Failure: non-random eligibility",2704,0,1,45.6045224211061
4426,10,-1.50763433002105,1.06626572796731,"Complier",-5,44.5757348752901,39.5757348752901,"Failure: non-random eligibility",1061,1,1,39.5757348752901
4427,11,-0.948800697070477,1.05831325780599,"Complier",-5,44.572204597454,39.572204597454,"Failure: non-random eligibility",3025,0,0,44.572204597454
4428,10,-0.328048359280751,-0.579391627324516,"Never-taker",-3.5,41.6192829224209,38.1192829224209,"Failure: non-random eligibility",4548,0,0,41.6192829224209
4429,9,-1.08966895671199,-1.26556772964334,"Never-taker",-3.5,32.7749707255519,29.2749707255519,"Failure: non-random eligibility",1311,1,0,32.7749707255519
4430,16,1.6566441146035,-0.0901311336229839,"Never-taker",-3.5,54.6065937705265,51.1065937705265,"Failure: non-random eligibility",4867,0,0,54.6065937705265
4431,14,0.946005808473328,-0.0702362033096278,"Never-taker",-3.5,50.1184968877941,46.6184968877941,"Failure: non-random eligibility",3647,0,0,50.1184968877941
4432,13,1.4643338811862,-2.16958919295718,"Never-taker",-3.5,48.353805885021,44.853805885021,"Failure: non-random eligibility",4470,0,0,48.353805885021
4433,11,-0.606324622911876,1.15016640705555,"Complier",-5,39.4963116736008,34.4963116736008,"Failure: non-random eligibility",726,1,1,34.4963116736008
4434,13,1.48934826251782,-0.830561731622639,"Never-taker",-3.5,40.9989795330167,37.4989795330167,"Failure: non-random eligibility",4354,0,0,40.9989795330167
4435,11,-1.31331133642333,0.424413756037519,"Complier",-5,37.7826168660231,32.7826168660231,"Failure: non-random eligibility",1027,1,1,32.7826168660231
4436,12,-0.267108014764414,0.273095103676036,"Complier",-5,45.8985888234751,40.8985888234751,"Failure: non-random eligibility",1429,1,1,40.8985888234751
4437,14,0.578029134338669,-1.38723910962443,"Never-taker",-3.5,46.329229328684,42.829229328684,"Failure: non-random eligibility",2435,1,0,46.329229328684
4438,13,-0.310026205498741,-0.825332378111998,"Never-taker",-3.5,46.7819129762381,43.2819129762381,"Failure: non-random eligibility",285,1,0,46.7819129762381
4439,12,0.299489115544123,-1.45215793584102,"Never-taker",-3.5,40.0507519353832,36.5507519353832,"Failure: non-random eligibility",4976,0,0,40.0507519353832
4440,13,0.0789802332438077,0.232506768783305,"Complier",-5,43.3613543320208,38.3613543320208,"Failure: non-random eligibility",1168,1,1,38.3613543320208
4441,8,-1.79724283543017,-0.0650851494644707,"Never-taker",-3.5,32.239402242927,28.739402242927,"Failure: non-random eligibility",1741,1,0,32.239402242927
4442,11,-0.65002568477822,0.966468860602963,"Complier",-5,43.9931198710245,38.9931198710245,"Failure: non-random eligibility",1058,1,1,38.9931198710245
4443,15,1.6607512634167,-1.42603213647035,"Never-taker",-3.5,49.3284356282904,45.8284356282904,"Failure: non-random eligibility",3544,0,0,49.3284356282904
4444,14,1.32820268488747,0.961971049331954,"Complier",-5,48.9943467552055,43.9943467552055,"Failure: non-random eligibility",4329,0,0,48.9943467552055
4445,13,0.600628509807375,0.951779794633648,"Complier",-5,55.1938467429947,50.1938467429947,"Failure: non-random eligibility",3121,0,0,55.1938467429947
4446,11,-1.79157673601582,-0.0558059294955037,"Never-taker",-3.5,32.9423852999458,29.4423852999458,"Failure: non-random eligibility",623,1,0,32.9423852999458
4447,13,0.223385091002797,-0.978361436634747,"Never-taker",-3.5,37.1416502331488,33.6416502331488,"Failure: non-random eligibility",2019,1,0,37.1416502331488
4448,12,-0.119793472466229,0.315544615681711,"Complier",-5,39.6091270936046,34.6091270936046,"Failure: non-random eligibility",4414,0,0,39.6091270936046
4449,14,0.770851956877549,0.688033482218859,"Complier",-5,54.9029464866145,49.9029464866145,"Failure: non-random eligibility",736,1,1,49.9029464866145
4450,11,-1.73980878485936,-1.14182639790213,"Never-taker",-3.5,38.1203678953825,34.6203678953825,"Failure: non-random eligibility",54,1,0,38.1203678953825
4451,13,0.546393466507148,0.932903506723022,"Complier",-5,48.7931144710389,43.7931144710389,"Failure: non-random eligibility",3015,0,0,48.7931144710389
4452,14,0.902598860683672,-0.895654823037193,"Never-taker",-3.5,52.3759411938963,48.8759411938963,"Failure: non-random eligibility",3983,0,0,52.3759411938963
4453,11,-1.43616393518721,-1.67593388591394,"Never-taker",-3.5,43.5053566326237,40.0053566326237,"Failure: non-random eligibility",4110,0,0,43.5053566326237
4454,11,-1.45684946286219,0.523933786127931,"Complier",-5,39.7500490977835,34.7500490977835,"Failure: non-random eligibility",143,1,1,34.7500490977835
4455,16,1.8606742942288,-0.246519654473777,"Never-taker",-3.5,49.7046544363013,46.2046544363013,"Failure: non-random eligibility",2072,1,0,49.7046544363013
4456,14,0.589943685444641,1.63197379193879,"Always-taker",-2,47.0826504263596,45.0826504263596,"Failure: non-random eligibility",3226,0,1,45.0826504263596
4457,12,-0.658372614485735,0.617759931660656,"Complier",-5,44.1370334087504,39.1370334087504,"Failure: non-random eligibility",2608,0,0,44.1370334087504
4458,11,-0.282860557686808,1.34215819339972,"Always-taker",-2,39.3869534078833,37.3869534078833,"Failure: non-random eligibility",1018,1,1,37.3869534078833
4459,13,0.731670674402129,-0.2646709453075,"Never-taker",-3.5,46.590815120609,43.090815120609,"Failure: non-random eligibility",2304,1,0,46.590815120609
4460,12,-0.381606691289661,-1.45428864522314,"Never-taker",-3.5,37.5028767154494,34.0028767154494,"Failure: non-random eligibility",3847,0,0,37.5028767154494
4461,11,-0.167484452605918,-1.06069634767048,"Never-taker",-3.5,45.6902950368553,42.1902950368553,"Failure: non-random eligibility",2992,0,0,45.6902950368553
4462,14,-0.166101188710045,-0.316563221811338,"Never-taker",-3.5,46.2022661139804,42.7022661139804,"Failure: non-random eligibility",156,1,0,46.2022661139804
4463,12,0.643061490842712,-0.544001567417327,"Never-taker",-3.5,43.784768355145,40.284768355145,"Failure: non-random eligibility",2670,0,0,43.784768355145
4464,12,-0.329013055907333,1.30224275210347,"Complier",-5,44.1833424629891,39.1833424629891,"Failure: non-random eligibility",249,1,1,39.1833424629891
4465,11,0.816026811236004,-0.660359974129624,"Never-taker",-3.5,45.0013672172554,41.5013672172554,"Failure: non-random eligibility",3761,0,0,45.0013672172554
4466,10,-0.959380378752354,0.170402368405274,"Complier",-5,38.7359539108924,33.7359539108924,"Failure: non-random eligibility",3903,0,0,38.7359539108924
4467,16,1.21123177642483,-0.666240408418981,"Never-taker",-3.5,46.4645617287255,42.9645617287255,"Failure: non-random eligibility",4772,0,0,46.4645617287255
4468,12,-0.172311346051237,-0.458024851041481,"Never-taker",-3.5,40.2324019782395,36.7324019782395,"Failure: non-random eligibility",460,1,0,40.2324019782395
4469,11,-1.7637018923606,0.194573661629401,"Complier",-5,44.3884665046323,39.3884665046323,"Failure: non-random eligibility",97,1,1,39.3884665046323
4470,13,0.485257573481802,-0.159488803116217,"Never-taker",-3.5,52.0112536019888,48.5112536019888,"Failure: non-random eligibility",2139,1,0,52.0112536019888
4471,13,1.06263654631259,0.0341782693425851,"Never-taker",-3.5,45.1971943158852,41.6971943158852,"Failure: non-random eligibility",4141,0,0,45.1971943158852
4472,13,0.413134571721946,1.43720641364623,"Always-taker",-2,48.7532624796529,46.7532624796529,"Failure: non-random eligibility",4949,0,1,46.7532624796529
4473,11,-0.382432068282823,0.183414809203224,"Complier",-5,52.074601312864,47.074601312864,"Failure: non-random eligibility",4712,0,0,52.074601312864
4474,14,1.0732543214957,-0.493104208176136,"Never-taker",-3.5,50.4348209568856,46.9348209568856,"Failure: non-random eligibility",3867,0,0,50.4348209568856
4475,10,-0.893268978239602,-1.16060763538232,"Never-taker",-3.5,42.2912984090937,38.7912984090937,"Failure: non-random eligibility",395,1,0,42.2912984090937
4476,9,-2.38472686300235,-0.575872140324616,"Never-taker",-3.5,36.7884946124586,33.2884946124586,"Failure: non-random eligibility",25,1,0,36.7884946124586
4477,11,0.245169296118033,-1.22871501037034,"Never-taker",-3.5,44.4562043640537,40.9562043640537,"Failure: non-random eligibility",2555,0,0,44.4562043640537
4478,14,1.37888024883663,-0.479233050184152,"Never-taker",-3.5,47.8266715286583,44.3266715286583,"Failure: non-random eligibility",2881,0,0,47.8266715286583
4479,11,-1.79153552551541,-0.25820702061612,"Never-taker",-3.5,38.3118019525549,34.8118019525549,"Failure: non-random eligibility",495,1,0,38.3118019525549
4480,15,1.14831488980404,-1.29471679052345,"Never-taker",-3.5,50.8079473700199,47.3079473700199,"Failure: non-random eligibility",4509,0,0,50.8079473700199
4481,11,0.471054961562515,-1.61329464527625,"Never-taker",-3.5,38.6420471078192,35.1420471078192,"Failure: non-random eligibility",3194,0,0,38.6420471078192
4482,12,-0.236841925223004,0.283533995792822,"Complier",-5,41.6495348847308,36.6495348847308,"Failure: non-random eligibility",1744,1,1,36.6495348847308
4483,13,1.1015892689625,-0.60568154309302,"Never-taker",-3.5,49.510715794344,46.010715794344,"Failure: non-random eligibility",1355,1,0,49.510715794344
4484,11,-1.22097815766671,0.386189796168424,"Complier",-5,45.4200235057158,40.4200235057158,"Failure: non-random eligibility",1056,1,1,40.4200235057158
4485,11,-1.50372092743934,-0.288209221525277,"Never-taker",-3.5,37.8236070555371,34.3236070555371,"Failure: non-random eligibility",69,1,0,37.8236070555371
4486,11,-1.32273390907943,-2.57038352388957,"Never-taker",-3.5,39.591098016567,36.091098016567,"Failure: non-random eligibility",1284,1,0,39.591098016567
4487,14,1.90592073906992,1.02035379724786,"Complier",-5,51.939947090113,46.939947090113,"Failure: non-random eligibility",4047,0,0,51.939947090113
4488,13,0.581984516920248,0.0748921313851408,"Never-taker",-3.5,41.0857338942855,37.5857338942855,"Failure: non-random eligibility",2696,0,0,41.0857338942855
4489,12,0.119093373985146,1.525998134438,"Always-taker",-2,49.9157060192095,47.9157060192095,"Failure: non-random eligibility",4582,0,1,47.9157060192095
4490,13,1.62080330578232,0.00275203920586443,"Never-taker",-3.5,51.8651775204326,48.3651775204326,"Failure: non-random eligibility",3270,0,0,51.8651775204326
4491,15,0.459076246397585,0.104947796400408,"Never-taker",-3.5,51.9383308796343,48.4383308796343,"Failure: non-random eligibility",3078,0,0,51.9383308796343
4492,12,-0.245434044021868,0.771892260512013,"Complier",-5,49.2116066831416,44.2116066831416,"Failure: non-random eligibility",2153,1,1,44.2116066831416
4493,12,1.50625695820954,-0.24033326000429,"Never-taker",-3.5,47.3920514573461,43.8920514573461,"Failure: non-random eligibility",2477,1,0,47.3920514573461
4494,14,0.603710384695385,0.988076348032338,"Complier",-5,47.5217247780175,42.5217247780175,"Failure: non-random eligibility",4193,0,0,47.5217247780175
4495,15,0.407568800982218,0.297231073514242,"Complier",-5,48.8124190588287,43.8124190588287,"Failure: non-random eligibility",457,1,1,43.8124190588287
4496,14,0.661015390391765,-3.13344438269035,"Never-taker",-3.5,45.5367943222219,42.0367943222219,"Failure: non-random eligibility",3354,0,0,45.5367943222219
4497,13,-0.194574071800198,1.29926612050676,"Complier",-5,47.2322823746535,42.2322823746535,"Failure: non-random eligibility",4553,0,0,47.2322823746535
4498,15,0.986794562220328,2.54553122489164,"Always-taker",-2,58.5046172873778,56.5046172873778,"Failure: non-random eligibility",779,1,1,56.5046172873778
4499,17,1.89367529766713,2.90840763696738,"Always-taker",-2,57.1820527530743,55.1820527530743,"Failure: non-random eligibility",3465,0,1,55.1820527530743
4500,11,-0.465441370126018,0.0714776626904616,"Never-taker",-3.5,50.4840675760167,46.9840675760167,"Failure: non-random eligibility",5,1,0,50.4840675760167
4501,11,0.303995912933466,-0.501973768715665,"Never-taker",-3.5,41.1703846316971,37.6703846316971,"Failure: non-random eligibility",2245,1,0,41.1703846316971
4502,14,0.261844390415491,-1.08597636609515,"Never-taker",-3.5,48.0009193934751,44.5009193934751,"Failure: non-random eligibility",4395,0,0,48.0009193934751
4503,14,-0.225383496579523,0.456279673474967,"Complier",-5,44.7014754382886,39.7014754382886,"Failure: non-random eligibility",605,1,1,39.7014754382886
4504,15,1.38284460507011,1.97955803952194,"Always-taker",-2,55.6564968755179,53.6564968755179,"Failure: non-random eligibility",4675,0,1,53.6564968755179
4505,14,1.63757472942709,2.28526182369654,"Always-taker",-2,59.5991847282351,57.5991847282351,"Failure: non-random eligibility",3835,0,1,57.5991847282351
4506,14,0.536690710586578,0.287196227361666,"Complier",-5,57.4255210044813,52.4255210044813,"Failure: non-random eligibility",3986,0,0,57.4255210044813
4507,12,0.117749238397824,-1.04639035301662,"Never-taker",-3.5,46.6177178522325,43.1177178522325,"Failure: non-random eligibility",2350,1,0,46.6177178522325
4508,12,0.381567122416149,-0.0204107826324026,"Never-taker",-3.5,48.621443150928,45.121443150928,"Failure: non-random eligibility",3911,0,0,48.621443150928
4509,11,-0.657928416355958,-0.927074142104614,"Never-taker",-3.5,45.2367232622187,41.7367232622187,"Failure: non-random eligibility",1733,1,0,45.2367232622187
4510,14,0.1506768521079,2.07879624083409,"Always-taker",-2,47.8495349354311,45.8495349354311,"Failure: non-random eligibility",1307,1,1,45.8495349354311
4511,13,0.654021274884128,-0.700164607967504,"Never-taker",-3.5,49.0726749780109,45.5726749780109,"Failure: non-random eligibility",3991,0,0,49.0726749780109
4512,11,-0.941463918365165,-0.288674338285672,"Never-taker",-3.5,43.5552897167934,40.0552897167934,"Failure: non-random eligibility",287,1,0,43.5552897167934
4513,13,0.170001106381164,2.05014321911115,"Always-taker",-2,48.6101351005579,46.6101351005579,"Failure: non-random eligibility",533,1,1,46.6101351005579
4514,13,1.02134742655554,0.0812963364213698,"Never-taker",-3.5,53.2977182233914,49.7977182233914,"Failure: non-random eligibility",207,1,0,53.2977182233914
4515,15,1.12287509902556,1.13122316212979,"Complier",-5,49.2297807045427,44.2297807045427,"Failure: non-random eligibility",4646,0,0,49.2297807045427
4516,12,0.392323853441727,1.63091334163762,"Always-taker",-2,60.3117865884517,58.3117865884517,"Failure: non-random eligibility",65,1,1,58.3117865884517
4517,13,0.940238590613648,1.24221594585665,"Complier",-5,53.8979752680614,48.8979752680614,"Failure: non-random eligibility",4521,0,0,53.8979752680614
4518,14,0.474898095590269,-0.936259121118328,"Never-taker",-3.5,48.6436134494186,45.1436134494186,"Failure: non-random eligibility",4480,0,0,48.6436134494186
4519,11,-0.214245620258353,0.345387706372337,"Complier",-5,47.766236065728,42.766236065728,"Failure: non-random eligibility",2610,0,0,47.766236065728
4520,12,-1.13602866083202,-1.27296358806506,"Never-taker",-3.5,41.9684200498582,38.4684200498582,"Failure: non-random eligibility",34,1,0,41.9684200498582
4521,14,1.74478369528387,-0.0135762965630069,"Never-taker",-3.5,50.0192382332263,46.5192382332263,"Failure: non-random eligibility",4789,0,0,50.0192382332263
4522,11,-1.91822113700907,0.962527878362663,"Complier",-5,39.1731295143313,34.1731295143313,"Failure: non-random eligibility",292,1,1,34.1731295143313
4523,10,-1.78566496828345,-0.577158563366967,"Never-taker",-3.5,40.3872919526712,36.8872919526712,"Failure: non-random eligibility",497,1,0,40.3872919526712
4524,12,0.222389957428194,0.200599717902129,"Complier",-5,41.8113376874975,36.8113376874975,"Failure: non-random eligibility",519,1,1,36.8113376874975
4525,15,0.695789119630296,1.62951061064463,"Always-taker",-2,57.4986157873579,55.4986157873579,"Failure: non-random eligibility",3971,0,1,55.4986157873579
4526,10,-0.719137756743576,0.490958305526475,"Complier",-5,48.5141089884593,43.5141089884593,"Failure: non-random eligibility",2524,0,0,48.5141089884593
4527,8,-3.0883722632472,1.19002158413058,"Complier",-5,39.7388987090251,34.7388987090251,"Failure: non-random eligibility",231,1,1,34.7388987090251
4528,13,0.317971642563201,0.493488728230908,"Complier",-5,50.5534358172188,45.5534358172188,"Failure: non-random eligibility",4881,0,0,50.5534358172188
4529,13,0.546561037915679,-2.01707973007614,"Never-taker",-3.5,39.7989039520471,36.2989039520471,"Failure: non-random eligibility",4848,0,0,39.7989039520471
4530,14,1.11889964828011,-0.557562332277493,"Never-taker",-3.5,38.261853281018,34.761853281018,"Failure: non-random eligibility",3033,0,0,38.261853281018
4531,14,0.714260955410679,-0.412082365906843,"Never-taker",-3.5,51.7809178636718,48.2809178636718,"Failure: non-random eligibility",1476,1,0,51.7809178636718
4532,13,-1.06110641170533,-0.152844931177226,"Never-taker",-3.5,41.907924684217,38.407924684217,"Failure: non-random eligibility",4218,0,0,41.907924684217
4533,15,1.00504951826154,0.410365037740404,"Complier",-5,52.5759728947031,47.5759728947031,"Failure: non-random eligibility",1655,1,1,47.5759728947031
4534,16,2.08469347050601,0.299519461348889,"Complier",-5,47.758310897045,42.758310897045,"Failure: non-random eligibility",2718,0,0,47.758310897045
4535,11,-0.954752270049014,1.75992624669796,"Always-taker",-2,45.4368254721703,43.4368254721703,"Failure: non-random eligibility",252,1,1,43.4368254721703
4536,10,0.158779011818866,1.85035617040542,"Always-taker",-2,52.0090888536963,50.0090888536963,"Failure: non-random eligibility",2913,0,1,50.0090888536963
4537,13,1.26508140906361,-0.372799532617606,"Never-taker",-3.5,46.0049365055277,42.5049365055277,"Failure: non-random eligibility",4741,0,0,46.0049365055277
4538,13,1.08657371467513,0.518347972966761,"Complier",-5,44.351958834791,39.351958834791,"Failure: non-random eligibility",4254,0,0,44.351958834791
4539,10,-1.27047388769502,-1.01479107586052,"Never-taker",-3.5,39.5723435825482,36.0723435825482,"Failure: non-random eligibility",1928,1,0,39.5723435825482
4540,10,-1.76395628072468,0.541510009236695,"Complier",-5,48.0414278319831,43.0414278319831,"Failure: non-random eligibility",2756,0,0,48.0414278319831
4541,9,-1.51244225831916,-0.373235876836122,"Never-taker",-3.5,33.5415701468452,30.0415701468452,"Failure: non-random eligibility",1104,1,0,33.5415701468452
4542,16,1.07014342778513,-1.16288937551411,"Never-taker",-3.5,53.7288361190139,50.2288361190139,"Failure: non-random eligibility",3776,0,0,53.7288361190139
4543,11,-1.57507836312571,-0.406572177329232,"Never-taker",-3.5,51.0667477377496,47.5667477377496,"Failure: non-random eligibility",1378,1,0,51.0667477377496
4544,13,0.039288751288069,-0.777556642459457,"Never-taker",-3.5,40.869647948101,37.369647948101,"Failure: non-random eligibility",539,1,0,40.869647948101
4545,10,-2.13552224921095,1.57462210101197,"Always-taker",-2,39.4027994646205,37.4027994646205,"Failure: non-random eligibility",398,1,1,37.4027994646205
4546,14,1.26493596024305,-0.638891388976999,"Never-taker",-3.5,50.0203510625953,46.5203510625953,"Failure: non-random eligibility",2594,0,0,50.0203510625953
4547,14,-0.232998503379126,-0.614398048699118,"Never-taker",-3.5,45.1686799713503,41.6686799713503,"Failure: non-random eligibility",340,1,0,45.1686799713503
4548,14,0.663647590873813,-1.59334998079072,"Never-taker",-3.5,42.8364066944568,39.3364066944568,"Failure: non-random eligibility",2571,0,0,42.8364066944568
4549,12,-0.56946812453523,-1.88636103842828,"Never-taker",-3.5,42.2944675555214,38.7944675555214,"Failure: non-random eligibility",1336,1,0,42.2944675555214
4550,13,-0.191751190528038,-0.271752237815242,"Never-taker",-3.5,41.4882862457602,37.9882862457602,"Failure: non-random eligibility",3473,0,0,41.4882862457602
4551,11,-1.27411054001007,-1.87659244836614,"Never-taker",-3.5,41.4086359023043,37.9086359023043,"Failure: non-random eligibility",1527,1,0,41.4086359023043
4552,13,0.720096631387762,0.976414120822837,"Complier",-5,47.0774700098685,42.0774700098685,"Failure: non-random eligibility",729,1,1,42.0774700098685
4553,13,-0.430056243548998,2.84695714512925,"Always-taker",-2,52.5024229766444,50.5024229766444,"Failure: non-random eligibility",2586,0,1,50.5024229766444
4554,14,-0.421490590107765,0.726735249353114,"Complier",-5,48.8832429935361,43.8832429935361,"Failure: non-random eligibility",91,1,1,43.8832429935361
4555,12,1.91956287020037,-1.74451685768034,"Never-taker",-3.5,48.1780627163147,44.6780627163147,"Failure: non-random eligibility",3183,0,0,48.1780627163147
4556,14,0.296604280157838,1.82496126370471,"Always-taker",-2,51.09735447062,49.09735447062,"Failure: non-random eligibility",1756,1,1,49.09735447062
4557,13,-0.0202448011486726,-0.936007280914473,"Never-taker",-3.5,51.0858422293451,47.5858422293451,"Failure: non-random eligibility",2910,0,0,51.0858422293451
4558,12,-0.995231054155118,-0.309472633857546,"Never-taker",-3.5,39.2017857844393,35.7017857844393,"Failure: non-random eligibility",2006,1,0,39.2017857844393
4559,12,-1.64823483955677,-0.0136160388164626,"Never-taker",-3.5,35.5092700627615,32.0092700627615,"Failure: non-random eligibility",431,1,0,35.5092700627615
4560,14,0.0998172103920682,2.04949421182776,"Always-taker",-2,52.5881779659528,50.5881779659528,"Failure: non-random eligibility",2974,0,1,50.5881779659528
4561,11,-1.06060200701805,-0.517246469850114,"Never-taker",-3.5,36.8993387710078,33.3993387710078,"Failure: non-random eligibility",80,1,0,36.8993387710078
4562,12,-1.32092540266177,-0.651481895618555,"Never-taker",-3.5,40.6725323922127,37.1725323922127,"Failure: non-random eligibility",1843,1,0,40.6725323922127
4563,11,-0.255207016457635,1.75196005284508,"Always-taker",-2,42.710661310479,40.710661310479,"Failure: non-random eligibility",4683,0,1,40.710661310479
4564,10,-2.03345547068799,-1.35774174075034,"Never-taker",-3.5,38.9389405734287,35.4389405734287,"Failure: non-random eligibility",1389,1,0,38.9389405734287
4565,12,-0.484081076359726,-0.940621767844551,"Never-taker",-3.5,44.8836822418031,41.3836822418031,"Failure: non-random eligibility",1739,1,0,44.8836822418031
4566,12,-1.15662936783943,0.785843990855115,"Complier",-5,43.9114995818977,38.9114995818977,"Failure: non-random eligibility",868,1,1,38.9114995818977
4567,11,-0.793119386969766,-0.252351177922187,"Never-taker",-3.5,42.0089315776224,38.5089315776224,"Failure: non-random eligibility",1502,1,0,42.0089315776224
4568,11,-0.122023355850391,-1.21069121251025,"Never-taker",-3.5,44.0711498821929,40.5711498821929,"Failure: non-random eligibility",3588,0,0,44.0711498821929
4569,11,-1.07561144866861,-0.432778759249155,"Never-taker",-3.5,47.0223835089764,43.5223835089764,"Failure: non-random eligibility",1335,1,0,47.0223835089764
4570,12,-0.404391359513514,1.38253850291012,"Always-taker",-2,47.6172292920797,45.6172292920797,"Failure: non-random eligibility",927,1,1,45.6172292920797
4571,12,-0.165523004649413,-0.573552154596967,"Never-taker",-3.5,44.6622045139982,41.1622045139982,"Failure: non-random eligibility",1856,1,0,44.6622045139982
4572,10,-0.44564666423063,1.0201353276022,"Complier",-5,45.0574688320525,40.0574688320525,"Failure: non-random eligibility",878,1,1,40.0574688320525
4573,11,-2.22886967569697,-1.23227776373766,"Never-taker",-3.5,34.9275884576146,31.4275884576146,"Failure: non-random eligibility",739,1,0,34.9275884576146
4574,11,-1.14405822192112,-0.831114086792082,"Never-taker",-3.5,42.1573000067561,38.6573000067561,"Failure: non-random eligibility",1428,1,0,42.1573000067561
4575,11,-0.342192507804951,-1.22296921456145,"Never-taker",-3.5,40.6410350683199,37.1410350683199,"Failure: non-random eligibility",3816,0,0,40.6410350683199
4576,14,0.608138846664328,0.661458389019114,"Complier",-5,45.3175443377401,40.3175443377401,"Failure: non-random eligibility",1796,1,1,40.3175443377401
4577,10,-2.42928836798991,-1.19451363677086,"Never-taker",-3.5,34.2988963809753,30.7988963809753,"Failure: non-random eligibility",7,1,0,34.2988963809753
4578,13,0.248845835636217,1.39729284863068,"Always-taker",-2,46.7455705326371,44.7455705326371,"Failure: non-random eligibility",2825,0,1,44.7455705326371
4579,12,-0.770659662620908,0.258531057118838,"Complier",-5,38.4589758296739,33.4589758296739,"Failure: non-random eligibility",4859,0,0,38.4589758296739
4580,12,0.0691438655939738,0.0464196747363542,"Never-taker",-3.5,50.1475181503257,46.6475181503257,"Failure: non-random eligibility",2794,0,0,50.1475181503257
4581,11,-0.217065592937892,0.437693971782648,"Complier",-5,44.774423723835,39.774423723835,"Failure: non-random eligibility",2138,1,1,39.774423723835
4582,16,1.96298375415417,1.22724459765219,"Complier",-5,51.4641118739572,46.4641118739572,"Failure: non-random eligibility",4466,0,0,51.4641118739572
4583,13,0.0500709362951418,-0.584258151220831,"Never-taker",-3.5,45.0603693100926,41.5603693100926,"Failure: non-random eligibility",2672,0,0,45.0603693100926
4584,15,1.04877800129406,0.317360374615627,"Complier",-5,44.165812154883,39.165812154883,"Failure: non-random eligibility",211,1,1,39.165812154883
4585,11,-1.75904635541533,1.3933221951769,"Always-taker",-2,38.8031210771028,36.8031210771028,"Failure: non-random eligibility",45,1,1,36.8031210771028
4586,11,-0.468963655728665,-1.0654589397538,"Never-taker",-3.5,43.3182045031174,39.8182045031174,"Failure: non-random eligibility",2322,1,0,43.3182045031174
4587,13,-0.315635423191642,-0.584188308345189,"Never-taker",-3.5,45.706787030446,42.206787030446,"Failure: non-random eligibility",4363,0,0,45.706787030446
4588,15,0.953017955141452,0.668530529353956,"Complier",-5,54.5385561714817,49.5385561714817,"Failure: non-random eligibility",4331,0,0,54.5385561714817
4589,12,-1.09901486559119,-0.85602350516962,"Never-taker",-3.5,38.3687624182616,34.8687624182616,"Failure: non-random eligibility",1082,1,0,38.3687624182616
4590,13,-0.478767214975276,-1.48633610544813,"Never-taker",-3.5,45.7127814800082,42.2127814800082,"Failure: non-random eligibility",444,1,0,45.7127814800082
4591,12,0.281920228710468,-0.479563448375083,"Never-taker",-3.5,42.1628475307647,38.6628475307647,"Failure: non-random eligibility",1745,1,0,42.1628475307647
4592,13,-0.0584990450400112,-0.459177878930373,"Never-taker",-3.5,46.4687910543968,42.9687910543968,"Failure: non-random eligibility",3218,0,0,46.4687910543968
4593,11,-1.46798973924298,-1.36078234136737,"Never-taker",-3.5,34.7724895507832,31.2724895507832,"Failure: non-random eligibility",99,1,0,34.7724895507832
4594,10,-1.77102504246852,0.609799155219582,"Complier",-5,36.475386018425,31.475386018425,"Failure: non-random eligibility",2977,0,0,36.475386018425
4595,12,-0.439056000367343,-0.70900271010221,"Never-taker",-3.5,44.296004528301,40.796004528301,"Failure: non-random eligibility",3308,0,0,44.296004528301
4596,16,2.10964853047702,1.40746916766538,"Always-taker",-2,60.7053839379922,58.7053839379922,"Failure: non-random eligibility",4423,0,1,58.7053839379922
4597,12,-0.346732342169606,0.77441097922336,"Complier",-5,44.6311542094763,39.6311542094763,"Failure: non-random eligibility",2725,0,0,44.6311542094763
4598,13,0.606087869013516,0.563630759722465,"Complier",-5,46.17692330468,41.17692330468,"Failure: non-random eligibility",2641,0,0,46.17692330468
4599,14,-0.362274062676285,-1.1091896433505,"Never-taker",-3.5,40.4479166228643,36.9479166228643,"Failure: non-random eligibility",1954,1,0,40.4479166228643
4600,12,0.138442506621359,0.930082747013886,"Complier",-5,55.5614818937365,50.5614818937365,"Failure: non-random eligibility",1927,1,1,50.5614818937365
4601,11,-0.863967568718757,1.29826101912321,"Complier",-5,51.2229730694752,46.2229730694752,"Failure: non-random eligibility",1673,1,1,46.2229730694752
4602,12,0.227073929936323,-1.88459987209273,"Never-taker",-3.5,38.1353942678957,34.6353942678957,"Failure: non-random eligibility",2183,1,0,38.1353942678957
4603,11,-0.838352816775553,0.639394297024342,"Complier",-5,40.0286069489658,35.0286069489658,"Failure: non-random eligibility",744,1,1,35.0286069489658
4604,13,1.09977546440171,0.487074727014412,"Complier",-5,45.5549657823429,40.5549657823429,"Failure: non-random eligibility",2819,0,0,45.5549657823429
4605,12,0.120055738122289,0.819472472496343,"Complier",-5,56.004887983184,51.004887983184,"Failure: non-random eligibility",2947,0,0,56.004887983184
4606,11,-1.27772807248983,0.28968261649787,"Complier",-5,39.7374656368027,34.7374656368027,"Failure: non-random eligibility",1004,1,1,34.7374656368027
4607,13,-0.67963106571783,-2.01225845308051,"Never-taker",-3.5,47.6593724511419,44.1593724511419,"Failure: non-random eligibility",4190,0,0,47.6593724511419
4608,14,0.688624102943674,-0.46495271757408,"Never-taker",-3.5,42.435253315773,38.935253315773,"Failure: non-random eligibility",3053,0,0,42.435253315773
4609,13,-0.437114230063887,0.203892530855527,"Complier",-5,51.3331567721585,46.3331567721585,"Failure: non-random eligibility",759,1,1,46.3331567721585
4610,14,1.65691015546741,1.02119569892179,"Complier",-5,52.6510231960355,47.6510231960355,"Failure: non-random eligibility",4907,0,0,52.6510231960355
4611,11,-0.475673157594238,-0.602119222678759,"Never-taker",-3.5,40.3314769863468,36.8314769863468,"Failure: non-random eligibility",4710,0,0,40.3314769863468
4612,12,-0.480067469594019,0.295311565964125,"Complier",-5,43.8969798260288,38.8969798260288,"Failure: non-random eligibility",3497,0,0,43.8969798260288
4613,14,2.39121174511164,-0.774109646831637,"Never-taker",-3.5,52.64044141974,49.14044141974,"Failure: non-random eligibility",4932,0,0,52.64044141974
4614,10,-0.665874891579825,-0.429157911148975,"Never-taker",-3.5,35.2750516461195,31.7750516461195,"Failure: non-random eligibility",2232,1,0,35.2750516461195
4615,12,-0.913518813682288,0.0394013376295405,"Never-taker",-3.5,37.0438269274533,33.5438269274533,"Failure: non-random eligibility",1580,1,0,37.0438269274533
4616,14,-0.0479174939973033,-1.93711648857985,"Never-taker",-3.5,40.733410897801,37.233410897801,"Failure: non-random eligibility",3999,0,0,40.733410897801
4617,11,-0.243323544323824,-0.280470227113345,"Never-taker",-3.5,35.4074267549184,31.9074267549184,"Failure: non-random eligibility",478,1,0,35.4074267549184
4618,14,1.70458199793861,1.59567316970321,"Always-taker",-2,56.0503105959497,54.0503105959497,"Failure: non-random eligibility",3608,0,1,54.0503105959497
4619,14,0.713193533832907,1.43715589374424,"Always-taker",-2,50.9816801701877,48.9816801701877,"Failure: non-random eligibility",1695,1,1,48.9816801701877
4620,12,-0.800538447911334,0.424077100076777,"Complier",-5,46.1562871676485,41.1562871676485,"Failure: non-random eligibility",3330,0,0,46.1562871676485
4621,12,0.197580742082064,-0.230968369803723,"Never-taker",-3.5,44.3621071993339,40.8621071993339,"Failure: non-random eligibility",2798,0,0,44.3621071993339
4622,11,-1.37550466656214,0.246273381831864,"Complier",-5,40.4336082628392,35.4336082628392,"Failure: non-random eligibility",3584,0,0,40.4336082628392
4623,15,1.16812264648405,-0.0260238988761485,"Never-taker",-3.5,44.6490861874301,41.1490861874301,"Failure: non-random eligibility",2301,1,0,44.6490861874301
4624,13,0.162690275778527,1.05831746325903,"Complier",-5,44.845166523616,39.845166523616,"Failure: non-random eligibility",1556,1,1,39.845166523616
4625,12,0.290274451151975,-1.51134832669802,"Never-taker",-3.5,46.4045621766916,42.9045621766916,"Failure: non-random eligibility",3106,0,0,46.4045621766916
4626,11,-1.33157031008761,-1.91314195687186,"Never-taker",-3.5,35.4894194992985,31.9894194992985,"Failure: non-random eligibility",995,1,0,35.4894194992985
4627,14,0.612904729690125,0.498597267432867,"Complier",-5,49.917331419413,44.917331419413,"Failure: non-random eligibility",4039,0,0,49.917331419413
4628,14,0.179905130636962,-0.725230807049668,"Never-taker",-3.5,54.9965714320088,51.4965714320088,"Failure: non-random eligibility",2642,0,0,54.9965714320088
4629,15,0.660932665127861,-0.175667449920349,"Never-taker",-3.5,55.1099243761071,51.6099243761071,"Failure: non-random eligibility",3248,0,0,55.1099243761071
4630,12,0.0462520793222139,-1.25388388110334,"Never-taker",-3.5,45.2462171917329,41.7462171917329,"Failure: non-random eligibility",1732,1,0,45.2462171917329
4631,11,-0.404915956892023,0.0310789729890287,"Never-taker",-3.5,44.899866337541,41.399866337541,"Failure: non-random eligibility",4431,0,0,44.899866337541
4632,11,-0.758893224727461,1.34913223594268,"Always-taker",-2,45.5651007060892,43.5651007060892,"Failure: non-random eligibility",2467,1,1,43.5651007060892
4633,13,-0.149358733181348,0.694520610843141,"Complier",-5,48.9290832948407,43.9290832948407,"Failure: non-random eligibility",386,1,1,43.9290832948407
4634,12,0.0202286063852122,0.58016561669856,"Complier",-5,39.8636609742912,34.8636609742912,"Failure: non-random eligibility",2422,1,1,34.8636609742912
4635,12,-0.769642643316343,-0.44079247123202,"Never-taker",-3.5,49.2457002089589,45.7457002089589,"Failure: non-random eligibility",1262,1,0,49.2457002089589
4636,12,-0.351218016184059,-0.690139017519878,"Never-taker",-3.5,39.9979292436505,36.4979292436505,"Failure: non-random eligibility",73,1,0,39.9979292436505
4637,14,1.5591482343574,0.0722826651783443,"Never-taker",-3.5,44.8625427723137,41.3625427723137,"Failure: non-random eligibility",4924,0,0,44.8625427723137
4638,12,0.340465659412093,-1.68425996445211,"Never-taker",-3.5,44.2967351590989,40.7967351590989,"Failure: non-random eligibility",2390,1,0,44.2967351590989
4639,14,-0.366440583380518,0.531836208628118,"Complier",-5,53.4884055557995,48.4884055557995,"Failure: non-random eligibility",1463,1,1,48.4884055557995
4640,13,0.61500085193197,0.487415222384822,"Complier",-5,45.4362051936037,40.4362051936037,"Failure: non-random eligibility",3788,0,0,45.4362051936037
4641,13,-0.0122291154188646,-0.438984932215757,"Never-taker",-3.5,43.0880710984638,39.5880710984638,"Failure: non-random eligibility",4009,0,0,43.0880710984638
4642,15,0.0115794571332332,-0.728333904562774,"Never-taker",-3.5,41.2481046122896,37.7481046122896,"Failure: non-random eligibility",1605,1,0,41.2481046122896
4643,16,0.00267097245629121,-0.47161321988855,"Never-taker",-3.5,51.133990330293,47.633990330293,"Failure: non-random eligibility",3820,0,0,51.133990330293
4644,11,-1.24498976975757,-0.656893612733436,"Never-taker",-3.5,40.4993601867571,36.9993601867571,"Failure: non-random eligibility",4325,0,0,40.4993601867571
4645,13,-0.697065908234059,0.538440580160772,"Complier",-5,39.3233417735313,34.3233417735313,"Failure: non-random eligibility",3593,0,0,39.3233417735313
4646,11,-1.45050129916752,-1.68136671025926,"Never-taker",-3.5,38.7391221024523,35.2391221024523,"Failure: non-random eligibility",4469,0,0,38.7391221024523
4647,12,-0.608928705084633,2.01503860116155,"Always-taker",-2,47.5754645891394,45.5754645891394,"Failure: non-random eligibility",2836,0,1,45.5754645891394
4648,15,0.694946291864004,-2.02043113874052,"Never-taker",-3.5,45.4998424294091,41.9998424294091,"Failure: non-random eligibility",3483,0,0,45.4998424294091
4649,11,-0.428428158681083,-0.833778535725363,"Never-taker",-3.5,38.2614203409279,34.7614203409279,"Failure: non-random eligibility",3548,0,0,38.2614203409279
4650,13,0.831973199111516,-0.288406191198095,"Never-taker",-3.5,50.1813447249548,46.6813447249548,"Failure: non-random eligibility",157,1,0,50.1813447249548
4651,15,0.24792347157845,-1.01805200954715,"Never-taker",-3.5,45.2559528035113,41.7559528035113,"Failure: non-random eligibility",3414,0,0,45.2559528035113
4652,12,-0.173787007924479,-1.1416963548401,"Never-taker",-3.5,46.0785537581811,42.5785537581811,"Failure: non-random eligibility",1908,1,0,46.0785537581811
4653,14,0.654153793504278,-0.417505174083938,"Never-taker",-3.5,37.4035226019096,33.9035226019096,"Failure: non-random eligibility",557,1,0,37.4035226019096
4654,11,-0.995862664167792,-0.34679584863998,"Never-taker",-3.5,38.1730837609458,34.6730837609458,"Failure: non-random eligibility",2949,0,0,38.1730837609458
4655,12,-0.328493704909683,-0.378365213331868,"Never-taker",-3.5,37.7078964998011,34.2078964998011,"Failure: non-random eligibility",2167,1,0,37.7078964998011
4656,10,-1.17054182045473,-0.310347710036643,"Never-taker",-3.5,33.2841994838524,29.7841994838524,"Failure: non-random eligibility",1263,1,0,33.2841994838524
4657,12,-0.266090006338622,0.320744981458559,"Complier",-5,38.0288957008235,33.0288957008235,"Failure: non-random eligibility",436,1,1,33.0288957008235
4658,12,-0.443691445435926,0.866856527040874,"Complier",-5,45.0271617533203,40.0271617533203,"Failure: non-random eligibility",3891,0,0,45.0271617533203
4659,11,-0.706574396743502,-1.22489766838589,"Never-taker",-3.5,38.3811588303365,34.8811588303365,"Failure: non-random eligibility",364,1,0,38.3811588303365
4660,12,-0.806140999566281,0.140771828947152,"Complier",-5,42.2484003718249,37.2484003718249,"Failure: non-random eligibility",1001,1,1,37.2484003718249
4661,14,0.391811963690362,-0.297957478481799,"Never-taker",-3.5,47.1500238098627,43.6500238098627,"Failure: non-random eligibility",3006,0,0,47.1500238098627
4662,12,0.479714919010437,0.190328149000458,"Complier",-5,46.0381020148767,41.0381020148767,"Failure: non-random eligibility",3164,0,0,46.0381020148767
4663,13,1.70496868115749,1.67880624253698,"Always-taker",-2,51.2113763649423,49.2113763649423,"Failure: non-random eligibility",3998,0,1,49.2113763649423
4664,13,0.0686394542748946,-0.503154101264264,"Never-taker",-3.5,48.3894812148548,44.8894812148548,"Failure: non-random eligibility",1360,1,0,48.3894812148548
4665,10,-0.308472959164828,0.490267292098239,"Complier",-5,39.3847255600215,34.3847255600215,"Failure: non-random eligibility",3023,0,0,39.3847255600215
4666,12,-0.0682578208255853,0.329776898195924,"Complier",-5,41.9213233370015,36.9213233370015,"Failure: non-random eligibility",2650,0,0,41.9213233370015
4667,12,0.0254741570573794,-1.46752132526635,"Never-taker",-3.5,41.6087434271899,38.1087434271899,"Failure: non-random eligibility",784,1,0,41.6087434271899
4668,12,-0.953486160327443,0.511309351544462,"Complier",-5,39.285775142512,34.285775142512,"Failure: non-random eligibility",261,1,1,34.285775142512
4669,15,0.945101648535387,-1.02737255117971,"Never-taker",-3.5,47.7526778392446,44.2526778392446,"Failure: non-random eligibility",4456,0,0,47.7526778392446
4670,11,0.0787321190683615,-0.83553753808715,"Never-taker",-3.5,47.1735890123648,43.6735890123648,"Failure: non-random eligibility",1935,1,0,47.1735890123648
4671,13,0.578753009750119,0.846637602657751,"Complier",-5,43.7423823658592,38.7423823658592,"Failure: non-random eligibility",3958,0,0,43.7423823658592
4672,11,-0.739616821357818,1.31878759719489,"Always-taker",-2,48.780548346145,46.780548346145,"Failure: non-random eligibility",392,1,1,46.780548346145
4673,12,0.56893931272551,0.295606044367473,"Complier",-5,45.3340511679037,40.3340511679037,"Failure: non-random eligibility",3681,0,0,45.3340511679037
4674,10,-0.50773725609608,0.928088626979533,"Complier",-5,40.4603029142083,35.4603029142083,"Failure: non-random eligibility",856,1,1,35.4603029142083
4675,12,1.06614686841297,-0.300034140420151,"Never-taker",-3.5,47.1685018273061,43.6685018273061,"Failure: non-random eligibility",2808,0,0,47.1685018273061
4676,14,0.874290704618642,-0.595870019616369,"Never-taker",-3.5,47.0811044096114,43.5811044096114,"Failure: non-random eligibility",2634,0,0,47.0811044096114
4677,11,-0.668377210684448,-0.813560326680372,"Never-taker",-3.5,39.3587014853334,35.8587014853334,"Failure: non-random eligibility",2418,1,0,39.3587014853334
4678,11,-1.39609529215468,-1.41991603502783,"Never-taker",-3.5,41.4875306101589,37.9875306101589,"Failure: non-random eligibility",1397,1,0,41.4875306101589
4679,13,-0.216784492859628,1.3550841122487,"Always-taker",-2,43.5485586085751,41.5485586085751,"Failure: non-random eligibility",3442,0,1,41.5485586085751
4680,13,-0.473779254133652,1.98976303365062,"Always-taker",-2,43.9814839835003,41.9814839835003,"Failure: non-random eligibility",4446,0,1,41.9814839835003
4681,14,0.883483305035929,-0.555087901116842,"Never-taker",-3.5,44.0008114421885,40.5008114421885,"Failure: non-random eligibility",4056,0,0,44.0008114421885
4682,12,-1.00388531020721,1.45433464195655,"Always-taker",-2,45.1765174690953,43.1765174690953,"Failure: non-random eligibility",1037,1,1,43.1765174690953
4683,14,0.332194122261423,-0.902450016349963,"Never-taker",-3.5,44.2284504713942,40.7284504713942,"Failure: non-random eligibility",3897,0,0,44.2284504713942
4684,13,0.158134694259808,-0.579834050822284,"Never-taker",-3.5,40.3702961285013,36.8702961285013,"Failure: non-random eligibility",4768,0,0,40.3702961285013
4685,12,0.383825284039873,-2.62693087137835,"Never-taker",-3.5,37.2214245667788,33.7214245667788,"Failure: non-random eligibility",1953,1,0,37.2214245667788
4686,13,-0.959492825335204,0.00567531133551009,"Never-taker",-3.5,48.7979348034139,45.2979348034139,"Failure: non-random eligibility",1342,1,0,48.7979348034139
4687,10,-1.31717172968992,-0.327750430261641,"Never-taker",-3.5,33.1919083882579,29.6919083882579,"Failure: non-random eligibility",367,1,0,33.1919083882579
4688,9,-2.5667874966,0.542012585684614,"Complier",-5,37.2682914466823,32.2682914466823,"Failure: non-random eligibility",2814,0,0,37.2682914466823
4689,13,-0.615326972102722,0.614519423661288,"Complier",-5,42.5018035488767,37.5018035488767,"Failure: non-random eligibility",1322,1,1,37.5018035488767
4690,12,0.136148215214624,-0.574668535541755,"Never-taker",-3.5,46.738920677913,43.238920677913,"Failure: non-random eligibility",1399,1,0,46.738920677913
4691,16,1.96486548347618,-1.6189875267153,"Never-taker",-3.5,44.7589469607627,41.2589469607627,"Failure: non-random eligibility",3666,0,0,44.7589469607627
4692,10,-2.12311711506051,1.00676877048256,"Complier",-5,39.2104218807132,34.2104218807132,"Failure: non-random eligibility",549,1,1,34.2104218807132
4693,13,-0.594811984969936,-1.19199401300874,"Never-taker",-3.5,45.7612014189788,42.2612014189788,"Failure: non-random eligibility",2484,1,0,45.7612014189788
4694,13,-0.149595879411686,0.178312196326169,"Complier",-5,48.4651763543013,43.4651763543013,"Failure: non-random eligibility",3827,0,0,48.4651763543013
4695,13,-0.269328244315928,-0.686033770020752,"Never-taker",-3.5,44.9262446423343,41.4262446423343,"Failure: non-random eligibility",3988,0,0,44.9262446423343
4696,12,0.0701430369764772,-0.256042497080239,"Never-taker",-3.5,47.3051742433969,43.8051742433969,"Failure: non-random eligibility",2313,1,0,47.3051742433969
4697,10,0.58236717122062,-2.14458924213438,"Never-taker",-3.5,39.1072112707596,35.6072112707596,"Failure: non-random eligibility",4255,0,0,39.1072112707596
4698,15,1.40370481826754,2.42545664489497,"Always-taker",-2,56.6965686309643,54.6965686309643,"Failure: non-random eligibility",4534,0,1,54.6965686309643
4699,10,0.228925440413724,0.275670528476217,"Complier",-5,41.1305973242493,36.1305973242493,"Failure: non-random eligibility",3029,0,0,41.1305973242493
4700,13,0.420039756329405,0.34666929653399,"Complier",-5,43.114664332595,38.114664332595,"Failure: non-random eligibility",3004,0,0,43.114664332595
4701,13,0.315644358257506,0.945772673962418,"Complier",-5,48.5950004660431,43.5950004660431,"Failure: non-random eligibility",598,1,1,43.5950004660431
4702,14,1.35013695048427,0.453144182483681,"Complier",-5,42.609654781571,37.609654781571,"Failure: non-random eligibility",4665,0,0,42.609654781571
4703,13,0.447680920513178,-1.76934154623111,"Never-taker",-3.5,37.3780238441162,33.8780238441162,"Failure: non-random eligibility",1257,1,0,37.3780238441162
4704,14,0.483636420376547,-0.222058182283696,"Never-taker",-3.5,49.1305509046389,45.6305509046389,"Failure: non-random eligibility",2948,0,0,49.1305509046389
4705,11,-0.700074277746412,0.431924792098049,"Complier",-5,47.0680418286719,42.0680418286719,"Failure: non-random eligibility",810,1,1,42.0680418286719
4706,13,0.263968361298698,-2.38870248735348,"Never-taker",-3.5,39.4791088397597,35.9791088397597,"Failure: non-random eligibility",3455,0,0,39.4791088397597
4707,10,-1.2026946194448,-0.296694871834352,"Never-taker",-3.5,41.0305162733159,37.5305162733159,"Failure: non-random eligibility",122,1,0,41.0305162733159
4708,13,0.415713774698278,-0.437970667989602,"Never-taker",-3.5,53.7288759825254,50.2288759825254,"Failure: non-random eligibility",2739,0,0,53.7288759825254
4709,12,-0.659129102540666,-0.467111463338955,"Never-taker",-3.5,41.0350414096073,37.5350414096073,"Failure: non-random eligibility",1857,1,0,41.0350414096073
4710,13,0.610120159452321,1.14420683765695,"Complier",-5,47.3044288138578,42.3044288138578,"Failure: non-random eligibility",2044,1,1,42.3044288138578
4711,11,-0.646837800554734,-0.562118065617063,"Never-taker",-3.5,44.1851155879539,40.6851155879539,"Failure: non-random eligibility",4673,0,0,44.1851155879539
4712,13,0.430396843099381,1.24433980256725,"Complier",-5,54.828477512357,49.828477512357,"Failure: non-random eligibility",1443,1,1,49.828477512357
4713,14,-0.210786173668362,1.62490739588895,"Always-taker",-2,44.3136014935042,42.3136014935042,"Failure: non-random eligibility",1405,1,1,42.3136014935042
4714,11,-0.263664449147015,-0.527749717954666,"Never-taker",-3.5,46.4581801032635,42.9581801032635,"Failure: non-random eligibility",1671,1,0,46.4581801032635
4715,12,-1.19665935397818,0.271319384048133,"Complier",-5,42.6744875442552,37.6744875442552,"Failure: non-random eligibility",449,1,1,37.6744875442552
4716,14,1.60505042964026,-1.24152947920926,"Never-taker",-3.5,51.0728265937511,47.5728265937511,"Failure: non-random eligibility",4518,0,0,51.0728265937511
4717,17,1.86387862602216,0.814839296137231,"Complier",-5,56.3644549211533,51.3644549211533,"Failure: non-random eligibility",3535,0,0,56.3644549211533
4718,14,0.413866438581457,-0.99104798679304,"Never-taker",-3.5,46.5104976681457,43.0104976681457,"Failure: non-random eligibility",1533,1,0,46.5104976681457
4719,12,0.0536934112971088,0.202946664809871,"Complier",-5,43.8762037985613,38.8762037985613,"Failure: non-random eligibility",3416,0,0,43.8762037985613
4720,13,-0.313824592806405,0.231877332922976,"Complier",-5,42.4189756356763,37.4189756356763,"Failure: non-random eligibility",1878,1,1,37.4189756356763
4721,12,-1.45535017838068,-0.282245364868784,"Never-taker",-3.5,40.9546474893407,37.4546474893407,"Failure: non-random eligibility",629,1,0,40.9546474893407
4722,13,0.680064991030896,-1.76278729364545,"Never-taker",-3.5,45.6432492750795,42.1432492750795,"Failure: non-random eligibility",195,1,0,45.6432492750795
4723,11,0.613009221577611,-0.606579735636674,"Never-taker",-3.5,39.4256956420301,35.9256956420301,"Failure: non-random eligibility",1761,1,0,39.4256956420301
4724,13,0.0918436340820323,-3.06782171834149,"Never-taker",-3.5,39.959523942357,36.459523942357,"Failure: non-random eligibility",4202,0,0,39.959523942357
4725,9,-1.93441899499964,-0.53707733410288,"Never-taker",-3.5,42.3291028477986,38.8291028477986,"Failure: non-random eligibility",98,1,0,42.3291028477986
4726,14,0.468720690494705,0.317376400064031,"Complier",-5,47.1283858596274,42.1283858596274,"Failure: non-random eligibility",2999,0,0,47.1283858596274
4727,12,0.780731508341438,-0.621441171659222,"Never-taker",-3.5,48.0185082898493,44.5185082898493,"Failure: non-random eligibility",4169,0,0,48.0185082898493
4728,14,0.900037411023621,0.0656852742707655,"Never-taker",-3.5,49.3036421260598,45.8036421260598,"Failure: non-random eligibility",1648,1,0,49.3036421260598
4729,13,0.591056515490553,-0.700558049205098,"Never-taker",-3.5,48.8042261741189,45.3042261741189,"Failure: non-random eligibility",961,1,0,48.8042261741189
4730,12,-1.87159867254392,-0.440584002863776,"Never-taker",-3.5,41.5758537960632,38.0758537960632,"Failure: non-random eligibility",38,1,0,41.5758537960632
4731,13,0.289118360837983,-0.38160899170654,"Never-taker",-3.5,50.2110756180308,46.7110756180308,"Failure: non-random eligibility",1886,1,0,50.2110756180308
4732,14,2.11210861783937,0.110646133310841,"Never-taker",-3.5,54.0287793517117,50.5287793517117,"Failure: non-random eligibility",2049,1,0,54.0287793517117
4733,16,2.04148010668495,-0.58449360746264,"Never-taker",-3.5,61.3919613592088,57.8919613592088,"Failure: non-random eligibility",2663,0,0,61.3919613592088
4734,13,0.112468481323999,0.144731158187231,"Complier",-5,47.1404136215188,42.1404136215188,"Failure: non-random eligibility",954,1,1,42.1404136215188
4735,13,0.0960431678425291,0.827270068223711,"Complier",-5,48.8378584654346,43.8378584654346,"Failure: non-random eligibility",2425,1,1,43.8378584654346
4736,14,0.715561311349602,0.865352802127273,"Complier",-5,52.6033655255183,47.6033655255183,"Failure: non-random eligibility",3403,0,0,52.6033655255183
4737,12,-0.830092087538535,1.78797593185502,"Always-taker",-2,48.6335823262022,46.6335823262022,"Failure: non-random eligibility",1023,1,1,46.6335823262022
4738,12,-1.73223168931476,-0.193137545930512,"Never-taker",-3.5,42.1258611143535,38.6258611143535,"Failure: non-random eligibility",1244,1,0,42.1258611143535
4739,11,-1.09181400776527,-0.290653464726536,"Never-taker",-3.5,36.0286342592959,32.5286342592959,"Failure: non-random eligibility",313,1,0,36.0286342592959
4740,11,-0.607452791777376,-0.162411357420399,"Never-taker",-3.5,44.7619272100669,41.2619272100669,"Failure: non-random eligibility",3685,0,0,44.7619272100669
4741,16,1.27337089868824,-0.682351085857011,"Never-taker",-3.5,51.7331849356488,48.2331849356488,"Failure: non-random eligibility",1036,1,0,51.7331849356488
4742,12,-1.03714158578056,1.07989866675133,"Complier",-5,42.7805160125199,37.7805160125199,"Failure: non-random eligibility",725,1,1,37.7805160125199
4743,10,-1.475909570639,0.122213196151815,"Never-taker",-3.5,42.9221639418361,39.4221639418361,"Failure: non-random eligibility",589,1,0,42.9221639418361
4744,13,1.56436645708342,0.250540383556149,"Complier",-5,53.4037655389634,48.4037655389634,"Failure: non-random eligibility",4246,0,0,53.4037655389634
4745,11,-0.299804417225361,-0.298271740029914,"Never-taker",-3.5,39.7128060416014,36.2128060416014,"Failure: non-random eligibility",1065,1,0,39.7128060416014
4746,14,0.807515583821725,-2.06988402223725,"Never-taker",-3.5,45.9650229123577,42.4650229123577,"Failure: non-random eligibility",295,1,0,45.9650229123577
4747,14,0.646706190980071,0.379719002917323,"Complier",-5,49.3847031460333,44.3847031460333,"Failure: non-random eligibility",1986,1,1,44.3847031460333
4748,13,-0.487995689042381,-0.00146681821151408,"Never-taker",-3.5,45.0602865644153,41.5602865644153,"Failure: non-random eligibility",3047,0,0,45.0602865644153
4749,13,0.726977093601407,1.28316930063857,"Complier",-5,47.184682156671,42.184682156671,"Failure: non-random eligibility",1942,1,1,42.184682156671
4750,12,0.00463306721211378,-0.0149964663114247,"Never-taker",-3.5,35.9745702475904,32.4745702475904,"Failure: non-random eligibility",4413,0,0,35.9745702475904
4751,12,-0.118852732589979,-0.393268019724777,"Never-taker",-3.5,49.5311099421759,46.0311099421759,"Failure: non-random eligibility",4700,0,0,49.5311099421759
4752,15,2.40139371873689,-0.636126570478767,"Never-taker",-3.5,59.4795084958557,55.9795084958557,"Failure: non-random eligibility",2558,0,0,59.4795084958557
4753,11,0.332278962615677,0.393941784818986,"Complier",-5,43.3720838195093,38.3720838195093,"Failure: non-random eligibility",3019,0,0,43.3720838195093
4754,13,-0.0481989846318761,-0.898168796406761,"Never-taker",-3.5,49.7847036937121,46.2847036937121,"Failure: non-random eligibility",1393,1,0,49.7847036937121
4755,10,-1.62850041515165,-0.588120443881962,"Never-taker",-3.5,41.0246755677504,37.5246755677504,"Failure: non-random eligibility",1083,1,0,41.0246755677504
4756,10,-1.5743763834222,0.413879665177133,"Complier",-5,41.2502212043035,36.2502212043035,"Failure: non-random eligibility",179,1,1,36.2502212043035
4757,11,-0.402445034367546,-1.6511073585028,"Never-taker",-3.5,46.1338557847717,42.6338557847717,"Failure: non-random eligibility",1562,1,0,46.1338557847717
4758,10,-0.651051447606824,-1.14462990689048,"Never-taker",-3.5,43.6634544533777,40.1634544533777,"Failure: non-random eligibility",824,1,0,43.6634544533777
4759,11,-0.764292828017062,-1.11691758985682,"Never-taker",-3.5,38.908924901206,35.408924901206,"Failure: non-random eligibility",1248,1,0,38.908924901206
4760,14,1.13401799603621,0.181521508126152,"Complier",-5,52.3982073078752,47.3982073078752,"Failure: non-random eligibility",3134,0,0,52.3982073078752
4761,14,0.551982127876578,0.210071271521634,"Complier",-5,50.4262558951823,45.4262558951823,"Failure: non-random eligibility",1309,1,1,45.4262558951823
4762,13,0.137698294250554,-0.50071036731278,"Never-taker",-3.5,50.4585109795655,46.9585109795655,"Failure: non-random eligibility",4101,0,0,50.4585109795655
4763,13,-0.0646355771623225,-0.21169458360143,"Never-taker",-3.5,40.7060487778911,37.2060487778911,"Failure: non-random eligibility",748,1,0,40.7060487778911
4764,14,0.610425036505568,0.544347782988413,"Complier",-5,46.079221778684,41.079221778684,"Failure: non-random eligibility",3189,0,0,46.079221778684
4765,14,1.85456288701642,-0.420279899222247,"Never-taker",-3.5,50.9668683848573,47.4668683848573,"Failure: non-random eligibility",4504,0,0,50.9668683848573
4766,13,0.410468129568725,-0.190063835572222,"Never-taker",-3.5,45.601442128444,42.101442128444,"Failure: non-random eligibility",3268,0,0,45.601442128444
4767,13,-1.05624956190295,0.910879516009191,"Complier",-5,41.1555498377626,36.1555498377626,"Failure: non-random eligibility",2488,1,1,36.1555498377626
4768,14,-0.784865122278147,-0.676498980354988,"Never-taker",-3.5,48.8395446757894,45.3395446757894,"Failure: non-random eligibility",1029,1,0,48.8395446757894
4769,13,-0.171719521839569,-0.288568467059696,"Never-taker",-3.5,47.2079352139799,43.7079352139799,"Failure: non-random eligibility",1088,1,0,47.2079352139799
4770,12,-0.372756271752485,0.47211605966739,"Complier",-5,45.8575685951708,40.8575685951708,"Failure: non-random eligibility",1731,1,1,40.8575685951708
4771,12,-0.0942443387189578,-0.952135370387698,"Never-taker",-3.5,41.6795194546585,38.1795194546585,"Failure: non-random eligibility",1250,1,0,41.6795194546585
4772,11,-1.11730678224701,-0.032451314712181,"Never-taker",-3.5,43.0516144689901,39.5516144689901,"Failure: non-random eligibility",803,1,0,43.0516144689901
4773,11,-1.2588500431589,0.641244877214627,"Complier",-5,38.6937354306077,33.6937354306077,"Failure: non-random eligibility",638,1,1,33.6937354306077
4774,14,-0.284463536191382,0.935411758693338,"Complier",-5,42.566479298019,37.566479298019,"Failure: non-random eligibility",2421,1,1,37.566479298019
4775,12,1.04663160999418,0.374434045682548,"Complier",-5,56.8480730867082,51.8480730867082,"Failure: non-random eligibility",2714,0,0,56.8480730867082
4776,14,-0.393622202476838,-0.212281632350579,"Never-taker",-3.5,43.8777202337582,40.3777202337582,"Failure: non-random eligibility",3583,0,0,43.8777202337582
4777,11,-0.499666501050573,-0.608748925288097,"Never-taker",-3.5,46.233867915081,42.733867915081,"Failure: non-random eligibility",4019,0,0,46.233867915081
4778,12,0.285520741158501,-3.10014331819951,"Never-taker",-3.5,40.0095283660579,36.5095283660579,"Failure: non-random eligibility",4705,0,0,40.0095283660579
4779,11,-1.01063408349659,-0.827091391922115,"Never-taker",-3.5,36.7054565137956,33.2054565137956,"Failure: non-random eligibility",2021,1,0,36.7054565137956
4780,11,-0.914682144908841,0.703351019540222,"Complier",-5,43.5201991594623,38.5201991594623,"Failure: non-random eligibility",447,1,1,38.5201991594623
4781,10,-0.343005287851499,-2.27539391533774,"Never-taker",-3.5,35.5959517577082,32.0959517577082,"Failure: non-random eligibility",2919,0,0,35.5959517577082
4782,12,-0.301108496106236,0.370887234294287,"Complier",-5,49.0814376598104,44.0814376598104,"Failure: non-random eligibility",2342,1,1,44.0814376598104
4783,12,-1.33814638644291,1.18081849657307,"Complier",-5,36.2929657062478,31.2929657062478,"Failure: non-random eligibility",3306,0,0,36.2929657062478
4784,11,-1.06862157013649,1.31262607552152,"Always-taker",-2,49.4899484834032,47.4899484834032,"Failure: non-random eligibility",508,1,1,47.4899484834032
4785,11,0.268418671682485,1.18597294151249,"Complier",-5,48.8749640368875,43.8749640368875,"Failure: non-random eligibility",4048,0,0,48.8749640368875
4786,12,-0.114109264167972,1.01048215846633,"Complier",-5,49.4565122641474,44.4565122641474,"Failure: non-random eligibility",1291,1,1,44.4565122641474
4787,12,-0.693210858351953,0.25940857640944,"Complier",-5,44.5411592318884,39.5411592318884,"Failure: non-random eligibility",1746,1,1,39.5411592318884
4788,12,-0.346018873437372,1.30084124485626,"Complier",-5,48.2550734533818,43.2550734533818,"Failure: non-random eligibility",3436,0,0,48.2550734533818
4789,15,1.18015642852754,1.68905775776564,"Always-taker",-2,55.8832957856493,53.8832957856493,"Failure: non-random eligibility",4954,0,1,53.8832957856493
4790,14,-0.411079989139133,0.304500214439884,"Complier",-5,50.7162872750787,45.7162872750787,"Failure: non-random eligibility",4684,0,0,50.7162872750787
4791,10,-1.31319168313851,-1.21616780100206,"Never-taker",-3.5,43.5547768020242,40.0547768020242,"Failure: non-random eligibility",1798,1,0,43.5547768020242
4792,13,-0.453297608746183,-0.419639861812001,"Never-taker",-3.5,40.1066131540425,36.6066131540425,"Failure: non-random eligibility",2481,1,0,40.1066131540425
4793,15,0.873473165420628,-0.0292869531915565,"Never-taker",-3.5,49.8851739639022,46.3851739639022,"Failure: non-random eligibility",1218,1,0,49.8851739639022
4794,12,-1.66285157150062,-1.01426838443607,"Never-taker",-3.5,42.417240582175,38.917240582175,"Failure: non-random eligibility",1679,1,0,42.417240582175
4795,12,-0.794220324805766,-0.954721816774908,"Never-taker",-3.5,33.8187882883686,30.3187882883686,"Failure: non-random eligibility",4476,0,0,33.8187882883686
4796,13,0.460366236541079,-0.483304369781396,"Never-taker",-3.5,46.6617100225242,43.1617100225242,"Failure: non-random eligibility",128,1,0,46.6617100225242
4797,15,1.02658079515355,-0.0740018990482083,"Never-taker",-3.5,51.670131123466,48.170131123466,"Failure: non-random eligibility",4752,0,0,51.670131123466
4798,15,2.41297217002787,-0.384050239237271,"Never-taker",-3.5,54.9065658940544,51.4065658940544,"Failure: non-random eligibility",4012,0,0,54.9065658940544
4799,13,0.733945147603899,1.2316413932822,"Complier",-5,46.9652330510675,41.9652330510675,"Failure: non-random eligibility",2198,1,1,41.9652330510675
4800,11,-0.662595677970388,0.190830080456859,"Complier",-5,47.3935051199115,42.3935051199115,"Failure: non-random eligibility",4605,0,0,47.3935051199115
4801,12,-0.888358648398685,0.790734242234282,"Complier",-5,43.9405657611399,38.9405657611399,"Failure: non-random eligibility",50,1,1,38.9405657611399
4802,13,1.05571446161391,-1.31770975631779,"Never-taker",-3.5,49.7218974616311,46.2218974616311,"Failure: non-random eligibility",4160,0,0,49.7218974616311
4803,12,-0.259736546788065,0.290451457567734,"Complier",-5,45.2894640184759,40.2894640184759,"Failure: non-random eligibility",183,1,1,40.2894640184759
4804,17,2.27201173571792,1.99416533693353,"Always-taker",-2,56.2224786884202,54.2224786884202,"Failure: non-random eligibility",4818,0,1,54.2224786884202
4805,11,-1.71628201675344,0.213729665690287,"Complier",-5,42.4135323185391,37.4135323185391,"Failure: non-random eligibility",121,1,1,37.4135323185391
4806,13,-0.141177076959173,-0.482256369420773,"Never-taker",-3.5,42.0098756623889,38.5098756623889,"Failure: non-random eligibility",4033,0,0,42.0098756623889
4807,11,-0.425991834817014,0.159461817956299,"Complier",-5,45.4822627281257,40.4822627281257,"Failure: non-random eligibility",582,1,1,40.4822627281257
4808,12,-1.04124387581546,0.0789021420344948,"Never-taker",-3.5,48.3118464687739,44.8118464687739,"Failure: non-random eligibility",614,1,0,48.3118464687739
4809,14,0.687862491164071,1.54090232663293,"Always-taker",-2,51.9125681939523,49.9125681939523,"Failure: non-random eligibility",1026,1,1,49.9125681939523
4810,14,2.10785784621672,-2.73756612185236,"Never-taker",-3.5,43.7316648860799,40.2316648860799,"Failure: non-random eligibility",3934,0,0,43.7316648860799
4811,11,-1.08643664611024,-1.46500992591253,"Never-taker",-3.5,42.6318590064532,39.1318590064532,"Failure: non-random eligibility",48,1,0,42.6318590064532
4812,13,0.920024356223947,-0.464569118352157,"Never-taker",-3.5,44.0239869096503,40.5239869096503,"Failure: non-random eligibility",2510,0,0,44.0239869096503
4813,13,0.0772461832578604,1.01295450249973,"Complier",-5,47.3832648303771,42.3832648303771,"Failure: non-random eligibility",1861,1,1,42.3832648303771
4814,11,-1.58522104305413,1.62780150918845,"Always-taker",-2,42.2816166789499,40.2816166789499,"Failure: non-random eligibility",1011,1,1,40.2816166789499
4815,12,0.0522672735030308,-1.82663723760101,"Never-taker",-3.5,45.6317280892703,42.1317280892703,"Failure: non-random eligibility",4222,0,0,45.6317280892703
4816,15,1.94525930183822,-0.875480797720207,"Never-taker",-3.5,55.2938526989026,51.7938526989026,"Failure: non-random eligibility",4892,0,0,55.2938526989026
4817,11,-0.589640659697432,-1.04613258216565,"Never-taker",-3.5,35.7412374067002,32.2412374067002,"Failure: non-random eligibility",2529,0,0,35.7412374067002
4818,12,0.267847835084127,-0.519558648600191,"Never-taker",-3.5,51.8778470981062,48.3778470981062,"Failure: non-random eligibility",3713,0,0,51.8778470981062
4819,14,1.6490577411132,-1.02949984654438,"Never-taker",-3.5,45.8574549297672,42.3574549297672,"Failure: non-random eligibility",2205,1,0,45.8574549297672
4820,13,-1.26610856309256,0.378759173837261,"Complier",-5,45.6329266885212,40.6329266885212,"Failure: non-random eligibility",119,1,1,40.6329266885212
4821,13,0.961369394158613,-0.897354373257196,"Never-taker",-3.5,50.7670233231366,47.2670233231366,"Failure: non-random eligibility",807,1,0,50.7670233231366
4822,15,1.44699736786564,0.0812706796105062,"Never-taker",-3.5,53.3668757887303,49.8668757887303,"Failure: non-random eligibility",3668,0,0,53.3668757887303
4823,13,0.299133115130732,-0.882301724169456,"Never-taker",-3.5,50.3146700213025,46.8146700213025,"Failure: non-random eligibility",1737,1,0,50.3146700213025
4824,14,0.271534211975889,-1.12581327014831,"Never-taker",-3.5,47.171144061614,43.671144061614,"Failure: non-random eligibility",1465,1,0,47.171144061614
4825,13,-0.552314874906758,-0.0605069237175391,"Never-taker",-3.5,45.0494120033374,41.5494120033374,"Failure: non-random eligibility",1133,1,0,45.0494120033374
4826,12,0.260059204139507,-0.574928088336747,"Never-taker",-3.5,45.9065308806185,42.4065308806185,"Failure: non-random eligibility",4003,0,0,45.9065308806185
4827,13,0.987474209722705,1.12978912291502,"Complier",-5,52.783321660122,47.783321660122,"Failure: non-random eligibility",1762,1,1,47.783321660122
4828,12,-1.69168693674348,0.421472958830037,"Complier",-5,41.9248294313076,36.9248294313076,"Failure: non-random eligibility",186,1,1,36.9248294313076
4829,11,-1.48842787785009,-2.22258895687922,"Never-taker",-3.5,42.6651168305399,39.1651168305399,"Failure: non-random eligibility",2923,0,0,42.6651168305399
4830,12,-0.972985009490831,-0.535574229840581,"Never-taker",-3.5,40.5784029473442,37.0784029473442,"Failure: non-random eligibility",911,1,0,40.5784029473442
4831,14,0.922012844546333,0.40820404466537,"Complier",-5,50.5556936540941,45.5556936540941,"Failure: non-random eligibility",2225,1,1,45.5556936540941
4832,11,-0.119090447541638,1.09986451804068,"Complier",-5,48.2013545643845,43.2013545643845,"Failure: non-random eligibility",3021,0,0,48.2013545643845
4833,12,0.589507017899007,0.462750923473758,"Complier",-5,50.4953382459353,45.4953382459353,"Failure: non-random eligibility",4092,0,0,50.4953382459353
4834,16,2.12949273632128,1.6545320353888,"Always-taker",-2,54.6281231490061,52.6281231490061,"Failure: non-random eligibility",2207,1,1,52.6281231490061
4835,10,-1.14296808758735,1.62497977379739,"Always-taker",-2,40.8595874665131,38.8595874665131,"Failure: non-random eligibility",89,1,1,38.8595874665131
4836,12,-0.692459541049485,-1.99230645171611,"Never-taker",-3.5,43.1513218465611,39.6513218465611,"Failure: non-random eligibility",4780,0,0,43.1513218465611
4837,16,1.5086706073569,0.261040869359128,"Complier",-5,48.0574694852956,43.0574694852956,"Failure: non-random eligibility",4680,0,0,48.0574694852956
4838,10,-1.0375420681587,-0.730049885175496,"Never-taker",-3.5,35.8121847654659,32.3121847654659,"Failure: non-random eligibility",2365,1,0,35.8121847654659
4839,14,0.820343380840149,-1.34054550468993,"Never-taker",-3.5,46.306960333654,42.806960333654,"Failure: non-random eligibility",1108,1,0,46.306960333654
4840,14,-0.433554373340495,0.139580183050612,"Complier",-5,48.0378407975594,43.0378407975594,"Failure: non-random eligibility",3484,0,0,48.0378407975594
4841,13,-0.490938811372864,-0.112775086327479,"Never-taker",-3.5,46.2218028129692,42.7218028129692,"Failure: non-random eligibility",3103,0,0,46.2218028129692
4842,16,1.94043506947918,0.538780156956181,"Complier",-5,57.9383756347374,52.9383756347374,"Failure: non-random eligibility",4475,0,0,57.9383756347374
4843,12,-0.643651179045277,1.83010053121895,"Always-taker",-2,44.0017584494638,42.0017584494638,"Failure: non-random eligibility",661,1,1,42.0017584494638
4844,14,0.376447482258398,0.639290231148784,"Complier",-5,52.9659070842907,47.9659070842907,"Failure: non-random eligibility",2729,0,0,52.9659070842907
4845,11,-1.63771361277555,2.88188848987212,"Always-taker",-2,42.100882486302,40.100882486302,"Failure: non-random eligibility",225,1,1,40.100882486302
4846,10,-1.42933665164585,-0.686169256492211,"Never-taker",-3.5,38.6572250352275,35.1572250352275,"Failure: non-random eligibility",301,1,0,38.6572250352275
4847,12,0.312195244644371,-0.584879017038819,"Never-taker",-3.5,47.3342252823078,43.8342252823078,"Failure: non-random eligibility",1960,1,0,47.3342252823078
4848,12,0.216954828924635,1.20854114199928,"Complier",-5,46.2317502155392,41.2317502155392,"Failure: non-random eligibility",741,1,1,41.2317502155392
4849,12,-0.428542493712948,-0.792567268423426,"Never-taker",-3.5,39.8397031501433,36.3397031501433,"Failure: non-random eligibility",719,1,0,39.8397031501433
4850,13,-0.41801386764615,0.631002101718351,"Complier",-5,50.7803615009047,45.7803615009047,"Failure: non-random eligibility",4053,0,0,50.7803615009047
4851,13,0.819695884675678,-0.5693986228604,"Never-taker",-3.5,38.1213148433025,34.6213148433025,"Failure: non-random eligibility",1332,1,0,38.1213148433025
4852,10,-1.47057201812837,0.0264135619466273,"Never-taker",-3.5,34.706454772083,31.206454772083,"Failure: non-random eligibility",2675,0,0,34.706454772083
4853,13,0.973211337166267,-0.566439437033047,"Never-taker",-3.5,50.6368217338691,47.1368217338691,"Failure: non-random eligibility",4671,0,0,50.6368217338691
4854,9,0.0790832551173922,-0.25765342434267,"Never-taker",-3.5,39.163537419692,35.663537419692,"Failure: non-random eligibility",1784,1,0,39.163537419692
4855,9,-2.40265764443096,0.132794564838737,"Complier",-5,42.1474021837183,37.1474021837183,"Failure: non-random eligibility",255,1,1,37.1474021837183
4856,13,-1.01296637212289,1.36023440993619,"Always-taker",-2,52.3290150427019,50.3290150427019,"Failure: non-random eligibility",2617,0,1,50.3290150427019
4857,11,0.334075669837668,-0.757897393924476,"Never-taker",-3.5,39.4533867269359,35.9533867269359,"Failure: non-random eligibility",1059,1,0,39.4533867269359
4858,12,-0.97661715031565,-1.46789822121499,"Never-taker",-3.5,32.8192414593712,29.3192414593712,"Failure: non-random eligibility",1064,1,0,32.8192414593712
4859,11,0.709801153982189,1.22245174804717,"Complier",-5,45.6485725212173,40.6485725212173,"Failure: non-random eligibility",4709,0,0,45.6485725212173
4860,12,0.387669668551891,0.119262584744912,"Never-taker",-3.5,51.5414836788315,48.0414836788315,"Failure: non-random eligibility",973,1,0,51.5414836788315
4861,14,0.373872779657398,-0.634946453337466,"Never-taker",-3.5,47.3822052495855,43.8822052495855,"Failure: non-random eligibility",1506,1,0,47.3822052495855
4862,12,-1.43838272140908,-1.26770186963426,"Never-taker",-3.5,39.2146520865743,35.7146520865743,"Failure: non-random eligibility",1380,1,0,39.2146520865743
4863,16,0.189767122375321,0.178090722184341,"Complier",-5,52.9024005530507,47.9024005530507,"Failure: non-random eligibility",4055,0,0,52.9024005530507
4864,11,-0.867629155885916,1.25396927725445,"Complier",-5,42.6191135655866,37.6191135655866,"Failure: non-random eligibility",2011,1,1,37.6191135655866
4865,12,-0.449086142690144,-1.12632558523154,"Never-taker",-3.5,39.7919534186828,36.2919534186828,"Failure: non-random eligibility",1544,1,0,39.7919534186828
4866,11,-0.479152762900045,-0.637600713668444,"Never-taker",-3.5,43.2285407430166,39.7285407430166,"Failure: non-random eligibility",586,1,0,43.2285407430166
4867,15,1.09139522544888,-0.316705616131571,"Never-taker",-3.5,45.4817619488404,41.9817619488404,"Failure: non-random eligibility",3689,0,0,45.4817619488404
4868,11,-1.20117381813141,0.233209941710628,"Complier",-5,43.4816826854656,38.4816826854656,"Failure: non-random eligibility",967,1,1,38.4816826854656
4869,10,-0.886288605756025,-0.402919232256686,"Never-taker",-3.5,40.5280797385839,37.0280797385839,"Failure: non-random eligibility",2264,1,0,40.5280797385839
4870,12,0.537537573198494,0.536717423250146,"Complier",-5,42.6247389534095,37.6247389534095,"Failure: non-random eligibility",1716,1,1,37.6247389534095
4871,11,-1.53180544650713,-0.869841844839435,"Never-taker",-3.5,34.8442216893282,31.3442216893282,"Failure: non-random eligibility",71,1,0,34.8442216893282
4872,13,-1.04015137475795,-2.43164553045297,"Never-taker",-3.5,40.409163958627,36.909163958627,"Failure: non-random eligibility",1622,1,0,40.409163958627
4873,12,0.166534630380496,0.82524172232286,"Complier",-5,44.6954902218515,39.6954902218515,"Failure: non-random eligibility",201,1,1,39.6954902218515
4874,15,1.21807863063046,-0.403910518218176,"Never-taker",-3.5,43.6251188459741,40.1251188459741,"Failure: non-random eligibility",3797,0,0,43.6251188459741
4875,13,0.326122356879066,1.59400720520402,"Always-taker",-2,46.0936702313021,44.0936702313021,"Failure: non-random eligibility",1830,1,1,44.0936702313021
4876,14,-1.28116978967623,0.215858843741829,"Complier",-5,45.5056674676501,40.5056674676501,"Failure: non-random eligibility",946,1,1,40.5056674676501
4877,14,0.0297211056819798,0.900515486010697,"Complier",-5,42.0132822597672,37.0132822597672,"Failure: non-random eligibility",1722,1,1,37.0132822597672
4878,14,0.34169531690867,0.293467361945825,"Complier",-5,44.6596610151955,39.6596610151955,"Failure: non-random eligibility",4558,0,0,44.6596610151955
4879,11,0.0367372239211181,-0.960152409688637,"Never-taker",-3.5,36.7643037429668,33.2643037429668,"Failure: non-random eligibility",4412,0,0,36.7643037429668
4880,13,-0.0864014877988824,-0.0421708828433631,"Never-taker",-3.5,46.8725771617404,43.3725771617404,"Failure: non-random eligibility",189,1,0,46.8725771617404
4881,11,-1.00144671472043,-0.217236114761154,"Never-taker",-3.5,41.1016404294844,37.6016404294844,"Failure: non-random eligibility",3104,0,0,41.1016404294844
4882,15,0.139594321726919,-1.17408842779783,"Never-taker",-3.5,36.9191242314017,33.4191242314017,"Failure: non-random eligibility",3732,0,0,36.9191242314017
4883,8,-1.81639370025415,0.839512488290001,"Complier",-5,41.8269676352802,36.8269676352802,"Failure: non-random eligibility",959,1,1,36.8269676352802
4884,12,-0.106833126005729,-0.837230014549032,"Never-taker",-3.5,39.1285150505688,35.6285150505688,"Failure: non-random eligibility",1305,1,0,39.1285150505688
4885,8,-1.09508809258306,0.0555584857355999,"Never-taker",-3.5,35.2501219656344,31.7501219656344,"Failure: non-random eligibility",3158,0,0,35.2501219656344
4886,10,-1.4248652794164,1.65278245212817,"Always-taker",-2,39.5625988897866,37.5625988897866,"Failure: non-random eligibility",2253,1,1,37.5625988897866
4887,12,-0.0686385134310034,-0.781936010068067,"Never-taker",-3.5,45.7858258136249,42.2858258136249,"Failure: non-random eligibility",324,1,0,45.7858258136249
4888,10,-1.65664511226214,-0.511708345058942,"Never-taker",-3.5,41.7349956127422,38.2349956127422,"Failure: non-random eligibility",1298,1,0,41.7349956127422
4889,14,0.0881091316378964,0.0704661272220821,"Never-taker",-3.5,50.6860826597889,47.1860826597889,"Failure: non-random eligibility",1513,1,0,50.6860826597889
4890,13,0.646627782184093,0.0103481425101947,"Never-taker",-3.5,48.9516093980468,45.4516093980468,"Failure: non-random eligibility",4805,0,0,48.9516093980468
4891,10,-2.07410873878978,1.4288127698642,"Always-taker",-2,38.9311212216118,36.9311212216118,"Failure: non-random eligibility",673,1,1,36.9311212216118
4892,13,0.818972690019404,1.41580962502406,"Always-taker",-2,51.3230359134855,49.3230359134855,"Failure: non-random eligibility",1866,1,1,49.3230359134855
4893,13,0.201527702579713,-1.14628893887631,"Never-taker",-3.5,47.3161567965255,43.8161567965255,"Failure: non-random eligibility",1100,1,0,47.3161567965255
4894,11,-0.549523134346568,-1.88343703763972,"Never-taker",-3.5,35.9541194405296,32.4541194405296,"Failure: non-random eligibility",3475,0,0,35.9541194405296
4895,14,0.492015123516273,0.453334586762023,"Complier",-5,47.4705464174375,42.4705464174375,"Failure: non-random eligibility",2252,1,1,42.4705464174375
4896,12,-0.441224518930604,0.61885217624232,"Complier",-5,39.0676517950758,34.0676517950758,"Failure: non-random eligibility",1014,1,1,34.0676517950758
4897,16,0.601001442834806,-1.23933716365828,"Never-taker",-3.5,49.1224238966912,45.6224238966912,"Failure: non-random eligibility",3085,0,0,49.1224238966912
4898,11,-0.319217532463343,0.0153272459420819,"Never-taker",-3.5,46.9530321505268,43.4530321505268,"Failure: non-random eligibility",1282,1,0,46.9530321505268
4899,11,-0.569420746710665,-1.17022158526903,"Never-taker",-3.5,30.5649361039886,27.0649361039886,"Failure: non-random eligibility",3282,0,0,30.5649361039886
4900,11,-0.812524728812763,-0.578091590060427,"Never-taker",-3.5,34.7438510973869,31.2438510973869,"Failure: non-random eligibility",2629,0,0,34.7438510973869
4901,13,-0.241710752705392,1.43605797007974,"Always-taker",-2,50.7734114521199,48.7734114521199,"Failure: non-random eligibility",1939,1,1,48.7734114521199
4902,15,0.0443673640961295,1.40376967221514,"Always-taker",-2,48.4621984523572,46.4621984523572,"Failure: non-random eligibility",617,1,1,46.4621984523572
4903,12,-0.736563780041873,-1.32912264662144,"Never-taker",-3.5,38.2254887375301,34.7254887375301,"Failure: non-random eligibility",1032,1,0,38.2254887375301
4904,14,0.0177152139500376,1.29259265300113,"Complier",-5,48.8417195911024,43.8417195911024,"Failure: non-random eligibility",3888,0,0,48.8417195911024
4905,16,1.27932646283932,-0.903455255672112,"Never-taker",-3.5,59.5494434548882,56.0494434548882,"Failure: non-random eligibility",4593,0,0,59.5494434548882
4906,16,2.03351808454496,-0.630855343610926,"Never-taker",-3.5,55.0008830194227,51.5008830194227,"Failure: non-random eligibility",4200,0,0,55.0008830194227
4907,11,0.120055151446874,-1.80244509693571,"Never-taker",-3.5,39.8944308151934,36.3944308151934,"Failure: non-random eligibility",1073,1,0,39.8944308151934
4908,16,1.75647425516466,0.194081028504246,"Complier",-5,49.7099104307328,44.7099104307328,"Failure: non-random eligibility",4987,0,0,49.7099104307328
4909,8,-2.69855775340514,0.855213595360309,"Complier",-5,33.2957547636673,28.2957547636673,"Failure: non-random eligibility",93,1,1,28.2957547636673
4910,13,-0.628903173847262,0.806330895256807,"Complier",-5,42.4838409399974,37.4838409399974,"Failure: non-random eligibility",630,1,1,37.4838409399974
4911,12,0.922646123728114,0.022728430432236,"Never-taker",-3.5,43.7733046701418,40.2733046701418,"Failure: non-random eligibility",3512,0,0,43.7733046701418
4912,13,0.300693335006915,0.236718340201546,"Complier",-5,41.4448727116671,36.4448727116671,"Failure: non-random eligibility",843,1,1,36.4448727116671
4913,14,1.10403370800564,-1.0856240037949,"Never-taker",-3.5,38.9885237804406,35.4885237804406,"Failure: non-random eligibility",4289,0,0,38.9885237804406
4914,15,0.964143991409205,-1.9753845493512,"Never-taker",-3.5,42.1998275249062,38.6998275249062,"Failure: non-random eligibility",4123,0,0,42.1998275249062
4915,10,-1.35291360824692,2.08558775161216,"Always-taker",-2,45.6698382476026,43.6698382476026,"Failure: non-random eligibility",1134,1,1,43.6698382476026
4916,11,-0.457451018291096,0.538719519116346,"Complier",-5,46.8970392708344,41.8970392708344,"Failure: non-random eligibility",1054,1,1,41.8970392708344
4917,12,-0.802309540833586,0.0875844824435024,"Never-taker",-3.5,45.8278842403036,42.3278842403036,"Failure: non-random eligibility",1676,1,0,45.8278842403036
4918,14,1.85776586760087,0.558317415835667,"Complier",-5,52.7843255217609,47.7843255217609,"Failure: non-random eligibility",4908,0,0,52.7843255217609
4919,13,-0.457297024376708,-1.42390652002278,"Never-taker",-3.5,44.5755159329431,41.0755159329431,"Failure: non-random eligibility",357,1,0,44.5755159329431
4920,13,0.154991060781533,-0.914992292749655,"Never-taker",-3.5,39.550373948249,36.050373948249,"Failure: non-random eligibility",302,1,0,39.550373948249
4921,11,0.592116213392858,-0.824436980215403,"Never-taker",-3.5,46.4068818373117,42.9068818373117,"Failure: non-random eligibility",4893,0,0,46.4068818373117
4922,13,1.17742217341126,-1.00035511245939,"Never-taker",-3.5,52.0125016180111,48.5125016180111,"Failure: non-random eligibility",4871,0,0,52.0125016180111
4923,13,-0.0860480873279783,-0.894377250354622,"Never-taker",-3.5,38.4764961713829,34.9764961713829,"Failure: non-random eligibility",1635,1,0,38.4764961713829
4924,13,1.60523300225714,-0.218123927204863,"Never-taker",-3.5,44.3588671912241,40.8588671912241,"Failure: non-random eligibility",4073,0,0,44.3588671912241
4925,9,-0.790309180152313,0.639810995567892,"Complier",-5,37.8032703463528,32.8032703463528,"Failure: non-random eligibility",1610,1,1,32.8032703463528
4926,12,-1.08138003259385,0.976155397822687,"Complier",-5,37.8431517164486,32.8431517164486,"Failure: non-random eligibility",1308,1,1,32.8431517164486
4927,12,0.109270892495363,1.82978719109055,"Always-taker",-2,47.2328558386341,45.2328558386341,"Failure: non-random eligibility",4161,0,1,45.2328558386341
4928,10,-2.68118470817518,1.36814189254165,"Always-taker",-2,39.6864071532847,37.6864071532847,"Failure: non-random eligibility",731,1,1,37.6864071532847
4929,15,0.775724894830905,-0.915141522459378,"Never-taker",-3.5,55.2504154001601,51.7504154001601,"Failure: non-random eligibility",2665,0,0,55.2504154001601
4930,12,0.00580937912245114,-0.493990611851714,"Never-taker",-3.5,39.2088381240163,35.7088381240163,"Failure: non-random eligibility",3215,0,0,39.2088381240163
4931,15,0.450400538648342,-1.60965920732074,"Never-taker",-3.5,52.9991491476241,49.4991491476241,"Failure: non-random eligibility",4689,0,0,52.9991491476241
4932,12,0.214700589735731,-0.715977131075745,"Never-taker",-3.5,42.0711335406109,38.5711335406109,"Failure: non-random eligibility",247,1,0,42.0711335406109
4933,15,-0.106186847097283,0.0896537937789354,"Never-taker",-3.5,52.930455221355,49.430455221355,"Failure: non-random eligibility",520,1,0,52.930455221355
4934,12,-1.15968351748153,2.19659738102964,"Always-taker",-2,45.7383406278596,43.7383406278596,"Failure: non-random eligibility",1343,1,1,43.7383406278596
4935,12,-0.198784633533716,0.922860157204461,"Complier",-5,46.2338015119707,41.2338015119707,"Failure: non-random eligibility",2136,1,1,41.2338015119707
4936,11,-0.879330154642694,-0.248984808300587,"Never-taker",-3.5,44.8283050484693,41.3283050484693,"Failure: non-random eligibility",996,1,0,44.8283050484693
4937,15,0.479032060708256,0.542538373756801,"Complier",-5,48.1585295040931,43.1585295040931,"Failure: non-random eligibility",4978,0,0,48.1585295040931
4938,15,2.07764066417837,-0.200813855848709,"Never-taker",-3.5,51.1505388408373,47.6505388408373,"Failure: non-random eligibility",3641,0,0,51.1505388408373
4939,14,1.03294397004174,0.716366668648084,"Complier",-5,45.6011551114689,40.6011551114689,"Failure: non-random eligibility",3760,0,0,45.6011551114689
4940,11,-1.31411844776509,0.477525071048466,"Complier",-5,45.6283283338858,40.6283283338858,"Failure: non-random eligibility",3260,0,0,45.6283283338858
4941,12,-0.0298036195662997,-0.275515035507281,"Never-taker",-3.5,45.6176357082952,42.1176357082952,"Failure: non-random eligibility",1536,1,0,45.6176357082952
4942,12,0.0220229839193817,0.887685898597098,"Complier",-5,40.1327530091814,35.1327530091814,"Failure: non-random eligibility",3726,0,0,40.1327530091814
4943,15,0.70970968751044,0.491852402270227,"Complier",-5,51.1377081406674,46.1377081406674,"Failure: non-random eligibility",2414,1,1,46.1377081406674
4944,13,-0.582439592567609,-2.01467286074119,"Never-taker",-3.5,48.7701512922731,45.2701512922731,"Failure: non-random eligibility",4266,0,0,48.7701512922731
4945,12,-0.303179621188916,1.5916420973023,"Always-taker",-2,50.389012193782,48.389012193782,"Failure: non-random eligibility",2448,1,1,48.389012193782
4946,12,-1.10659150709607,-1.45523856491621,"Never-taker",-3.5,42.255420004718,38.755420004718,"Failure: non-random eligibility",1174,1,0,42.255420004718
4947,12,0.401615974096915,0.453146398857087,"Complier",-5,39.9069477368853,34.9069477368853,"Failure: non-random eligibility",4885,0,0,39.9069477368853
4948,11,-0.474285759990245,2.69640504762771,"Always-taker",-2,47.2155889099538,45.2155889099538,"Failure: non-random eligibility",1920,1,1,45.2155889099538
4949,13,-0.00318165791095771,0.233485100669664,"Complier",-5,42.8577894939663,37.8577894939663,"Failure: non-random eligibility",4225,0,0,42.8577894939663
4950,12,-0.448413540419464,-1.15372635692359,"Never-taker",-3.5,42.3304727944255,38.8304727944255,"Failure: non-random eligibility",4015,0,0,42.3304727944255
4951,15,0.704207249882135,1.4728725058388,"Always-taker",-2,53.8966631404601,51.8966631404601,"Failure: non-random eligibility",4726,0,1,51.8966631404601
4952,13,0.561331922495591,-0.201978998828925,"Never-taker",-3.5,49.6831133962494,46.1831133962494,"Failure: non-random eligibility",2835,0,0,49.6831133962494
4953,14,-0.0564169781920611,-0.594595516389443,"Never-taker",-3.5,48.8374490649711,45.3374490649711,"Failure: non-random eligibility",1854,1,0,48.8374490649711
4954,13,0.421651566494356,-2.79639446776855,"Never-taker",-3.5,43.955095133008,40.455095133008,"Failure: non-random eligibility",580,1,0,43.955095133008
4955,11,0.21623531196243,-1.226338411286,"Never-taker",-3.5,43.1759859849431,39.6759859849431,"Failure: non-random eligibility",1479,1,0,43.1759859849431
4956,11,-0.389698078827638,-0.779789509376028,"Never-taker",-3.5,43.9255674510834,40.4255674510834,"Failure: non-random eligibility",3429,0,0,43.9255674510834
4957,13,0.479747470576262,1.16563056864955,"Complier",-5,55.7892577470276,50.7892577470276,"Failure: non-random eligibility",2804,0,0,55.7892577470276
4958,15,1.41719384664551,0.957993727853373,"Complier",-5,45.9375915552921,40.9375915552921,"Failure: non-random eligibility",3239,0,0,45.9375915552921
4959,15,1.78963695883994,2.48257335765869,"Always-taker",-2,55.497939225664,53.497939225664,"Failure: non-random eligibility",4181,0,1,53.497939225664
4960,13,0.397822172875184,-1.29535359953639,"Never-taker",-3.5,39.868773114628,36.368773114628,"Failure: non-random eligibility",4670,0,0,39.868773114628
4961,11,-0.501206372989174,0.358484830518812,"Complier",-5,44.0515977546932,39.0515977546932,"Failure: non-random eligibility",1165,1,1,39.0515977546932
4962,11,0.0435642107019984,-1.11475808309635,"Never-taker",-3.5,38.4598541816673,34.9598541816673,"Failure: non-random eligibility",2841,0,0,38.4598541816673
4963,14,0.520176986821341,0.111205685185163,"Never-taker",-3.5,44.0476816720366,40.5476816720366,"Failure: non-random eligibility",2785,0,0,44.0476816720366
4964,12,-0.54485027765151,-2.26255325340456,"Never-taker",-3.5,38.7098895693974,35.2098895693974,"Failure: non-random eligibility",1329,1,0,38.7098895693974
4965,13,0.211017266200018,0.479434762014772,"Complier",-5,50.7279991599331,45.7279991599331,"Failure: non-random eligibility",4766,0,0,50.7279991599331
4966,13,0.370018701619212,1.37758721392025,"Always-taker",-2,52.791786026222,50.791786026222,"Failure: non-random eligibility",822,1,1,50.791786026222
4967,13,-0.032489334807366,1.25443113921701,"Complier",-5,47.8817531193052,42.8817531193052,"Failure: non-random eligibility",3932,0,0,47.8817531193052
4968,11,-1.90327147234872,-0.323428882098159,"Never-taker",-3.5,40.7156843378258,37.2156843378258,"Failure: non-random eligibility",3758,0,0,40.7156843378258
4969,11,-1.71376663599738,0.405356741306148,"Complier",-5,41.268515977263,36.268515977263,"Failure: non-random eligibility",216,1,1,36.268515977263
4970,10,-0.593388383082807,0.879562304120139,"Complier",-5,42.6769205420907,37.6769205420907,"Failure: non-random eligibility",1453,1,1,37.6769205420907
4971,14,-0.102796347240413,0.961105557802849,"Complier",-5,51.1539578202643,46.1539578202643,"Failure: non-random eligibility",1326,1,1,46.1539578202643
4972,11,-1.39662688077996,0.0764815674473299,"Never-taker",-3.5,44.9771035727786,41.4771035727786,"Failure: non-random eligibility",1144,1,0,44.9771035727786
4973,12,-0.399437720692893,-1.2596070770856,"Never-taker",-3.5,41.2789507275325,37.7789507275325,"Failure: non-random eligibility",3945,0,0,41.2789507275325
4974,9,-0.511204934740317,2.09934981434888,"Always-taker",-2,47.3438262350957,45.3438262350957,"Failure: non-random eligibility",2061,1,1,45.3438262350957
4975,10,-1.39814439281924,-1.57071125040376,"Never-taker",-3.5,39.4165548731953,35.9165548731953,"Failure: non-random eligibility",1934,1,0,39.4165548731953
4976,14,2.14982943708186,-1.80438163515823,"Never-taker",-3.5,55.3313804775252,51.8313804775252,"Failure: non-random eligibility",4919,0,0,55.3313804775252
4977,15,0.386572305825511,-0.889667533861522,"Never-taker",-3.5,44.9314354613542,41.4314354613542,"Failure: non-random eligibility",3170,0,0,44.9314354613542
4978,12,-0.79240739793599,0.353848342209998,"Complier",-5,44.5893338093967,39.5893338093967,"Failure: non-random eligibility",872,1,1,39.5893338093967
4979,11,-0.669548812168033,-1.50528589295222,"Never-taker",-3.5,32.7863372739814,29.2863372739814,"Failure: non-random eligibility",203,1,0,32.7863372739814
4980,14,1.12434219210213,-0.906297692836658,"Never-taker",-3.5,54.3061124290088,50.8061124290088,"Failure: non-random eligibility",3124,0,0,54.3061124290088
4981,12,-0.687520203476743,-0.388433129536103,"Never-taker",-3.5,45.6777484604257,42.1777484604257,"Failure: non-random eligibility",3351,0,0,45.6777484604257
4982,10,-1.22025410014992,-0.29672494915114,"Never-taker",-3.5,41.6502719812673,38.1502719812673,"Failure: non-random eligibility",1753,1,0,41.6502719812673
4983,11,-1.15806269941897,-0.526092062756106,"Never-taker",-3.5,38.9813736364862,35.4813736364862,"Failure: non-random eligibility",4612,0,0,38.9813736364862
4984,11,-0.938971506980454,-0.688651880508051,"Never-taker",-3.5,48.7825364829874,45.2825364829874,"Failure: non-random eligibility",1582,1,0,48.7825364829874
4985,13,0.732757017542931,0.119755824564565,"Never-taker",-3.5,44.915375822405,41.415375822405,"Failure: non-random eligibility",2101,1,0,44.915375822405
4986,14,0.896450681850307,-1.11143860046646,"Never-taker",-3.5,35.7033733654175,32.2033733654175,"Failure: non-random eligibility",1765,1,0,35.7033733654175
4987,11,-0.120427189098633,0.432571097272048,"Complier",-5,44.9669344278341,39.9669344278341,"Failure: non-random eligibility",2727,0,0,44.9669344278341
4988,13,0.44370289222718,0.481924011148174,"Complier",-5,50.1574235853629,45.1574235853629,"Failure: non-random eligibility",3155,0,0,50.1574235853629
4989,13,1.02809001600976,0.513964510811771,"Complier",-5,53.1551643053312,48.1551643053312,"Failure: non-random eligibility",4811,0,0,53.1551643053312
4990,12,-0.0536854954995887,-1.22975021161346,"Never-taker",-3.5,39.0541491710833,35.5541491710833,"Failure: non-random eligibility",2413,1,0,39.0541491710833
4991,9,-1.73396090533717,-0.68165696571434,"Never-taker",-3.5,32.4199166709094,28.9199166709094,"Failure: non-random eligibility",999,1,0,32.4199166709094
4992,15,1.15431465819869,-0.584468124204197,"Never-taker",-3.5,52.8420151580021,49.3420151580021,"Failure: non-random eligibility",1569,1,0,52.8420151580021
4993,12,-0.016258473645486,2.17038655284773,"Always-taker",-2,40.5739984300792,38.5739984300792,"Failure: non-random eligibility",2100,1,1,38.5739984300792
4994,14,0.279347617140052,0.211813119760137,"Complier",-5,51.3731400466414,46.3731400466414,"Failure: non-random eligibility",2567,0,0,51.3731400466414
4995,15,1.2626940445931,0.110817763344713,"Never-taker",-3.5,63.0526990198394,59.5526990198394,"Failure: non-random eligibility",4886,0,0,63.0526990198394
4996,13,0.393745288601134,-0.479342354050461,"Never-taker",-3.5,45.1605805257539,41.6605805257539,"Failure: non-random eligibility",3286,0,0,45.1605805257539
4997,13,0.298102284131231,-1.26099769082444,"Never-taker",-3.5,44.8964286275242,41.3964286275242,"Failure: non-random eligibility",2512,0,0,44.8964286275242
4998,12,-0.442576752367234,1.85998177744167,"Always-taker",-2,52.0692419324223,50.0692419324223,"Failure: non-random eligibility",4879,0,1,50.0692419324223
4999,13,0.237981868331691,-0.630269293513911,"Never-taker",-3.5,40.8182188008974,37.3182188008974,"Failure: non-random eligibility",1668,1,0,40.8182188008974
5000,13,-0.487733107467278,0.918458772424363,"Complier",-5,44.3206487260521,39.3206487260521,"Failure: non-random eligibility",1680,1,1,39.3206487260521
