"pupil_id","school_id","female","disadvantaged","baseline_score","parental_education_years","simulated_parental_affluence","simulated_latent_motivation","simulated_y0","simulated_y1","simulated_individual_effect","assigned_small_class","received_small_class","end_school_year_score"
1,1,1,1,47.4631738455988,13.8545593174585,1.05390262171255,-0.594833522636396,44.1741557110286,48.1741557110286,4,1,1,48.1741557110286
2,1,0,0,45.7247754380196,10.6201063197657,-0.418627249256828,0.15785697858152,43.1175576093074,47.1175576093074,4,0,0,43.1175576093074
3,1,1,0,62.2830524902499,12.1877064145992,1.72159151597157,0.307522722500102,60.2574244988683,64.2574244988683,4,0,0,60.2574244988683
4,1,0,0,44.0552701254808,9.89996028587838,-0.452283644353864,-1.23595545825095,41.0132501190208,45.0132501190208,4,0,0,41.0132501190208
5,1,0,1,49.1450324839073,11.8321053072441,0.342102983223699,-0.265638103335064,40.1160477808071,44.1160477808071,4,0,0,40.1160477808071
6,1,1,0,38.2985727400178,11.4031449988779,-0.494798551579724,-0.575820286649766,39.0000567902651,43.0000567902651,4,0,0,39.0000567902651
7,1,1,0,49.8384372486896,16.0020621958139,-0.166699563620509,-0.38724936825402,54.5818673808154,58.5818673808154,4,1,1,58.5818673808154
8,1,1,0,59.2006100081702,13.2178043419059,1.80485274698825,0.319458476042131,56.8360871325603,60.8360871325603,4,0,0,56.8360871325603
9,1,1,0,58.4849731505722,13.3989474206439,1.39476254996473,0.357920678179915,62.008935220547,66.008935220547,4,1,1,66.008935220547
10,1,0,0,58.6495780244724,10.7474446254367,1.81071045975764,0.401060964040476,54.1889185789246,58.1889185789246,4,0,0,54.1889185789246
11,1,0,0,59.2966212496722,13.0161970770017,0.102225280816374,-0.502713657624808,51.7117791705043,55.7117791705043,4,1,1,55.7117791705043
12,1,0,0,54.2349511083391,13.6212036265762,0.330199674517141,-0.730530148777429,57.4613028303668,61.4613028303668,4,1,1,61.4613028303668
13,1,1,0,52.8888898230831,15.3732935141145,0.929283482185567,1.30871399066279,54.2180675416467,58.2180675416467,4,0,0,54.2180675416467
14,1,0,1,46.2578158389029,9.2894108608951,-2.2119138105568,0.553225366075276,33.6911519224118,37.6911519224118,4,0,0,33.6911519224118
15,1,1,0,51.2763494253634,13.7025293109343,2.77733998338665,0.839955018142656,59.7659792808378,63.7659792808378,4,0,0,59.7659792808378
16,1,1,0,39.9449068336499,12.6056253794655,-0.664120709362708,-1.16528400814848,38.6559606330169,42.6559606330169,4,1,1,42.6559606330169
17,1,0,0,44.1025031828141,11.8427600757486,-0.0430604636014841,-1.85975044591322,42.6151052576077,46.6151052576077,4,0,0,42.6151052576077
18,1,0,0,41.7468253630193,13.3725977015388,-0.526506280574961,-1.57661744150161,41.6431083374444,45.6431083374444,4,1,1,45.6431083374444
19,1,1,0,45.7791857069691,13.0686538185539,0.88404606236427,-1.63630082890441,51.0270410218582,55.0270410218582,4,1,1,55.0270410218582
20,1,0,0,54.9327904856333,14.6668678995628,1.65759582829699,0.288600773113889,61.992961718777,65.992961718777,4,1,1,65.992961718777
21,1,1,0,50.2606692568262,11.1292108878303,-0.005612564272631,1.72785137904197,51.7478477108362,55.7478477108362,4,1,1,55.7478477108362
22,1,0,1,47.1840338290765,12.0031777151602,0.242438665282741,-1.49153907627171,45.0308554332838,49.0308554332838,4,0,0,45.0308554332838
23,1,1,1,45.6670224922402,11.1285614701298,-0.259580942659952,1.24046937625315,43.6348644248751,47.6348644248751,4,0,0,43.6348644248751
24,1,1,0,41.6246086917766,10.210317833992,1.23658647286825,0.92616614404836,48.0110458169149,52.0110458169149,4,0,0,48.0110458169149
25,1,0,0,64.9560915751966,14.2360624330791,0.71116094908932,2.19797773357009,62.5406286056418,66.5406286056418,4,0,0,62.5406286056418
26,1,1,0,50.1153840242157,12.2862376101063,1.07820023931987,0.678747188623528,49.8364725093778,53.8364725093778,4,0,0,49.8364725093778
27,1,1,1,40.1543065350575,8.84416586862388,-0.775064594453706,0.49180273230353,41.161438155553,45.161438155553,4,0,0,41.161438155553
28,1,1,1,41.1207295858435,14.3072717366213,0.0338880865775306,-1.5594421674007,32.599768188855,36.599768188855,4,1,1,36.599768188855
29,1,0,0,51.2681210117295,14.4855160033046,1.7264913636669,0.14694373199063,52.3427556810926,56.3427556810926,4,0,0,52.3427556810926
30,1,1,0,65.2220897692612,12.4811244798043,-0.668827838712162,0.0980446137596351,58.3367703305435,62.3367703305435,4,1,1,62.3367703305435
31,1,0,0,56.5510396526475,14.7969586107904,0.342037636634896,1.78228265880094,52.054319308885,56.054319308885,4,0,0,52.054319308885
32,1,0,1,53.5641946692391,10.2070202691223,1.14926578246132,0.659053481406649,48.0639288895838,52.0639288895838,4,1,1,52.0639288895838
33,1,0,0,38.2395279049484,8.43959422300907,-0.0588393232462838,0.0367802013620481,36.705418910173,40.705418910173,4,0,0,36.705418910173
34,1,0,1,47.8317616014621,9.7127944051917,-0.741509875561719,-1.00119503715335,37.8515191976002,41.8515191976002,4,0,0,37.8515191976002
35,1,1,1,47.8800060947984,11.7174344274113,0.287342633656236,-0.840028018199185,49.1583797545316,53.1583797545316,4,0,0,49.1583797545316
36,1,1,0,53.6251155208875,8.51692974068388,-1.12600746495127,0.500019822935793,55.3069203527902,59.3069203527902,4,1,1,59.3069203527902
37,1,1,0,49.8529084131436,11.0172064067714,0.838284601928164,0.65331937617175,44.4286774299651,48.4286774299651,4,0,0,44.4286774299651
38,1,1,0,50.7405840686844,17.369105831274,0.681257072393128,-0.953569199716757,54.0697650721588,58.0697650721588,4,1,1,58.0697650721588
39,1,0,0,56.2530864167686,12.679230431718,-0.152505258049644,-0.699558043038247,53.4695570739014,57.4695570739014,4,1,1,57.4695570739014
40,1,0,1,59.0764321584064,15.8255479416323,-0.353124714507979,2.09274827126667,60.304437541822,64.304437541822,4,1,1,64.304437541822
41,1,0,0,58.7657201922929,14.2930289555628,1.09987016888985,1.34947075570499,65.5573434753617,69.5573434753617,4,0,0,65.5573434753617
42,1,0,0,40.4122945714804,14.6479393226779,1.162596198372,0.55878511748386,53.5470853392131,57.5470853392131,4,0,0,53.5470853392131
43,1,0,1,46.7633757655249,13.6592803248593,-0.706745643350759,-0.7309009067289,36.4896995327931,40.4896995327931,4,1,1,40.4896995327931
44,1,1,0,42.7956962262081,10.8515398765096,-0.895417683714639,-1.21690341006864,37.3230109536307,41.3230109536307,4,0,0,37.3230109536307
45,1,1,0,65.6196754397597,11.6182440277503,-0.610012359595319,0.8916423373578,55.4498452830446,59.4498452830446,4,0,0,55.4498452830446
46,1,0,1,42.4000430429238,13.7191258082969,0.964720451318715,0.860770045464608,40.7837114302451,44.7837114302451,4,1,1,44.7837114302451
47,1,1,0,49.5232553424082,9.64480607686106,-0.353662657194934,-0.528264715425158,40.6481149368752,44.6481149368752,4,0,0,40.6481149368752
48,1,1,1,38.6413726302876,8.98543564357065,-0.169627580080166,-2.01498980766575,34.979891232275,38.979891232275,4,0,0,34.979891232275
49,1,0,0,49.7834838124391,10.5074979983137,-0.306830784573548,-1.24881398901812,37.6446122587828,41.6446122587828,4,1,1,41.6446122587828
50,1,1,1,39.9795839730403,13.0958047066569,0.972344214185044,0.913595964798428,44.7421076131665,48.7421076131665,4,1,1,48.7421076131665
51,1,1,0,52.6335232763738,14.52511711463,0.496969730734116,-0.942699982090566,55.714726210646,59.714726210646,4,0,0,55.714726210646
52,1,0,1,39.3857214928,10.8785848721941,1.05000032353721,0.774126616673738,38.2378412700183,42.2378412700183,4,0,0,38.2378412700183
53,1,0,1,50.3974332422141,9.49334395282784,0.569761156046847,0.190527531130374,46.8027391720841,50.8027391720841,4,1,1,50.8027391720841
54,1,1,1,37.0685742572156,11.7319237763348,-1.98606741942498,0.644966608863849,38.2324181160011,42.2324181160011,4,0,0,38.2324181160011
55,1,1,0,57.3778659920102,15.6959739620319,1.37407197059728,0.124877911545529,64.1289560009625,68.1289560009625,4,1,1,68.1289560009625
56,1,1,1,37.2848212701661,14.7798926113467,0.52401558488819,-0.948408699743859,46.8203820196041,50.8203820196041,4,1,1,50.8203820196041
57,1,1,0,42.5811412241369,11.214304041751,0.427918161154498,-2.02646847124822,49.3887199557919,53.3887199557919,4,1,1,53.3887199557919
58,1,0,0,50.1728162028157,14.9434385856671,0.102960290931206,-1.10464256535404,48.7589277737499,52.7589277737499,4,1,1,52.7589277737499
59,1,1,0,44.1019729071221,14.4959333616418,-0.0679053163214445,-1.68926729814276,42.0317454558615,46.0317454558615,4,0,0,42.0317454558615
60,1,1,1,53.9075680303256,13.3011208738511,0.661630313459946,0.399847351913981,56.6171205127726,60.6171205127726,4,0,0,56.6171205127726
61,1,0,1,43.6484069946418,9.20592323298711,-1.57195312958406,-0.412202525203103,30.2308013241373,34.2308013241373,4,0,0,30.2308013241373
62,1,0,0,53.1147097150541,12.1746960344693,-0.047556145528383,-0.184497391117468,48.2652167670468,52.2652167670468,4,1,1,52.2652167670468
63,1,1,0,58.6611688581983,10.5162100322777,-0.54295704943944,-0.014550885023486,54.7603130082321,58.7603130082321,4,0,0,54.7603130082321
64,1,1,0,50.2890583168099,12.0742509656227,0.121568321033577,-0.165516722768232,49.2231388048888,53.2231388048888,4,1,1,53.2231388048888
65,1,0,0,45.6217354193741,10.2260400479475,-0.686675141534132,-1.15121492929106,37.5401156303814,41.5401156303814,4,0,0,37.5401156303814
66,1,1,0,46.0947830295655,9.22067107411216,-0.200617913973957,-1.17675469894341,37.6833251769043,41.6833251769043,4,0,0,37.6833251769043
67,1,0,0,72.4648009818872,12.8593362618852,1.62246726954865,-0.0851369666985342,66.1528779675329,70.1528779675329,4,0,0,66.1528779675329
68,1,0,1,46.9688820651306,12.0270628740073,-2.03501470612313,1.38654929310286,44.1042208209491,48.1042208209491,4,0,0,44.1042208209491
69,1,1,0,48.3547253221339,14.2042060070565,1.25524500001243,-1.80212944063033,55.3784621888825,59.3784621888825,4,1,1,59.3784621888825
70,1,0,0,70.8921308248169,11.1052724629753,1.96258212154031,2.61952824938133,74.5920250763644,78.5920250763644,4,1,1,78.5920250763644
71,1,0,0,56.0146296823356,10.3134114798363,0.324716053213801,0.00185733645350809,51.6668644195507,55.6668644195507,4,1,1,55.6668644195507
72,1,0,1,50.1525522679993,12.0729511949965,-0.781115552392024,1.75686322458008,45.3652332169768,49.3652332169768,4,0,0,45.3652332169768
73,1,1,1,59.8595040470684,10.87934793919,-0.662703908939945,0.697599071461995,46.3196785627884,50.3196785627884,4,1,1,50.3196785627884
74,1,1,1,52.4473401474697,15.3994753599648,0.415815380686828,0.447178001904635,57.6011384033588,61.6011384033588,4,0,0,57.6011384033588
75,1,0,0,51.2362175204968,18.7639115011106,2.00908157660428,0.217601755310266,58.2621183922523,62.2621183922523,4,1,1,62.2621183922523
76,1,0,1,44.8057888732038,10.2099620683902,-0.498161026173971,1.97362898057356,35.9468594350752,39.9468594350752,4,1,1,39.9468594350752
77,1,1,1,46.7025414427117,16.694677324838,-0.0432064126339964,0.5126649244493,48.4096186754989,52.4096186754989,4,0,0,48.4096186754989
78,1,1,0,42.1487325768382,11.9091750067075,-0.335829464311726,0.347783108979114,44.4463169935108,48.4463169935108,4,0,0,44.4463169935108
79,1,1,1,43.9035065517551,10.8716058979559,-1.42421238732226,0.066369284403532,39.4334073873104,43.4334073873104,4,0,0,39.4334073873104
80,1,1,1,39.6175217779761,9.66696418918098,-0.717304955675039,0.786147519979964,33.6160383000433,37.6160383000433,4,1,1,37.6160383000433
81,1,0,1,44.8298491568708,9.08511526719617,0.267632726986748,-0.958790802498252,42.1867495013216,46.1867495013216,4,0,0,42.1867495013216
82,1,1,0,43.0761371160123,12.9754312121644,-0.428419984120942,-0.606947021501185,35.1578267821023,39.1578267821023,4,0,0,35.1578267821023
83,1,0,0,48.4137079423793,12.4982668800358,0.394804287331838,0.739040007290487,53.1538052617984,57.1538052617984,4,1,1,57.1538052617984
84,1,1,1,53.2220730639968,14.4650110051864,0.750763236019658,0.589785467316336,57.9910793489942,61.9910793489942,4,0,0,57.9910793489942
85,1,0,0,54.1021013873445,12.4126678341958,1.31444375459247,-0.593357641131238,54.6792639680086,58.6792639680086,4,0,0,54.6792639680086
86,1,1,0,48.1254824272556,12.7689280203087,0.40258780258722,0.608902679916287,52.7560058417089,56.7560058417089,4,1,1,56.7560058417089
87,1,1,0,45.8461422132839,11.1357629761061,-0.696445651961224,0.368428475848145,51.6105926098807,55.6105926098807,4,1,1,55.6105926098807
88,1,0,0,41.2539080184675,12.5895873405631,0.0415273724808803,-1.19847450681107,45.8803619228337,49.8803619228337,4,1,1,49.8803619228337
89,1,0,0,43.6259276490627,14.788677845975,0.512951100258878,-0.20107549221952,47.5703913642123,51.5703913642123,4,1,1,51.5703913642123
90,1,1,1,55.0924619535605,9.95682565906327,-0.132239042208065,0.387877814870306,46.0080196376429,50.0080196376429,4,0,0,46.0080196376429
91,1,1,1,45.2571842508921,9.67621497157136,-0.315416005179075,-1.85763306238811,46.135565983272,50.135565983272,4,1,1,50.135565983272
92,1,1,0,54.46994672261,13.9791805263479,0.641791268505942,-0.952499006488767,51.8098352427064,55.8098352427064,4,0,0,51.8098352427064
93,1,1,1,40.0127603403189,14.160034387409,-0.278100570242809,-1.84908756839405,40.4770281055247,44.4770281055247,4,1,1,44.4770281055247
94,1,0,0,48.6712342246558,9.35861269843351,0.110016692171528,0.555451566250896,40.2909870435203,44.2909870435203,4,0,0,40.2909870435203
95,1,1,0,54.1128236962474,11.4142605992482,0.491918422049628,-0.945666587091251,49.4078982531436,53.4078982531436,4,0,0,49.4078982531436
96,1,1,1,32.3066282470603,14.3189219289365,0.37565291714739,-1.58604285217138,32.3925652191159,36.3925652191159,4,0,0,32.3925652191159
97,1,1,0,65.5429637824604,19.0719437340114,1.82929881075171,-0.234397515434298,68.776011595127,72.776011595127,4,1,1,72.776011595127
98,1,1,1,42.0160838411523,8.59280091407496,0.979568944441043,-1.08520127724579,46.9445302334331,50.9445302334331,4,1,1,50.9445302334331
99,1,1,1,40.978627429661,9.86226476430836,0.11887382804882,-0.577061195239242,43.0405035436713,47.0405035436713,4,0,0,43.0405035436713
100,1,0,1,42.9101793506909,9.46560015812193,-1.17055693405801,0.987325998940853,40.3199612438559,44.3199612438559,4,0,0,40.3199612438559
101,1,1,0,36.2060857522893,13.8076641623591,0.320762767102413,-1.44340415835612,40.4170199361254,44.4170199361254,4,0,0,40.4170199361254
102,1,1,0,48.9611781534598,14.141716358994,1.12024060677157,-0.385633664413558,48.0119039794169,52.0119039794169,4,1,1,52.0119039794169
103,1,1,0,42.7254418464396,8.073832681442,-2.01004444057757,1.31779193477609,30.5632347940234,34.5632347940234,4,0,0,30.5632347940234
104,1,0,0,57.8896734449377,12.7302745642683,-0.460016827308522,0.334612610403231,55.999922930825,59.999922930825,4,0,0,55.999922930825
105,1,0,1,53.9509611345106,10.64917700197,0.245256305503085,0.0775448706706994,45.657455814319,49.657455814319,4,1,1,49.657455814319
106,1,0,1,40.609970946207,7.60140033141955,-1.11638022126577,-0.353047175644872,32.3716467013307,36.3716467013307,4,1,1,36.3716467013307
107,1,0,0,52.6375010271637,9.74572721566629,-1.43627089146044,1.60558533828707,45.207629037548,49.207629037548,4,0,0,45.207629037548
108,1,1,0,45.9705753203424,8.23881859860935,-2.64877084017845,-0.154804810231006,32.0587407456525,36.0587407456525,4,0,0,32.0587407456525
109,1,0,1,35.2329191703307,8.38728741857908,-2.13016019629982,0.671036039203149,39.8306081396031,43.8306081396031,4,1,1,43.8306081396031
110,1,1,1,43.0224593160748,14.5029082759001,1.68830299342405,0.295509831740383,47.1388697391633,51.1388697391633,4,0,0,47.1388697391633
111,1,0,1,53.6596324444114,10.1034404424521,0.946131422617903,0.610213919265675,52.3089274396052,56.3089274396052,4,0,0,52.3089274396052
112,1,0,0,59.7763545984463,13.707643624497,0.215407057125686,0.0544494387131298,56.3954955557083,60.3954955557083,4,0,0,56.3954955557083
113,1,1,0,66.0052886293452,12.5210883215611,-0.283120528786401,0.19894974098208,53.9343002437888,57.9343002437888,4,0,0,53.9343002437888
114,1,0,0,43.2130819041837,8.23794564658439,-2.66506366773107,-2.2822768574061,32.2151950892286,36.2151950892286,4,1,1,36.2151950892286
115,1,0,0,51.3435696153929,8.35796605643195,-0.759666989963732,0.995219983113008,44.5988666906324,48.5988666906324,4,1,1,48.5988666906324
116,1,0,1,46.8026580210189,13.3360580617832,1.37747112687792,-0.697645947149218,46.4384139366839,50.4384139366839,4,0,0,46.4384139366839
117,1,1,0,42.8176860834896,8.1468511954452,-1.6521789402745,-0.171023079812693,36.1528314774442,40.1528314774442,4,1,1,40.1528314774442
118,1,0,0,55.4008495924094,12.2513907901954,0.494376563516108,0.211861125818431,50.8875939929711,54.8875939929711,4,1,1,54.8875939929711
119,1,0,0,61.9980609324966,12.2379605257816,-1.40044583307902,-0.833826870546866,46.2721374653324,50.2721374653324,4,1,1,50.2721374653324
120,1,0,1,39.1863297337266,9.05763089257331,-2.00797571678184,0.677851033210019,34.3655321264184,38.3655321264184,4,0,0,34.3655321264184
121,1,0,0,54.2199581151363,11.2193896512937,-0.651618507575194,-1.0565696141854,47.1993286646082,51.1993286646082,4,0,0,47.1993286646082
122,1,1,1,47.7213857927255,12.7920897516899,2.06311039583542,0.821808308045253,47.3428840367239,51.3428840367239,4,1,1,51.3428840367239
123,1,1,1,52.1387159315473,12.6759841641595,0.888663738231978,0.937000272501556,51.3915675486143,55.3915675486143,4,0,0,51.3915675486143
124,1,0,0,55.4570484352191,10.1401462670508,0.0705556750704697,1.23032855360972,56.9139408251821,60.9139408251821,4,0,0,56.9139408251821
125,1,1,0,50.7363398096266,9.39982620431888,0.443075768637346,1.10869257293942,54.9300665046578,58.9300665046578,4,1,1,58.9300665046578
126,1,0,1,42.465291322943,11.5542970110076,0.882850033388907,0.843601028244806,44.0752449374015,48.0752449374015,4,0,0,44.0752449374015
127,1,1,0,53.2835114904995,12.8608260089561,1.27453126462695,0.0939433336526087,60.6187256656474,64.6187256656474,4,0,0,60.6187256656474
128,1,0,1,55.8891382700819,13.1311650007529,0.974109722134147,-0.369786037575863,55.2801784097014,59.2801784097014,4,1,1,59.2801784097014
129,1,1,0,41.0501197067912,12.8433929471652,1.91709806296778,-1.59309917091114,42.3177040764285,46.3177040764285,4,0,0,42.3177040764285
130,1,0,0,50.6839818455719,10.6414169020628,-0.0297165079652466,-0.209669314002291,44.0188381161459,48.0188381161459,4,1,1,48.0188381161459
131,1,1,0,56.0221154727769,11.9561770236786,1.01375392744281,0.718344758269549,55.5131524267435,59.5131524267435,4,1,1,59.5131524267435
132,1,1,0,50.4975259610104,12.0000322612617,-1.17657976424846,1.15226200942573,51.821367543698,55.821367543698,4,1,1,55.821367543698
133,1,1,1,46.8602782960255,13.2131234904505,0.24244013259584,-0.455708378118597,45.8709380434219,49.8709380434219,4,1,1,49.8709380434219
134,1,1,1,55.2629216471198,13.7730633220809,0.570442579611573,-0.430146735973639,56.6542018091107,60.6542018091107,4,0,0,56.6542018091107
135,1,1,0,43.4481063661778,11.8202623695194,0.140513467057253,0.151779353514812,50.4383022930808,54.4383022930808,4,1,1,54.4383022930808
136,1,1,0,47.0974079541544,14.0574851139365,1.14840862077435,-0.179412462606072,48.5802257625989,52.5802257625989,4,0,0,48.5802257625989
137,1,0,0,33.4596879390964,11.1368498589512,-0.644231800596788,-0.105427500488229,30.3295023247827,34.3295023247827,4,0,0,30.3295023247827
138,1,1,0,45.5278977941714,10.817653296068,-0.45854258116503,0.273982230909531,41.9356768158772,45.9356768158772,4,1,1,45.9356768158772
139,1,0,1,53.0370326610936,11.6843439658251,-0.821702991424295,1.50928308983635,54.1422841441094,58.1422841441094,4,1,1,58.1422841441094
140,1,0,1,42.6850593172819,10.4076369052676,-0.0207280786910345,-0.613492552383867,38.1289410671559,42.1289410671559,4,1,1,42.1289410671559
141,1,0,0,57.1552543192464,12.2318165767563,0.157772284910772,1.89622435338863,61.8513852167662,65.8513852167662,4,1,1,65.8513852167662
142,1,1,0,44.9710092272463,12.5227824312369,-0.925897008299349,0.693808206546366,39.0273939679372,43.0273939679372,4,0,0,39.0273939679372
143,1,1,0,41.6502513918584,11.2006783456948,-0.0709203975246668,-0.338094003065545,36.3007663806971,40.3007663806971,4,1,1,40.3007663806971
144,1,1,1,50.4414357909828,12.3359570091975,0.125367405652816,0.307994713590073,50.4102782960556,54.4102782960556,4,1,1,54.4102782960556
145,1,0,1,56.5231079603667,11.5867899442461,-0.2612285661677,0.0299406552549652,53.5819820680449,57.5819820680449,4,1,1,57.5819820680449
146,1,1,1,55.9918323476613,12.8892852650729,2.06575913070665,-0.31385329349232,64.6150468654714,68.6150468654714,4,1,1,68.6150468654714
147,1,0,1,45.3272606147738,11.2634635684908,0.756107554328141,-1.80263626919445,40.5723371775481,44.5723371775481,4,1,1,44.5723371775481
148,1,0,1,38.8633818504078,11.9113035652838,-2.17569481519636,-0.840568588518631,34.2767720165382,38.2767720165382,4,0,0,34.2767720165382
149,1,1,0,46.0809472823124,12.0031698416122,0.305478190948244,-0.847464222754909,50.1271034536571,54.1271034536571,4,0,0,50.1271034536571
150,1,0,0,45.8938110949358,11.9153737875945,0.453735881000479,-1.66881128400618,42.086120714361,46.086120714361,4,0,0,42.086120714361
151,1,1,1,38.2210353288966,14.0374348656703,-1.59152503542032,-0.225570500151325,38.6881240164707,42.6881240164707,4,0,0,38.6881240164707
152,1,0,1,40.4912656874821,6.68465448780659,-0.86143078036996,-0.615211826006992,28.601961171333,32.601961171333,4,1,1,32.601961171333
153,1,0,0,53.4964272855925,13.4486985297406,-1.54653137934963,-1.21259475674014,43.8541009491739,47.8541009491739,4,1,1,47.8541009491739
154,1,0,1,52.5703773708134,9.91334818256409,0.211317620563787,1.82400008503581,48.6594409929663,52.6594409929663,4,0,0,48.6594409929663
155,1,1,0,50.4997199802759,11.5279015520157,1.07640212756262,-0.0898954925329204,49.2221228727113,53.2221228727113,4,1,1,53.2221228727113
156,1,1,1,55.038102457409,12.4014163984207,-0.408998585688987,-1.00730692987104,42.0611123550297,46.0611123550297,4,0,0,42.0611123550297
157,1,1,1,32.0224494323889,12.4211634192132,-0.191421769909816,-0.303457843320656,38.2121183340184,42.2121183340184,4,1,1,42.2121183340184
158,1,0,1,45.0605064635038,13.0694228686355,0.202862703791459,0.547796020049913,43.796512006251,47.796512006251,4,1,1,47.796512006251
159,1,0,0,47.0618260306019,14.3724338015991,0.60345577127694,-0.503981100671242,48.1799204666453,52.1799204666453,4,1,1,52.1799204666453
160,1,0,0,46.0685894749008,11.6902468066034,-0.0301129533722995,-0.867547478514046,50.6910171573761,54.6910171573761,4,0,0,50.6910171573761
161,1,0,0,71.546007029014,17.2266147865978,0.683632285828773,2.65117904425251,73.1657472320779,77.1657472320779,4,1,1,77.1657472320779
162,1,1,0,37.648883229241,11.4145671328154,-1.76323985129205,-1.07910769005027,37.987138589159,41.987138589159,4,0,0,37.987138589159
163,1,0,0,41.2051750283512,15.3400854130464,0.91603905949687,-0.975663695732281,47.4204733064957,51.4204733064957,4,0,0,47.4204733064957
164,1,1,1,50.8562143014693,13.5403683282896,0.6864081910753,0.627151917193335,44.597127592557,48.597127592557,4,1,1,48.597127592557
165,1,1,0,52.6451505816258,14.1515908597045,-0.884188008001814,-0.275990784028647,49.9009953032277,53.9009953032277,4,0,0,49.9009953032277
166,1,0,0,64.2516132503225,10.6774290388408,0.626633259944787,-1.02839880910423,60.9621586939365,64.9621586939365,4,1,1,64.9621586939365
167,1,1,1,43.245050480907,9.92242462222232,-1.66146169650995,-0.616122308274273,38.959757424634,42.959757424634,4,1,1,42.959757424634
168,1,0,0,39.0515861633678,14.6227945148222,1.54756659276617,-0.968293410433513,47.2068412708384,51.2068412708384,4,0,0,47.2068412708384
169,1,1,0,46.1435619309853,7.7278516556367,-0.211577783350558,-0.532743593519241,32.6368048709385,36.6368048709385,4,0,0,32.6368048709385
170,1,0,0,44.1943444801012,12.0244939507965,0.767497003771681,-2.06081166075097,36.8308677802751,40.8308677802751,4,0,0,36.8308677802751
171,1,0,0,51.8689475872244,10.7002617553018,-0.92859310695619,-0.0793935872056008,40.0934378775251,44.0934378775251,4,0,0,40.0934378775251
172,1,1,0,44.0878945892775,10.088553835533,0.495954243432008,-1.12684722653456,43.3506074515745,47.3506074515745,4,0,0,43.3506074515745
173,1,0,0,51.7002456436494,15.4512718808359,1.08292261309178,0.22406324609538,56.3224619332119,60.3224619332119,4,1,1,60.3224619332119
174,1,1,1,49.5456047061328,14.8817719979028,0.472345983277446,1.21713593478515,53.6958864219194,57.6958864219194,4,0,0,53.6958864219194
175,1,0,1,47.7541760933458,10.8321804695911,0.308437997779935,-0.240052972792683,44.6811990432902,48.6811990432902,4,1,1,48.6811990432902
176,1,0,0,46.5241574489798,14.2146194961994,1.11059452099678,0.522804646229282,55.9851260999529,59.9851260999529,4,0,0,55.9851260999529
177,1,1,1,56.5299052101789,11.0626464812479,0.53087207090941,0.858671575680844,56.9973579883616,60.9973579883616,4,1,1,60.9973579883616
178,1,0,0,51.2837473497634,15.8775395360771,0.0213518669461291,-0.136297777303494,57.9691010942024,61.9691010942024,4,0,0,57.9691010942024
179,1,0,1,48.035314161066,12.0107308755388,0.0544410394888199,-0.339066634951169,39.4060506155744,43.4060506155744,4,1,1,43.4060506155744
180,1,1,0,53.5576072003431,13.6465947957382,-1.2699648279808,-1.37041492690007,43.8515894803664,47.8515894803664,4,0,0,43.8515894803664
181,1,0,0,69.1957430656402,11.4063586508067,0.491796532467754,0.0345259717972781,63.1107142325502,67.1107142325502,4,1,1,67.1107142325502
182,1,0,0,54.887446823181,15.3696469871168,1.21674070998069,0.0999720677222011,64.3856657567868,68.3856657567868,4,0,0,64.3856657567868
183,1,1,0,53.3811750463745,13.1358387945308,-1.11739811666168,1.61881230958093,51.7014210042889,55.7014210042889,4,1,1,55.7014210042889
184,1,0,1,46.6148056589991,15.2100692556491,0.551030325461379,-0.379190800564344,48.5663577472566,52.5663577472566,4,0,0,48.5663577472566
185,1,1,0,67.939328988146,12.5667769881092,1.57081859825838,1.44558532911862,65.7491472373005,69.7491472373005,4,1,1,69.7491472373005
186,1,0,0,52.8496573557187,8.21925342126049,-0.883669682977995,-0.930269841085612,42.1178122082389,46.1178122082389,4,0,0,42.1178122082389
187,1,1,0,48.7217635510581,12.7051918426069,-0.52965296207757,0.914165790225225,46.2320276928341,50.2320276928341,4,0,0,46.2320276928341
188,1,1,0,53.3572948974683,10.1727320663867,0.619186991721948,-0.611139705624746,50.3646667857679,54.3646667857679,4,0,0,50.3646667857679
189,1,1,0,49.5388728205261,16.2884337165181,0.65400483971531,1.20134958143915,57.4960475010318,61.4960475010318,4,0,0,57.4960475010318
190,1,1,1,43.5979317542929,11.1955050156396,0.600904238051745,-0.936631432438493,42.0333237120868,46.0333237120868,4,0,0,42.0333237120868
191,1,1,0,55.5888443380333,11.1666851421628,-1.27049604579704,1.65047786965343,55.0781064191803,59.0781064191803,4,0,0,55.0781064191803
192,1,1,0,56.2542557486751,11.6365149584511,-0.697760517779289,1.58428688683054,46.9779903373143,50.9779903373143,4,0,0,46.9779903373143
193,1,1,0,41.0688998336796,11.2582492166112,0.979620570950201,-1.08939349393297,44.1224834626665,48.1224834626665,4,1,1,48.1224834626665
194,1,0,0,52.9709817640823,12.6483352606599,-0.581166118754606,-0.956550109324866,48.3928194102503,52.3928194102503,4,1,1,52.3928194102503
195,1,0,1,62.1739147958809,7.97619981954079,0.0922366923149605,2.13028934438102,51.0783447444327,55.0783447444327,4,0,0,51.0783447444327
196,1,0,1,48.8903413502104,9.91605349577275,0.772342488414021,0.902759729062718,45.8669898672334,49.8669898672334,4,0,0,45.8669898672334
197,1,1,0,47.4831228872642,13.9130127145625,1.80630747616484,-0.802600885106225,45.8431360247116,49.8431360247116,4,1,1,49.8431360247116
198,1,0,0,39.9137670783689,12.05390058629,0.628355405235045,-0.886626065117275,46.6314306248361,50.6314306248361,4,1,1,50.6314306248361
199,1,1,1,48.6663238084652,11.5107926930663,1.66779233295474,-0.152444667263276,45.9351914549285,49.9351914549285,4,1,1,49.9351914549285
200,1,0,0,45.0324267823041,14.3247185721956,0.760838057193244,-1.47364156154659,37.4599680529886,41.4599680529886,4,1,1,41.4599680529886
201,1,1,0,52.0978935296847,16.4717027571655,1.35710802284235,1.14263986208347,63.0418229825511,67.0418229825511,4,1,1,67.0418229825511
202,1,1,0,59.8199032539148,11.5151754204261,0.0383499742949923,0.975732227053892,59.0809111131114,63.0809111131114,4,0,0,59.0809111131114
203,1,1,0,38.755185533802,12.0599814853711,0.525654425155168,-0.170357958231674,50.6889651851962,54.6889651851962,4,1,1,54.6889651851962
204,1,1,0,52.031971511914,8.68864562761151,-0.953600792129935,2.27947980372962,46.7384190584571,50.7384190584571,4,1,1,50.7384190584571
205,1,1,0,48.2057092746707,9.70990156051569,0.148223182909678,-0.691463882516883,49.2614378843423,53.2614378843423,4,1,1,53.2614378843423
206,1,1,1,54.9978092376694,13.9949619502162,0.99313072766333,1.18154797888415,53.4623880755396,57.4623880755396,4,1,1,57.4623880755396
207,1,0,1,57.742750943781,9.4905874302934,-1.51128005901497,-0.608302963793638,40.7370229220373,44.7370229220373,4,1,1,44.7370229220373
208,1,0,1,37.0591223344891,11.5550480956432,0.00171294327043843,-0.719225860519765,39.7510192408774,43.7510192408774,4,1,1,43.7510192408774
209,1,0,0,41.7267858741,12.9090937342305,1.17351869710032,-0.0711331174589056,48.9814311706065,52.9814311706065,4,0,0,48.9814311706065
210,1,1,1,36.4485292421512,12.7537221036385,-0.632199026869106,-0.00614230979103513,39.4029092233147,43.4029092233147,4,1,1,43.4029092233147
211,1,0,0,39.0910500645618,9.60637677411474,-0.20073926252953,-0.0336419629579912,43.4677764926946,47.4677764926946,4,0,0,43.4677764926946
212,1,0,1,57.0126144630715,12.4443050249935,0.425615365593147,1.43148260437103,57.4255824980095,61.4255824980095,4,0,0,57.4255824980095
213,1,0,0,45.6840648366502,13.0715660597307,-0.389583201795984,-0.585903512390656,39.9345471119906,43.9345471119906,4,0,0,39.9345471119906
214,1,1,1,38.134884253886,12.0411431097284,-0.23474462352353,-0.721556310267883,45.6746895248521,49.6746895248521,4,1,1,49.6746895248521
215,1,0,1,57.0177417923781,14.8788799993506,0.527988733683399,0.403390661815728,56.81021233019,60.81021233019,4,1,1,60.81021233019
216,1,0,1,43.8462764988751,9.56283992278503,-0.567141331118894,0.208200047050434,40.7654091849708,44.7654091849708,4,0,0,40.7654091849708
217,1,1,0,69.0352857289862,13.6229423480635,2.32583991959685,-0.661349267571434,67.0990275475877,71.0990275475877,4,0,0,67.0990275475877
218,1,0,1,43.7790409995329,9.77170967402174,-0.475424155236932,-0.354445242173349,31.7701053391146,35.7701053391146,4,0,0,31.7701053391146
219,1,1,1,54.2028228754724,13.9606826110077,0.346395430701977,0.81761414489303,53.641711960006,57.641711960006,4,1,1,57.641711960006
220,1,1,0,43.1395875059053,10.5432411078163,-0.778061806854194,-0.937146740140131,44.9020302254017,48.9020302254017,4,1,1,48.9020302254017
221,1,0,0,51.3210764548974,9.65693165155446,-0.607201516596211,-1.95248847529165,42.8403202842763,46.8403202842763,4,1,1,46.8403202842763
222,1,0,0,40.9155605766651,11.1292319557328,0.103712828851202,-0.153707724512533,41.5511943358866,45.5511943358866,4,1,1,45.5511943358866
223,1,1,0,54.8365361239544,12.1971294077925,1.63478775759215,0.593446866999135,53.4566559593511,57.4566559593511,4,1,1,57.4566559593511
224,1,1,1,37.3562346842655,12.5256474806953,1.03066988799147,-0.561795407930845,42.3142481343344,46.3142481343344,4,0,0,42.3142481343344
225,1,1,1,43.2500821459872,9.24428821578715,-1.38053695083655,0.138322514628557,34.2110152304482,38.2110152304482,4,0,0,34.2110152304482
226,1,0,0,47.8042251977066,11.8100693882094,-0.829473864794349,-1.56633904849199,42.2173259401179,46.2173259401179,4,1,1,46.2173259401179
227,1,1,1,40.4950962579745,9.05805257118996,-0.897277040084659,0.768701200607043,39.9104795746014,43.9104795746014,4,1,1,43.9104795746014
228,1,0,0,49.4682032780055,13.9068832269758,-0.659373874554326,-1.19359734856992,47.9862389100017,51.9862389100017,4,0,0,47.9862389100017
229,1,0,0,43.3792621622376,10.220536978937,0.351766799933624,-0.079323535234086,47.7986205489609,51.7986205489609,4,1,1,51.7986205489609
230,1,1,1,49.684094719451,12.2083047657231,-1.16851825367897,0.747078635002383,51.9865315987157,55.9865315987157,4,1,1,55.9865315987157
231,1,0,1,38.4004088077752,11.4648575151016,-2.06546103713662,-0.675606818848371,30.2179560189489,34.2179560189489,4,1,1,34.2179560189489
232,1,0,1,58.6496620643708,12.279417098142,-0.000539173006248903,-0.209835062481287,47.7973304410319,51.7973304410319,4,0,0,47.7973304410319
233,1,1,0,44.8482107681485,12.7602873900362,-0.164205204475117,0.103486065082953,48.4980969702513,52.4980969702513,4,1,1,52.4980969702513
234,1,1,0,57.7427783394409,13.9869631713529,0.247989955201346,1.42563897026966,57.0058698048916,61.0058698048916,4,1,1,61.0058698048916
235,1,1,0,69.1792099522911,16.5959804382552,1.95790842130836,2.56003630142199,72.3816976350384,76.3816976350384,4,0,0,72.3816976350384
236,1,1,0,44.2241967200152,17.9262355820157,2.21019664962101,0.946255107696931,61.6912512887108,65.6912512887108,4,1,1,65.6912512887108
237,1,1,0,39.6743566668599,12.3970253501721,0.338108051986346,-0.657385222641255,44.3442923266279,48.3442923266279,4,1,1,48.3442923266279
238,1,0,0,54.8144752693372,9.19908073513102,0.359707982369779,0.559921976037048,52.4665297377499,56.4665297377499,4,0,0,52.4665297377499
239,1,0,0,45.2971193728062,10.7678020860891,0.174869242755724,-0.841018824339672,47.1595929097486,51.1595929097486,4,0,0,47.1595929097486
240,1,1,0,61.6240281832329,12.1038933657306,-0.479104381211589,-1.69767387241451,47.0379596133752,51.0379596133752,4,1,1,51.0379596133752
241,1,0,0,47.5509645912136,9.96274864637768,-0.872369691084241,0.381557696599439,46.1645321258959,50.1645321258959,4,0,0,46.1645321258959
242,1,1,1,43.8423889592434,11.1297507446728,-1.34392589341637,0.8123957165874,37.4923352407021,41.4923352407021,4,1,1,41.4923352407021
243,1,1,0,52.6375252950558,9.31607015101998,-1.65552854942648,1.31606064359902,34.814979306055,38.814979306055,4,1,1,38.814979306055
244,1,0,0,54.2426179946372,8.01682177700586,-0.960608063959283,0.206980884708173,33.2962257975177,37.2962257975177,4,1,1,37.2962257975177
245,1,0,1,48.5321522995648,14.5808393169846,0.0830982711507471,0.523796197966501,51.7179102477713,55.7179102477713,4,1,1,55.7179102477713
246,1,1,1,34.0044905693143,10.6126922226358,-0.448936351287394,-1.09539847593492,35.5808659067202,39.5808659067202,4,0,0,35.5808659067202
247,1,0,0,53.7353321681454,13.0072589531082,0.62795979819301,0.165560180008231,52.4794871887522,56.4794871887522,4,1,1,56.4794871887522
248,1,0,0,51.9806596518996,16.7084936017257,-0.0485683524039584,-1.13675770459322,57.9901534382633,61.9901534382633,4,1,1,61.9901534382633
249,1,0,1,39.8320182334668,13.1931425135071,-0.151188993820469,-0.552507613033751,40.0886008907964,44.0886008907964,4,0,0,40.0886008907964
250,1,0,0,38.4662731384783,12.3169659877488,-0.731195855191517,-2.04883043787043,36.9561503365003,40.9561503365003,4,1,1,40.9561503365003
251,2,1,0,63.9431119040687,11.2685745591561,-0.0550979338925048,0.0163429067860725,54.5562857696175,58.5562857696175,4,0,0,54.5562857696175
252,2,0,0,41.3128051624483,11.7439585619448,-0.626394454524897,-0.0247728063934709,41.8487664733811,45.8487664733811,4,0,0,41.8487664733811
253,2,1,0,41.84859540841,12.8918705259751,0.750200800833862,-1.24267748983543,40.8928760017522,44.8928760017522,4,0,0,40.8928760017522
254,2,1,0,62.2642636540319,15.9976250047178,1.57183222556162,1.64509176087119,69.1879469466198,73.1879469466198,4,0,0,69.1879469466198
255,2,0,0,57.5932909759305,13.970785778302,-0.294544316336665,0.429203921819083,57.4150672692721,61.4150672692721,4,0,0,57.4150672692721
256,2,1,0,57.4738418203274,6,0.188097081143535,-0.349240729947927,48.7335085168704,52.7335085168704,4,1,1,52.7335085168704
257,2,1,1,42.3858751293214,8.2534538780991,-0.73670562268181,-1.04433999484281,34.2844088672823,38.2844088672823,4,1,1,38.2844088672823
258,2,1,1,35.2486925719881,8.80576684068243,-0.0624518023712417,-1.2701416834011,38.7673300548855,42.7673300548855,4,1,1,42.7673300548855
259,2,1,0,46.9835061519147,14.4220741721172,1.74240069542022,0.172161952945219,48.7630900608145,52.7630900608145,4,0,0,48.7630900608145
260,2,1,1,41.951846713641,8.83390683927834,-0.298899092910422,-0.863182174364708,42.7040192123816,46.7040192123816,4,0,0,42.7040192123816
261,2,1,0,52.1919765387525,10.0223776074827,-1.53072554411814,0.88432891635213,45.8434984499505,49.8434984499505,4,0,0,45.8434984499505
262,2,1,0,49.513946560887,13.9863855437006,1.90790456662081,-0.889395459267498,57.1396149994216,61.1396149994216,4,0,0,57.1396149994216
263,2,1,0,60.0255992544049,10.2866605440565,-0.542374115807446,1.14665711909069,51.95689222629,55.95689222629,4,1,1,55.95689222629
264,2,0,1,44.6153706674492,10.5144721271345,-0.444658725280476,0.0105878076489977,42.0228738992078,46.0228738992078,4,1,1,46.0228738992078
265,2,0,1,46.2488222130879,14.5862421087834,0.59828697742146,0.730874876993779,43.312692994524,47.312692994524,4,0,0,43.312692994524
266,2,0,0,37.6540962837041,11.7922524804088,-1.75622409483704,0.456789613378366,37.4072993103786,41.4072993103786,4,0,0,37.4072993103786
267,2,0,0,56.70096591901,10.5508327613981,1.26810360433112,0.158811953713579,57.8137311331368,61.8137311331368,4,1,1,61.8137311331368
268,2,1,1,39.4353838127393,15.3250683314102,0.744380881583249,-0.970403049104646,42.5047492260939,46.5047492260939,4,1,1,46.5047492260939
269,2,1,0,56.2474559027168,17.9088928610529,1.79898891614431,0.950682250762827,62.5853701984511,66.5853701984511,4,1,1,66.5853701984511
270,2,0,0,53.3294962084966,12.2419980883192,-1.2915225172345,1.8776976128386,57.1087315172302,61.1087315172302,4,0,0,57.1087315172302
271,2,0,1,55.6577551839771,14.0233599558083,-0.0249209045259828,0.961117382138935,51.4097013350977,55.4097013350977,4,0,0,51.4097013350977
272,2,1,0,40.2739822106528,10.9239304264366,-0.506887552654201,-1.29865252321548,43.6418126740748,47.6418126740748,4,1,1,47.6418126740748
273,2,0,0,64.3270215784968,11.8557986299803,0.612677460120003,-0.685879183232336,56.1180279445266,60.1180279445266,4,0,0,56.1180279445266
274,2,1,0,54.2686388335558,13.1111760460019,1.27341588432164,-1.15518160268005,48.1376139226736,52.1376139226736,4,1,1,52.1376139226736
275,2,1,1,45.705832104373,11.9917345418927,-0.168125811620324,-0.204416236951432,41.6212569889086,45.6212569889086,4,0,0,41.6212569889086
276,2,0,1,57.8891006603753,13.4735824621975,0.864657457843668,-0.895763808866306,50.7150183989373,54.7150183989373,4,1,1,54.7150183989373
277,2,1,1,53.1139573720665,13.9458590293988,-0.569814838914612,0.514390504228907,47.8155387878865,51.8155387878865,4,0,0,47.8155387878865
278,2,1,1,49.3562723052858,11.2466950686349,0.0321654868773689,-0.0374850295800327,50.0609015290454,54.0609015290454,4,0,0,50.0609015290454
279,2,0,1,31.9319073633233,10.669300683809,0.540322691516725,-1.83126764410569,36.2486935517788,40.2486935517788,4,0,0,36.2486935517788
280,2,1,1,48.2460424416937,9.88441157949029,-0.864531518315044,-0.367374099611382,41.6489300718416,45.6489300718416,4,0,0,41.6489300718416
281,2,0,0,49.0756594126178,12.2711002124287,-1.72272944374149,-0.584244802297918,40.7946538179781,44.7946538179781,4,0,0,40.7946538179781
282,2,1,1,41.0714123743437,10.0728748179557,-0.0885897872233355,1.99913459974381,37.5606637246977,41.5606637246977,4,0,0,37.5606637246977
283,2,1,0,52.4656061608386,11.5722673801871,0.202453370471705,-1.63002261859825,45.4692721299766,49.4692721299766,4,1,1,49.4692721299766
284,2,0,0,58.5635107840046,9.51249915694471,1.06349627024835,0.724850705461142,62.7023464957878,66.7023464957878,4,0,0,62.7023464957878
285,2,0,0,48.4854886809179,8.96312315952027,-0.709785637716679,-0.384121409794375,41.7745553252199,45.7745553252199,4,0,0,41.7745553252199
286,2,1,0,65.8205346113552,10.1546590553179,-0.407044771869436,0.325045880505637,51.8892660478873,55.8892660478873,4,0,0,51.8892660478873
287,2,1,0,53.5480212155264,15.0321393009579,0.973780000064074,-0.709683516188448,48.9315004509576,52.9315004509576,4,1,1,52.9315004509576
288,2,1,0,57.049161244954,9.89204513207827,1.05528918985107,0.294043157047257,54.2721528993734,58.2721528993734,4,0,0,54.2721528993734
289,2,1,1,55.2720516124854,10.3259750728927,1.35224433590265,-0.638465290738936,55.6305103561395,59.6305103561395,4,0,0,55.6305103561395
290,2,1,0,67.0838466505453,10.4179561020268,0.285869569101597,0.692282019980462,53.3510506482476,57.3510506482476,4,0,0,53.3510506482476
291,2,0,0,54.4904885552938,16.4930187779938,-0.586653403361452,-0.2705803533276,50.968857303015,54.968857303015,4,1,1,54.968857303015
292,2,1,1,56.3971921001763,13.769515062262,0.916413434011598,1.4027866470084,53.2210878264553,57.2210878264553,4,1,1,57.2210878264553
293,2,1,1,46.3885645080702,13.0757437197011,-1.23965396451143,-0.579998780969008,42.2198805600534,46.2198805600534,4,0,0,42.2198805600534
294,2,0,1,45.9873492653889,11.9823876991449,0.347722749887705,-0.714631257981294,46.0607487359165,50.0607487359165,4,1,1,50.0607487359165
295,2,1,1,48.6430391315623,9.96712552082765,-0.741340456431533,0.210804250530131,41.199764350545,45.199764350545,4,1,1,45.199764350545
296,2,1,0,42.2263542655201,14.9623058448468,-0.00529165867715191,-1.10971395720226,48.5344819219468,52.5344819219468,4,1,1,52.5344819219468
297,2,0,0,60.9717906786387,14.6042266389235,1.65053449704744,1.08036328542446,67.9046976774715,71.9046976774715,4,1,1,71.9046976774715
298,2,1,1,40.1609773156551,8.47872060448276,0.0357287137843914,-0.316478034564008,40.4671741062907,44.4671741062907,4,0,0,40.4671741062907
299,2,0,0,58.4433096272928,12.2362491690819,0.750601384513701,-1.4680276577829,53.6246106799636,57.6246106799636,4,1,1,57.6246106799636
300,2,1,0,54.4503149399195,14.4478675005657,-0.100407590575967,1.10124279556506,56.8584934990831,60.8584934990831,4,0,0,56.8584934990831
301,2,0,1,53.9023836735173,12.8950303119265,-0.185105814095054,1.08722655912552,43.6746999937877,47.6746999937877,4,0,0,43.6746999937877
302,2,1,1,66.1260971661309,12.4255430850711,0.195735925414094,1.91676552523303,60.6984925614907,64.6984925614908,4,1,1,64.6984925614908
303,2,0,0,57.3861877554067,9.78156741937126,0.134803332099558,1.96753517907078,52.8038048896213,56.8038048896213,4,0,0,52.8038048896213
304,2,0,0,46.559637785211,12.788705257341,0.324823563512488,-1.17679248239089,50.9477830692217,54.9477830692217,4,1,1,54.9477830692217
305,2,0,0,49.9776870430361,13.8816494373205,-1.38933084054533,0.270604720036407,52.5924083661534,56.5924083661534,4,0,0,52.5924083661534
306,2,0,0,52.3566858066097,12.2631878449407,-0.235760171369957,0.22236635014231,49.4008487672831,53.4008487672831,4,1,1,53.4008487672831
307,2,0,0,60.2991664244941,15.4618673335708,0.715789359450308,0.259553438819685,60.2805838088516,64.2805838088516,4,0,0,60.2805838088516
308,2,1,1,43.6515641569898,6.29922468640753,-2.64203418619047,0.274155948713835,23.1188322945007,27.1188322945007,4,0,0,23.1188322945007
309,2,1,0,49.8984002578174,8.29872584375318,-0.789756895490756,-0.217003256745614,48.3747212426088,52.3747212426088,4,0,0,48.3747212426088
310,2,0,1,32.7276972812835,11.9057137307998,0.0263228726215825,-0.181526808663789,40.5800856037383,44.5800856037383,4,0,0,40.5800856037383
311,2,1,0,58.8708790863373,7.72312895828472,-1.34113880069303,2.51688395879526,53.1571351580934,57.1571351580934,4,1,1,57.1571351580934
312,2,1,1,48.5342897968818,9.06821255071297,0.0604284513847604,-0.696970835193757,41.8726535089938,45.8726535089938,4,0,0,41.8726535089938
313,2,0,0,44.4650031286066,8.21970712782656,-1.08898059599023,-0.741021262697047,35.2948023125444,39.2948023125444,4,1,1,39.2948023125444
314,2,1,1,48.6572754210763,10.9644181160331,-1.37272097076164,-0.0955900174832792,46.3449387016407,50.3449387016407,4,1,1,50.3449387016407
315,2,0,1,53.3316735702493,19.1376508896482,0.318456607271806,-0.151999537509896,59.0647532471516,63.0647532471516,4,1,1,63.0647532471516
316,2,0,0,56.1274327487782,7.28472802693809,-1.16902157592295,0.783279900492238,45.5355787574497,49.5355787574497,4,1,1,49.5355787574497
317,2,1,0,49.3722679674365,12.8373403433051,-1.34068088519105,0.474701467783524,50.2150805541947,54.2150805541947,4,0,0,50.2150805541947
318,2,0,0,57.2032609709416,12.5846713738195,0.421590516727425,0.903021658008224,49.625541470207,53.625541470207,4,0,0,49.625541470207
319,2,1,0,68.5995373307892,13.4801709031256,1.08234278776797,-0.37361179703052,53.4346789210956,57.4346789210956,4,1,1,57.4346789210956
320,2,0,0,39.1903415690415,8.20073652663891,-1.70459624991777,-1.37079420664092,33.3489713119354,37.3489713119354,4,0,0,33.3489713119354
321,2,1,0,49.8357972199005,15.1464444994642,1.09826749573065,-0.570674345666986,49.7698219047719,53.7698219047719,4,0,0,49.7698219047719
322,2,0,1,51.5926548096763,11.7767291141965,-1.76095730154404,-0.795280821595354,46.9997815395338,50.9997815395338,4,0,0,46.9997815395338
323,2,0,1,47.3053200557534,11.6635926665915,0.467936857074567,-0.622143568691088,46.8158984980186,50.8158984980186,4,1,1,50.8158984980186
324,2,1,0,49.6982828388141,13.571010402186,-1.22633535326267,-0.161868736685093,49.6372239723626,53.6372239723626,4,1,1,53.6372239723626
325,2,1,0,48.012395254578,11.0328104196841,0.811450809012582,0.839117854120056,54.2172992680559,58.2172992680559,4,1,1,58.2172992680559
326,2,1,0,54.1475690540633,7.89750052573337,0.123201339470998,1.03218952071245,46.1413646383925,50.1413646383925,4,0,0,46.1413646383925
327,2,1,0,48.4734671627006,13.4888993629963,0.530176609943797,0.707086081978601,49.5520052470117,53.5520052470117,4,0,0,49.5520052470117
328,2,1,0,35.3194638307124,12.3354244908289,1.02450858419715,0.630106783941907,38.0360724591961,42.0360724591961,4,0,0,38.0360724591961
329,2,0,0,53.4634192975324,13.03270864247,-0.212143515006339,0.338583186021687,58.1891811172959,62.1891811172959,4,1,1,62.1891811172959
330,2,0,1,35.4355470141905,8.85024760034173,-2.08734878759266,-0.342567248909441,32.3542086523985,36.3542086523985,4,1,1,36.3542086523985
331,2,0,0,55.1143181800944,11.1243685216051,0.493111810349971,0.586000735141623,55.734749163772,59.734749163772,4,0,0,55.734749163772
332,2,0,0,54.4097922366379,12.6804489465807,0.812558815433184,-0.206897856139164,51.0494255066954,55.0494255066954,4,1,1,55.0494255066954
333,2,1,0,48.2854904592625,14.3487754230093,0.0746971614943939,0.639090106152801,47.9002056371691,51.9002056371691,4,0,0,47.9002056371691
334,2,0,0,58.4665159899955,7.53114427747586,0.257702564420061,0.818875151848201,51.1150220043696,55.1150220043696,4,1,1,55.1150220043696
335,2,1,0,44.6415040242519,11.7073674928243,0.0307778562422676,1.27575778353364,54.8649671617996,58.8649671617996,4,0,0,54.8649671617996
336,2,0,0,57.2716837768869,17.2853769712315,1.60240058597727,0.455465167426764,52.0901307859719,56.0901307859719,4,1,1,56.0901307859719
337,2,0,0,51.0890550039635,14.4900233754421,-0.409163839590643,-0.52984716055112,43.8522952720549,47.8522952720549,4,1,1,47.8522952720549
338,2,0,0,43.3607097755304,15.2153260558117,1.42157976685602,-1.33686497055425,52.9133189103251,56.9133189103251,4,1,1,56.9133189103251
339,2,0,0,37.1739660876016,13.9706623567878,0.405936826876864,-1.23111036203076,41.8848213819313,45.8848213819313,4,1,1,45.8848213819313
340,2,1,1,52.7143412409709,13.7155256889191,0.346451996482605,0.74015470817425,51.9825515163773,55.9825515163773,4,0,0,51.9825515163773
341,2,1,0,54.1558997093717,16.5637585827095,2.78144294189034,-1.78074504663656,59.790039129917,63.790039129917,4,0,0,59.790039129917
342,2,0,0,37.798723910282,9.72803007348836,-0.734630115620845,-1.46526301448052,30.9475987321225,34.9475987321225,4,1,1,34.9475987321225
343,2,0,0,40.4060353785193,15.9572089211739,0.497376862078037,-0.778237513173125,43.9164386615487,47.9164386615487,4,0,0,43.9164386615487
344,2,1,0,54.8543016957942,12.7089970465787,1.15238594520852,-0.311672093874816,54.6287084844748,58.6287084844748,4,0,0,54.6287084844748
345,2,1,0,52.831333505214,10.0770587159028,-0.19111747458495,1.72973459895502,53.6698240621606,57.6698240621606,4,1,1,57.6698240621606
346,2,0,0,56.8373982189285,15.0661360512346,0.570304653581067,-1.02030409365661,58.1721896273857,62.1721896273857,4,0,0,58.1721896273857
347,2,1,0,58.6829431216844,11.531010293878,0.97766419020896,-0.230836383621371,51.0577139668564,55.0577139668564,4,1,1,55.0577139668564
348,2,1,0,67.5236604621057,7.69160008328611,-1.17041921924054,2.23226191877837,56.4297560678097,60.4297560678097,4,0,0,56.4297560678097
349,2,0,1,34.2550694460889,8.95126335188672,-1.02868636695131,-2.99960956534963,20.3936049819475,24.3936049819475,4,1,1,24.3936049819475
350,2,0,0,59.1382041866247,13.9175792108462,1.10857583849199,0.433481419039321,59.4116222679679,63.4116222679679,4,1,1,63.4116222679679
351,2,0,0,54.6334622001592,8.63765875752703,-0.313015947802915,-1.49730040526418,41.7344780774977,45.7344780774977,4,0,0,41.7344780774977
352,2,0,0,39.6101504902259,12.9961274995033,0.238936678937176,1.03525446663263,39.8799094743456,43.8799094743456,4,0,0,39.8799094743456
353,2,1,1,43.6947093786707,11.4656513775981,1.22008014350013,0.454812536275747,49.413436831709,53.413436831709,4,0,0,49.413436831709
354,2,0,0,52.2248043757506,10.8594989957943,0.54334005691554,0.698421345267825,46.6708246513039,50.6708246513039,4,1,1,50.6708246513039
355,2,1,0,61.4006730938427,11.8364358716877,-0.619921323002704,-0.759300152210906,53.2706013379067,57.2706013379067,4,1,1,57.2706013379067
356,2,0,0,60.6842586058749,11.8452171881616,0.160123947268059,0.62609329757441,58.0471367519967,62.0471367519967,4,1,1,62.0471367519967
357,2,1,1,52.9782322426553,10.8698698736375,-0.0940627705209287,1.32131449668835,52.4811723063732,56.4811723063732,4,0,0,52.4811723063732
358,2,0,0,39.9209210516128,10.3224746149477,-0.661888615484273,-0.146134196970078,43.7475326421652,47.7475326421652,4,0,0,43.7475326421652
359,2,1,0,34.4601518873776,10.103361506522,-0.0347449323060418,-3.62537155486157,29.3978159372097,33.3978159372097,4,1,1,33.3978159372097
360,2,0,0,45.6935079302553,17.2996910172322,0.259420587047637,-2.43212583724418,48.2696294286889,52.2696294286889,4,1,1,52.2696294286889
361,2,0,0,43.8611642933967,12.4030278057948,1.22053651215941,-0.381464018673405,44.2786677258971,48.2786677258971,4,0,0,44.2786677258971
362,2,0,0,61.8366716120801,10.2036808939415,0.569699915896083,2.12515772287903,64.3334371608949,68.3334371608949,4,1,1,68.3334371608949
363,2,1,0,54.8987641121116,17.3725630694218,-0.59353670017445,-0.161606396135279,52.3433623994011,56.3433623994011,4,1,1,56.3433623994011
364,2,0,1,44.9551935201259,9.54899817157778,-0.320981815655109,-0.914171693567152,41.3511472676566,45.3511472676566,4,1,1,45.3511472676566
365,2,1,0,55.6379667848838,14.1438404077582,1.2333643292014,1.202149610175,55.8614440743737,59.8614440743737,4,1,1,59.8614440743737
366,2,1,0,45.4133186735495,11.0474747350856,-1.00872413663091,0.353580796707278,43.4785684580604,47.4785684580604,4,0,0,43.4785684580604
367,2,1,0,54.7579537396271,10.3046618539267,-0.128860651597034,0.0577114365193164,57.3286265756071,61.3286265756071,4,0,0,57.3286265756071
368,2,0,1,51.7198859039731,10.2885453025999,0.24968523526775,0.441272036340342,47.4752443174161,51.4752443174161,4,1,1,51.4752443174161
369,2,1,0,47.5721955421562,11.2079989410288,-1.0021676635546,-0.267538618159753,40.4720134298312,44.4720134298312,4,1,1,44.4720134298312
370,2,1,1,30.2721953070636,7.20639767760059,-1.50930054557651,1.2851022852693,33.1130773692368,37.1130773692368,4,0,0,33.1130773692368
371,2,1,1,50.3926919578263,14.9747209275611,0.961791768112743,-1.75781234113714,46.7278248659045,50.7278248659045,4,0,0,46.7278248659045
372,2,1,0,56.1042918830465,9.93233336692307,-0.644797843386822,1.04740675183527,44.8212246302799,48.8212246302799,4,1,1,48.8212246302799
373,2,1,0,63.1438767122965,12.7529820828367,0.703675481627093,1.34051766930411,57.9641509000654,61.9641509000654,4,1,1,61.9641509000654
374,2,0,0,43.0874977316563,13.7791257090932,0.865044630107775,-0.547180386981207,45.8924817375448,49.8924817375448,4,1,1,49.8924817375448
375,2,0,0,56.7726993626507,15.2126155536714,0.136397172426442,-1.29495470732912,52.686071379311,56.686071379311,4,0,0,52.686071379311
376,2,0,0,52.2773767432049,12.7884913903061,1.23574061710996,0.13366514573618,55.2709863868842,59.2709863868842,4,0,0,55.2709863868842
377,2,1,0,52.6528180664295,15.2056906378189,0.944497791679896,-0.149803032707932,52.4734950186585,56.4734950186585,4,1,1,56.4734950186585
378,2,1,1,49.0900123279355,11.1998792314215,-0.394066623694973,0.812931577448952,54.0689059709276,58.0689059709276,4,1,1,58.0689059709276
379,2,1,1,52.4289579325095,9.66334895076258,-2.28947462140288,1.5541208180965,41.3365548492892,45.3365548492892,4,0,0,41.3365548492892
380,2,0,1,45.8527786457902,12.7983732379864,0.555255864265305,0.176912830507239,44.7503160084958,48.7503160084958,4,0,0,44.7503160084958
381,2,1,0,59.3743975130614,11.2335179582724,-0.682990445753613,-0.065468293777743,48.4559012572311,52.4559012572311,4,0,0,48.4559012572311
382,2,0,0,50.9544232349485,15.1485489022836,-1.33171760226397,-0.974117551765008,45.8041817413377,49.8041817413377,4,1,1,49.8041817413377
383,2,0,1,52.5477438036562,14.2665033082541,-0.935254111818088,-1.16915650418994,40.5220936319506,44.5220936319506,4,1,1,44.5220936319506
384,2,0,0,47.3236461134113,9.6223538415039,-0.00899555421736782,-1.29716402449591,42.4437581475423,46.4437581475423,4,1,1,46.4437581475423
385,2,0,1,41.0134826332381,11.2811434107782,0.0724547352765877,-0.05367674503704,43.8709688107776,47.8709688107776,4,1,1,47.8709688107776
386,2,0,0,58.3959999210529,8.84727505483989,0.638315539330996,-0.289403571945933,53.9003509929205,57.9003509929205,4,1,1,57.9003509929205
387,2,0,0,50.4817961377028,10.5077691339715,0.559488804318526,0.592694166985732,48.2257570350285,52.2257570350285,4,0,0,48.2257570350285
388,2,1,0,51.8809693380414,14.6405986319495,-0.214533803540243,0.934476331636225,56.1206414814521,60.1206414814521,4,0,0,56.1206414814521
389,2,1,1,49.5439523682609,13.130034756274,-0.863895913047957,0.816199493378734,44.5385011254663,48.5385011254663,4,0,0,44.5385011254663
390,2,1,1,52.177098830179,12.5495218268761,-1.61822908902212,0.518567790183312,44.7294239455569,48.7294239455569,4,0,0,44.7294239455569
391,2,1,1,50.529036850384,14.2423503831967,1.66564610437494,-1.15617325302928,54.7872354358314,58.7872354358314,4,1,1,58.7872354358314
392,2,0,0,55.9001263546292,15.4639939554436,0.656169971480436,-0.764069397907234,53.4000022154594,57.4000022154594,4,1,1,57.4000022154594
393,2,0,0,56.6605499000946,12.1476040769714,-0.530248381838618,1.74164839483558,54.9811204541226,58.9811204541226,4,0,0,54.9811204541226
394,2,1,0,41.4971745280477,11.5022024658731,-0.745958078236932,-1.21957764410974,35.2553602708958,39.2553602708958,4,1,1,39.2553602708958
395,2,0,0,55.9185503034822,12.7681137421418,0.0301797854712598,1.2866626170848,59.8940663621375,63.8940663621375,4,0,0,59.8940663621375
396,2,1,0,59.9115386734641,12.1238117286281,0.22351820597473,0.778923834740399,53.5626083801981,57.5626083801981,4,1,1,57.5626083801981
397,2,0,0,49.0019146260279,13.1480004717983,1.65174988888777,-0.545284908069722,52.887854784372,56.887854784372,4,1,1,56.887854784372
398,2,0,1,49.2332931204919,9.71761344138604,-0.174547828959102,-0.243930404518396,41.800752603421,45.800752603421,4,0,0,41.800752603421
399,2,1,0,47.4678240457863,13.269500327481,-2.42026294212957,-0.91386379981096,45.6021523868562,49.6021523868562,4,0,0,45.6021523868562
400,2,0,1,38.4319107312472,10.9131188042228,-0.0055862216001887,-0.797224215341896,37.1653158958512,41.1653158958512,4,0,0,37.1653158958512
401,2,0,0,50.2778863186127,15.5934224339571,3.21062063229196,-0.945801374278807,58.0057936219519,62.0057936219519,4,1,1,62.0057936219519
402,2,1,1,45.0959127219084,12.6580027131044,0.854438525804338,0.974869507124465,51.856960653482,55.856960653482,4,0,0,51.856960653482
403,2,0,0,44.7492628903121,15.2077123857638,0.3893753350666,-0.356616259008383,49.6769210023044,53.6769210023044,4,1,1,53.6769210023044
404,2,0,0,60.8006135032827,8.6913483293161,-0.68720284925868,1.88587166749434,48.4558488694037,52.4558488694037,4,1,1,52.4558488694037
405,2,0,0,43.7097880977023,11.3944417680156,-0.21919347264461,0.502384396600691,50.0238607876048,54.0238607876048,4,0,0,50.0238607876048
406,2,1,0,51.6703508579111,14.5270237081313,1.02573754961604,0.44171126988799,52.6995356575024,56.6995356575024,4,0,0,52.6995356575024
407,2,1,1,35.4050276906874,12.3451489718396,0.180976886094309,-1.20075879997764,32.6696994810799,36.6696994810799,4,1,1,36.6696994810799
408,2,0,1,47.9728085491023,9.77707512879734,0.765244627958031,-0.621663651375223,45.0186004378616,49.0186004378616,4,1,1,49.0186004378616
409,2,1,0,53.2921651846579,10.5536147881222,-0.464670587067007,1.10263731624432,52.0651755705355,56.0651755705355,4,1,1,56.0651755705355
410,2,1,0,47.8748245965664,16.9442411697372,1.37426698459776,-0.468603201129231,49.2350525784983,53.2350525784983,4,0,0,49.2350525784983
411,2,1,0,61.171890971406,12.3733793894019,1.13101074856378,1.04019432901891,59.9272122554827,63.9272122554827,4,1,1,63.9272122554827
412,2,1,1,54.1926131998432,8.86681106034015,-0.0272525393882667,-0.409559842431763,48.018459271118,52.018459271118,4,0,0,48.018459271118
413,2,0,0,53.804159697581,12.7850126399217,-0.27436920275068,0.599956748143238,60.6390759476903,64.6390759476903,4,1,1,64.6390759476903
414,2,1,0,54.7937762070141,13.3038435708079,1.5800629440442,0.551187832931133,58.1978775341405,62.1978775341405,4,0,0,58.1978775341405
415,2,1,1,33.8740049744244,11.6021563506856,-0.761000381448298,0.973750007014457,40.533493785591,44.533493785591,4,0,0,40.533493785591
416,2,0,0,47.4961639119564,14.6749325610806,0.44337472488746,-1.40145872273589,49.0833530393255,53.0833530393255,4,1,1,53.0833530393255
417,2,0,0,44.3041287583739,16.3927127278264,1.14383334005116,-0.839768150210486,48.7089494662889,52.7089494662889,4,0,0,48.7089494662889
418,2,0,0,47.2664801187737,14.8181101900813,0.629627140436205,-1.18625396585073,48.3286364664795,52.3286364664795,4,0,0,48.3286364664795
419,2,1,0,44.6630602880745,7.47055008160025,-1.09780387087208,0.57845221711167,42.484911739272,46.484911739272,4,1,1,46.484911739272
420,2,1,0,65.1530565233789,14.7753255424019,1.8558084320273,-0.827271244314965,61.449868212528,65.449868212528,4,0,0,61.449868212528
421,2,0,0,42.2537791596623,8.73454753752844,-0.255211842554341,-1.87287813451057,37.3638909225662,41.3638909225662,4,1,1,41.3638909225662
422,2,1,0,63.125662141733,14.2757569013258,-0.0310431042746521,0.0896993252671321,56.1884135951776,60.1884135951776,4,1,1,60.1884135951776
423,2,1,0,50.9479208852962,9.21837360690557,-0.0676522070309069,1.62685542331769,47.597613673001,51.597613673001,4,0,0,47.597613673001
424,2,0,0,36.4320054638772,13.4605468556234,-0.253094144110974,-0.414207539081197,43.1498426173167,47.1498426173167,4,1,1,47.1498426173167
425,2,0,0,47.3975452956469,11.024498445768,0.749201607582108,0.374010092243048,52.3039125708769,56.3039125708769,4,1,1,56.3039125708769
426,2,0,1,51.3867136914004,9.24088095292544,0.768603277139426,0.950246016684685,56.0149815962932,60.0149815962932,4,0,0,56.0149815962932
427,2,1,0,57.4353365466215,13.0503479408797,-0.285415751920981,0.0946549387490844,52.9038017342187,56.9038017342187,4,1,1,56.9038017342187
428,2,1,1,52.2903755668473,8.13935706136827,-0.432554147963834,1.9224722843754,47.3723308887637,51.3723308887637,4,0,0,47.3723308887637
429,2,0,0,50.4084040158987,9.82077891326567,-2.16361831287297,-0.513802463018615,40.3286918625363,44.3286918625363,4,0,0,40.3286918625363
430,2,1,1,57.9771638720504,11.1425148452371,-0.964982367521427,0.809322035901436,49.8750470902601,53.8750470902601,4,1,1,53.8750470902601
431,2,0,1,39.0578978588054,8.90174643534613,-2.28296065915277,-0.538738576450716,33.0376267005446,37.0376267005446,4,0,0,33.0376267005446
432,2,0,1,41.59042169564,10.4690372280305,0.173071721398351,1.06329923726165,42.4198150621312,46.4198150621312,4,1,1,46.4198150621312
433,2,0,1,47.8313833882831,13.7696316360201,0.475964088453876,0.38475388640162,52.5068873837581,56.5068873837581,4,0,0,52.5068873837581
434,2,0,0,52.2674886481242,9.30921339380637,-0.45449971207369,1.09962169441048,50.5419852124404,54.5419852124404,4,0,0,50.5419852124404
435,2,0,0,56.4010130357901,12.7207510962034,1.22922302499891,-0.187852078879181,54.3001330623156,58.3001330623156,4,0,0,54.3001330623156
436,2,0,1,63.435764471386,13.3447562368743,0.687174080104473,1.65766687297169,62.3756192274341,66.3756192274341,4,0,0,62.3756192274341
437,2,1,1,45.3624972715684,12.7188751436205,-0.813314998348445,-0.183537781634614,44.4949135962085,48.4949135962085,4,1,1,48.4949135962085
438,2,1,0,61.3877913715315,10.2127603970904,0.0223821461532538,0.271297749832573,61.7029946097455,65.7029946097455,4,1,1,65.7029946097455
439,2,0,1,45.407237158224,13.3803494202208,-0.721854061963503,1.79836517157232,47.6333983209502,51.6333983209502,4,0,0,47.6333983209502
440,2,0,0,46.6714857975434,10.4387891264506,-0.894111007891909,0.170613113479491,40.312236332747,44.312236332747,4,1,1,44.312236332747
441,2,0,0,38.8093688936863,13.7042604790389,-1.33526735498565,-0.577535907795947,34.3140820129231,38.3140820129231,4,1,1,38.3140820129231
442,2,1,1,60.1689339146089,14.7851065293167,-0.109057738679725,1.09843686334609,59.3434399310637,63.3434399310637,4,1,1,63.3434399310637
443,2,0,0,65.0382489503951,6.0128305439962,-0.0245870586772752,-0.172863509976583,51.6483930904867,55.6483930904867,4,1,1,55.6483930904867
444,2,1,0,53.4903434373908,12.1448922061564,-1.00928818520907,0.12028327860319,47.65826492333,51.65826492333,4,0,0,47.65826492333
445,2,0,1,44.0164848186182,12.9086055208301,1.22666661170148,0.526127099019735,54.2348176641046,58.2348176641046,4,0,0,54.2348176641046
446,2,0,1,39.8440706845636,10.3618370833157,-0.306490101868522,0.403549352393337,36.7756566764831,40.7756566764831,4,0,0,36.7756566764831
447,2,0,0,39.1118077977424,13.4764077261262,-1.22926970774823,-0.171030649046297,41.4508705998807,45.4508705998807,4,1,1,45.4508705998807
448,2,1,1,58.7148321531102,14.3023160232175,1.4824692739128,0.52933167588886,53.814392221644,57.814392221644,4,0,0,53.814392221644
449,2,1,0,62.8812184137501,14.2801242651293,-0.171069813489172,1.05745849727283,55.7711667559874,59.7711667559874,4,1,1,59.7711667559874
450,2,1,1,54.341429894621,12.3475697225953,-0.433778318721449,0.190989447183357,49.2892982856331,53.2892982856331,4,1,1,53.2892982856331
451,2,1,1,38.3164548347196,9.29397664504767,-2.10108033177335,-0.459619160623961,34.7515713969786,38.7515713969786,4,0,0,34.7515713969786
452,2,1,0,38.4707539719036,13.3829386159628,-0.476401974183385,-0.507387033053741,40.9678460845959,44.9678460845959,4,1,1,44.9678460845959
453,2,0,0,33.936723697181,7.73790451167291,-1.38719330154213,-1.19137004472327,38.0661625211907,42.0661625211907,4,0,0,38.0661625211907
454,2,1,0,46.8180629280698,7.26793018018677,-1.22966502889397,-0.943256651464895,35.6049183094905,39.6049183094905,4,0,0,35.6049183094905
455,2,0,0,61.998932257584,11.7161639833738,0.254530516512371,-0.356511273913739,57.5124576572317,61.5124576572317,4,0,0,57.5124576572317
456,2,0,1,31.4255253229537,12.8837944528407,-0.540034460919395,-0.456817234504548,38.0098370937702,42.0098370937702,4,1,1,42.0098370937702
457,2,1,0,55.6118096131381,9.10307696473978,-0.231787018070945,0.132991990166847,45.1955312938233,49.1955312938233,4,0,0,45.1955312938233
458,2,0,1,45.4513609082805,15.6526524734056,0.00995786606310791,-0.780413681529826,43.2979993847861,47.2979993847861,4,1,1,47.2979993847861
459,2,0,1,41.8637118182271,11.4432002330874,-0.655221202521982,1.99793483786213,48.6000674335776,52.6000674335776,4,1,1,52.6000674335776
460,2,0,0,58.7728566113984,12.4656478933692,0.307056754554315,0.374854990256511,56.1606730710832,60.1606730710832,4,0,0,56.1606730710832
461,2,0,1,46.4536472710111,9.26592195102697,-0.128977908420385,-1.01514362532846,37.4042399801624,41.4042399801624,4,1,1,41.4042399801624
462,2,1,0,49.1364674210562,12.3192468160391,0.535673299981938,-0.294047220443286,49.4286408450636,53.4286408450636,4,0,0,49.4286408450636
463,2,0,0,54.2927800675761,11.5840794639742,-1.1197157644863,1.41532364393827,48.9049203900151,52.9049203900151,4,0,0,48.9049203900151
464,2,0,1,43.4651109727459,14.6775145755225,1.5898973520822,-0.508815813426473,54.7178708862801,58.7178708862801,4,0,0,54.7178708862801
465,2,1,0,39.5212600926654,9.64944618059771,-1.73388468027832,-0.906669601267134,38.5069479381291,42.5069479381291,4,0,0,38.5069479381291
466,2,1,0,55.114612186415,11.6243473374465,-0.302085440384999,1.93278810488644,62.0253901317737,66.0253901317737,4,0,0,62.0253901317737
467,2,0,0,59.5257283956741,10.4418315747444,-0.158320194252222,0.755275197580966,57.1969014769088,61.1969014769088,4,1,1,61.1969014769088
468,2,0,0,39.3230176113655,10.2675624723215,-0.778569459592825,-2.27910766804151,40.8695365511857,44.8695365511857,4,1,1,44.8695365511857
469,2,0,0,59.2561836197764,15.6212081090994,0.251503275454207,0.452152389120989,58.12168028665,62.12168028665,4,1,1,62.12168028665
470,2,0,0,58.5229918462075,14.315844706513,0.400067406963062,1.77202650643582,67.850310095855,71.850310095855,4,0,0,67.850310095855
471,2,1,0,39.9406032116282,14.6765613634458,-0.377224685447521,-0.474960063580276,41.7734972067231,45.7734972067231,4,1,1,45.7734972067231
472,2,1,0,52.6681403236094,7.16700075020078,-0.799580947787903,-0.194064871901742,47.7833141748514,51.7833141748514,4,1,1,51.7833141748514
473,2,0,0,47.8710141660875,13.7245877856619,1.7563442937951,-0.144152011173439,53.0178907830415,57.0178907830415,4,0,0,53.0178907830415
474,2,1,0,48.5622902623813,13.9106561322485,-0.788955829081284,0.880601761167259,45.7508689056239,49.7508689056239,4,1,1,49.7508689056239
475,2,1,0,55.9278140422326,11.8701069042559,-1.71283922559165,1.79597447846181,43.7387350002928,47.7387350002928,4,1,1,47.7387350002928
476,2,0,0,57.9544993681108,14.573025542551,1.0584378575822,0.318669797501795,58.2584245288425,62.2584245288425,4,1,1,62.2584245288425
477,2,1,0,47.4879319659444,11.488079833226,-0.389591086747709,0.174063824278533,52.1022939531758,56.1022939531758,4,1,1,56.1022939531758
478,2,1,0,60.527559094435,8.69143863311621,1.69099128420075,-0.787888750525882,60.6931706598122,64.6931706598122,4,0,0,60.6931706598122
479,2,1,0,30.0408802056607,8.68738128622038,-0.506786554701465,-0.183969903089391,36.0256219414265,40.0256219414265,4,0,0,36.0256219414265
480,2,1,0,49.7689312726074,11.5437691629876,0.279459265985718,-0.364947636705557,50.3926308406557,54.3926308406557,4,1,1,54.3926308406557
481,2,0,0,55.5353228049078,9.67505533363479,-0.159934310715533,-1.03774779023562,46.6327777429936,50.6327777429936,4,0,0,46.6327777429936
482,2,1,0,59.3720581479152,16.3094368466129,1.28713985586245,0.471579349452121,59.2447186332647,63.2447186332647,4,1,1,63.2447186332647
483,2,1,0,55.1423441110935,12.179914117016,1.2263882133568,-0.475741443768382,53.8665436815327,57.8665436815327,4,1,1,57.8665436815327
484,2,0,0,40.8067698034635,8.69219301669675,-0.453973042881474,-0.301705433944572,42.0183068163122,46.0183068163122,4,1,1,46.0183068163122
485,2,0,0,55.2269089465979,10.8860797901992,0.489918968012774,0.697823377199477,57.8846470964951,61.8846470964951,4,0,0,57.8846470964951
486,2,0,0,41.3823252225471,11.9125412814709,-0.724836210207942,0.723018988883161,43.0015911067026,47.0015911067026,4,0,0,43.0015911067026
487,2,0,1,57.7137042237782,12.1936955763562,-0.0485424971333514,0.818043760507256,53.5582332995588,57.5582332995588,4,1,1,57.5582332995588
488,2,1,0,38.8741008460775,10.3311000049713,-1.55335779525952,-0.2512177223804,40.7727573463365,44.7727573463365,4,1,1,44.7727573463365
489,2,0,0,53.5624631787199,12.8363976015609,0.0487482771618884,-0.411073619443532,51.0349703024932,55.0349703024932,4,0,0,51.0349703024932
490,2,0,0,45.6283431585342,9.79049264935168,-0.879256827868307,-0.191753698180429,39.8655910240099,43.8655910240099,4,0,0,39.8655910240099
491,2,0,0,53.0604729679561,11.9413447852487,0.718763265814659,-0.415209693905374,46.8210530216316,50.8210530216316,4,1,1,50.8210530216316
492,2,1,0,35.4557771729723,12.1537435254828,-0.696838078482169,0.0569526261302055,31.6654612818045,35.6654612818045,4,1,1,35.6654612818045
493,2,0,0,47.677079299505,12.4622997527292,-1.08855697400373,0.908534247062042,50.20968847918,54.20968847918,4,1,1,54.20968847918
494,2,0,1,55.0239159237021,10.1146322141701,-0.550495147573362,0.223412654725645,47.2979522458443,51.2979522458443,4,1,1,51.2979522458443
495,2,0,0,59.8379355712066,15.0148660941794,2.20220239791671,0.737017383100696,67.0528023014606,71.0528023014606,4,1,1,71.0528023014606
496,2,1,1,34.5793336271249,9.76052930662663,-1.24726471090632,-0.304136523511631,31.7272004145441,35.7272004145441,4,1,1,35.7272004145441
497,2,1,0,36.540104820996,15.6779608746376,0.340851529419894,0.344038789074817,50.0774847836207,54.0774847836207,4,0,0,50.0774847836207
498,2,0,0,40.2818895885866,14.0158005918854,-0.993251176614376,-1.29872810486642,37.7356298653103,41.7356298653103,4,0,0,37.7356298653103
499,2,1,0,54.9022445166741,13.964487205238,1.38851386189037,0.292487043228514,64.5051531588754,68.5051531588754,4,1,1,68.5051531588754
500,2,0,1,56.6610452337044,14.7831235650785,1.44256734741956,-0.665245577567626,58.6031904634334,62.6031904634334,4,1,1,62.6031904634334
501,3,0,1,52.6479108555273,11.3905285919738,0.10187479201358,1.34580400966367,46.4464581404424,50.4464581404424,4,0,0,46.4464581404424
502,3,0,0,49.3345679271458,11.5356511471208,-0.209523880513922,1.77535082424268,46.1634880387648,50.1634880387648,4,0,0,46.1634880387648
503,3,0,0,40.1521391059019,12.4142581636292,-0.2913363473879,-0.26589388343935,35.9805503932473,39.9805503932473,4,0,0,35.9805503932473
504,3,0,0,48.6442436079912,9.80102081246365,-0.871817343300065,-1.43949185797779,43.8941244438921,47.8941244438921,4,0,0,43.8941244438921
505,3,1,1,57.645156274279,11.4824631239784,0.835661393924145,-0.708892349941868,42.4226033406535,46.4226033406535,4,1,1,46.4226033406535
506,3,0,0,58.7542416393392,12.3015599440451,1.56143138580599,0.822143063172345,58.6801578760497,62.6801578760497,4,0,0,58.6801578760497
507,3,0,0,48.0114719780858,11.8006450540803,0.509770234852566,-0.231992202700496,49.958042548831,53.958042548831,4,1,1,53.958042548831
508,3,0,0,46.0719555468776,10.6611597306887,-0.43634701420294,-1.27299428031915,41.0753963069701,45.0753963069701,4,1,1,45.0753963069701
509,3,0,0,65.3017917341939,13.5007536078905,-0.196416368758581,1.34707241125863,57.8779287875332,61.8779287875332,4,0,0,57.8779287875332
510,3,0,0,53.056535558053,13.0166237501463,0.609311120346946,0.52261315375923,49.2076236020363,53.2076236020363,4,0,0,49.2076236020363
511,3,1,1,38.757316631204,13.5835407852605,-0.473655209152917,-1.92564778538912,34.6791351113621,38.6791351113621,4,1,1,38.6791351113621
512,3,1,0,56.526114081632,13.3279307804456,-0.0834679730221446,1.03058560290685,55.8699022429236,59.8699022429236,4,1,1,59.8699022429236
513,3,1,1,40.2843217114817,12.9253758646193,0.445430905562511,1.36970856343622,47.9190210177391,51.9190210177391,4,0,0,47.9190210177391
514,3,0,0,61.455918732997,11.2231186083068,1.11121425233764,0.41629047244918,59.290581153461,63.290581153461,4,0,0,59.290581153461
515,3,0,0,52.7933031964937,12.7138882167116,-0.447295668116746,-0.352919380726621,48.3963090035992,52.3963090035992,4,0,0,48.3963090035992
516,3,0,0,51.1369824344799,11.3291030101682,-1.20937623386065,0.202288015700406,42.3995529868924,46.3995529868924,4,0,0,42.3995529868924
517,3,0,0,52.8108839941725,12.4518912248154,0.417807793539882,-1.50945549499984,43.6929132161595,47.6929132161595,4,0,0,43.6929132161595
518,3,1,0,51.1891109711248,12.2553323651687,-0.889542030863113,-0.105938022137054,40.4774961411675,44.4774961411675,4,1,1,44.4774961411675
519,3,0,0,46.9877122642847,12.6986707585285,-0.87477111412104,-0.0684166695389669,42.7742189067449,46.7742189067449,4,1,1,46.7742189067449
520,3,0,0,45.4801344125641,11.7268666115873,-0.446561983349136,-0.248591498704015,38.8673051695835,42.8673051695835,4,0,0,38.8673051695835
521,3,1,1,43.5131694549088,12.8363730038413,1.12886169274996,-0.201093483712505,43.7940761807462,47.7940761807462,4,1,1,47.7940761807462
522,3,0,1,45.0950061766499,17.2549337660908,-0.681421006435647,0.993776324981458,41.8723331707683,45.8723331707683,4,1,1,45.8723331707683
523,3,0,1,39.5886268628962,10.2147042609537,0.318724192050772,-0.767074352160073,28.7816628400092,32.7816628400092,4,1,1,32.7816628400092
524,3,1,0,51.9422835759547,12.2927426225677,-1.97395518803494,1.18194540420105,48.6584756035694,52.6584756035694,4,1,1,52.6584756035694
525,3,1,1,46.3488433038707,14.8299595910662,-0.0828481006298586,-0.29636187146795,44.1042384532663,48.1042384532663,4,0,0,44.1042384532663
526,3,1,0,52.6281501475089,12.2586061369327,1.07122606968106,-0.377085792938073,50.1302495780003,54.1302495780003,4,0,0,50.1302495780003
527,3,1,0,42.5241474934766,15.4910036463591,1.41919040177238,-0.207917589672039,50.803243536543,54.803243536543,4,0,0,50.803243536543
528,3,0,0,55.2821491175203,9.90699922966342,0.233010965872094,2.26150580143997,58.1864755386974,62.1864755386974,4,0,0,58.1864755386974
529,3,0,1,32.582965021614,8.67483966239905,0.557339252655995,0.644842447962216,34.4504729108831,38.4504729108831,4,1,1,38.4504729108831
530,3,1,0,39.7473624961799,11.9662614300511,0.503247454276344,-0.70104326546581,43.6913401787291,47.6913401787291,4,0,0,43.6913401787291
531,3,1,0,48.6114311862343,17.9710603995727,0.298885339515859,-0.155137324981826,58.5899288047799,62.5899288047799,4,0,0,58.5899288047799
532,3,1,0,53.9922018348423,8.41366834907212,-1.45232388236666,1.26790224400298,40.410985946745,44.410985946745,4,1,1,44.410985946745
533,3,0,0,59.256747284293,11.0901413879343,-0.661498690781334,-0.856581318810668,50.2968859897331,54.2968859897331,4,1,1,54.2968859897331
534,3,0,1,40.7648731083446,15.9646051521734,-0.0448454522837151,-0.0365306066907856,37.5027622871733,41.5027622871733,4,1,1,41.5027622871733
535,3,0,0,35.0441412883235,11.2867502926587,-0.436214060372406,-0.350923603923595,36.7972853460798,40.7972853460798,4,1,1,40.7972853460798
536,3,1,0,36.9061982611577,10.3043745102647,-0.310042910184668,-0.650962202500674,34.845295617771,38.845295617771,4,0,0,34.845295617771
537,3,0,0,31.8370446658151,10.5909251997157,-1.00533166526769,-0.99012444614832,34.6806988589422,38.6806988589422,4,0,0,34.6806988589422
538,3,0,0,39.9651268040304,9.00571729603602,-0.666835789987242,-0.382040325330054,39.7363778496625,43.7363778496625,4,0,0,39.7363778496625
539,3,0,1,37.3187291342525,10.9481523515021,-1.28178477157501,-0.720120632242114,33.4502947216666,37.4502947216666,4,1,1,37.4502947216666
540,3,0,1,62.7101666307747,12.5863782870816,0.898538068534914,-0.561871202082549,49.8712852641798,53.8712852641798,4,1,1,53.8712852641798
541,3,1,0,48.388955628753,12.2328320493116,0.457805129990737,-1.23603503547697,44.6869616304582,48.6869616304582,4,1,1,48.6869616304582
542,3,0,1,36.3712778219267,17.118327154706,0.295560390091677,-1.35405135726782,32.2644971637319,36.2644971637319,4,0,0,32.2644971637319
543,3,0,1,45.62831700588,17.4724209381879,0.287744648549297,0.184936711806282,47.4600617002962,51.4600617002962,4,1,1,51.4600617002962
544,3,0,0,47.7837231282214,10.4620885751006,0.716426321511007,-0.536953945892817,48.2047645640974,52.2047645640974,4,0,0,48.2047645640974
545,3,1,0,33.7287340167758,10.4483654999232,0.35862002753235,-0.555748788762549,32.4871896516386,36.4871896516386,4,1,1,36.4871896516386
546,3,0,1,53.3378443371539,10.2432840728412,-0.608323863543181,-0.136969720973374,51.1632392238508,55.1632392238508,4,1,1,55.1632392238508
547,3,0,0,65.6791208920309,16.1707692064107,0.875623126795481,1.79331435510628,65.688519063052,69.688519063052,4,1,1,69.688519063052
548,3,0,0,51.3782897630928,15.1160185673309,-0.309233218467011,-0.15107142861188,49.0243752243409,53.0243752243409,4,1,1,53.0243752243409
549,3,0,0,56.256284925906,15.132495610255,0.572311929736625,-2.1425204280857,43.2328089484971,47.2328089484971,4,0,0,43.2328089484971
550,3,1,0,42.1805888189051,14.8076282768317,-0.573460339227993,0.271960748574476,46.8461644534848,50.8461644534848,4,1,1,50.8461644534848
551,3,1,1,28.4199438260769,12.71923029613,-0.302985304137248,-0.986965528164926,32.3821664175202,36.3821664175202,4,0,0,32.3821664175202
552,3,1,1,39.3772822301078,13.9991993559755,1.5277573595988,0.0332116958335007,43.2412578490708,47.2412578490708,4,0,0,43.2412578490708
553,3,0,0,47.8667152804557,6.56110998795137,0.345180435348513,0.666399178797476,39.2625886183436,43.2625886183436,4,1,1,43.2625886183436
554,3,0,0,43.7905304977135,11.2427800882986,-0.701745218478415,-0.435734373400318,40.9096048510653,44.9096048510653,4,0,0,40.9096048510653
555,3,0,1,60.8317609346919,12.7369226715482,-0.628128246523516,2.27273115466088,38.3165007067491,42.3165007067491,4,1,1,42.3165007067491
556,3,1,1,44.2961316772685,14.2494263924407,0.644966059611827,0.427777602763124,40.822423228604,44.822423228604,4,1,1,44.822423228604
557,3,1,0,49.8887462146201,12.7043750677386,0.0858823674363012,-0.883964719996644,42.5845209469724,46.5845209469724,4,1,1,46.5845209469724
558,3,1,0,36.4898205851409,9.77045843151494,0.00559110377326556,0.253464649967238,39.371108036183,43.371108036183,4,0,0,39.371108036183
559,3,0,1,50.7703051829621,10.2995262115171,0.027270750572225,0.864224998726035,43.8125537781029,47.8125537781029,4,0,0,43.8125537781029
560,3,1,0,42.3074963155683,12.637895552262,0.156619418707039,0.285850432355316,46.785665846286,50.785665846286,4,0,0,46.785665846286
561,3,0,0,48.7257889524807,9.10240155678554,-0.411676252077727,-0.516280170211584,35.543290340205,39.543290340205,4,1,1,39.543290340205
562,3,1,0,35.8006776641243,10.7551510269227,1.34298674323686,-0.850762729632771,37.7363996932893,41.7363996932893,4,0,0,37.7363996932893
563,3,0,1,42.2142264115182,12.666104700358,0.445627568561584,-1.45013406111529,42.5422486877584,46.5422486877584,4,0,0,42.5422486877584
564,3,1,0,38.1131229167454,15.254135287088,1.7935949442137,-0.685763010496566,47.6148789551928,51.6148789551928,4,0,0,47.6148789551928
565,3,0,0,59.4369456915705,10.024315500813,0.111951168436124,0.631825555571558,56.0300031755903,60.0300031755903,4,0,0,56.0300031755903
566,3,1,0,35.8845125171799,11.1442322566103,-0.747636178379951,0.339183850516906,27.9452619928921,31.9452619928921,4,1,1,31.9452619928921
567,3,1,1,55.1191615126255,11.2505196227539,0.0117992128226003,0.492147448221791,43.3789689257603,47.3789689257603,4,0,0,43.3789689257603
568,3,1,0,60.8257232913014,11.0513784677488,0.473122003582279,0.751985833037215,45.5965819143531,49.5965819143531,4,0,0,45.5965819143531
569,3,1,0,46.4435250493603,7.80848625006524,0.412150061687824,-2.65883163861236,36.8821402265189,40.8821402265189,4,1,1,40.8821402265189
570,3,1,1,45.9413190928656,11.2844052146105,-1.0905892311285,-0.00889489592672288,40.6040203593892,44.6040203593892,4,1,1,44.6040203593892
571,3,1,1,33.8290498133526,9.20171960034855,-0.540429188627554,-0.19946803852725,30.7188799046438,34.7188799046438,4,0,0,30.7188799046438
572,3,0,1,46.209666182656,12.1678762795085,-0.345921865070493,1.12157148095097,42.5654493897222,46.5654493897222,4,0,0,42.5654493897222
573,3,1,0,50.2154517355153,11.3160940188516,0.306153212155768,-0.13426891175063,46.6628644432979,50.6628644432979,4,1,1,50.6628644432979
574,3,0,1,28.9316196981637,6.69785719868724,-0.924862560774147,0.458781950344593,31.8860333671906,35.8860333671906,4,1,1,35.8860333671906
575,3,0,0,74.6571245737221,14.9724534478344,2.05639869062008,1.47677700432288,73.071648891179,77.071648891179,4,0,0,73.071648891179
576,3,0,0,37.4093660599751,17.7513758397291,1.44558243940965,-1.56989357097912,52.5407995842016,56.5407995842016,4,1,1,56.5407995842016
577,3,0,1,55.523582535144,16.3268406360915,0.957661323537687,-0.575789671248196,57.6841198084931,61.6841198084931,4,1,1,61.6841198084931
578,3,1,1,50.1930119466491,12.5118165503917,1.90464421794794,0.810944092586877,54.2017019131488,58.2017019131488,4,1,1,58.2017019131488
579,3,0,0,45.7558798806924,11.2568980320428,-0.179207703118594,-1.31126934744399,42.763263100376,46.763263100376,4,0,0,42.763263100376
580,3,1,1,32.907603893143,14.0641696088951,1.73092462158435,-1.22345919069938,39.1502713341747,43.1502713341747,4,0,0,39.1502713341747
581,3,0,0,38.446548360665,9.31477426475744,-1.31348765818732,-2.30987803425007,37.0764315805826,41.0764315805826,4,1,1,41.0764315805826
582,3,0,1,46.584508658551,8.5063655778237,0.0496910623256223,0.456841970486491,44.1548760231007,48.1548760231007,4,0,0,44.1548760231007
583,3,0,0,44.2435913505227,11.1735956477469,-0.503044009823463,0.933835155902312,44.7910181229975,48.7910181229975,4,1,1,48.7910181229975
584,3,0,0,55.5604812798834,12.076166181353,0.233727680125354,-0.743450309318032,45.9499219536835,49.9499219536835,4,1,1,49.9499219536835
585,3,0,0,55.2951877310731,12.6075902479739,1.58321084967566,0.867617405536695,59.4598017535844,63.4598017535844,4,0,0,59.4598017535844
586,3,1,0,39.1031334602933,11.711695553843,-1.28030015490737,0.396427014537855,42.5696065759437,46.5696065759437,4,1,1,46.5696065759437
587,3,1,0,43.6362550520705,13.4042418720643,-0.96501088704929,-1.51340648132345,43.1695763929459,47.1695763929459,4,1,1,47.1695763929459
588,3,0,0,49.720356213236,11.487342216496,-0.301723088043149,-0.86939008880861,44.5518301499801,48.5518301499801,4,0,0,44.5518301499801
589,3,1,1,30.6499207999273,9.21921136800156,-0.446054455263669,0.384414766884129,35.3639518468178,39.3639518468178,4,1,1,39.3639518468178
590,3,1,0,62.9771031406279,14.8096113933087,1.87314396476653,0.299537881458212,59.7629308177845,63.7629308177845,4,0,0,59.7629308177845
591,3,0,0,53.662134770842,12.7252205954168,-0.116816836415944,1.57823789714826,49.6771472382215,53.6771472382215,4,0,0,49.6771472382215
592,3,1,0,55.8980830593586,13.4379585348995,-0.602828853320737,2.01559725015879,54.1700672513672,58.1700672513672,4,1,1,58.1700672513672
593,3,0,0,35.1049896569236,12.3001176225927,-1.27642845663227,-1.28531839687797,33.5089628913343,37.5089628913343,4,1,1,37.5089628913343
594,3,0,0,46.2912446395645,12.0467617518772,0.672461744535906,1.46645495042082,48.4002623048791,52.4002623048791,4,1,1,52.4002623048791
595,3,1,0,45.0055879900305,11.043326445102,0.653125764696072,-1.01055445224735,41.9092579101453,45.9092579101453,4,0,0,41.9092579101453
596,3,1,1,43.7337680536824,11.86059966847,-0.120250282481789,0.309682711924966,38.500084449101,42.500084449101,4,0,0,38.500084449101
597,3,0,1,50.4968707728776,11.398778100058,1.84010388356703,-0.0904484079940155,46.12680361343,50.12680361343,4,1,1,50.12680361343
598,3,0,0,50.7280561031524,8.96254567933067,-2.36969946902239,0.732324015727222,39.7540074732412,43.7540074732412,4,0,0,39.7540074732412
599,3,0,0,41.2421773987644,9.51080084985694,-2.46999124782407,-1.2122236878086,23.9967427007788,27.9967427007788,4,1,1,27.9967427007788
600,3,1,1,37.4377520200879,15.6917546876406,-1.07353776332712,0.378555261556668,41.0266355383911,45.0266355383911,4,1,1,45.0266355383911
601,3,0,0,44.7185435670583,15.6395568295613,-1.16296884404088,0.755384074468187,45.6174045784181,49.6174045784181,4,0,0,45.6174045784181
602,3,1,1,40.5740504635795,9.15437828111576,-0.165455748948415,-0.753470784176435,36.048441861189,40.048441861189,4,0,0,36.048441861189
603,3,1,0,44.9980356591346,14.5029753244751,0.273124855747036,-0.17115590198558,42.3829005213202,46.3829005213202,4,1,1,46.3829005213202
604,3,1,0,43.2276885679241,14.086727581822,0.932078863925214,-0.434318641707215,42.9259603378899,46.9259603378899,4,0,0,42.9259603378899
605,3,0,0,48.0311786252395,16.7703621615266,0.489381284239962,-0.213531264361942,44.9208868104625,48.9208868104625,4,0,0,44.9208868104625
606,3,1,0,52.6829518100504,11.0074080460536,-1.46727502239604,-0.349053071356992,46.913771708889,50.913771708889,4,1,1,50.913771708889
607,3,0,0,49.1173644185184,10.9515298136094,1.36962802755837,1.05535917694055,46.0681136899457,50.0681136899457,4,0,0,46.0681136899457
608,3,1,1,53.4227617760805,12.2014363938748,0.729881232600378,1.00684299576673,50.5717344363463,54.5717344363463,4,0,0,50.5717344363463
609,3,0,0,56.9969953484369,11.2151363193443,0.157207022324323,-0.418581313755884,52.7449356727828,56.7449356727828,4,1,1,56.7449356727828
610,3,0,0,45.6620177147691,12.6045783974094,-0.50095355029523,-1.18248305467302,37.1175460537677,41.1175460537677,4,1,1,41.1175460537677
611,3,1,0,51.1933212874463,11.5186825566559,-0.707887570456087,0.707172715945607,41.0435609105092,45.0435609105092,4,0,0,41.0435609105092
612,3,1,1,58.1139831783551,13.0854007345373,-0.9861642973644,1.28346448836818,44.0337585835805,48.0337585835805,4,0,0,44.0337585835805
613,3,0,0,55.4979321201209,9.5151445474269,0.388830707961598,0.459336181258013,51.1125222595853,55.1125222595853,4,1,1,55.1125222595853
614,3,0,1,46.5870833623328,15.0622034220897,-0.186821306989249,0.191004103546444,38.7411705240134,42.7411705240134,4,1,1,42.7411705240134
615,3,0,0,55.8832037646468,9.35193552112938,0.620296227385422,1.60813864835657,50.7402629423151,54.7402629423151,4,1,1,54.7402629423151
616,3,1,0,44.8834550198977,9.71284593535964,-0.296746478894867,0.440497958598975,36.3905256078483,40.3905256078483,4,0,0,36.3905256078483
617,3,1,0,42.722182936734,12.9567899606331,0.852162237801841,1.10876960176337,54.1422882500222,58.1422882500222,4,0,0,54.1422882500222
618,3,0,1,46.1014014164122,12.5776405488335,0.565244083490661,-0.750443019226439,43.8357748397864,47.8357748397864,4,1,1,47.8357748397864
619,3,1,0,44.8289938971861,13.7428903862532,0.586394773918195,0.456063660841904,52.0834082717909,56.0834082717909,4,1,1,56.0834082717909
620,3,1,1,34.3237740924353,9.95435736516129,-1.70297276226673,-0.713235197918956,27.904812151279,31.904812151279,4,1,1,31.904812151279
621,3,0,1,41.2778695819727,12.4712204948494,2.2399485056063,0.520512523124052,48.5983869482893,52.5983869482893,4,0,0,48.5983869482893
622,3,1,1,48.1422508414976,14.0144170805573,1.12141258936261,-1.41264378415847,42.0306841823365,46.0306841823365,4,1,1,46.0306841823365
623,3,1,1,54.5457559039885,11.4059324201381,-0.51325629188149,-0.413503121931085,49.6426208543616,53.6426208543616,4,0,0,49.6426208543616
624,3,1,0,37.1730515609307,12.1032290083011,-0.502674393783697,-1.81046779624155,33.93421153526,37.93421153526,4,1,1,37.93421153526
625,3,0,1,51.2807032764898,9.41478405939191,-0.0157570636279825,-0.0899932804171416,44.6059209031841,48.6059209031841,4,0,0,44.6059209031841
626,3,1,1,36.2598848694435,12.904782632838,-1.72817028704228,-0.486317473867536,31.8510549424027,35.8510549424027,4,1,1,35.8510549424027
627,3,1,0,40.8570578048242,11.1317228802857,0.129016500002547,-1.27720835271794,41.830621648528,45.830621648528,4,1,1,45.830621648528
628,3,1,1,46.4107708851419,13.5128898663299,0.363692497640937,-0.73852936262937,42.4921541579144,46.4921541579144,4,1,1,46.4921541579144
629,3,1,1,47.0437312964595,11.7084458471622,-0.85111200201684,-0.158628590996503,35.6379446433054,39.6379446433054,4,0,0,35.6379446433054
630,3,1,0,55.7650763450312,11.8818072272531,1.55009103469004,0.0651596793510561,51.203964305145,55.203964305145,4,0,0,51.203964305145
631,3,1,1,38.1175315261326,10.3727586908755,0.517770782524773,-1.84239424976708,42.2464859211983,46.2464859211983,4,0,0,42.2464859211983
632,3,0,0,50.6105299789687,11.6630663982653,-1.02371069655648,-1.02849858456075,38.2345567534993,42.2345567534993,4,1,1,42.2345567534993
633,3,1,0,67.1105201345525,15.0145072013194,2.56187132520416,1.11435823898413,70.4149978254562,74.4149978254562,4,0,0,70.4149978254562
634,3,0,1,53.0822972497743,13.3118560674052,0.210166523741923,0.73083526759149,49.0236478659284,53.0236478659284,4,0,0,49.0236478659284
635,3,1,1,31.1493264861904,10.9750757552004,-1.11568541893578,0.212669012028913,22.8181909334492,26.8181909334492,4,1,1,26.8181909334492
636,3,1,0,44.8343283411125,13.7917874263073,-0.15949633140149,0.726309295228904,41.3992392715609,45.3992392715609,4,1,1,45.3992392715609
637,3,0,0,51.9996120694383,10.2250919155762,-1.74090194980483,0.861938191630875,43.7916929699958,47.7916929699958,4,1,1,47.7916929699958
638,3,0,0,52.2833325441776,11.8822555655873,0.0910766943060859,0.302619755160738,50.0085773749739,54.0085773749739,4,1,1,54.0085773749739
639,3,0,0,46.1307690833812,14.5559189264374,0.773843745463164,-0.309530302700916,43.7997473186753,47.7997473186753,4,0,0,43.7997473186753
640,3,1,0,53.2704404433995,12.5170092975982,3.49730894109852,0.897620192268615,60.7477451360098,64.7477451360098,4,1,1,64.7477451360098
641,3,0,0,37.2714872053259,11.301108560545,-1.47205746524437,-0.356908339970437,34.5850964796494,38.5850964796494,4,1,1,38.5850964796494
642,3,0,1,37.5284769333941,10.7492404695421,-0.121553799264065,0.708158908761756,35.850770944822,39.850770944822,4,1,1,39.850770944822
643,3,0,0,43.8434140936971,15.8755834127582,1.05257860227054,-1.42798874955943,44.1321409014782,48.1321409014782,4,1,1,48.1321409014782
644,3,1,0,42.0202693730532,12.0540222723778,-1.9350503846075,0.350017697277427,38.0078267465848,42.0078267465848,4,1,1,42.0078267465848
645,3,0,0,40.2308007113735,12.2323014935586,-0.265513536795224,-0.549909425465201,37.0830678649237,41.0830678649237,4,1,1,41.0830678649237
646,3,0,0,50.7026061665518,10.9177728947865,-0.253095241375284,-0.787375189446408,40.394345328166,44.394345328166,4,1,1,44.394345328166
647,3,0,0,58.6685314333195,13.5226020911494,-0.4707018126493,1.04348704728783,56.2832216770682,60.2832216770682,4,1,1,60.2832216770682
648,3,1,0,63.2267226099354,14.0187354093601,1.20627449865643,1.79222538276309,57.0213028677287,61.0213028677287,4,0,0,57.0213028677287
649,3,0,1,44.2860462337294,16.2708277592662,0.645335049136459,0.664127871883648,49.1447002813375,53.1447002813375,4,0,0,49.1447002813375
650,3,0,0,40.6592764954099,14.6103987950171,0.379643207719015,0.440831572945531,42.8447072112928,46.8447072112928,4,1,1,46.8447072112928
651,3,1,1,35.2115175680274,11.4057721180684,-0.42586826087136,-1.14940680629829,29.5786710411031,33.5786710411031,4,1,1,33.5786710411031
652,3,1,0,49.9750097782122,12.636926585462,0.644367484037781,-0.554457348759826,53.4688552791971,57.4688552791971,4,1,1,57.4688552791971
653,3,1,0,54.6895087598856,14.2771946308878,2.01331292937939,0.684548620358883,56.7204616297475,60.7204616297475,4,0,0,56.7204616297475
654,3,0,0,60.2336087577796,10.4006112317273,-0.688661295809898,0.101333080543343,46.058197713709,50.058197713709,4,0,0,46.058197713709
655,3,1,0,50.735114325581,10.3077601100614,-0.140902243941568,-0.403099233639567,45.6563889060922,49.6563889060922,4,0,0,45.6563889060922
656,3,0,1,57.8036038332808,12.018838054902,0.588529263032166,2.79533575073605,51.5555118639034,55.5555118639034,4,1,1,55.5555118639034
657,3,1,0,41.0829761822364,16.7359775414784,0.867566136745822,0.835996880208927,47.2252926322704,51.2252926322704,4,0,0,47.2252926322704
658,3,0,1,46.9866956824087,11.7728900696527,-0.42266434015844,2.2976860777886,47.0242012313623,51.0242012313623,4,1,1,51.0242012313623
659,3,1,0,45.8225345542932,7.22538720565031,-0.827930892001153,-0.560639993065957,43.9328387683591,47.9328387683591,4,0,0,43.9328387683591
660,3,1,0,55.6288368882598,13.258287416992,1.40007380183214,-0.375159833188636,57.6096543734685,61.6096543734685,4,1,1,61.6096543734685
661,3,0,0,44.2145310647907,11.560504155908,1.71908505035755,0.467340018143265,50.1431099273472,54.1431099273472,4,0,0,50.1431099273472
662,3,0,0,42.3121284458257,13.4216655722267,-1.77539891221994,-1.7979577499921,34.8808147885366,38.8808147885366,4,1,1,38.8808147885366
663,3,1,0,43.2111691191644,6.30889248995697,1.05748023670838,0.246623068514256,40.3566978222483,44.3566978222483,4,0,0,40.3566978222483
664,3,1,0,43.6597328121646,8.72719002299164,-1.63850425905772,-0.90503131108217,33.4117909495494,37.4117909495494,4,1,1,37.4117909495494
665,3,0,0,29.6392632365653,13.2951683302453,-0.71922465146328,-0.481084661775003,31.4749747632512,35.4749747632512,4,0,0,31.4749747632512
666,3,1,0,53.9231985533997,11.6618966707962,-0.963334814597393,-1.32824357562507,36.9407140372159,40.9407140372159,4,0,0,36.9407140372159
667,3,1,0,45.0626076714469,13.6750167210316,0.463673619436919,-1.00737645134543,40.2693546298985,44.2693546298985,4,0,0,40.2693546298985
668,3,1,1,40.7085548549916,10.4998576481331,-0.695355841028737,0.655233715301979,40.8704704458095,44.8704704458095,4,0,0,40.8704704458095
669,3,1,1,34.4415826919305,15.6074030467966,0.570581137045198,-1.44953394648149,33.2857637715053,37.2857637715053,4,0,0,33.2857637715053
670,3,0,0,49.9638345518062,6.9142987496382,-1.62821452231472,2.11015895322575,40.4015504355807,44.4015504355807,4,0,0,40.4015504355807
671,3,1,0,41.5448876987131,14.767615627941,-0.542323335537625,-0.0293544784680732,44.7125683943725,48.7125683943725,4,1,1,48.7125683943725
672,3,1,0,45.6377425360045,14.8022184238481,-0.609544808381899,0.747825055309638,53.0286568400801,57.0286568400801,4,0,0,53.0286568400801
673,3,0,0,49.8601997462069,12.0301803788384,1.80007890555031,0.0978045258733322,46.9816499286822,50.9816499286822,4,0,0,46.9816499286822
674,3,0,0,47.4488615346702,12.4167369819826,1.05161197475256,-0.985368894030063,43.651060941381,47.651060941381,4,0,0,43.651060941381
675,3,1,0,53.3846789993923,11.66520000466,-0.927154475899853,-0.124859906553818,48.1743629919194,52.1743629919194,4,1,1,52.1743629919194
676,3,1,1,43.9320071861455,8.35733261062389,-1.74902286048245,0.765346670455668,38.8251978661877,42.8251978661877,4,1,1,42.8251978661877
677,3,0,1,48.0372002736767,12.3732918069721,0.924115360372588,1.19546766860835,47.2463898670492,51.2463898670492,4,1,1,51.2463898670492
678,3,1,0,52.2905748750122,12.1211123163561,-2.05431339565143,-0.0937722706852552,47.3805157548594,51.3805157548594,4,0,0,47.3805157548594
679,3,0,0,49.6380589933684,7.94175751324749,-1.83676628242557,-0.534245819661803,39.8022019423692,43.8022019423692,4,0,0,39.8022019423692
680,3,1,0,46.576154183054,11.8332579506708,-0.481130146836512,-1.77794190686683,36.6712406555842,40.6712406555842,4,0,0,36.6712406555842
681,3,1,1,25.978540843153,7.30468149885425,-1.87925571148268,-1.71081995908913,14.7728740791617,18.7728740791617,4,1,1,18.7728740791617
682,3,0,0,40.7197601174667,8.70166504427621,-0.667251649838522,-1.02580243585553,34.4157709015732,38.4157709015732,4,0,0,34.4157709015732
683,3,1,0,58.1587765232273,18.9521371552268,0.874500233868493,1.33713096662113,59.2007994107254,63.2007994107254,4,0,0,59.2007994107254
684,3,0,0,36.7659426288709,9.49391812073041,0.147878042653295,-1.0545958296156,36.6356903071851,40.6356903071851,4,1,1,40.6356903071851
685,3,0,0,57.0159105982923,13.1123180831721,-0.826043345250896,1.72300325493178,51.7237365352547,55.7237365352547,4,0,0,51.7237365352547
686,3,1,0,46.3987141226909,13.0094312617275,-1.11147971081646,1.91272660413323,45.1788700012604,49.1788700012604,4,0,0,45.1788700012604
687,3,1,1,31.1617698450901,8.05246211411404,-1.40003017832572,0.201920364486613,23.8631689480782,27.8631689480782,4,1,1,27.8631689480782
688,3,0,0,43.7513036618715,12.0066713389745,-0.456893479604713,-1.2732355067355,33.4753526694397,37.4753526694397,4,0,0,33.4753526694397
689,3,1,0,42.218916978564,13.0286024573786,0.131015253638342,-0.309140324938503,46.2146932697077,50.2146932697077,4,1,1,50.2146932697077
690,3,1,0,49.4596481760429,12.709364711857,0.827085663197667,0.0950899099995886,49.8910498605686,53.8910498605686,4,0,0,49.8910498605686
691,3,0,0,49.9676199829714,11.6532543712306,-0.497626658522224,0.993199652928351,46.9750182102924,50.9750182102924,4,1,1,50.9750182102924
692,3,0,0,55.3217497948709,12.9575091313249,0.0743834027947038,2.00071765708004,46.5531336746082,50.5531336746082,4,0,0,46.5531336746082
693,3,0,0,49.3768057945894,10.2434338196227,1.15612621687666,-0.433950789121026,46.1249540723872,50.1249540723872,4,1,1,50.1249540723872
694,3,1,0,50.5278200999278,9.06133280985847,-0.144861066138389,1.26236686121856,46.1525533481573,50.1525533481573,4,1,1,50.1525533481573
695,3,1,0,35.5892627389053,9.52616496663948,-0.211424285121081,0.964012826037706,38.212783748375,42.212783748375,4,1,1,42.212783748375
696,3,1,0,42.5310379250294,10.4256057927475,0.419812386598531,0.831040462110645,43.3474302020508,47.3474302020508,4,0,0,43.3474302020508
697,3,0,1,48.101052243863,11.1307482381701,0.060881071553085,0.933915960500862,41.0677952753607,45.0677952753607,4,1,1,45.0677952753607
698,3,0,0,50.4829463807489,13.6939350171835,0.541838571173473,0.166570322093407,50.0097471627729,54.0097471627729,4,1,1,54.0097471627729
699,3,0,1,52.0036172015556,11.4482206287477,0.792450998075531,-0.113578856253085,44.4341713452641,48.4341713452641,4,1,1,48.4341713452641
700,3,0,0,49.7368025584274,8.24699343354555,-1.73875950474746,-0.320508629260777,36.4782635417118,40.4782635417118,4,1,1,40.4782635417118
701,3,1,1,34.8039332141805,7.63843672546376,-2.05165577256282,0.2573839590776,26.9527663723274,30.9527663723274,4,1,1,30.9527663723274
702,3,1,0,45.5083144811484,8.8120787759007,-1.23000335948543,0.524313831723001,42.0816478517982,46.0816478517982,4,1,1,46.0816478517982
703,3,1,0,48.3044931782088,10.9361878846337,0.707638714238493,0.763662977556889,49.20391572419,53.20391572419,4,1,1,53.20391572419
704,3,0,1,59.1258396068178,11.4962966311614,0.909248401764158,0.26716082717175,54.5963592721701,58.5963592721701,4,0,0,54.5963592721701
705,3,0,1,38.8283390135761,9.61544413318659,0.81196623403991,-0.81845253138198,38.7964434280739,42.7964434280739,4,1,1,42.7964434280739
706,3,0,1,44.5220285590831,10.8362182142796,0.65993338057484,-0.339688708443475,35.5008989241869,39.5008989241869,4,1,1,39.5008989241869
707,3,1,0,55.051807764337,12.9576392373981,-0.1870280416976,1.49748567144599,56.9548824235367,60.9548824235367,4,0,0,56.9548824235367
708,3,0,0,50.1399424354158,13.6663037670542,0.759795359503619,1.07854424097621,46.0005081247704,50.0005081247704,4,1,1,50.0005081247704
709,3,1,0,45.9778432463945,13.1191068239498,0.307441065664883,-0.0661816877981092,44.5175422439044,48.5175422439044,4,1,1,48.5175422439044
710,3,0,0,58.7307802573163,14.3196153209725,0.816406835081097,1.32713832385492,51.8945583910261,55.8945583910261,4,0,0,51.8945583910261
711,3,1,1,36.055645533154,10.110572452167,-0.943048212123729,-0.352891066270301,31.2033335511708,35.2033335511708,4,0,0,31.2033335511708
712,3,0,0,45.6018897337389,15.8182814270113,0.385299425939826,-2.26898228238039,48.246504459368,52.246504459368,4,0,0,48.246504459368
713,3,1,0,41.0181661571548,7.13103729548264,-1.47833105309647,-0.209093770040247,34.3915032209963,38.3915032209963,4,1,1,38.3915032209963
714,3,0,0,37.4825835213034,10.0690078465866,0.380446465319153,-0.976126101542918,34.3475674208958,38.3475674208958,4,0,0,34.3475674208958
715,3,1,1,41.8688643750641,12.405552647342,-1.00213141394342,1.05309638030504,35.9011378413711,39.9011378413711,4,1,1,39.9011378413711
716,3,1,1,37.0155849588276,12.6491158031327,1.44700296251483,-1.81009906358091,36.7707202256845,40.7707202256845,4,1,1,40.7707202256845
717,3,0,1,50.3736007050535,8.4558509018719,-0.417693006052418,0.259527556639149,42.0806279226488,46.0806279226488,4,0,0,42.0806279226488
718,3,0,0,37.4157678313686,12.2395043295813,-0.206776517178249,-1.16197775256567,41.5023020710045,45.5023020710045,4,1,1,45.5023020710045
719,3,0,0,50.2683210745114,10.7320068447676,-1.05666321429728,0.284585450958331,40.8397374454456,44.8397374454456,4,0,0,40.8397374454456
720,3,0,0,42.9202763172309,9.86895267911571,-0.231245829117173,0.913426816743489,41.4459221021047,45.4459221021047,4,1,1,45.4459221021047
721,3,0,1,52.3971954209599,16.1216448625829,1.38738522699117,-0.623529001756334,46.9428469210519,50.9428469210519,4,1,1,50.9428469210519
722,3,1,1,45.9449190418842,11.297150206369,-0.193748298705633,0.348294793350523,37.8580679401992,41.8580679401992,4,1,1,41.8580679401992
723,3,1,1,49.3448667878728,13.5755642511562,1.64157070238972,-0.10120554956868,47.0568334662814,51.0568334662814,4,1,1,51.0568334662814
724,3,1,0,47.8030288099138,10.589136880627,0.70052023491006,0.447085805727977,54.0732622588863,58.0732622588863,4,0,0,54.0732622588863
725,3,0,0,58.0264294743539,13.0878199807725,0.899865019964297,1.01528442496412,59.2382719855892,63.2382719855892,4,0,0,59.2382719855892
726,3,1,0,44.1584832896223,12.4731949778646,-1.26351169098913,-0.599921091152134,38.3116353591686,42.3116353591686,4,0,0,38.3116353591686
727,3,1,0,58.9849561055716,18.7873961728866,-0.297254052265474,1.13858931200867,56.8708859919906,60.8708859919906,4,1,1,60.8708859919906
728,3,1,1,40.422880497768,9.74030814020702,-1.0252103262622,-1.09982737602424,37.5557120294522,41.5557120294522,4,1,1,41.5557120294522
729,3,0,1,41.4949356031668,11.2912693504533,-0.538001161871024,-0.663551303385837,27.8604328118055,31.8604328118055,4,0,0,27.8604328118055
730,3,1,0,54.2429434020323,12.4029648754215,1.08599290320228,-0.479155925463385,50.9869815808329,54.9869815808329,4,0,0,50.9869815808329
731,3,1,0,46.5745867114837,9.54592097647213,-1.48125954028326,-0.0322802484137509,40.5402848880642,44.5402848880642,4,1,1,44.5402848880642
732,3,1,0,45.8686384921669,14.8945743710752,1.01120253446291,-1.08676926019164,53.8405090761925,57.8405090761925,4,0,0,53.8405090761925
733,3,1,0,62.4453038965449,11.2454026165763,-0.133370124666655,1.12340578958713,56.7352371861905,60.7352371861905,4,1,1,60.7352371861905
734,3,1,1,45.7676605932823,15.7487133940346,-0.320001222964874,1.41689266200055,54.0768727962333,58.0768727962333,4,1,1,58.0768727962333
735,3,0,0,56.7920196584429,17.7530681918086,1.05065757477113,0.876104511424206,60.1359992830392,64.1359992830392,4,0,0,60.1359992830392
736,3,1,1,39.3833198887414,11.8039923854849,0.503923342382116,-1.95907440026666,37.9012529902565,41.9012529902565,4,0,0,37.9012529902565
737,3,0,1,65.5280668663879,13.1717636468416,0.670834690814217,-0.0941613355924516,56.654379413044,60.654379413044,4,0,0,56.654379413044
738,3,1,0,50.8299144436076,12.4018617159584,0.644302341364835,0.599445220718691,54.0803044324015,58.0803044324015,4,0,0,54.0803044324015
739,3,1,0,52.6043241005612,12.8003318145462,0.300294123865488,1.33941641169435,57.4186081537553,61.4186081537553,4,0,0,57.4186081537553
740,3,1,1,42.2426614323495,9.16687640290913,-1.23453956409081,-0.37890462073169,34.8464728891527,38.8464728891527,4,1,1,38.8464728891527
741,3,0,1,40.2655224277839,14.9075586737068,1.11244140947273,-0.994280572446169,37.6056535537732,41.6056535537732,4,1,1,41.6056535537732
742,3,0,0,53.3847083966274,10.8944335680202,0.0817542368612746,0.749791827589805,40.2978661829538,44.2978661829538,4,0,0,40.2978661829538
743,3,0,0,24.8196353076476,8.60088584905105,-1.11071118761157,-2.21908693100485,17.6439449840805,21.6439449840805,4,0,0,17.6439449840805
744,3,1,0,59.4819501289766,7.3134055353343,-1.1432094789479,1.2942552359793,47.8005993793112,51.8005993793112,4,0,0,47.8005993793112
745,3,0,0,45.1310088579803,13.5171362479405,0.706938687389297,1.28572566775626,48.1827412876296,52.1827412876296,4,0,0,48.1827412876296
746,3,0,1,48.5031152533031,16.1225551704585,0.00590522660713159,-0.691197418171398,43.7806581758209,47.7806581758209,4,0,0,43.7806581758209
747,3,0,1,52.8885911816913,11.8072203794326,0.171887688818267,0.287571231987882,45.8986957447884,49.8986957447884,4,0,0,45.8986957447884
748,3,0,1,39.5395879443757,9.35063554853261,0.508005867182605,-0.658491040896112,34.5281701588373,38.5281701588373,4,0,0,34.5281701588373
749,3,1,1,54.4476671215384,12.3510645248469,0.192990758744215,-0.117098986701776,44.5762576752853,48.5762576752853,4,1,1,48.5762576752853
750,3,1,0,60.3339466456315,7.34643375184894,-1.523507889147,2.16129180523071,48.9038768920784,52.9038768920784,4,0,0,48.9038768920784
751,4,0,0,50.7377845960874,13.2676677012752,-0.732164166211946,0.189829598671502,43.6681400986956,47.6681400986956,4,1,1,47.6681400986956
752,4,1,0,51.3776270110856,9.0352298835936,0.602580571601951,0.720124361494614,56.2187990585161,60.2187990585161,4,1,1,60.2187990585161
753,4,1,0,43.2583715491555,8.89700700343956,-0.549140720051497,-0.607783980103181,36.0464651688881,40.0464651688881,4,1,1,40.0464651688881
754,4,1,1,62.9759527948112,16.7799532760206,1.51510100749955,1.21169874374237,63.2798548809911,67.2798548809911,4,0,0,63.2798548809911
755,4,0,1,51.3843559681124,11.0796691747046,0.969902078560811,-0.18702907405523,49.0868972400839,53.0868972400839,4,1,1,53.0868972400839
756,4,0,1,37.8445040906341,10.8764316031707,-0.460020168471332,-0.986508107880395,40.3777835115412,44.3777835115412,4,0,0,40.3777835115412
757,4,1,0,40.4188648766407,17.969777345177,0.993190954035919,-0.373774256570655,53.2893347315738,57.2893347315738,4,1,1,57.2893347315738
758,4,0,0,36.0309484273284,8.83542925099414,0.426963944165483,-1.2190160299568,42.5333327020202,46.5333327020202,4,0,0,42.5333327020202
759,4,0,0,44.6777437297769,7.41416575844647,-1.84071625410291,-0.993018743133862,29.3599197962092,33.3599197962092,4,0,0,29.3599197962092
760,4,1,0,55.5871951133347,11.5195888475442,0.366930781751798,0.618960585667061,60.0346114982969,64.0346114982969,4,0,0,60.0346114982969
761,4,1,1,56.4105638376526,17.5619117804816,0.398000588723812,-1.04786568775755,52.292638510282,56.292638510282,4,1,1,56.292638510282
762,4,1,1,47.8381101211045,9.71226405435518,0.0372409063122075,-0.27603957867316,42.4817773139961,46.4817773139961,4,1,1,46.4817773139961
763,4,1,0,46.0660806721575,12.1807560912657,0.477733747340711,-0.735779119135589,52.9532246370423,56.9532246370423,4,0,0,52.9532246370423
764,4,1,0,49.9969259377657,11.0862306400884,0.529051470624019,-0.339960145999106,45.0219787088818,49.0219787088818,4,1,1,49.0219787088818
765,4,0,0,30.8253284169933,8.50042188893379,-1.92078880401021,-1.36061974115413,26.0117289012737,30.0117289012737,4,1,1,30.0117289012737
766,4,1,0,65.3733609464845,12.2904103197653,-0.150210219186772,0.321663443339283,60.0075340390067,64.0075340390067,4,1,1,64.0075340390067
767,4,1,0,51.7919443521246,13.6657569252542,-0.835646719152912,1.13329934128516,47.5373182129975,51.5373182129975,4,0,0,47.5373182129975
768,4,1,0,45.9567705868631,11.5902454507583,0.0893529586688034,-0.854712002616983,41.2329223347457,45.2329223347457,4,0,0,41.2329223347457
769,4,1,1,41.0437880908053,9.86019212211637,-0.729971258176955,-0.202583629561162,37.2974534369227,41.2974534369227,4,0,0,37.2974534369227
770,4,1,0,47.9027032190658,12.7978167132344,0.365635250620385,1.18539927415142,46.8252337428539,50.8252337428539,4,0,0,46.8252337428539
771,4,0,1,47.0848265168967,14.2166997854902,-0.338672047105299,0.508797900353561,42.0775228024597,46.0775228024597,4,0,0,42.0775228024597
772,4,0,1,52.3649783794044,14.5526943904792,0.0461332921338519,-0.0816670291410233,44.7414202685787,48.7414202685787,4,1,1,48.7414202685787
773,4,0,0,41.2820685590411,9.60691731667543,-0.0182669734227703,-0.696607994081738,44.5645039371219,48.5645039371219,4,1,1,48.5645039371219
774,4,1,1,48.3760545527733,11.6655887241828,-0.283942583052566,2.37533663959102,48.7848581701293,52.7848581701293,4,0,0,48.7848581701293
775,4,1,0,50.1098799243296,16.8192730610783,1.74935782586489,-0.795814398515412,49.7648215672625,53.7648215672625,4,1,1,53.7648215672625
776,4,0,1,42.9226010612324,12.737096650668,0.378834404201237,-0.423603590907492,44.5804131228011,48.5804131228011,4,1,1,48.5804131228011
777,4,1,0,31.4028619339392,8.71657235576987,-1.47995254656945,0.450322507714106,35.3683606342732,39.3683606342732,4,0,0,35.3683606342732
778,4,0,0,40.7515636706991,13.7543636568811,0.25210699930021,-1.86624638982808,34.4310895998524,38.4310895998524,4,1,1,38.4310895998524
779,4,0,0,59.6154769497072,11.1969789114172,-0.927284956333851,-0.371518959765242,42.7183732097983,46.7183732097983,4,0,0,42.7183732097983
780,4,1,0,50.7685034378856,11.5552639225557,-0.0714900224758156,0.0157708158238008,50.9748814773037,54.9748814773037,4,1,1,54.9748814773037
781,4,1,1,51.828854474848,8.2838158714815,0.0244301112291682,0.149597217470016,40.7747368412892,44.7747368412892,4,1,1,44.7747368412892
782,4,1,0,36.4450606808656,10.6839884704073,0.508393969498648,-1.02738001287338,32.7492788222954,36.7492788222954,4,1,1,36.7492788222954
783,4,1,0,60.4935650855936,17.5337806648353,2.08816699054187,-0.595101262406978,68.3434638614629,72.3434638614629,4,1,1,72.3434638614629
784,4,1,1,34.2319214254724,6.28144410126842,-0.767732005720265,0.540570028720795,28.2912797059778,32.2912797059778,4,0,0,28.2912797059778
785,4,0,0,54.8618721270063,9.58286053195069,-1.78859560980224,0.182910068826315,44.3717691181013,48.3717691181013,4,1,1,48.3717691181013
786,4,0,0,63.6526171993681,15.2523867332282,0.401202582955477,1.91283780543756,67.4080618686433,71.4080618686433,4,0,0,67.4080618686433
787,4,0,1,46.3474092108767,10.9912262996839,0.647137695809745,-0.361578450566215,46.8936036660569,50.8936036660569,4,1,1,50.8936036660569
788,4,0,0,41.4741578090387,7.12034644861422,-0.6779992888432,1.74694897492302,42.9455013882712,46.9455013882712,4,1,1,46.9455013882712
789,4,0,0,52.4918578851913,9.88960950940003,1.1428495105385,-0.067178267362025,51.8648109184067,55.8648109184067,4,0,0,51.8648109184067
790,4,1,0,48.0125015254116,11.9043683515256,-0.136452925643358,1.01020669609909,55.9485791216908,59.9485791216908,4,0,0,55.9485791216908
791,4,0,1,40.8989063078638,11.5731216970484,-0.167017060713115,-0.942757391838502,38.2507407120937,42.2507407120937,4,1,1,42.2507407120937
792,4,0,0,32.6088483765697,9.88463166805525,-0.244391485250557,-0.256832743433041,34.2414833414777,38.2414833414777,4,0,0,34.2414833414777
793,4,0,0,55.8673757132561,11.8072172000183,-0.357994897600899,0.0327786951165676,47.3345033560422,51.3345033560422,4,0,0,47.3345033560422
794,4,0,0,45.613960415703,15.1804043330135,-0.456931272645216,-0.0745558929922631,47.4417843785372,51.4417843785372,4,1,1,51.4417843785372
795,4,1,0,48.8241626215034,17.6537987993669,1.41227878833516,0.333733775897428,53.6632069490039,57.6632069490039,4,1,1,57.6632069490039
796,4,1,0,50.4103273184304,9.19948310934678,-0.397821261839852,2.02383564246976,55.2382507192942,59.2382507192942,4,1,1,59.2382507192942
797,4,0,0,55.5374847304938,15.385557707366,0.726938278982232,-0.140139415404766,57.9658074993879,61.9658074993879,4,0,0,57.9658074993879
798,4,1,1,34.5678872927659,11.0107777521914,-1.58336964436293,-1.81107944561659,29.5165633941311,33.5165633941311,4,0,0,29.5165633941311
799,4,0,0,59.3806128562589,11.9561998236965,-2.11407316369073,1.5484766978982,50.6067694703106,54.6067694703106,4,1,1,54.6067694703106
800,4,0,0,45.0940394597221,10.5608991459786,-0.261838971578069,-0.0758382600297478,45.3277069370962,49.3277069370962,4,0,0,45.3277069370962
801,4,1,1,57.2277073155715,12.3616065434299,0.726573742618192,0.679480966615155,51.7824021839682,55.7824021839682,4,1,1,55.7824021839682
802,4,1,1,43.0182361753942,11.2856885483624,-1.65464664491438,-0.0772507060296107,34.4468850216463,38.4468850216463,4,1,1,38.4468850216463
803,4,1,1,39.0211073489796,6,-2.72532534631654,0.300813596153168,40.716007745603,44.716007745603,4,1,1,44.716007745603
804,4,1,1,30.3162387335106,13.2379713656421,0.356306957161906,-1.39494170686231,34.6503161743306,38.6503161743306,4,0,0,34.6503161743306
805,4,0,0,63.3239870718762,13.9142681547507,1.63158628044053,0.646714062178314,64.9822235206642,68.9822235206642,4,1,1,68.9822235206642
806,4,0,1,48.4684294816923,16.9753428688362,0.0738232042435076,-0.0929793258340231,45.6445582608369,49.6445582608369,4,0,0,45.6445582608369
807,4,0,0,55.8617788635786,11.7619212345433,0.594566830417397,-0.429346774963387,52.3947949823457,56.3947949823457,4,0,0,52.3947949823457
808,4,0,0,59.8117713382657,19.0028465965646,0.209148802255228,1.15476861722318,66.9650182464436,70.9650182464436,4,0,0,66.9650182464436
809,4,0,0,52.2952601754766,9.01997279883977,0.0604686530616886,0.479146080953703,51.5421542732615,55.5421542732615,4,0,0,51.5421542732615
810,4,1,0,39.5010386087477,12.1675893686451,-1.12221460663514,0.734109411635042,40.1264978631419,44.1264978631419,4,1,1,44.1264978631419
811,4,0,1,53.3945862960418,10.9494493535937,-1.78965566522941,0.41834572335949,46.5267768018267,50.5267768018267,4,0,0,46.5267768018267
812,4,1,1,51.6577540431971,16.3626155177564,0.924851164496905,-0.101662896306476,53.9470207278798,57.9470207278798,4,1,1,57.9470207278798
813,4,0,0,52.2362017479405,12.3896738319242,0.0868363458392808,-0.64667830330976,48.4982230067067,52.4982230067067,4,0,0,48.4982230067067
814,4,1,0,53.2782152425628,9.31953276585811,-1.6683390262587,-0.206494571195447,50.0867197310479,54.0867197310479,4,0,0,50.0867197310479
815,4,0,0,46.2945906767961,8.86386671883615,0.405206285911327,-0.330323705526387,44.7320199593999,48.7320199593999,4,0,0,44.7320199593999
816,4,1,1,38.4296872017239,12.8513177669801,-0.292578909957873,-0.346176381521409,36.9513689308673,40.9513689308673,4,1,1,40.9513689308673
817,4,0,0,48.6458990334692,10.9567012696989,0.269235935282576,-0.998529288732223,43.1151081937454,47.1151081937454,4,1,1,47.1151081937454
818,4,0,0,54.1103529897121,14.7389111624108,0.844826596159511,-1.10855320733984,52.5550847569715,56.5550847569715,4,0,0,52.5550847569715
819,4,0,1,30.5716585408852,9.12008933169708,-1.34517254435847,0.397642695392514,31.0863342452355,35.0863342452355,4,1,1,35.0863342452355
820,4,0,0,37.5197458327566,7.59965261217611,-2.30326789585581,0.648462376658871,32.9756306858496,36.9756306858496,4,0,0,32.9756306858496
821,4,1,0,46.4277366330286,9.27055589213526,-0.370225912988341,-0.853179442529813,43.6536328529881,47.6536328529881,4,1,1,47.6536328529881
822,4,1,1,53.9606846145247,12.0188621457725,-0.153851832682124,1.42101746136484,51.3197493846218,55.3197493846218,4,0,0,51.3197493846218
823,4,1,0,49.0756930486541,13.8746051450302,1.26402113881902,-0.129027046228095,61.7671411568545,65.7671411568545,4,0,0,61.7671411568545
824,4,0,1,41.2902136959784,10.2767462763857,0.276363825098168,0.0615277663116253,45.949952704808,49.949952704808,4,0,0,45.949952704808
825,4,0,1,53.1181004545945,12.7929453152723,0.616884485473454,-0.571253334842096,41.6115551467513,45.6115551467513,4,1,1,45.6115551467513
826,4,1,0,40.9022960479807,11.1637339180743,-0.787280344941879,-0.122072604604446,38.9866568372248,42.9866568372248,4,1,1,42.9866568372248
827,4,0,0,59.6209860526736,10.4936520981904,-0.199756641678582,-0.0911824364978607,56.0307842137714,60.0307842137714,4,0,0,56.0307842137714
828,4,0,0,59.9259907482494,12.3191693053493,0.682487836330995,0.491297673089573,61.1289121830466,65.1289121830466,4,0,0,61.1289121830466
829,4,1,1,58.004462442766,13.1472581856679,0.295563432753486,1.87978397598425,51.5602910167309,55.5602910167309,4,1,1,55.5602910167309
830,4,1,0,45.1428246729671,13.2550785466584,-0.053585887609278,-1.15539426092764,43.6936009093748,47.6936009093748,4,0,0,43.6936009093748
831,4,0,0,42.5368028202275,8.8804687064005,0.866891952068361,-0.818195192453741,46.9088797100339,50.9088797100339,4,0,0,46.9088797100339
832,4,0,0,43.3483709062963,13.5784272395279,-1.22974547204609,-1.01473160737833,42.0075787407583,46.0075787407583,4,0,0,42.0075787407583
833,4,0,0,39.5489044563153,9.29010079024951,-1.60767236321445,-0.637599668173963,37.1413207962695,41.1413207962695,4,1,1,41.1413207962695
834,4,0,0,54.9259611338004,13.7068889295007,0.515669026449982,-0.783866013718162,46.1543686579012,50.1543686579012,4,1,1,50.1543686579012
835,4,1,0,41.3130885278134,9.0447238560131,-0.35593136286113,-0.205496662885355,42.1309533071799,46.1309533071799,4,0,0,42.1309533071799
836,4,0,0,62.6676889743721,14.0452696612303,-0.0628561600769438,0.155271613967613,54.3065009569567,58.3065009569567,4,1,1,58.3065009569567
837,4,0,0,56.3713742296802,10.2721848794642,-0.0540990078985814,-0.615901523964576,49.9982474902708,53.9982474902708,4,1,1,53.9982474902708
838,4,0,1,45.9407067141912,9.11923659599434,-0.509314907280532,-0.745308686144868,39.8761885929699,43.8761885929699,4,1,1,43.8761885929699
839,4,1,0,52.6372279281492,13.0871439029853,-0.365426906175813,0.923643764819018,47.3982819095614,51.3982819095614,4,1,1,51.3982819095614
840,4,1,0,51.2774659144657,7.19047482313111,-1.11072665964458,0.766632724546364,41.8694945480903,45.8694945480903,4,0,0,41.8694945480903
841,4,0,1,45.6465790398719,9.55807576344943,-0.748028753164375,0.154351399105836,45.6408038349979,49.6408038349979,4,0,0,45.6408038349979
842,4,1,1,45.2627232198971,14.7239332632673,1.43803886236699,1.03065642847708,49.3301856844415,53.3301856844415,4,1,1,53.3301856844415
843,4,0,0,48.258218704882,9.8368066422035,-0.596821081317998,-0.846279388976176,50.2753922945028,54.2753922945028,4,0,0,50.2753922945028
844,4,1,0,37.9383686241157,10.3878359758422,-0.15622525469356,-1.4967226006293,36.1239001989247,40.1239001989247,4,1,1,40.1239001989247
845,4,0,0,55.6340124897466,16.7732665292372,2.58086292332466,-2.46909800916864,52.4005012406259,56.4005012406259,4,1,1,56.4005012406259
846,4,0,1,43.2644947730636,14.1125940844437,0.861673781323948,-0.564820615041816,47.3927558554791,51.3927558554791,4,1,1,51.3927558554791
847,4,0,0,45.101721890339,13.3209560025948,-0.381698581105044,-0.708451982046221,44.6880354315878,48.6880354315878,4,0,0,44.6880354315878
848,4,0,0,58.2892135716474,8.43382536170622,-1.18629061209413,1.06308145716183,51.9049803836134,55.9049803836134,4,0,0,51.9049803836134
849,4,1,0,47.3047808193118,14.5131285137587,-0.262834389244638,-0.0303507798835464,55.8326059047289,59.8326059047289,4,1,1,59.8326059047289
850,4,0,0,49.0113423008969,9.70580671659488,-0.0602712852323501,0.235932074471734,44.9520180069909,48.9520180069909,4,0,0,44.9520180069909
851,4,1,0,58.9980700536021,15.9143724071932,1.98463308344359,-0.585846328705667,64.0387871704504,68.0387871704504,4,1,1,68.0387871704504
852,4,1,0,42.6787581355453,15.6559985123959,0.0492097934487162,2.19257234795173,52.8006018641911,56.8006018641911,4,0,0,52.8006018641911
853,4,1,0,52.6952752273869,12.3979791679715,0.568221659126243,-0.795536337427945,49.8254915789253,53.8254915789253,4,1,1,53.8254915789253
854,4,0,0,55.4968139432425,11.7639284849118,-0.711685896079244,0.821120285167357,53.0142280995259,57.0142280995259,4,1,1,57.0142280995259
855,4,0,0,48.9948765216899,13.3106892106095,1.11068278763622,-1.17520315056696,45.294642229095,49.294642229095,4,0,0,45.294642229095
856,4,1,0,48.206540931144,11.1452184724687,-0.441266607067041,-0.331800766673943,46.5546252847454,50.5546252847454,4,1,1,50.5546252847454
857,4,1,0,45.3149508715098,13.0765779667283,0.662753265638354,-0.158193027233675,52.8167188479531,56.8167188479531,4,1,1,56.8167188479531
858,4,1,0,42.0777894372721,9.30228294860284,-1.66339559532568,0.0324770191866645,38.7983792672403,42.7983792672403,4,0,0,38.7983792672403
859,4,0,0,62.2300938006075,13.2565784361999,0.0500929645431387,0.637626862942714,57.3248386401412,61.3248386401412,4,0,0,57.3248386401412
860,4,1,0,52.1993160111986,14.9951305895806,-0.407140113955903,0.503289473272335,50.3039056858656,54.3039056858656,4,0,0,50.3039056858656
861,4,1,0,45.4353454692254,13.2174259199473,-0.470190562941299,-1.52968575788815,46.0742832983954,50.0742832983954,4,0,0,46.0742832983954
862,4,1,1,37.4716853549491,10.3194166366409,-1.26151437894177,0.349123093834544,34.4954149601567,38.4954149601567,4,1,1,38.4954149601567
863,4,0,1,48.5409946261588,11.5289074756707,-0.329891505047185,-0.301637918494297,44.7173163275565,48.7173163275565,4,0,0,44.7173163275565
864,4,1,0,45.0756082208137,7.93471525703832,0.197011842668185,0.252757416542526,40.5320739333525,44.5320739333525,4,0,0,40.5320739333525
865,4,0,1,63.5553540075959,10.6689654003515,-0.209315264277636,1.22271768202127,54.683254903044,58.683254903044,4,1,1,58.683254903044
866,4,0,1,57.6572641097381,9.1870240045947,-1.59385384245707,-0.195388977321952,48.4878596849527,52.4878596849527,4,0,0,48.4878596849527
867,4,1,0,59.4959221506582,15.4518711923331,1.00336950589147,-0.284402060926135,57.4284562717918,61.4284562717918,4,1,1,61.4284562717918
868,4,0,1,57.1897815271272,14.0995947835472,0.181357961298923,0.997872805214515,48.7758323095152,52.7758323095152,4,0,0,48.7758323095152
869,4,0,0,49.3478992762782,12.2450609762232,-0.105881898685637,0.443282416219349,50.9572080829947,54.9572080829947,4,0,0,50.9572080829947
870,4,0,1,46.0950717881023,10.5244839019301,0.978732249872966,-0.703387393111562,46.7291872158101,50.7291872158101,4,0,0,46.7291872158101
871,4,0,1,32.1031349968337,11.4480244427516,-1.6176230656033,-0.93509252285644,28.2519443573294,32.2519443573294,4,1,1,32.2519443573294
872,4,0,0,54.7452266816628,11.9551452041655,0.704429197408642,-0.114376079369256,53.1840098089447,57.1840098089447,4,1,1,57.1840098089447
873,4,1,0,36.6534176505687,16.0752590491118,0.0932820148220652,-1.12603456689369,48.4213550615792,52.4213550615792,4,0,0,48.4213550615792
874,4,0,0,46.2706074142564,8.91003327993995,-0.476959126180528,-1.88507424690569,43.7404951758152,47.7404951758152,4,0,0,43.7404951758152
875,4,0,1,45.373666237185,11.7171936692088,2.26844588775175,-0.282100595715689,48.2954783690161,52.2954783690161,4,1,1,52.2954783690161
876,4,1,0,39.2434184945033,15.5739806727575,-0.129722278522712,-1.27137228544389,35.7997369469552,39.7997369469552,4,1,1,39.7997369469552
877,4,1,0,45.8264817827033,10.1210950517058,-0.369876245005738,-2.2238339265153,40.5024665905391,44.5024665905391,4,0,0,40.5024665905391
878,4,1,1,53.1655222798839,14.7682161359032,0.128879294411877,0.652125909997546,53.0361712860298,57.0361712860298,4,1,1,57.0361712860298
879,4,0,0,45.6951147439427,13.4913243960373,0.276463373874315,-0.764164217919002,49.333345746994,53.333345746994,4,0,0,49.333345746994
880,4,0,0,55.0131170295511,12.1754160807242,-2.01823231730543,1.1475791336531,43.4668458365458,47.4668458365458,4,1,1,47.4668458365458
881,4,0,0,39.3362630904083,12.0947306530988,-1.02740164723966,0.738006092653387,40.385508343083,44.385508343083,4,1,1,44.385508343083
882,4,1,0,51.2567213963074,9.261165726171,0.132578245987705,-0.514213333536091,42.3148248091979,46.3148248091979,4,1,1,46.3148248091979
883,4,0,1,38.7961100326136,13.9111031900293,1.01733718958544,0.424972218306793,51.9641180660857,55.9641180660857,4,0,0,51.9641180660857
884,4,0,0,60.9913514395744,14.2842944735018,1.9399231695931,-1.14674696795458,62.545169763492,66.545169763492,4,0,0,62.545169763492
885,4,0,0,52.0619897088961,12.0080048856766,-0.124872403086035,1.28025701451082,54.0250394961118,58.0250394961118,4,0,0,54.0250394961118
886,4,1,0,57.2241352005509,13.3155388930021,0.347444276488276,0.823305015914694,50.6920474455097,54.6920474455097,4,0,0,50.6920474455097
887,4,0,0,47.5687151903655,7.09529257212635,-0.913438739849225,-0.559293590488981,40.0987531908158,44.0987531908158,4,1,1,44.0987531908158
888,4,1,0,39.8654897033356,11.0204495447316,-1.7207152228077,-1.02947904688458,30.9457816668766,34.9457816668766,4,1,1,34.9457816668766
889,4,1,1,56.6929627374289,11.5537313496181,-0.784418093308624,0.714526714184329,50.8391743725306,54.8391743725306,4,0,0,50.8391743725306
890,4,0,1,57.4878293988344,13.742107784459,0.589689699324709,-0.402001620552475,53.6567861371953,57.6567861371953,4,0,0,53.6567861371953
891,4,0,1,61.8591719569916,14.6887245581086,1.94170538052976,1.12854196763806,58.4519132874669,62.4519132874669,4,0,0,58.4519132874669
892,4,1,0,52.0049826741312,12.5917043900845,0.413770443633162,0.308490244525852,59.549489446279,63.549489446279,4,1,1,63.549489446279
893,4,1,1,45.8540516392374,9.82748534168886,-1.54179578568302,0.569442391138464,39.9380363742859,43.9380363742859,4,0,0,39.9380363742859
894,4,1,0,35.7383444475257,7.58558327367922,-0.296130177663727,-0.558853735057613,35.8192156208274,39.8192156208274,4,1,1,39.8192156208274
895,4,1,0,52.7571556787645,14.1132717132324,-0.297882763821628,0.059537488757619,43.4887233498101,47.4887233498101,4,1,1,47.4887233498101
896,4,1,0,49.8411955865642,14.6584905381026,0.946326503343157,-1.64402026320579,47.8334785528539,51.8334785528539,4,0,0,47.8334785528539
897,4,1,1,33.4453160993471,13.9073123608434,0.311433332968769,-3.35010360591841,30.8787255157913,34.8787255157913,4,1,1,34.8787255157913
898,4,0,0,46.1990783926013,8.01920761734636,-0.888650844283009,-1.36548792298086,44.5685118311551,48.5685118311551,4,1,1,48.5685118311551
899,4,1,1,36.9218441902006,7.91579990182061,-1.25931010814562,-0.133755688447243,36.7909656495581,40.7909656495581,4,0,0,36.7909656495581
900,4,0,0,60.1526801891845,10.6672542584323,-0.86710693651391,1.14642105076579,61.78870320581,65.78870320581,4,1,1,65.78870320581
901,4,0,1,48.1573603404647,12.1832016769362,0.684214424720579,-0.398809546086496,45.9345012082671,49.9345012082671,4,1,1,49.9345012082671
902,4,1,0,59.5025285850019,13.077115023075,0.326382012173776,-0.78122909031197,44.2236276314439,48.2236276314439,4,0,0,44.2236276314439
903,4,1,1,47.4892962899898,11.0249268961141,0.691590335153514,-1.30736485039913,48.313919870766,52.313919870766,4,0,0,48.313919870766
904,4,0,0,37.928590168105,10.2657249565172,0.935936419762861,-2.59904169976243,36.7376689829032,40.7376689829032,4,0,0,36.7376689829032
905,4,0,0,60.7198340573557,20,2.21548419832044,-0.134035079632798,65.033063575981,69.033063575981,4,1,1,69.033063575981
906,4,0,1,56.8389203110952,12.590626041703,0.655563390453286,0.0338527979127247,53.4689273731631,57.4689273731631,4,1,1,57.4689273731631
907,4,1,1,53.202750971701,7.23345188683897,-0.754658289603188,0.40538981095259,42.4069286427342,46.4069286427342,4,0,0,42.4069286427342
908,4,1,1,30.9949370901791,11.5118996383645,-1.41403319335725,-1.67439382120331,30.323591120057,34.323591120057,4,1,1,34.323591120057
909,4,1,0,44.2467709962239,13.584131502824,0.578619395618255,-0.124525035330627,43.811957440313,47.811957440313,4,1,1,47.811957440313
910,4,1,0,44.4014692242536,9.58551057347405,-0.952568591386891,0.231067155358865,48.4845578655766,52.4845578655766,4,0,0,48.4845578655766
911,4,0,1,53.8150907501417,16.5484503237817,2.09606191066732,2.34186915708638,63.9420460779047,67.9420460779047,4,1,1,67.9420460779047
912,4,0,1,45.499289650841,11.6640183143342,-0.242047728832685,-0.0601227955614605,43.5530412537422,47.5530412537422,4,1,1,47.5530412537422
913,4,1,0,50.2917004819182,13.2111356162989,1.81501623206009,-1.07243825956606,48.4210810902428,52.4210810902428,4,0,0,48.4210810902428
914,4,0,1,55.9100583060348,9.62890940607207,-0.185092005247263,0.995903250118035,45.3025213498707,49.3025213498707,4,0,0,45.3025213498707
915,4,1,0,49.2686174749351,10.597057445117,0.0829687279343899,1.05221787326564,50.1071856291243,54.1071856291243,4,1,1,54.1071856291243
916,4,0,0,44.1916628614186,8.78571860609331,0.750761920998488,0.67102356538244,38.1633408651475,42.1633408651475,4,0,0,38.1633408651475
917,4,0,0,45.5405843984224,13.5769390703237,0.602032965158735,1.0419976884541,47.1498136468623,51.1498136468623,4,1,1,51.1498136468623
918,4,1,0,50.7106799134353,13.7158865392278,1.76471757937494,-2.91470494290304,49.4816601723525,53.4816601723525,4,0,0,49.4816601723525
919,4,1,0,45.4135102633281,13.1432568861723,0.660609708093633,0.2904164546961,46.8267757119952,50.8267757119952,4,0,0,46.8267757119952
920,4,1,0,52.7297695611209,13.6691471699659,1.40169346707509,-1.14757827997607,48.932688973955,52.932688973955,4,1,1,52.932688973955
921,4,0,1,42.3212837280845,12.0233094877568,0.760684686420452,-1.27818857139296,40.385968690166,44.385968690166,4,1,1,44.385968690166
922,4,1,1,35.5545159012406,12.8855936313185,1.69827238222727,-1.01084276977411,43.6828754123034,47.6828754123034,4,1,1,47.6828754123034
923,4,0,0,35.2108723570976,10.0407640190226,0.79901643575546,0.542633486874082,36.4275943520993,40.4275943520993,4,1,1,40.4275943520993
924,4,0,1,45.118603830097,15.6727871394209,-0.25337832513035,-1.32945401139275,45.6689662996173,49.6689662996173,4,1,1,49.6689662996173
925,4,0,0,54.8482152041487,15.3165482182422,0.248889874449191,0.544688885362891,51.4710714205558,55.4710714205558,4,0,0,51.4710714205558
926,4,1,0,55.1273157873439,14.6167445281602,-0.580285755528722,1.56913011822443,55.9899041304846,59.9899041304846,4,1,1,59.9899041304846
927,4,0,0,54.4444007540966,14.3884855184003,-0.721948187448633,0.00384563261617854,41.7233970199512,45.7233970199512,4,0,0,41.7233970199512
928,4,0,0,51.113104448256,12.7379697686613,0.61703552832154,0.726725577704228,48.6573120509047,52.6573120509047,4,1,1,52.6573120509047
929,4,0,0,30.1327286227946,13.910801858981,-1.10962665512971,-1.0497992953708,34.0470591945951,38.0470591945951,4,1,1,38.0470591945951
930,4,0,0,45.1100149788919,10.1039902576511,-1.80619125378808,-1.92747408091937,35.7116556768756,39.7116556768756,4,1,1,39.7116556768756
931,4,0,0,43.7759504326574,10.3031920429985,-1.50286924128416,0.459592973623368,37.4649943057505,41.4649943057505,4,1,1,41.4649943057505
932,4,1,0,48.7979252144748,8.99316201802176,0.212252616132776,0.545596092906126,49.5488279586941,53.5488279586941,4,0,0,49.5488279586941
933,4,0,0,39.9813382862407,10.5092353174226,-1.26934117183361,0.588337823666343,43.4147150181058,47.4147150181058,4,0,0,43.4147150181058
934,4,1,0,61.8932475563781,10.8038272513536,0.472731294601824,0.154165709745793,52.9505825082784,56.9505825082784,4,1,1,56.9505825082784
935,4,1,0,52.3889553009991,10.0376203229886,-0.51069096131005,0.100469495425765,48.1731568622219,52.1731568622219,4,0,0,48.1731568622219
936,4,0,0,49.5131437457621,10.5263383582274,0.138439037813368,-0.239898121065355,41.1698512702128,45.1698512702128,4,1,1,45.1698512702128
937,4,0,0,54.0200141540339,14.0237981162857,-0.159870883487806,0.917002089575484,54.9676260953548,58.9676260953548,4,0,0,54.9676260953548
938,4,0,0,55.4786838920686,13.66735361329,-1.95219021332069,0.524496684756125,44.0048131061231,48.0048131061231,4,1,1,48.0048131061231
939,4,0,0,50.8803618513022,11.6491665692032,0.578028702149361,0.418249543228805,49.5249478483164,53.5249478483164,4,1,1,53.5249478483164
940,4,0,0,51.2058938430225,14.1843689996487,1.8726441344146,1.62520201601043,59.1473837495481,63.1473837495481,4,0,0,59.1473837495481
941,4,0,1,42.7531441151925,13.5722331176803,0.973130604083644,0.590559684308142,41.0200752795005,45.0200752795005,4,0,0,41.0200752795005
942,4,1,1,38.3598303396088,12.248438128853,0.978540724750071,-0.291374846582364,43.1385071653248,47.1385071653248,4,0,0,43.1385071653248
943,4,1,0,58.8382746865692,9.97966029879475,-0.539478646407932,1.15791589518398,59.0524800921899,63.0524800921899,4,1,1,63.0524800921899
944,4,0,1,48.339689993507,11.3965960901941,0.351649235837662,0.74243032444513,49.6478303605192,53.6478303605192,4,1,1,53.6478303605192
945,4,0,1,43.9706601101103,14.4211406943701,-1.32220460195527,-1.09473988336777,36.5386810736866,40.5386810736866,4,1,1,40.5386810736866
946,4,1,0,38.2721545860431,9.90365087756874,0.301370070237049,-0.75135947542062,41.1829556411159,45.1829556411159,4,0,0,41.1829556411159
947,4,0,1,43.3757694152308,13.12198273713,0.592137175332509,1.28010189753304,48.9615435834192,52.9615435834192,4,1,1,52.9615435834192
948,4,0,1,41.1322969947492,10.5042528385201,-0.255722386829415,0.736995860691426,43.0023254320154,47.0023254320154,4,0,0,43.0023254320154
949,4,1,0,45.1568704592697,6.99587125047461,-0.450083394863391,-0.951797134985309,39.7172746234372,43.7172746234372,4,1,1,43.7172746234372
950,4,1,0,39.3321581902529,9.04325938352462,-0.998389122371651,-2.27585946545613,35.5304175704038,39.5304175704038,4,0,0,35.5304175704038
951,4,1,0,44.1450677083501,6,-1.77285562189398,0.0638606822994579,44.6709198385521,48.6709198385521,4,1,1,48.6709198385521
952,4,0,0,52.9108992071478,18.0679443602822,1.40065903360391,0.31223394749249,55.4875312805916,59.4875312805916,4,0,0,55.4875312805916
953,4,1,0,51.0562463228021,14.5787397297615,-0.503437458872726,-2.22364392900639,32.909847560163,36.909847560163,4,0,0,32.909847560163
954,4,1,1,50.3247839248291,9.4249586277718,-0.138241055346864,0.256867261084927,45.6441396917861,49.6441396917861,4,1,1,49.6441396917861
955,4,0,1,33.2621583894408,9.59947940247537,-0.186688821032651,-2.61451997011273,31.2152288656046,35.2152288656046,4,0,0,31.2152288656046
956,4,0,0,44.4192123845473,7.64208492351978,-2.11603166212535,0.447074977896082,36.5054119997311,40.5054119997311,4,0,0,36.5054119997311
957,4,0,0,60.8595692232296,12.6977437653048,1.36851965260952,0.261310223359219,58.8247991242816,62.8247991242816,4,0,0,58.8247991242816
958,4,1,0,63.8948364301506,10.9530372198657,0.453378828350425,0.890507623705334,65.0870508537153,69.0870508537153,4,1,1,69.0870508537153
959,4,1,0,52.840407129162,12.8871488026739,-0.0683838275457162,0.09779390038061,55.582111957426,59.582111957426,4,1,1,59.582111957426
960,4,1,0,56.6207335718399,14.3904971829892,1.49041306370078,-0.70056532192142,53.8127466074082,57.8127466074082,4,0,0,53.8127466074082
961,4,1,0,41.6036191485349,9.18285745874924,-1.47048379505371,0.154820699521512,39.0347221341189,43.0347221341189,4,0,0,39.0347221341189
962,4,0,1,45.97054539227,14.9668633578003,0.33351227172004,0.590249554789206,45.6119111420644,49.6119111420644,4,1,1,49.6119111420644
963,4,1,0,54.0301243821931,8.24945652260508,0.409689143913243,-1.00235107120411,48.7774847460222,52.7774847460222,4,1,1,52.7774847460222
964,4,1,0,40.1410795361603,15.1288888103635,0.133166614329492,-0.203410262090097,52.9950952119759,56.9950952119759,4,0,0,52.9950952119759
965,4,1,0,52.6016642824819,10.846864101758,-1.70302289637362,0.948705157490683,41.1166736541504,45.1166736541504,4,0,0,41.1166736541504
966,4,0,0,48.6361095085958,14.3754482754961,0.713212492512445,0.437977717183566,47.1461626792973,51.1461626792973,4,1,1,51.1461626792973
967,4,1,1,56.2996713476447,13.033530167444,-1.52590406383883,0.437640142438131,52.6537173122736,56.6537173122736,4,0,0,52.6537173122736
968,4,0,0,49.4594643127003,15.6651818544006,0.793204301727295,-2.10962534150199,51.2219338951999,55.2219338951999,4,0,0,51.2219338951999
969,4,0,0,49.7104670351892,8.95241182172512,-1.32221919129642,0.797959131398245,41.0253988622978,45.0253988622978,4,1,1,45.0253988622978
970,4,1,1,51.2843724614754,12.9015609861478,1.1353432099449,-1.27168232219121,55.2606009146548,59.2606009146548,4,0,0,55.2606009146548
971,4,1,0,40.1921121946354,9.43883048572248,-0.376045160822941,0.201463175736146,46.8770559894699,50.8770559894699,4,1,1,50.8770559894699
972,4,0,0,56.2026196561175,12.1037299602614,-0.0100505811496528,-0.16553313680932,50.4404802231745,54.4404802231745,4,0,0,50.4404802231745
973,4,1,0,54.1238061431677,9.18470974727256,0.342954120736491,0.947155445088784,52.3286179161285,56.3286179161285,4,0,0,52.3286179161285
974,4,0,0,47.0749161387909,12.6854859987183,2.26562770082779,0.567611018001415,54.0231474027799,58.0231474027799,4,1,1,58.0231474027799
975,4,1,1,48.8752485836948,11.9436814791822,0.340213695584816,1.20284844195475,55.5441805335592,59.5441805335592,4,1,1,59.5441805335592
976,4,1,1,55.1248355723312,10.7913360701638,-0.779648393927277,1.12161710829557,53.3272312266921,57.3272312266921,4,0,0,53.3272312266921
977,4,0,0,50.3432788228709,12.9088138681157,1.24858733065612,-2.41702133586149,47.2352232873833,51.2352232873833,4,1,1,51.2352232873833
978,4,1,0,54.014331571589,15.9235927139273,0.510714949788602,1.65990533884914,57.2158904622835,61.2158904622835,4,0,0,57.2158904622835
979,4,0,0,45.4857976551013,9.5998156701478,-1.11406221611745,-1.30831800094017,40.8943873372167,44.8943873372167,4,1,1,44.8943873372167
980,4,0,0,54.3168839319959,14.3823102631421,-0.31527916875991,1.43624530718036,56.4708027391982,60.4708027391982,4,0,0,56.4708027391982
981,4,1,0,46.5498676226984,11.9439026842987,0.9656662272196,0.261065405332032,47.0776901384527,51.0776901384527,4,1,1,51.0776901384527
982,4,1,0,47.2207069811718,9.95540500067055,-0.262085429794093,0.683013865478865,48.3081476737491,52.3081476737491,4,1,1,52.3081476737491
983,4,1,0,49.2304279483815,10.4457540403998,-2.17201883495054,-0.87204218047892,44.1213241497122,48.1213241497122,4,0,0,44.1213241497122
984,4,0,1,38.3434126732202,15.4526176655819,-0.17641742026841,-0.854542551993373,43.7340401253508,47.7340401253508,4,0,0,43.7340401253508
985,4,1,0,60.15147444876,11.2418455880546,-0.544478710008347,0.0759627755397281,49.8246518347126,53.8246518347126,4,1,1,53.8246518347126
986,4,0,0,61.7827278555448,13.9388861326848,0.344225871983011,1.85159506784663,58.2674703576819,62.2674703576819,4,0,0,58.2674703576819
987,4,0,0,43.3946988855425,13.1965952856226,0.129490257704122,0.0691466211418345,46.0670100181396,50.0670100181396,4,0,0,46.0670100181396
988,4,0,0,55.4988661121228,12.1708677475146,0.0184885831819599,1.37535891387055,48.1294638190374,52.1294638190374,4,1,1,52.1294638190374
989,4,0,0,59.7554976667742,17.0530507320856,0.549787840631724,1.4924676485401,68.1341513235904,72.1341513235904,4,0,0,68.1341513235904
990,4,1,0,47.8677115234421,13.8504389183026,0.114487392347725,0.234892773648162,50.7677225538553,54.7677225538553,4,1,1,54.7677225538553
991,4,0,0,55.49415929312,12.7124625219442,1.60875746160043,1.21203104514283,60.8432786202689,64.8432786202689,4,1,1,64.8432786202689
992,4,1,1,45.4728100166419,9.88160620970892,-0.788352942636809,1.1082246304958,44.7351852669713,48.7351852669713,4,0,0,44.7351852669713
993,4,0,0,43.4035495216065,10.8647013394331,-0.620485766980075,1.04528865974038,48.8319315563981,52.8319315563981,4,0,0,48.8319315563981
994,4,0,0,59.3852203667158,15.4938576476356,0.766638713693039,0.544973035539537,60.4036070469058,64.4036070469058,4,0,0,60.4036070469058
995,4,1,0,63.7112548345825,9.02642724194999,-1.28453176721134,1.00634261913462,54.5657438272607,58.5657438272607,4,1,1,58.5657438272607
996,4,1,0,46.7135720941954,9.46195925234593,-1.25467194226058,0.795162936256049,46.0026631669683,50.0026631669683,4,0,0,46.0026631669683
997,4,1,0,63.7852440986786,12.5064406749889,-0.458537426801434,-0.333256363378968,62.7743405657581,66.7743405657581,4,1,1,66.7743405657581
998,4,0,1,54.9094566366695,17.5063869966943,2.21116474997075,-0.000115899322661335,58.1884195563297,62.1884195563297,4,0,0,58.1884195563297
999,4,0,0,41.3897402713629,8.39708579245674,-2.10491352225558,-0.727805673078141,28.7215255287772,32.7215255287772,4,1,1,32.7215255287772
1000,4,1,0,41.4181595377947,8.7529327559668,-2.08901842932586,-0.648643487121079,31.6852106593502,35.6852106593502,4,0,0,31.6852106593502
1001,5,0,0,51.3167338734538,14.8048620219628,0.94756076139876,1.19552807568476,57.5268484395278,61.5268484395278,4,1,1,61.5268484395278
1002,5,0,0,64.2881783216378,16.6925384985281,0.963297721307711,0.475397073762878,62.0912998867071,66.0912998867071,4,1,1,66.0912998867071
1003,5,0,0,42.3635847735356,13.6764771286866,1.62609030509495,-0.722698368125109,52.4486263940897,56.4486263940897,4,1,1,56.4486263940897
1004,5,0,1,48.3849205488331,9.88222793924167,0.136410419926493,-0.123249352880563,46.1454015056204,50.1454015056204,4,1,1,50.1454015056204
1005,5,1,1,57.5316964930564,14.535730098715,-0.252997563623153,1.00773986164045,53.79908992994,57.79908992994,4,0,0,53.79908992994
1006,5,0,0,62.1259455722975,11.6638351746959,-0.119976728883712,-0.60559240390776,52.8282892815042,56.8282892815042,4,1,1,56.8282892815042
1007,5,0,0,60.8642879084934,14.3902108449615,0.122854036946472,0.651733231057181,61.2486484967182,65.2486484967181,4,1,1,65.2486484967181
1008,5,0,0,61.1022538434108,9.74130346739698,-1.24767968445545,-0.533385245037583,43.4467868533093,47.4467868533093,4,1,1,47.4467868533093
1009,5,1,1,52.3145020956203,12.7614231156132,0.486494384761041,2.57884793098439,56.6131755249027,60.6131755249027,4,0,0,56.6131755249027
1010,5,0,1,45.2296778351306,15.7324542377017,1.34950956613529,-1.35729015481099,46.5755061896798,50.5755061896798,4,1,1,50.5755061896798
1011,5,1,1,39.4485904406243,6,-1.47532880764368,-1.28149997072928,34.2457436287973,38.2457436287973,4,0,0,34.2457436287973
1012,5,0,0,50.7222722032231,7.40209729156332,-2.56781046492003,1.57786618084782,46.4977014311011,50.4977014311011,4,1,1,50.4977014311011
1013,5,1,0,60.9830836692667,14.3245130882526,-0.203511272640369,2.22484250344198,67.8318111562844,71.8318111562844,4,1,1,71.8318111562844
1014,5,1,1,61.5185201727695,13.349724345447,-0.738029930846507,0.62411495037222,57.2767803145543,61.2767803145543,4,0,0,57.2767803145543
1015,5,1,0,46.3996250369641,11.4592227663939,-0.219597619375639,0.687726573858896,48.5247188331436,52.5247188331436,4,0,0,48.5247188331436
1016,5,1,0,70.8013187892263,16.0739720243703,1.44791415387889,0.970905749658942,74.4421954999865,78.4421954999865,4,0,0,74.4421954999865
1017,5,0,1,47.5886220277545,15.316894500117,0.7734156596025,-1.685301006177,52.7380198368582,56.7380198368582,4,1,1,56.7380198368582
1018,5,0,0,49.7221519016081,11.7021647791446,-1.03061047531818,-0.836834258453614,46.455310892746,50.455310892746,4,0,0,46.455310892746
1019,5,0,1,55.4737560864938,10.493895428939,-0.22521594602053,-1.06835514600093,41.0575964269491,45.0575964269491,4,1,1,45.0575964269491
1020,5,0,0,50.1301088621925,9.74113360929154,-1.72547870302838,0.255465038730855,45.4062548810884,49.4062548810884,4,1,1,49.4062548810884
1021,5,1,1,52.83830000614,7.47121755363986,-0.452311838741725,0.383034928436974,49.3900584071327,53.3900584071327,4,1,1,53.3900584071327
1022,5,1,1,57.2739009282406,9.93798794197939,0.336465891566369,1.0536931906343,57.1586692849942,61.1586692849942,4,0,0,57.1586692849942
1023,5,1,0,48.7321331620826,10.062888064361,-1.74122557053242,-1.80273061849415,42.3960542425723,46.3960542425723,4,1,1,46.3960542425723
1024,5,0,0,59.4386657150001,13.4813230732774,-0.0358473828756451,-1.5028551524287,57.6999227109362,61.6999227109362,4,1,1,61.6999227109362
1025,5,1,0,47.7429840882025,10.4083930512284,-1.73311929939292,0.816124259518672,49.0617588648299,53.0617588648299,4,1,1,53.0617588648299
1026,5,0,0,63.787386711539,14.319524370872,0.100546235030001,-0.176973576669574,60.5890132571641,64.5890132571641,4,0,0,60.5890132571641
1027,5,1,0,59.626567002119,10.3564235042926,0.272648465468729,-1.27601394083478,52.5109372934185,56.5109372934185,4,0,0,52.5109372934185
1028,5,0,1,44.2359849724863,13.5034262348711,-0.266449384659778,-0.533088258504147,41.4240754183916,45.4240754183916,4,0,0,41.4240754183916
1029,5,0,0,43.3337110564483,10.5842630960058,0.300015825786353,-1.68437530775627,42.926583355614,46.926583355614,4,0,0,42.926583355614
1030,5,1,1,61.3213189449217,12.1878834598067,0.801543994058896,-0.22297098603651,57.2679633409751,61.2679633409751,4,1,1,61.2679633409751
1031,5,1,1,47.7284521696943,12.2650623151127,2.03257937896558,-0.740050295172957,49.5553916200944,53.5553916200944,4,1,1,53.5553916200944
1032,5,1,1,54.7833156705455,11.5007544296385,-0.0316532708013291,0.704421587858801,57.1886279567012,61.1886279567012,4,1,1,61.1886279567012
1033,5,1,1,35.0079973545743,11.5654771891851,-0.538868072336208,-2.20156852636982,31.0169605446953,35.0169605446953,4,1,1,35.0169605446953
1034,5,0,0,65.436428243167,17.2759185100116,0.308001355937677,2.76626968979993,65.4126020913218,69.4126020913218,4,0,0,65.4126020913218
1035,5,0,0,41.617645991918,12.9565061906769,0.0642210632116989,-1.34531099402946,45.2471331071409,49.2471331071409,4,1,1,49.2471331071409
1036,5,1,1,45.3393559441958,14.4222950682748,-1.08653853087853,-0.792351328072815,47.2286343860817,51.2286343860817,4,1,1,51.2286343860817
1037,5,0,1,50.6860921833042,10.515468074832,-0.0181323164355311,0.304989310377104,50.3322254421545,54.3322254421545,4,0,0,50.3322254421545
1038,5,0,1,60.4407805374048,10.5071071680759,-0.845394488913195,-0.0859233293740928,49.6414239660326,53.6414239660326,4,0,0,49.6414239660326
1039,5,1,1,42.8035250103818,11.0200530130372,0.0254046619471233,-1.8758422929174,40.0032284440301,44.0032284440301,4,1,1,44.0032284440301
1040,5,1,1,57.2790955746188,13.9158664068492,-0.134782156870788,-0.10336577404909,45.8142758860906,49.8142758860906,4,0,0,45.8142758860906
1041,5,1,0,48.2068860640126,10.0675076432644,-0.0958733019744709,-0.583528322563911,54.4836805951739,58.4836805951739,4,0,0,54.4836805951739
1042,5,0,0,51.4685383151347,14.6256698626242,-0.0269541636321589,-0.40942247676524,57.7497028413659,61.7497028413659,4,1,1,61.7497028413659
1043,5,0,1,46.9495631707748,13.2857724517589,-0.505032303150152,-0.191657336021016,44.4655607444158,48.4655607444158,4,1,1,48.4655607444158
1044,5,0,0,56.5869279713011,11.5985347510787,-0.630491381108448,2.16357122959778,57.4395739203517,61.4395739203517,4,0,0,57.4395739203517
1045,5,1,1,60.3866647364139,14.0486042748199,-0.637621330305538,-0.301844249038418,51.4183489923501,55.4183489923501,4,1,1,55.4183489923501
1046,5,1,0,53.5587239755462,10.2965440697564,-1.53949161418594,0.580304587917605,43.0754203934536,47.0754203934536,4,1,1,47.0754203934536
1047,5,0,1,61.0686851604444,11.7855714853676,-0.0457058343095311,0.17111787726712,53.6362588722488,57.6362588722488,4,0,0,53.6362588722488
1048,5,0,1,45.5074593050605,11.6872045947889,-0.640253923877178,0.0813102528937676,50.9096547362982,54.9096547362982,4,1,1,54.9096547362982
1049,5,0,1,56.2485407085276,15.5011309643419,0.892186071013762,-0.525263420189927,60.0850547929488,64.0850547929488,4,1,1,64.0850547929488
1050,5,1,0,46.8112408508356,7.7016360743275,-0.823146564680835,-1.27259877294472,39.4999137709754,43.4999137709754,4,0,0,39.4999137709754
1051,5,0,0,46.0732988160247,13.387998962203,0.412513228872666,-0.537407691076599,46.8698501747396,50.8698501747396,4,0,0,46.8698501747396
1052,5,0,0,47.2886329283437,10.8335436512024,1.17470002441863,-0.906359826847141,57.7368546722433,61.7368546722433,4,0,0,57.7368546722433
1053,5,1,1,51.4044288401939,13.9357671325198,-0.144044784571882,1.30543960429863,53.8979741842758,57.8979741842758,4,1,1,57.8979741842758
1054,5,1,1,45.3587429118459,16.7841134058186,-0.192499110758631,0.204034963547708,47.5360480792924,51.5360480792924,4,1,1,51.5360480792924
1055,5,1,0,51.7201354978118,11.6620624948033,0.561875537043195,-0.509327283039695,52.6855320288224,56.6855320288224,4,0,0,52.6855320288224
1056,5,1,0,59.9462825424758,12.8689882689226,1.01138127866163,0.0627321166724117,65.4829741850736,69.4829741850736,4,0,0,65.4829741850736
1057,5,0,0,57.023878037956,17.4991870834421,-0.365070215411008,-0.819569087844848,53.1405725022363,57.1405725022363,4,0,0,53.1405725022363
1058,5,1,0,45.1566522030817,14.4880735720971,1.30517590161897,0.0849878774953771,52.5282491742199,56.5282491742199,4,0,0,52.5282491742199
1059,5,0,0,65.0919576046955,11.8881445064587,0.387244413055972,0.552189009006293,59.4343513516676,63.4343513516676,4,1,1,63.4343513516676
1060,5,1,0,52.1773085513503,14.8549438577817,0.0226348193938391,0.749423046114231,52.8309131598741,56.8309131598741,4,1,1,56.8309131598741
1061,5,0,1,58.2350067295728,9.74523546546236,-0.220017914551954,-0.374198877286201,46.805463660995,50.805463660995,4,1,1,50.805463660995
1062,5,0,0,43.6742941247376,9.88331032366877,-0.343678256193335,-1.69682849293131,42.1484610425986,46.1484610425986,4,0,0,42.1484610425986
1063,5,0,0,46.2487130986334,11.0193937495609,0.511974308255051,-1.3056723031935,46.3807899171516,50.3807899171516,4,0,0,46.3807899171516
1064,5,1,0,55.6338950147692,10.5359527910184,0.483085469883996,1.04391313190994,56.7547550600935,60.7547550600935,4,0,0,56.7547550600935
1065,5,0,1,36.2815589786649,10.9364464782745,0.761874755880172,-1.04177017296199,37.8099719566917,41.8099719566917,4,1,1,41.8099719566917
1066,5,1,1,59.7553625895069,15.7492127285728,1.02105184774958,-0.0531381587910046,58.4767498401548,62.4767498401548,4,1,1,62.4767498401548
1067,5,0,0,30.7888979390376,8.1902894059181,-1.32232012976939,-0.36308932740726,37.9631943993708,41.9631943993708,4,0,0,37.9631943993708
1068,5,0,0,42.1680426877903,11.8756569126416,-0.157483072615213,-0.16681279283262,52.2640335298571,56.2640335298571,4,0,0,52.2640335298571
1069,5,1,0,45.8480836282644,10.654726627132,0.946626845192757,-0.156705600389026,40.5841222072985,44.5841222072985,4,0,0,40.5841222072985
1070,5,0,1,44.7380379375149,16.7368028839026,-0.665900540119154,-0.631541523416323,49.1868037601118,53.1868037601118,4,1,1,53.1868037601118
1071,5,1,0,52.0845780867893,13.6871839330695,1.22321435830783,1.45200982464042,56.1837557009802,60.1837557009802,4,0,0,56.1837557009802
1072,5,1,1,54.5865446356996,12.7071677996671,-0.410260656399231,-0.106010807133085,54.8045761391622,58.8045761391622,4,0,0,54.8045761391622
1073,5,0,0,57.6518963770648,15.2576750130023,0.0319040488797322,1.85848262819419,60.1094101956874,64.1094101956874,4,0,0,60.1094101956874
1074,5,0,0,46.1501308211049,7.00317310123506,-0.0147845943785005,1.65602997500172,41.0348542388434,45.0348542388434,4,1,1,45.0348542388434
1075,5,0,1,64.2432034958567,11.1430332893564,-1.43918203596097,-1.00904845817841,46.9102876107615,50.9102876107615,4,1,1,50.9102876107615
1076,5,0,0,57.4723030008052,14.6243094727421,1.77780360865221,0.332453165073121,58.9172350064147,62.9172350064147,4,0,0,58.9172350064147
1077,5,0,0,56.5989739241201,15.5759259230283,0.237843086401831,2.61286446574028,66.2614617577945,70.2614617577945,4,1,1,70.2614617577945
1078,5,1,0,45.8217257550827,9.17887915995273,-0.94363886192916,-1.29811052992105,32.8400424916786,36.8400424916786,4,0,0,32.8400424916786
1079,5,0,0,57.9659984675838,19.3168475188924,0.204860538551105,-0.555217581252695,58.3980010784634,62.3980010784634,4,1,1,62.3980010784634
1080,5,1,1,52.1587877900604,10.100625343652,0.753203488616878,-1.47502896449505,52.3262009254901,56.3262009254901,4,0,0,52.3262009254901
1081,5,1,0,46.6578865387342,8.21390775441374,-0.772746124888306,-0.126914542724044,46.2780774116206,50.2780774116206,4,0,0,46.2780774116206
1082,5,0,0,61.8388766603468,10.7398490403717,-0.470750049116274,-0.261542401965356,53.8706144436611,57.8706144436611,4,0,0,53.8706144436611
1083,5,0,0,65.0615587373869,10.8814038306252,0.130201888570615,1.38557521518626,67.8020012348162,71.8020012348162,4,0,0,67.8020012348162
1084,5,1,0,44.9162582668093,11.5599747994098,-0.816233759629785,1.32829804313873,52.5993628155459,56.5993628155459,4,1,1,56.5993628155459
1085,5,1,0,63.7578840385133,10.8085347301047,-0.467058884047936,0.268338699714382,56.7383840226942,60.7383840226942,4,0,0,56.7383840226942
1086,5,0,0,56.5443220924316,9.35192163287694,0.678002038276774,-0.47430443369238,46.0392280491044,50.0392280491044,4,1,1,50.0392280491044
1087,5,1,0,46.90721399049,9.9264151953248,-0.999077535134578,-0.249791595312755,47.082524078013,51.082524078013,4,1,1,51.082524078013
1088,5,0,1,59.9252862437718,11.4666113796045,-0.967798171554973,-0.377964804977671,48.7630584457253,52.7630584457253,4,1,1,52.7630584457253
1089,5,0,0,50.8820730823344,11.1595267323716,-0.347728133796094,-1.03247255447639,44.3003338862995,48.3003338862995,4,1,1,48.3003338862995
1090,5,0,1,53.7175813723769,14.084133482348,0.707719332362602,2.38904304780406,59.1832426523769,63.1832426523769,4,1,1,63.1832426523769
1091,5,1,0,40.7938115484949,11.7102047050671,0.547854229134467,1.36032702541442,53.2345858768798,57.2345858768798,4,1,1,57.2345858768798
1092,5,0,0,44.9644868935195,9.79356891006482,-0.185478436551385,0.435993477788376,48.7724833676995,52.7724833676995,4,1,1,52.7724833676995
1093,5,0,0,51.4615546605647,11.9201212485189,0.197843185184357,-1.44002229481253,48.0239764951009,52.0239764951009,4,0,0,48.0239764951009
1094,5,1,1,60.0953363952939,7.28028719048579,-0.967413311044385,-1.81455333789812,43.247611289094,47.247611289094,4,0,0,43.247611289094
1095,5,1,1,54.1902893761133,9.83849166308184,-1.19146212930425,1.21315915209896,49.7082272964434,53.7082272964434,4,1,1,53.7082272964434
1096,5,0,0,65.0296823409918,14.2053390869685,0.82533768284498,-0.218126401800328,61.0762738454913,65.0762738454913,4,1,1,65.0762738454913
1097,5,1,1,45.2757697470356,14.9902458641294,0.0985383399486332,-1.06094502315773,38.3596694574819,42.3596694574819,4,0,0,38.3596694574819
1098,5,1,0,46.8631273471881,15.5983121589911,0.751148744437457,0.339592138920544,47.9327673470315,51.9327673470315,4,1,1,51.9327673470315
1099,5,1,1,48.3788086421046,14.6153324594735,0.455696083796724,0.496069647054647,46.5323596681231,50.5323596681231,4,1,1,50.5323596681231
1100,5,1,1,44.8978420214262,12.4112736605936,0.20558178744755,1.07912251645713,51.0169912648325,55.0169912648325,4,1,1,55.0169912648325
1101,5,1,1,47.7745690280182,15.8811900975059,0.490427752394375,0.807945165295363,50.2589563898539,54.2589563898539,4,1,1,54.2589563898539
1102,5,0,0,51.7487593160749,12.418954310397,-0.357112221509868,1.95327079006429,59.1041648867163,63.1041648867163,4,0,0,59.1041648867163
1103,5,0,0,46.7002280833298,13.1136267471117,-0.685627739897607,0.257917829163997,42.2714729979267,46.2714729979267,4,0,0,42.2714729979267
1104,5,0,0,46.3988273734049,13.3699368261615,0.0535892183197709,-0.384039930749716,45.7011385612644,49.7011385612644,4,0,0,45.7011385612644
1105,5,0,1,47.6835898032183,11.6767707843111,0.0494776824560174,-1.08338039898065,44.0659403997931,48.0659403997931,4,1,1,48.0659403997931
1106,5,1,1,47.7058665288728,11.5520786905371,1.27918733274208,1.25619603250814,48.2946472551043,52.2946472551043,4,0,0,48.2946472551043
1107,5,0,0,60.5514374119423,13.4116549236587,1.02481437545917,1.36677735380877,69.1215940918224,73.1215940918224,4,1,1,73.1215940918224
1108,5,1,1,47.828537362691,11.2365818525837,0.287494067987418,-1.35670281728248,49.3383502692235,53.3383502692235,4,0,0,49.3383502692235
1109,5,1,0,56.2989794240039,12.3336508348103,-0.505585257257697,-0.559370079477867,55.9004103558801,59.9004103558801,4,0,0,55.9004103558801
1110,5,0,1,56.3941136072901,14.4355712955326,0.512272664669352,-1.2968124193052,52.0428249973724,56.0428249973724,4,0,0,52.0428249973724
1111,5,0,0,42.7114585828554,7.65516015520721,-0.919506659722093,0.136919630480637,40.2372338099983,44.2372338099983,4,0,0,40.2372338099983
1112,5,0,0,61.3294065013834,16.3767719721027,2.1284516193518,0.0342587715710988,65.4272440943896,69.4272440943896,4,0,0,65.4272440943896
1113,5,1,0,46.7372056831705,13.0676809713384,-1.08855132319354,-0.795272080243167,49.3121469622339,53.3121469622339,4,1,1,53.3121469622339
1114,5,0,0,61.4139582889763,10.30415020407,0.0918598712585705,1.59293108404943,53.576457151028,57.576457151028,4,1,1,57.576457151028
1115,5,0,1,53.1329943723499,14.0403909873625,-0.213379709364565,-0.0984230129355431,53.8064834610111,57.8064834610111,4,0,0,53.8064834610111
1116,5,1,0,69.7968961351228,13.3157301270093,0.325847765088381,0.349519620666263,67.996529672237,71.996529672237,4,0,0,67.996529672237
1117,5,0,0,48.8145829405973,12.8786561319757,1.80800510005083,0.913792526734736,59.9787236942054,63.9787236942054,4,1,1,63.9787236942054
1118,5,0,0,62.3130791898759,8.29960801649431,-0.560387654088031,2.15058002217425,60.3334499381274,64.3334499381274,4,0,0,60.3334499381274
1119,5,0,0,56.7777310878115,11.4845570962411,-0.0678193072044957,0.376439275833618,54.0790927934399,58.0790927934399,4,1,1,58.0790927934399
1120,5,0,0,45.0055752823182,10.103136716251,-0.0650873917106225,-1.48567668430391,49.4599927396872,53.4599927396872,4,1,1,53.4599927396872
1121,5,1,0,54.3925866604613,10.2728301216334,-0.0741133629913487,0.434764383511835,58.9062250994076,62.9062250994076,4,0,0,58.9062250994076
1122,5,1,0,50.3868491738228,14.8291935401554,0.708185039099411,-1.58333249838902,50.7295283885224,54.7295283885224,4,0,0,50.7295283885224
1123,5,1,0,70.4712027036425,13.236962107423,2.16360683858406,1.08099762342425,72.1754316517036,76.1754316517036,4,0,0,72.1754316517036
1124,5,0,1,59.4008938247391,10.8502441641366,-0.2717537682126,1.91116964245475,59.919194867893,63.919194867893,4,1,1,63.919194867893
1125,5,0,0,56.350324021724,15.256834716093,1.21737902604478,1.47520352567949,55.8091600130087,59.8091600130087,4,0,0,55.8091600130087
1126,5,1,1,49.5611596415212,13.7193130317334,-0.206544269883917,-1.62728650126108,47.4933712807752,51.4933712807752,4,1,1,51.4933712807752
1127,5,1,0,57.0559582145719,11.0942869991768,0.413224003190375,0.472336247133264,60.1881755639021,64.1881755639021,4,1,1,64.1881755639021
1128,5,1,1,62.966429163724,15.2111314313399,1.27670730587031,-0.0632870713141381,63.6457963815444,67.6457963815444,4,0,0,63.6457963815444
1129,5,0,1,57.0489770659579,10.5414549696733,-1.42249610673096,1.38085524932612,48.271460961653,52.271460961653,4,0,0,48.271460961653
1130,5,1,0,62.6961788823726,9.32318995712143,-1.68567319372722,1.30639490135594,60.6959425644149,64.6959425644149,4,1,1,64.6959425644149
1131,5,1,1,46.7141040461543,9.10293764855589,-1.08846713760162,-1.3917954942917,40.6980435611766,44.6980435611766,4,1,1,44.6980435611766
1132,5,1,1,34.0179760279256,9.23917231662124,0.630887769793954,-0.114018351007247,36.836549438655,40.836549438655,4,0,0,36.836549438655
1133,5,1,1,50.3498152695396,7.37977329492547,-0.774433488170745,0.718656945671343,48.0409415968154,52.0409415968154,4,0,0,48.0409415968154
1134,5,0,1,40.218954658012,12.8314365714639,-0.663987527243492,0.358679428248028,46.9815672518299,50.9815672518299,4,1,1,50.9815672518299
1135,5,1,0,59.3726250920231,13.6291796857282,-0.471336528589984,0.754656096047085,55.8475742474283,59.8475742474283,4,1,1,59.8475742474283
1136,5,1,1,53.9842958427922,8.39597627620285,-0.551023267242237,1.18542871955717,48.3717078837748,52.3717078837748,4,1,1,52.3717078837748
1137,5,1,0,61.069381402245,9.47419105383474,-0.472076206304547,1.17629446713506,60.6216558100804,64.6216558100804,4,0,0,60.6216558100804
1138,5,1,1,32.9236499044879,11.1881353436216,-2.42194569361973,-1.0009646635874,27.927117578498,31.927117578498,4,0,0,27.927117578498
1139,5,1,1,58.2797045954021,12.9248193535449,-1.88974041482875,1.25754999151179,54.6446577895931,58.6446577895931,4,0,0,54.6446577895931
1140,5,1,1,50.1384756042688,14.2932502945036,-1.16793644683927,0.484607429460339,57.1971298266309,61.1971298266309,4,0,0,57.1971298266309
1141,5,0,0,54.3312496197573,10.2753374676601,-1.68575610999602,0.695711443906171,50.749888041629,54.749888041629,4,1,1,54.749888041629
1142,5,1,0,64.6045247012491,13.5564871361955,0.983507613319184,0.710288800997222,62.3872681939903,66.3872681939903,4,1,1,66.3872681939903
1143,5,1,0,49.5191593217727,15.8939479818148,0.0987449081368797,-1.35808134674601,52.0907391748217,56.0907391748217,4,0,0,52.0907391748217
1144,5,1,0,60.0162461129461,11.7817899822148,-0.238406119103048,-0.48286367128963,55.932422120792,59.932422120792,4,1,1,59.932422120792
1145,5,0,1,30.4400655867803,12.2462780739211,0.458417715660612,-0.220607518873528,39.3618652475507,43.3618652475507,4,1,1,43.3618652475507
1146,5,0,0,45.8892145270537,9.56425323200594,-0.156424135551798,-2.99663233890327,38.9270251297483,42.9270251297483,4,0,0,38.9270251297483
1147,5,1,0,54.5683323344234,13.5587509471353,0.0472638436619226,0.948452295335406,54.6860042656437,58.6860042656437,4,1,1,58.6860042656437
1148,5,1,0,60.4313680928253,14.9858217360598,0.151631644510267,-1.04051705472895,53.3200324711558,57.3200324711558,4,1,1,57.3200324711558
1149,5,1,0,49.5957638359321,13.8031011809196,2.21383718687358,-0.929236623872804,64.9459327491604,68.9459327491604,4,1,1,68.9459327491604
1150,5,0,1,54.8037496590144,13.7555372092934,2.0997968840906,0.88758644671234,59.8174514802293,63.8174514802293,4,1,1,63.8174514802293
1151,5,1,1,58.1332143352403,12.4821746063815,1.05559149492908,0.131918777983241,55.7472845244379,59.7472845244379,4,0,0,55.7472845244379
1152,5,0,1,49.7199416855624,7.84499854785889,-1.29549984164882,-0.87042199096107,34.9341363797492,38.9341363797492,4,0,0,34.9341363797492
1153,5,0,0,49.5449998247882,14.4428867165559,1.28568043149599,0.823206374418271,53.4726565009884,57.4726565009884,4,0,0,53.4726565009884
1154,5,0,1,62.2244451295932,12.6502598118637,-0.800744561935457,-0.698919563991973,52.9933455492878,56.9933455492878,4,1,1,56.9933455492878
1155,5,1,1,33.9868275285994,9.53580280940987,-2.94600680129863,0.00595482753893016,25.5522304000665,29.5522304000665,4,1,1,29.5522304000665
1156,5,0,0,59.7246058749439,14.2971601472965,0.872998804181065,-0.963097272200918,58.7013391643593,62.7013391643593,4,1,1,62.7013391643593
1157,5,0,1,55.4471401355888,12.4425582207591,0.748342909471781,-0.0252237161281237,55.0782111121512,59.0782111121512,4,0,0,55.0782111121512
1158,5,1,0,44.7354633685256,9.77823724241474,-1.3434801639964,-0.189952403767947,45.5056258987706,49.5056258987706,4,1,1,49.5056258987706
1159,5,1,0,49.9109307147694,12.5671455150542,-0.309850452088155,-1.75333937808317,42.1223458737712,46.1223458737712,4,1,1,46.1223458737712
1160,5,0,0,47.475720001996,12.4316464963048,-0.171471850945782,-0.484384190706327,49.7539414387964,53.7539414387964,4,1,1,53.7539414387964
1161,5,0,1,40.7114618688451,8.2045649112771,-1.61267957776239,0.605804145930876,38.4525953464073,42.4525953464073,4,0,0,38.4525953464073
1162,5,0,1,46.4520009847058,10.948167328469,0.737083591724261,-0.510784662936865,39.7591327895267,43.7591327895267,4,1,1,43.7591327895267
1163,5,1,1,35.3841849712877,11.2626068895203,0.0102929895812944,-1.68405527127707,32.0893450251299,36.0893450251299,4,0,0,32.0893450251299
1164,5,0,1,48.4277930331029,10.5151161344369,-1.06058451284593,1.88761725141745,44.3328064411249,48.3328064411249,4,1,1,48.3328064411249
1165,5,0,0,50.840040992922,13.8763760476194,1.22290977118791,-0.952324966942111,55.6980498010615,59.6980498010615,4,0,0,55.6980498010615
1166,5,1,0,57.4974794912751,9.09082468983547,0.453904406454709,-0.975123891839911,53.7226144242045,57.7226144242045,4,0,0,53.7226144242045
1167,5,1,0,58.4227566778359,14.5237694006647,0.680245694404299,-0.75839053394939,65.6702089184472,69.6702089184472,4,0,0,65.6702089184472
1168,5,1,0,48.3480932930114,10.4084632335976,-0.72613120764798,-1.36869611115657,50.3588818159425,54.3588818159425,4,0,0,50.3588818159425
1169,5,1,0,50.9946513818863,11.2053159544723,0.802629213886438,0.746361072643315,58.1456789031918,62.1456789031918,4,0,0,58.1456789031918
1170,5,0,1,43.0691888847833,11.8269549369575,-0.765353295705838,-1.57856021395552,46.7069953259019,50.7069953259019,4,1,1,50.7069953259019
1171,5,0,1,48.4527376226839,10.5202386865031,0.0898315603554344,-1.13216670947645,44.2100684084637,48.2100684084637,4,1,1,48.2100684084637
1172,5,1,0,42.9903530230248,9.87102579139223,-1.32042391395898,-0.202153562780603,38.9661545310091,42.9661545310091,4,0,0,38.9661545310091
1173,5,0,1,41.6060134980124,14.2486073614963,0.204684364427294,0.1245010646687,43.13117712728,47.13117712728,4,0,0,43.13117712728
1174,5,1,0,57.3334090178419,11.763375631787,-0.492648453467486,1.20192754442444,55.820612938142,59.820612938142,4,0,0,55.820612938142
1175,5,1,0,45.5893323505286,10.793836133104,0.0656992570592857,0.59119533184856,53.0199929033196,57.0199929033196,4,0,0,53.0199929033196
1176,5,0,0,59.7931101559786,12.2788014164353,0.209022108730041,0.778961807782578,57.4981865742064,61.4981865742064,4,1,1,61.4981865742064
1177,5,1,0,68.1429835769314,13.1520209491425,1.5414157080194,0.707502991717847,71.7221917734569,75.7221917734569,4,1,1,75.7221917734569
1178,5,1,0,54.9854700114017,17.9788165152059,-0.029993109739777,0.0290879144170071,64.1675129363925,68.1675129363925,4,1,1,68.1675129363925
1179,5,1,1,45.8048585385757,11.9533347926286,0.510353078966451,0.133275073842478,51.420951273082,55.420951273082,4,1,1,55.420951273082
1180,5,0,1,47.0698604006332,13.5156655215054,1.34803398328255,-0.739148124318842,53.7959512559063,57.7959512559063,4,0,0,53.7959512559063
1181,5,1,0,55.4901803343982,17.5531659530232,1.16761278623576,0.512982641043421,61.592529616495,65.592529616495,4,0,0,61.592529616495
1182,5,0,1,46.6101583050747,8.95751129508037,-0.415937378458815,-0.426186931778878,35.1145904135096,39.1145904135096,4,0,0,35.1145904135096
1183,5,0,0,51.5205164256049,9.01532670050425,-2.06303800705444,-0.287057498074431,37.6467586390846,41.6467586390846,4,0,0,37.6467586390846
1184,5,0,0,60.3127560755168,11.5167690201873,0.964718894184939,-0.900839022390325,61.0369579222156,65.0369579222156,4,1,1,65.0369579222156
1185,5,0,1,51.4755569998945,8.43461923720468,-1.3777552666063,0.477192659303024,42.9895497481917,46.9895497481917,4,0,0,42.9895497481917
1186,5,0,0,54.4752699157155,14.5641427565476,-0.275802636194589,2.36546446714716,51.9632025865039,55.9632025865039,4,1,1,55.9632025865039
1187,5,0,0,59.540392763648,13.1941750180838,0.499491088258891,0.737943159047471,57.0401446885855,61.0401446885855,4,1,1,61.0401446885855
1188,5,0,1,44.4779880008275,12.1148295899167,0.418882584419402,0.857245554145554,46.6754752749586,50.6754752749586,4,1,1,50.6754752749586
1189,5,0,0,47.64540126545,12.2237200875688,-0.0482622069913283,-1.61872649495834,50.1052421597826,54.1052421597826,4,1,1,54.1052421597826
1190,5,1,0,39.2231681539207,11.6011532549324,-0.221360750817375,-1.54186238476977,37.5946948550096,41.5946948550096,4,0,0,37.5946948550096
1191,5,1,0,59.85157074448,11.2333980435479,0.0637124513915612,0.389468113505549,57.7549785468751,61.7549785468751,4,0,0,57.7549785468751
1192,5,0,0,46.9715389510714,10.6801865999877,-0.726079426800928,-0.422232557879304,42.8640492093595,46.8640492093595,4,1,1,46.8640492093595
1193,5,1,0,47.0115640760039,11.414309671523,-1.21241183957918,0.793711421235813,50.7299914701221,54.7299914701221,4,1,1,54.7299914701221
1194,5,0,0,55.6272306044803,10.6247325773241,0.591571149944484,0.403554325661273,54.4056765040358,58.4056765040358,4,0,0,54.4056765040358
1195,5,1,1,54.2212407630631,13.1527017497092,0.135310419377063,0.386043721269556,46.9326177459922,50.9326177459922,4,0,0,46.9326177459922
1196,5,1,1,39.3079412166742,11.6084806326088,-0.241072347567584,-0.993128382271732,43.7867465070557,47.7867465070557,4,0,0,43.7867465070557
1197,5,0,0,47.612089994618,12.4768978031734,-0.0729357712191882,-0.602414617753314,49.5891265065063,53.5891265065063,4,1,1,53.5891265065063
1198,5,1,0,50.8903961894939,10.8924279285509,-0.0165705978649788,-0.105669521982377,48.6135546805006,52.6135546805006,4,1,1,52.6135546805006
1199,5,0,0,51.1618108599079,13.1512041420286,0.831292092612749,-0.239793899848199,53.3642355043695,57.3642355043695,4,1,1,57.3642355043695
1200,5,1,1,46.450602550099,12.5131116240122,-0.2065902385167,-2.14011174427882,41.6260966098531,45.6260966098531,4,1,1,45.6260966098531
1201,5,0,1,55.0867742961669,10.4183349827476,-1.16204039306457,1.44464173507993,44.3482181187704,48.3482181187704,4,1,1,48.3482181187704
1202,5,1,0,63.1172084945078,14.2576054556117,0.82009059134478,-0.0379683233268708,60.9352525662631,64.9352525662631,4,1,1,64.9352525662631
1203,5,1,1,55.8514761594794,8.31148000761544,-2.08770635898175,0.522838194765862,42.0453187415832,46.0453187415832,4,0,0,42.0453187415832
1204,5,0,0,55.8523656999496,13.2343329639307,0.516776171512188,1.17039138440556,63.421580254874,67.421580254874,4,1,1,67.421580254874
1205,5,0,0,50.4468205998563,11.4360540140381,-0.196485329762848,1.02625351558411,56.0078072181944,60.0078072181944,4,0,0,56.0078072181944
1206,5,0,1,58.5883860043881,15.3730390341423,0.872779086570886,0.843030877278012,59.1937104639811,63.1937104639811,4,1,1,63.1937104639811
1207,5,1,0,66.0944313615492,14.0524359382165,1.72794195252822,0.0878203089633525,64.4720604332679,68.4720604332679,4,0,0,64.4720604332679
1208,5,0,0,62.1433467487464,17.1999951823446,0.67830799521031,-1.09465780191205,62.5754031656118,66.5754031656118,4,0,0,62.5754031656118
1209,5,0,1,57.1138604459322,10.5021043396639,0.286120258048532,0.0839502358795468,48.9609062931425,52.9609062931425,4,1,1,52.9609062931425
1210,5,1,0,49.0474808538551,11.8998585601058,2.17802276482526,-0.603605447982776,58.0069335506269,62.0069335506269,4,0,0,58.0069335506269
1211,5,0,1,52.5723712122515,12.9481806966006,-0.403734622455526,0.182948315913569,51.1210530649937,55.1210530649937,4,0,0,51.1210530649937
1212,5,0,0,43.3156695046243,12.9464704843597,1.73660293530095,-0.836407992387166,48.3913971403755,52.3913971403755,4,1,1,52.3913971403755
1213,5,0,0,55.2117975337692,13.056982004652,0.139521917176008,-0.293676779227725,49.6282630508389,53.6282630508389,4,0,0,49.6282630508389
1214,5,1,0,55.8888834147675,13.8010785395296,2.30703463396547,0.00467679152210459,65.9214014700238,69.9214014700238,4,1,1,69.9214014700238
1215,5,1,0,52.0631354350697,13.1841858641505,-0.168714172185561,-1.36003600705797,50.595123633225,54.595123633225,4,0,0,50.595123633225
1216,5,0,1,58.6124893757698,14.9065253563829,0.668901748540226,-0.549962330707506,59.8077766034472,63.8077766034472,4,0,0,59.8077766034472
1217,5,1,1,52.9394251154051,15.0992865203329,1.33816614048824,0.340434886289573,67.4481317490286,71.4481317490286,4,1,1,71.4481317490286
1218,5,1,0,49.5019518699496,10.7614581947151,0.459450114406082,0.361317349648828,44.1653119777099,48.1653119777099,4,0,0,44.1653119777099
1219,5,0,0,54.3669539621698,13.178205662221,0.903641936414771,-0.110030697978296,51.7558239079696,55.7558239079696,4,0,0,51.7558239079696
1220,5,0,0,59.5664941824366,12.6822085190622,-0.477545874738694,-0.0346908506777962,51.5373845703136,55.5373845703136,4,0,0,51.5373845703136
1221,5,0,0,52.8011966984628,14.4205478643103,0.911349770202127,-0.656948941115903,47.0237294387466,51.0237294387466,4,0,0,47.0237294387466
1222,5,0,1,44.423847126821,10.9071291399405,-0.0310200785513176,-1.08593125877918,42.9249987975936,46.9249987975936,4,0,0,42.9249987975936
1223,5,1,1,53.2978284139055,11.9637865472571,-0.230369605375172,0.924585332050112,48.0882451028864,52.0882451028864,4,0,0,48.0882451028864
1224,5,0,0,45.519181704958,9.43032786087177,-2.45645386372909,1.09243856755312,37.8435622128257,41.8435622128257,4,1,1,41.8435622128257
1225,5,1,1,47.4511894670364,10.5932926572577,-0.660369109106845,0.16210393102368,47.5288503351363,51.5288503351363,4,1,1,51.5288503351363
1226,5,0,1,51.115982240026,11.2500397835374,-1.39695481900129,-0.728768320066021,44.243149682141,48.243149682141,4,0,0,44.243149682141
1227,5,0,0,61.1504170628725,12.2054168574555,-0.391439092053832,0.220785651614081,53.6349905514459,57.6349905514459,4,0,0,53.6349905514459
1228,5,0,0,32.4476111721909,7.70271909980636,-1.01919056896876,-2.11721494091287,35.8429414802505,39.8429414802505,4,0,0,35.8429414802505
1229,5,0,0,38.8330590427577,10.1048122609911,-0.656500562779225,-1.56170890048974,37.6471486373585,41.6471486373585,4,0,0,37.6471486373585
1230,5,0,1,50.5157860678969,7.30813168689483,0.2721089325923,0.0949915316069295,42.0748355640328,46.0748355640328,4,1,1,46.0748355640328
1231,5,0,0,46.8143304224528,13.7337085701209,-2.07419889313454,-1.30843163984206,37.0834333347439,41.0834333347439,4,0,0,37.0834333347439
1232,5,1,0,51.5501272032336,13.1399148124086,1.5726813321982,0.665538988919458,57.0805866607279,61.0805866607279,4,0,0,57.0805866607279
1233,5,1,0,39.713306716565,11.3279193625386,-1.89503193305353,-0.492731255061314,35.511778523817,39.511778523817,4,1,1,39.511778523817
1234,5,1,0,49.8847095455325,10.0236289479679,-0.72486184654964,0.350971987084568,55.5595322565037,59.5595322565037,4,1,1,59.5595322565037
1235,5,0,1,51.8092552629147,7.2894743943851,-0.0527172858282389,0.327812983571126,43.0601883594676,47.0601883594676,4,1,1,47.0601883594676
1236,5,0,0,48.5380177866143,12.7143979924691,0.515662906184994,0.832793815989362,58.5570761287815,62.5570761287815,4,1,1,62.5570761287815
1237,5,1,0,58.9175213417623,10.5503955408259,-0.622037080831354,-0.0312519311725925,52.8470223066114,56.8470223066114,4,0,0,52.8470223066114
1238,5,1,0,59.3283740803814,10.061239600834,-0.763029418898775,1.82699735117499,56.6644953699065,60.6644953699065,4,1,1,60.6644953699065
1239,5,1,0,47.8418343146555,13.6795378787066,0.136326836230958,-0.0417715486071738,48.7260469888776,52.7260469888776,4,0,0,48.7260469888776
1240,5,1,0,54.5445628093657,11.5242916227439,2.56856145497278,-0.764198340365757,59.0093256547526,63.0093256547526,4,0,0,59.0093256547526
1241,5,1,0,62.1731984938646,13.3498409110005,-0.0756824965161619,-0.268080986670771,58.2170847736212,62.2170847736212,4,0,0,58.2170847736212
1242,5,1,1,50.1075439752958,15.6566890628373,0.451443039181373,-0.0807419598524256,56.0303440465594,60.0303440465594,4,0,0,56.0303440465594
1243,5,0,0,48.7385251383984,11.7491452299985,-1.41321916428587,0.54305571532324,53.3362346857903,57.3362346857903,4,1,1,57.3362346857903
1244,5,0,1,55.7459334457746,14.8069808934825,0.268081011313406,1.13048244385983,64.0339835104911,68.0339835104911,4,1,1,68.0339835104911
1245,5,0,0,55.8811449536744,12.4875565961416,0.904530235105593,0.518499544689614,56.1505562653147,60.1505562653147,4,0,0,56.1505562653147
1246,5,1,0,48.2143108437047,10.4512747172524,-0.436339094636058,-1.73453945839332,47.1098406175261,51.1098406175261,4,0,0,47.1098406175261
1247,5,1,0,54.8518665090803,14.7076581242219,0.486309929901882,0.284641767420467,57.916832940471,61.916832940471,4,1,1,61.916832940471
1248,5,1,1,53.6656280893485,8.33291956071504,-0.721535921060041,0.591282948499991,50.7556714686108,54.7556714686108,4,1,1,54.7556714686108
1249,5,1,1,53.1313932745378,9.62981868428601,-0.0316222547620337,0.496158873838094,49.6784825700095,53.6784825700095,4,0,0,49.6784825700095
1250,5,1,1,53.6830210163762,13.9833668311544,0.498616561051306,-0.0884860421859139,56.2244412372624,60.2244412372624,4,1,1,60.2244412372624
1251,6,1,0,56.344727958652,13.7948466361114,1.06950319396332,1.40527518656105,59.2631665262945,63.2631665262945,4,1,1,63.2631665262945
1252,6,0,0,58.4870927639891,13.0431677122305,-0.373412664373688,1.20633046196778,53.3719919852604,57.3719919852604,4,1,1,57.3719919852604
1253,6,0,0,44.1043554098431,12.0757806786247,-1.52954699450214,0.0623042994758943,40.5735196633107,44.5735196633107,4,0,0,40.5735196633107
1254,6,0,0,41.380105865165,9.51200211980226,-0.879559948481765,-1.02546386185802,33.6012000514961,37.6012000514961,4,0,0,33.6012000514961
1255,6,1,1,34.6142520393831,9.87033514740029,0.713472126028719,0.865442131233932,39.989876071024,43.989876071024,4,1,1,43.989876071024
1256,6,1,0,50.5908413794633,10.4444296306405,0.0235151400958872,-2.00590776569142,42.6225286464325,46.6225286464325,4,1,1,46.6225286464325
1257,6,1,1,36.7388592072982,9.15894232661861,-0.855409536966487,-0.425056484183118,33.0477987983151,37.0477987983151,4,0,0,33.0477987983151
1258,6,0,0,55.5902280626951,10.6789790644997,-0.780480344034863,-0.86976494918831,44.5831938733359,48.5831938733359,4,0,0,44.5831938733359
1259,6,1,0,50.0328728327297,8.53834726164192,-0.111171771620597,-0.715136305890196,42.3027234379669,46.3027234379669,4,0,0,42.3027234379669
1260,6,1,1,34.0332081514208,11.7851628324145,-1.66079711545376,0.376263881152622,33.5936055738132,37.5936055738132,4,0,0,33.5936055738132
1261,6,0,0,40.4756934138299,14.0398273910295,-0.505682848484512,0.635550669074899,46.3881715936196,50.3881715936196,4,1,1,50.3881715936196
1262,6,0,1,27.429182679138,11.3449078364574,-1.67115619598848,-0.733218329664841,23.1247359054258,27.1247359054258,4,1,1,27.1247359054258
1263,6,1,0,53.123424606935,13.1309030475287,0.920709759810214,1.1797575196854,56.8464574435386,60.8464574435386,4,1,1,60.8464574435386
1264,6,0,1,55.5407202645295,15.1980918594921,-0.00349336419226532,1.26140627086169,55.4061438864282,59.4061438864282,4,0,0,55.4061438864282
1265,6,0,1,49.5305336628043,14.4714465738201,0.0451994892396686,-1.11782580073571,42.4010325104642,46.4010325104642,4,0,0,42.4010325104642
1266,6,0,0,48.1438446453836,12.1498686669159,0.176849044453056,1.02211207269892,63.1841594213556,67.1841594213556,4,1,1,67.1841594213556
1267,6,0,1,42.5614413423251,9.5364154660111,-0.051603189163473,-0.182148616545833,28.1901855348633,32.1901855348633,4,1,1,32.1901855348633
1268,6,0,0,57.581589376211,13.5668177208157,1.58521854052558,0.461662484020266,62.4444953176154,66.4444953176154,4,1,1,66.4444953176154
1269,6,1,0,50.2644365591513,15.6261568572721,0.407943247923116,1.19979034662935,58.8089875289864,62.8089875289864,4,1,1,62.8089875289864
1270,6,0,0,67.0302417340668,10.5458208771029,-1.01703496661304,1.75465049096282,53.6573922786738,57.6573922786738,4,0,0,53.6573922786738
1271,6,1,1,51.5562184238464,12.9710171315346,0.528567230153642,0.194062120338441,50.7401116762306,54.7401116762306,4,1,1,54.7401116762306
1272,6,0,0,49.2269380516144,6.66280593930122,-2.99573259672574,0.0910261441606187,35.5895207674529,39.5895207674529,4,1,1,39.5895207674529
1273,6,1,0,54.5790433530574,11.6153936478006,0.105525766320199,0.2613636632303,59.8290745804635,63.8290745804635,4,1,1,63.8290745804635
1274,6,0,0,42.6319518452267,11.3192576472146,0.417908588314092,-1.89222783232993,41.6532846001292,45.6532846001292,4,0,0,41.6532846001292
1275,6,1,0,40.3149224212921,15.7243995357756,-0.13100122109485,0.130541008710291,48.9838871078621,52.9838871078621,4,1,1,52.9838871078621
1276,6,0,0,50.1573204411002,13.4254465888943,0.616578526425127,0.504187120146926,49.6473539765459,53.6473539765459,4,0,0,49.6473539765459
1277,6,1,1,44.7372986689462,12.8334415480286,-1.09406336537325,-1.84162855595453,34.6392360080049,38.6392360080049,4,1,1,38.6392360080049
1278,6,1,1,46.4974748502828,11.3111847020237,-0.136586442126512,-0.0153369007306172,46.9827753626699,50.9827753626699,4,0,0,46.9827753626699
1279,6,0,1,26.0274642847734,8.69382040660732,-1.35210929942042,-0.911391295128108,13.3201468637043,17.3201468637043,4,0,0,13.3201468637043
1280,6,1,1,44.4729104638334,11.6040360803752,-0.496525652448121,0.330185327465377,41.7210077214279,45.7210077214279,4,0,0,41.7210077214279
1281,6,1,0,38.2375269445407,10.1178442679641,0.109900767541393,-2.01361241811282,38.198193067388,42.198193067388,4,1,1,42.198193067388
1282,6,1,0,43.5557262566314,9.40616227579919,-0.681946210665752,-1.74849939566345,36.0125612426143,40.0125612426143,4,0,0,36.0125612426143
1283,6,1,1,42.7626832600243,15.2260032100876,-0.860259100328558,-0.976181216414666,43.3004970232063,47.3004970232063,4,1,1,47.3004970232063
1284,6,0,0,44.4006427322734,8.79069459468211,-1.35593660261387,0.39903422739485,35.5023349963015,39.5023349963015,4,0,0,35.5023349963015
1285,6,1,0,46.2748018355308,10.7393702760512,-0.462027517126153,-0.667462571325488,46.0978979362483,50.0978979362483,4,1,1,50.0978979362483
1286,6,1,1,44.5765152871596,8.76216137959247,-0.119396853834484,-1.07248479909041,36.3424444625739,40.3424444625739,4,0,0,36.3424444625739
1287,6,1,0,46.1319336003347,9.0326528702979,-0.567989431016732,1.92530798497883,43.6472750332421,47.6472750332421,4,0,0,43.6472750332421
1288,6,1,0,51.6335225064888,13.1595073770903,-0.484662087392317,-2.3216936475939,43.0599086513025,47.0599086513025,4,1,1,47.0599086513025
1289,6,0,0,45.2574552990209,13.5560484698027,0.638739603983365,-0.0102483772496103,53.7734898800608,57.7734898800608,4,0,0,53.7734898800608
1290,6,1,0,57.5137067613586,9.44215477573475,0.369527253020274,0.0101212242501688,46.6918267342973,50.6918267342973,4,0,0,46.6918267342973
1291,6,1,1,44.9237675970631,12.7642504496263,-1.13477145603258,0.861857650988034,45.7558411692719,49.7558411692719,4,1,1,49.7558411692719
1292,6,0,1,49.315657491777,11.5780564073174,0.240164042167014,-0.294452850357538,46.3746413463892,50.3746413463892,4,0,0,46.3746413463892
1293,6,1,1,46.1918185297429,10.8425557965099,-1.10219740166156,2.06495552746056,40.0910724825637,44.0910724825637,4,1,1,44.0910724825637
1294,6,1,1,51.6674477968484,11.1317259112971,0.600098391657342,-0.98567291296127,40.9952374420703,44.9952374420703,4,0,0,40.9952374420703
1295,6,1,1,45.6931963868238,12.0458065081234,-0.0916208773328582,0.407907163865695,36.9305074245866,40.9305074245866,4,1,1,40.9305074245866
1296,6,0,1,40.3085293109901,13.5896075107387,0.762385204079097,0.283699442939814,44.8790964774861,48.8790964774861,4,0,0,44.8790964774861
1297,6,1,1,46.3017604111482,11.268763506424,-0.701751668919241,0.636558199567933,36.4232318826299,40.4232318826299,4,1,1,40.4232318826299
1298,6,1,0,36.4894424303958,16.5845375929341,0.0584443991416603,-0.146592608500003,46.6502787358352,50.6502787358352,4,1,1,50.6502787358352
1299,6,1,0,60.4897353254698,9.7359952176543,-0.564423712703934,-0.805460651916038,52.7163673069684,56.7163673069684,4,1,1,56.7163673069684
1300,6,1,0,51.1981729236645,14.7112245960423,1.37805948037966,-0.989604465933065,59.074795708794,63.074795708794,4,1,1,63.074795708794
1301,6,1,0,51.8565763967577,9.89395812609935,-0.0311867694918119,0.927937406450339,50.7339744501566,54.7339744501566,4,0,0,50.7339744501566
1302,6,1,1,59.7070858494896,12.9220408775682,0.485296821226966,1.09103746714308,57.0264277077186,61.0264277077186,4,0,0,57.0264277077186
1303,6,0,1,33.5933291288246,11.8467103396507,1.20325419701101,-1.30787236793923,28.5787716487664,32.5787716487664,4,1,1,32.5787716487664
1304,6,1,1,42.0766427442936,10.8266640030717,-0.485639957437623,1.07653627272456,32.973844541571,36.973844541571,4,0,0,32.973844541571
1305,6,0,1,54.4055361581405,15.8784733267037,0.00878588802109128,1.33315675309996,51.5666163172444,55.5666163172444,4,0,0,51.5666163172444
1306,6,0,1,41.9930011793607,9.41933710088724,0.451512819931421,-0.303324387499709,37.8861038991147,41.8861038991147,4,1,1,41.8861038991147
1307,6,1,1,39.7840331422924,11.1923341346221,-0.579082050188614,-2.46540786957299,31.5348709711608,35.5348709711608,4,1,1,35.5348709711608
1308,6,1,1,50.0763530387503,12.028754868416,-0.436675541266446,1.25932369321829,50.4853609668759,54.4853609668759,4,0,0,50.4853609668759
1309,6,1,0,60.4801963025942,10.8297234394389,0.205535145794343,1.98712771437898,58.6752872259124,62.6752872259124,4,1,1,62.6752872259124
1310,6,0,0,40.4411718519082,11.0954615167981,1.32743707475016,-1.92321846494197,41.4615813095522,45.4615813095522,4,0,0,41.4615813095522
1311,6,1,1,25.431665615903,7.63218417448212,-2.37011462476917,-1.30201854373533,14.8345018112427,18.8345018112427,4,0,0,14.8345018112427
1312,6,1,0,60.9587874786823,11.7054750162467,0.44672334289452,0.298640904983308,55.8752332676872,59.8752332676872,4,1,1,59.8752332676872
1313,6,1,1,61.869030753879,13.3846598299785,1.36886475304044,0.664156341779586,58.179636990895,62.179636990895,4,1,1,62.179636990895
1314,6,1,0,50.5807837415099,16.0820821352515,0.0596060830531553,-0.212684285105491,59.5276963510118,63.5276963510118,4,1,1,63.5276963510118
1315,6,1,1,48.471877846986,15.4046122380634,0.533150500626492,0.005085273047914,44.3678904435122,48.3678904435122,4,0,0,44.3678904435122
1316,6,1,0,59.4763251117077,11.4366927867057,-0.106997032309536,0.0604123626009543,47.5482785601246,51.5482785601246,4,1,1,51.5482785601246
1317,6,0,0,50.7453140630881,17.1313496575017,1.4048066163263,-0.465564534098681,52.7593772841339,56.7593772841339,4,1,1,56.7593772841339
1318,6,1,0,60.3383252174045,9.36480908084803,0.195598420001413,-0.0181249168686601,41.1946299186623,45.1946299186623,4,0,0,41.1946299186623
1319,6,1,1,22.1112925508536,10.1506346829552,0.0651678803874619,-1.02527968940023,32.7573628347741,36.7573628347741,4,1,1,36.7573628347741
1320,6,1,1,41.7378291389728,12.0215714375507,-0.392809782146631,-2.13909857139155,37.0353939187758,41.0353939187758,4,0,0,37.0353939187758
1321,6,1,0,49.8734938332017,16.1054897733053,0.811072358738049,-0.625316960458585,45.9460160608786,49.9460160608786,4,1,1,49.9460160608786
1322,6,1,0,52.839334246656,6.7264354977046,-0.473887330308897,0.518063006706584,46.5859344943047,50.5859344943047,4,0,0,46.5859344943047
1323,6,1,1,48.3117692028912,13.4384969208332,-1.04932405768793,1.40133909233137,42.8012208658066,46.8012208658066,4,0,0,42.8012208658066
1324,6,0,0,46.8685714674715,11.9541083079174,0.319339509732013,-1.33716915643112,44.7441613424453,48.7441613424453,4,1,1,48.7441613424453
1325,6,1,0,50.3353903944476,11.8912014659248,0.967322347623136,0.592354882307164,48.8988343583913,52.8988343583913,4,0,0,48.8988343583913
1326,6,0,0,54.5787862349323,10.0272673037572,-0.929751376247219,1.20525079349186,48.2619937868652,52.2619937868652,4,0,0,48.2619937868652
1327,6,0,0,56.2899107175968,9.17650139060586,-0.542704672303013,1.47251144500917,47.9247879139328,51.9247879139328,4,1,1,51.9247879139328
1328,6,0,0,58.5074755230685,14.9590881860267,0.572163641576378,0.104440468496397,56.3175866830757,60.3175866830757,4,1,1,60.3175866830757
1329,6,0,0,47.609207080048,11.641730584666,1.1475829712557,-0.0164152489520924,47.6243487341048,51.6243487341048,4,1,1,51.6243487341048
1330,6,1,0,55.3096512662974,11.3342603979807,-1.03061148128696,-0.945586132660027,37.9220031419896,41.9220031419896,4,1,1,41.9220031419896
1331,6,0,1,38.1700990269733,14.2635907594146,-0.654727908100551,-0.459470269231431,37.9061503216838,41.9061503216838,4,1,1,41.9061503216838
1332,6,0,0,48.4789409897183,13.6139922529584,0.716767614940353,-0.419726810315871,44.281513116264,48.281513116264,4,1,1,48.281513116264
1333,6,0,0,49.1666468612934,13.2779847710979,-1.90394677201467,1.58938912625576,43.0496187987311,47.0496187987311,4,1,1,47.0496187987311
1334,6,1,0,60.2483980169174,13.3721845104099,1.77948612527727,-0.00946125269531891,53.7765592166964,57.7765592166964,4,1,1,57.7765592166964
1335,6,1,0,48.6872291571631,11.2707014547425,-0.521604532616667,0.352414571038845,37.6921706167609,41.6921706167609,4,0,0,37.6921706167609
1336,6,0,0,60.6114006861702,13.1669866230548,-0.889417684970042,2.37918153742717,54.8781823930138,58.8781823930138,4,1,1,58.8781823930138
1337,6,1,1,52.2379508778615,15.988568630241,-0.615455949248272,-0.624032586711001,44.6183336150551,48.6183336150551,4,1,1,48.6183336150551
1338,6,1,1,44.7358341884914,10.3724802937331,-1.21026510725603,0.085705281412557,36.0053857756147,40.0053857756147,4,1,1,40.0053857756147
1339,6,1,0,59.0387385689983,13.6217539819083,0.307180229503237,1.02250414806916,57.5227687142008,61.5227687142008,4,0,0,57.5227687142008
1340,6,1,0,60.3418766909909,11.494936242532,-1.48499521657416,-0.138038373834319,47.6437175177545,51.6437175177545,4,0,0,47.6437175177545
1341,6,1,0,50.4115231503856,11.7403237325943,-0.478397042279841,1.13095302120691,41.4225353275272,45.4225353275272,4,1,1,45.4225353275272
1342,6,0,0,69.001927262785,12.4638124258663,1.73792209820455,1.18151702407164,63.285325664944,67.285325664944,4,1,1,67.285325664944
1343,6,0,0,45.061307056625,12.5179412995251,1.78564647215637,-0.280766231841934,45.7311069698142,49.7311069698142,4,0,0,45.7311069698142
1344,6,1,1,40.9840101392389,14.7799141572602,0.266071809555148,-0.633637441203155,47.9584959999962,51.9584959999962,4,0,0,47.9584959999962
1345,6,0,1,48.6072696794852,14.6615629983453,0.833194870579758,0.155001371641035,44.5136840257106,48.5136840257106,4,1,1,48.5136840257106
1346,6,1,1,48.1195395136166,17.9085032264179,1.57317453474283,-0.683024841847094,54.6379355661854,58.6379355661854,4,0,0,54.6379355661854
1347,6,0,0,57.272284092395,11.5518909095617,0.278578062691284,1.83209967817471,56.5210125469613,60.5210125469613,4,1,1,60.5210125469613
1348,6,1,0,38.9237148565652,10.2505496544,-0.747593301712358,-0.550162867661238,34.932397797463,38.932397797463,4,0,0,34.932397797463
1349,6,1,0,52.4500125607069,13.0626046259638,-0.340321182817171,0.945908298878606,48.8048229908813,52.8048229908813,4,0,0,48.8048229908813
1350,6,0,0,48.5530300982531,13.7953729673505,-0.875193256336592,-0.5857651898603,42.3764687500725,46.3764687500725,4,0,0,42.3764687500725
1351,6,0,0,58.0248364737845,11.1919596238025,-0.367065852718913,0.834205936549792,55.1159207742946,59.1159207742946,4,1,1,59.1159207742946
1352,6,1,0,51.7481476563006,13.3216099494765,1.9699301533697,-0.827673952064245,58.7745255973079,62.7745255973079,4,1,1,62.7745255973079
1353,6,1,0,43.7126785260779,11.9679583649039,1.34837744032022,-0.695909774966463,47.3880848324839,51.3880848324839,4,1,1,51.3880848324839
1354,6,1,0,40.6048102075559,10.6337023998665,-1.5748255778791,-1.09031784179723,34.9040452521391,38.9040452521391,4,1,1,38.9040452521391
1355,6,0,0,50.8396977567058,11.0505213987473,1.38725337614244,0.380027200107154,53.7524651944562,57.7524651944562,4,0,0,53.7524651944562
1356,6,1,0,45.8883838094416,14.2485491758017,0.169027497908255,-0.854331651531199,47.677838149522,51.677838149522,4,0,0,47.677838149522
1357,6,0,1,45.0776306672166,8.44713017127765,-0.39793949120706,-1.91920431707893,38.6125561295241,42.6125561295241,4,0,0,38.6125561295241
1358,6,0,1,47.450133848346,13.9729184479631,-0.254828502881317,0.1400666492031,43.3875878641023,47.3875878641023,4,0,0,43.3875878641023
1359,6,1,0,51.8776889446604,9.13189102013879,-1.11511531031733,0.32791593490523,39.2573831626768,43.2573831626768,4,0,0,39.2573831626768
1360,6,0,1,57.7405452884952,13.694159359644,-0.0261915526061786,1.77069448292915,53.630144594611,57.630144594611,4,1,1,57.630144594611
1361,6,1,0,49.5308468141122,12.0160048879632,0.396117305686963,-1.24078552632613,46.8980416006456,50.8980416006456,4,0,0,46.8980416006456
1362,6,0,0,54.4502099010951,13.2345887902109,-1.67497035143468,-0.884672523793974,42.8766917168504,46.8766917168504,4,0,0,42.8766917168504
1363,6,0,1,57.7622506105851,10.2358333194082,0.491567961538929,0.451358995681056,49.1178305150882,53.1178305150882,4,0,0,49.1178305150882
1364,6,1,0,49.6261268295501,14.1317934404071,2.20361068096986,-0.687413266216066,63.3941425757502,67.3941425757502,4,1,1,67.3941425757502
1365,6,1,1,37.0719660791737,8.62413872298002,-0.53981055403186,-1.90778891061217,32.8407343860296,36.8407343860296,4,1,1,36.8407343860296
1366,6,0,0,38.1496613635614,12.8346403990136,1.78937641978087,-1.12416573972573,37.8276688577712,41.8276688577712,4,1,1,41.8276688577712
1367,6,1,0,42.1943401881689,15.6967853067926,-0.534357980384446,-1.93309351046903,40.8541133367538,44.8541133367538,4,1,1,44.8541133367538
1368,6,0,0,53.4012306490343,14.7654036563455,1.38864136350469,0.475758351588033,60.1055869956725,64.1055869956725,4,1,1,64.1055869956725
1369,6,0,0,51.8827814149495,13.0683423663818,0.051127996667607,-0.235761681844867,49.7379706169625,53.7379706169625,4,0,0,49.7379706169625
1370,6,1,0,49.1662336994952,11.4046320464686,-0.148389564492469,-1.09764613885735,43.6329283607977,47.6329283607977,4,1,1,47.6329283607977
1371,6,1,0,56.3847619945866,11.3265734246633,-0.706437999785927,0.360568346609584,50.7484333123693,54.7484333123693,4,0,0,50.7484333123693
1372,6,0,0,59.8835760270192,14.1380760347095,0.876289555479914,-0.930412583219714,51.0291378352769,55.0291378352769,4,0,0,51.0291378352769
1373,6,0,1,46.3474811369284,15.276871517151,1.23678176587713,-2.65029251825331,49.1152449368889,53.1152449368889,4,1,1,53.1152449368889
1374,6,0,0,47.5832807705734,9.0483626085994,-0.256005177207528,0.489960322455309,49.1525270167893,53.1525270167893,4,0,0,49.1525270167893
1375,6,0,1,48.7296922491981,10.3193350844592,0.0483423782487721,1.09462182673922,45.2059549583382,49.2059549583382,4,0,0,45.2059549583382
1376,6,0,1,44.5156807975366,17.540484778438,1.0488390923401,-2.12363964885547,45.7338459283425,49.7338459283425,4,0,0,45.7338459283425
1377,6,1,1,48.4250697805385,8.36516560111268,-1.27648510243027,-0.492345875282002,39.8054146641004,43.8054146641004,4,0,0,39.8054146641004
1378,6,0,0,50.5588815409785,6.63372306480502,-1.76303731623335,1.06656593936937,41.6429439416254,45.6429439416254,4,1,1,45.6429439416254
1379,6,1,0,64.3260553349627,11.0657218626695,0.566597437684195,1.02888624064604,54.0810821212839,58.0810821212839,4,1,1,58.0810821212839
1380,6,1,0,43.495866816729,12.0694801041176,-0.810035965558935,-0.18007632330315,44.0475667083365,48.0475667083365,4,1,1,48.0475667083365
1381,6,0,0,51.2308832602679,13.0622723437101,-0.757883095647743,0.175757453346068,44.1304716287465,48.1304716287465,4,1,1,48.1304716287465
1382,6,1,0,45.7546735158921,12.9017697859542,1.05799564993082,0.867160803501608,54.167722978487,58.167722978487,4,1,1,58.167722978487
1383,6,0,0,45.5082406135913,8.48449647231596,-1.55069091782949,-0.290632466463,38.1564372467529,42.1564372467529,4,0,0,38.1564372467529
1384,6,1,1,27.686477198372,8.29180995194228,-3.2006976954795,-0.536588068877462,28.0706947724378,32.0706947724378,4,1,1,32.0706947724378
1385,6,1,0,36.0127442711013,15.6549418519394,-0.40985934089097,-0.558725330730998,40.1221304159529,44.1221304159529,4,0,0,40.1221304159529
1386,6,1,1,42.9793776096201,10.512839638599,-0.868497221829977,0.181410315523589,33.9707475755679,37.9707475755679,4,0,0,33.9707475755679
1387,6,0,0,53.673401623849,9.35225796711395,-0.434872655659348,-0.135953012825174,45.1389588836498,49.1389588836498,4,0,0,45.1389588836498
1388,6,1,1,58.7699071539854,12.9085383678424,0.950181167331679,-0.592854529247182,57.315097046797,61.315097046797,4,0,0,57.315097046797
1389,6,0,0,45.1263506685409,8.55646794099902,-1.84515621317747,-0.320012526523284,37.5294606992111,41.5294606992111,4,1,1,41.5294606992111
1390,6,1,0,35.1919436338062,11.8933510869524,-0.791464903150879,-0.0476599044459324,39.1015238039846,43.1015238039846,4,0,0,39.1015238039846
1391,6,1,1,52.2489740626339,8.63886735363274,-0.438698790536612,2.63094961144555,41.8238976975586,45.8238976975586,4,0,0,41.8238976975586
1392,6,0,0,42.3067048842998,12.3258383577837,0.242450928369439,0.0015522571975509,42.1809458697656,46.1809458697656,4,1,1,46.1809458697656
1393,6,0,0,57.3828185664517,6.16850130727141,-0.90715461407784,1.3998659837556,48.2484872188563,52.2484872188563,4,0,0,48.2484872188563
1394,6,1,0,46.796497808305,12.4771603201319,1.19369681582535,-0.336699979870836,50.5922488387667,54.5922488387667,4,1,1,54.5922488387667
1395,6,1,1,59.5335571680392,10.4263753471996,-2.34820200286082,3.30901699034361,48.99555060216,52.99555060216,4,0,0,48.99555060216
1396,6,0,1,63.2586321845581,13.8817661085337,0.678596187665548,0.13864263505588,58.9423423757601,62.9423423757601,4,1,1,62.9423423757601
1397,6,1,0,54.5957836789539,9.31800292615689,-1.15409814888881,0.434023727100561,46.5082337280111,50.5082337280111,4,0,0,46.5082337280111
1398,6,0,0,47.9279422403389,9.35642072487595,-1.11441460436562,0.249587105403844,45.1767755440629,49.1767755440629,4,0,0,45.1767755440629
1399,6,1,0,32.7430637840544,6.77333994949428,-1.02860597123912,0.57089089205327,40.0154467068745,44.0154467068745,4,0,0,40.0154467068745
1400,6,1,1,53.545472701364,13.7965800982192,0.0199124259449313,0.654071603855156,40.5599375685974,44.5599375685974,4,0,0,40.5599375685974
1401,6,0,1,54.1434421111949,11.6945970177882,-0.34400687738009,1.49086534063526,50.4555499536476,54.4555499536476,4,0,0,50.4555499536476
1402,6,0,0,40.4620882961383,6,-1.1191174044009,-1.61758636036343,30.6223396238607,34.6223396238607,4,1,1,34.6223396238607
1403,6,1,0,48.1767410268293,10.7507748913689,-1.02391688354963,0.278687961312521,44.7853550406992,48.7853550406992,4,1,1,48.7853550406992
1404,6,0,1,50.5872056713582,10.6444340358143,-2.41868809089758,0.744193379350348,36.0438221757211,40.0438221757211,4,0,0,36.0438221757211
1405,6,1,0,54.2038313256186,14.1268450815872,0.232766987493661,-0.602036373528329,52.8343387604527,56.8343387604527,4,0,0,52.8343387604527
1406,6,1,1,37.1624851617892,16.9156299739952,2.33220628535202,-0.559377631189292,50.6527348164596,54.6527348164596,4,0,0,50.6527348164596
1407,6,1,0,55.2354584128292,11.5913647472168,-0.0919128575111617,-0.571546032802859,50.9121633349284,54.9121633349284,4,0,0,50.9121633349284
1408,6,1,0,50.7010380668201,14.9947391079635,1.53474532199992,-0.964213102507341,60.966560377268,64.966560377268,4,1,1,64.966560377268
1409,6,0,1,41.6170383651024,12.4894671403445,1.03664504563675,-0.469585499914426,38.4106286530547,42.4106286530547,4,0,0,38.4106286530547
1410,6,0,0,43.6886422600132,10.5513698042413,-0.598061613091178,-0.827230390116298,36.0693836740351,40.0693836740351,4,0,0,36.0693836740351
1411,6,0,1,46.2772302349303,11.2499742733687,-1.54487902175378,0.681061861905162,37.8882117551347,41.8882117551347,4,1,1,41.8882117551347
1412,6,0,1,47.7270185735706,16.626310251893,0.941347685950845,1.06122636370102,56.9036809747149,60.9036809747149,4,1,1,60.9036809747149
1413,6,1,0,56.7113364729805,12.0291122902095,0.907035033569966,0.896796652944458,53.8726479179833,57.8726479179833,4,0,0,53.8726479179833
1414,6,0,1,48.1946506084272,11.6268463965752,0.167544889165686,0.609845560490981,39.2171258624375,43.2171258624375,4,0,0,39.2171258624375
1415,6,1,0,54.2617478839248,16.61735420421,1.02358311655199,-1.08589720455852,43.858005087488,47.858005087488,4,0,0,43.858005087488
1416,6,0,0,60.3573184070132,13.4514451189273,-0.352692109671964,0.951988510619895,55.1222424978347,59.1222424978347,4,1,1,59.1222424978347
1417,6,0,1,35.4241301663524,10.6885146395266,0.113957490886194,-2.01402311267228,32.9664149684565,36.9664149684565,4,0,0,32.9664149684565
1418,6,1,0,56.9209255070239,13.3986637413838,1.02331959344144,0.305128167351125,53.2535919942599,57.2535919942599,4,0,0,53.2535919942599
1419,6,1,0,69.2451668787876,14.2748027027607,1.26916092257597,1.71629683179257,70.0279410448103,74.0279410448103,4,1,1,74.0279410448103
1420,6,0,0,63.1688363071558,9.87236263662467,-0.309533590837663,1.88899922043552,56.9589583020095,60.9589583020095,4,1,1,60.9589583020095
1421,6,0,0,45.770132938386,10.3604585480952,-2.04181386866671,0.447382006535879,35.1605976206535,39.1605976206535,4,1,1,39.1605976206535
1422,6,1,1,43.1288752717733,12.0584279501333,-0.515963889056492,0.038007670876208,33.9871587552895,37.9871587552895,4,1,1,37.9871587552895
1423,6,1,0,66.5697540387355,15.287751525494,0.914898713569332,0.584605991312226,65.9353985092565,69.9353985092565,4,0,0,65.9353985092565
1424,6,1,0,50.8567873944242,10.6204941960746,-0.336402924515819,0.747723504624079,45.0983015730221,49.0983015730221,4,0,0,45.0983015730221
1425,6,0,0,64.4393601624574,16.400828566906,2.92735240382248,-0.898161097679571,66.8571228492141,70.8571228492141,4,1,1,70.8571228492141
1426,6,0,1,39.0041385712919,9.82051707849633,-0.269111838144775,-1.85583806000637,35.7231841308854,39.7231841308854,4,0,0,35.7231841308854
1427,6,1,1,54.0631608310376,12.2244082281287,-0.831491886062506,1.23281801202634,47.107298938575,51.107298938575,4,0,0,47.107298938575
1428,6,0,1,47.1784269452734,16.1990260165972,0.512464322051559,0.309779167435792,45.9491275902514,49.9491275902514,4,0,0,45.9491275902514
1429,6,0,0,54.0073086349176,13.8545450265459,0.904183331323793,0.688365858598518,47.4584097780956,51.4584097780956,4,0,0,47.4584097780956
1430,6,0,0,46.3524188952869,15.1724079108428,0.903615568804554,-0.450045544931126,49.2490686960408,53.2490686960408,4,1,1,53.2490686960408
1431,6,1,0,53.7151225740587,12.4547193074947,-0.375051556861527,1.08453672802879,47.9703780483176,51.9703780483176,4,0,0,47.9703780483176
1432,6,1,0,38.9996419257656,10.9877209659503,-1.42553615825513,-1.50076010109715,38.1206432800763,42.1206432800763,4,1,1,42.1206432800763
1433,6,1,0,48.4060929269231,10.6527475840641,-0.354028216361146,0.572875067943284,50.6050453141385,54.6050453141385,4,1,1,54.6050453141385
1434,6,1,0,48.1775277495601,11.0442858062312,0.255118290956249,0.115762748552489,46.6519600735912,50.6519600735912,4,0,0,46.6519600735912
1435,6,1,0,57.270255262205,9.57353618152356,-0.147097294261819,-0.137543343845593,48.4097247064019,52.4097247064019,4,1,1,52.4097247064019
1436,6,0,1,50.9710644672585,14.0708141283403,-1.23634498498392,-1.32339795893507,38.7556960897804,42.7556960897804,4,0,0,38.7556960897804
1437,6,0,0,72.7576698439954,8.41160874587773,-0.535339082492471,1.82015484339697,58.6026309804463,62.6026309804463,4,0,0,58.6026309804463
1438,6,1,1,51.0161777529556,9.6438605275521,0.851321612903589,0.321072650469381,48.9947883877761,52.9947883877761,4,0,0,48.9947883877761
1439,6,1,0,58.6945864274484,7.86170592249573,-0.12339617852385,1.54434646402947,58.4815400951108,62.4815400951108,4,1,1,62.4815400951108
1440,6,1,1,38.0540503954685,7.72466917804638,-0.640638909968249,0.170620553672972,42.1335780898175,46.1335780898175,4,0,0,42.1335780898175
1441,6,1,1,45.4867525592825,11.4096912359448,0.203167330327811,0.193758668162493,44.2987680013385,48.2987680013385,4,1,1,48.2987680013385
1442,6,1,0,58.7423922536653,11.2579062480426,0.142318967915991,-0.177576559008821,52.6297479931297,56.6297479931297,4,0,0,52.6297479931297
1443,6,1,0,42.6671832525428,9.48151770122731,-2.98903122360277,0.492011106876928,35.3029373211187,39.3029373211187,4,0,0,35.3029373211187
1444,6,0,0,38.2179995495485,13.5909160317604,0.329390160459664,-0.0335471860456254,41.6961010590291,45.6961010590291,4,1,1,45.6961010590291
1445,6,0,1,38.1634843618046,10.6503652642657,-2.1353213423831,1.43119520163089,30.841254943488,34.841254943488,4,0,0,30.841254943488
1446,6,0,1,47.4299124082073,11.3641683536797,0.217858606086819,0.208005519478903,48.4378929533332,52.4378929533332,4,0,0,48.4378929533332
1447,6,0,0,50.0848553249427,12.0747751636961,-0.371909060610035,-0.282542589324816,47.0311133865068,51.0311133865068,4,0,0,47.0311133865068
1448,6,0,0,34.7196877503456,7.69758273824333,-0.746271373743805,-1.38167743741773,30.2997529374275,34.2997529374275,4,0,0,30.2997529374275
1449,6,0,0,57.7688419552737,9.34695053411883,-0.680182867940511,0.356962142443431,45.4413182844356,49.4413182844356,4,0,0,45.4413182844356
1450,6,0,1,38.5356260525423,12.199554405769,0.987973027939029,0.591212023916776,46.5774213955282,50.5774213955282,4,1,1,50.5774213955282
1451,6,1,0,49.4506967079995,15.1190533827945,1.01578547178474,-0.805315109219352,54.229220993968,58.229220993968,4,0,0,54.229220993968
1452,6,0,0,46.1778477455094,8.35512253442279,-0.40133194641408,-0.30902532674567,35.6961074036183,39.6961074036183,4,0,0,35.6961074036183
1453,6,1,1,51.3077022406309,9.06945486737671,-2.59153937931216,0.349168468021953,45.5634648940985,49.5634648940985,4,0,0,45.5634648940985
1454,6,0,0,49.5355862708751,11.6497863415932,0.746391294454138,0.0433284002190287,45.6727999475053,49.6727999475053,4,0,0,45.6727999475053
1455,6,0,0,49.2932190978482,16.9415535167774,1.84132143836431,-0.818519873906786,48.3724585741189,52.3724585741189,4,1,1,52.3724585741189
1456,6,0,0,53.5561845209455,14.2879773096452,-0.138947338710068,0.367366708229072,47.3141108483068,51.3141108483068,4,1,1,51.3141108483068
1457,6,1,0,72.4818823480766,18.1563613836082,0.730719893238213,2.24486610304359,65.8883722626551,69.8883722626551,4,1,1,69.8883722626551
1458,6,0,0,43.9035500846864,7.69671844264377,-1.86244047307403,-0.166269160020535,38.6555856083915,42.6555856083915,4,0,0,38.6555856083915
1459,6,0,0,40.1619937866514,8.4557867047717,0.971261165850835,-1.17172306493807,44.2292410124255,48.2292410124255,4,0,0,44.2292410124255
1460,6,0,0,46.9572702605206,15.9714815492836,-1.05055213219513,-0.967955937412819,46.8306388496409,50.8306388496409,4,1,1,50.8306388496409
1461,6,0,0,50.4894589634705,12.0577442685194,0.702453312041181,0.787300744634711,44.7409593376565,48.7409593376565,4,0,0,44.7409593376565
1462,6,0,0,59.2915973972709,13.4444546132508,-0.494686907246515,-0.318363285860839,53.8642030191504,57.8642030191504,4,1,1,57.8642030191504
1463,6,1,0,43.3566328840817,11.9923861022319,0.499667405973446,-0.965221554780104,47.9866566732613,51.9866566732613,4,1,1,51.9866566732613
1464,6,0,0,48.356735221439,12.7065577421819,0.902331237634275,-0.00598764926674724,44.5229185475934,48.5229185475934,4,1,1,48.5229185475934
1465,6,0,0,39.983407829769,11.5646127443033,-0.492933379950568,0.435921546539892,45.7603524252549,49.7603524252549,4,0,0,45.7603524252549
1466,6,0,0,36.6112060853144,11.2965648527079,-1.6692290914758,-1.21635792540616,28.2597444498372,32.2597444498372,4,1,1,32.2597444498372
1467,6,0,1,40.7211807254544,10.0027638265515,-0.262705124581446,-0.700673523943189,37.8212090892084,41.8212090892084,4,1,1,41.8212090892084
1468,6,0,0,47.2137014863652,14.9086961659072,0.0728060174324512,-1.78306279681556,48.9680392578298,52.9680392578298,4,0,0,48.9680392578298
1469,6,0,0,55.1570302428775,8.62904177938421,-0.590314292474393,0.924756330930845,49.0972641789574,53.0972641789574,4,1,1,53.0972641789574
1470,6,0,1,48.758657113471,12.1666670062324,0.674753849308533,-0.816672245072475,45.0405072534978,49.0405072534978,4,1,1,49.0405072534978
1471,6,1,1,53.704446240048,15.0639362388877,0.983647996974078,1.2904951280684,59.6113047282565,63.6113047282565,4,1,1,63.6113047282565
1472,6,0,0,46.88131364003,15.4141717053817,-0.316980026775599,-0.746946813269616,45.6415235246023,49.6415235246023,4,1,1,49.6415235246023
1473,6,0,0,44.7653042462379,10.1130278731469,-0.127767029815404,-0.289990511101753,33.8988395832227,37.8988395832227,4,1,1,37.8988395832227
1474,6,1,0,58.2205749252013,11.4799688590397,0.0929142940476859,-0.383216638865478,56.512653442857,60.512653442857,4,1,1,60.512653442857
1475,6,0,0,46.7176848786356,10.9487434233744,0.295027405677826,0.27632864152762,45.3594680277973,49.3594680277973,4,1,1,49.3594680277973
1476,6,0,0,52.1107776332932,13.2288664347037,2.09174144233273,0.675856482987907,54.0737434480517,58.0737434480517,4,0,0,54.0737434480517
1477,6,0,0,51.9188511151121,14.5778633311145,0.549913330465431,-0.014093864715777,46.5748648455748,50.5748648455748,4,1,1,50.5748648455748
1478,6,1,0,42.2072362618258,11.5268797388042,-0.63368586104402,-0.307484655331151,47.5839500229714,51.5839500229714,4,0,0,47.5839500229714
1479,6,1,0,65.0838218605864,14.7165175489386,0.666159649594512,1.86363225224966,65.2885433738145,69.2885433738145,4,1,1,69.2885433738145
1480,6,0,1,49.2099715887143,13.4509057901452,-0.717837941422948,-0.412751662359251,45.5590061593694,49.5590061593694,4,1,1,49.5590061593694
1481,6,0,0,39.2500168641674,9.02244277142823,-1.96110212253033,-1.24833580564946,27.3025303085358,31.3025303085358,4,1,1,31.3025303085358
1482,6,0,1,58.3310877030253,12.3249522447381,-1.16058582351762,0.187013220566371,53.507706489855,57.507706489855,4,1,1,57.507706489855
1483,6,1,1,44.7397148991038,13.3769360119621,-0.59031692991489,0.346384907421191,44.075574812233,48.075574812233,4,0,0,44.075574812233
1484,6,1,0,38.1823278269981,11.0084799267987,0.570191326845818,0.400487976271343,46.8680602459818,50.8680602459818,4,0,0,46.8680602459818
1485,6,1,0,40.9890016296565,10.4838816810135,-0.332576595327716,0.393336796596832,38.0593187788215,42.0593187788215,4,1,1,42.0593187788215
1486,6,1,1,51.4340434077547,15.3884260776743,1.28678446983948,0.196861608356087,53.1678514654683,57.1678514654683,4,1,1,57.1678514654683
1487,6,1,0,41.2129123309403,10.4078956510972,-0.274500579589098,0.134928124376705,36.5641959634475,40.5641959634475,4,1,1,40.5641959634475
1488,6,1,0,58.1474326228395,10.2772396993642,0.979380941526569,0.713691059144026,56.0957094499476,60.0957094499476,4,1,1,60.0957094499476
1489,6,1,0,52.6787936052902,10.3694743743579,-0.423351993149218,-0.592292762657761,42.3452864476597,46.3452864476597,4,0,0,42.3452864476597
1490,6,0,0,51.3075363390356,16.8755849899389,-0.628975243883411,0.77145948698946,50.6727251292072,54.6727251292072,4,0,0,50.6727251292072
1491,6,0,0,53.6993823264687,13.1503846485144,0.722203476658911,-0.12898734449668,49.8704042880583,53.8704042880583,4,0,0,49.8704042880583
1492,6,0,0,55.0296363765567,12.1813189299238,1.69231971844356,0.816586662601805,59.1979063062627,63.1979063062627,4,0,0,59.1979063062627
1493,6,1,1,29.8777265239122,15.8967960807918,1.83286692282921,-1.57860309189373,44.3530918961322,48.3530918961322,4,0,0,44.3530918961322
1494,6,1,0,54.3833355520129,12.5163302581624,1.15617424193928,-0.356199488941346,57.9539375672725,61.9539375672725,4,1,1,61.9539375672725
1495,6,1,0,55.908852492636,8.65795176672883,0.926684616982441,1.9577505924815,48.8399444393405,52.8399444393405,4,1,1,52.8399444393405
1496,6,0,0,42.3183616581692,15.9051825869476,0.163316004537412,0.950282232530658,44.7167344353708,48.7167344353708,4,1,1,48.7167344353708
1497,6,1,1,63.8198971021892,12.194559451531,1.6692894572194,-0.754509684068057,57.0778940269614,61.0778940269614,4,1,1,61.0778940269614
1498,6,1,1,50.219496546937,13.4120220394594,0.344504659483308,-0.148161319977949,45.2070848006422,49.2070848006422,4,0,0,45.2070848006422
1499,6,1,0,45.5211419636484,12.3694563671644,-1.07483650311037,0.129275969030916,44.6598126831005,48.6598126831005,4,0,0,44.6598126831005
1500,6,0,0,43.4968805182007,17.8179961786771,0.24499690965848,0.810086644826084,50.8144091437272,54.8144091437272,4,1,1,54.8144091437272
1501,7,0,1,54.7820809834576,9.2935649652032,-0.14107045381206,1.07898367221322,43.9586486810641,47.9586486810641,4,0,0,43.9586486810641
1502,7,1,0,53.0906279749718,15.2366872871711,0.360378274055027,-0.618093069600937,51.3972566218899,55.3972566218899,4,0,0,51.3972566218899
1503,7,0,1,37.9688486573913,11.2618661750746,-0.286145375410982,0.655753216963418,38.5249992592122,42.5249992592122,4,1,1,42.5249992592122
1504,7,1,0,48.5955712533964,15.288220253384,1.51023891414836,-0.323684856591788,54.8598656446412,58.8598656446412,4,0,0,54.8598656446412
1505,7,1,0,50.8624861596148,13.3764435383375,-0.17183670422452,-0.763151175234323,45.1818119238382,49.1818119238382,4,0,0,45.1818119238382
1506,7,0,0,71.1121368124722,14.6526798429758,-0.259936056925552,-0.511882636189704,62.6916527849853,66.6916527849853,4,0,0,62.6916527849853
1507,7,1,0,62.1787176356147,10.9805053742561,1.59719333928326,0.894460569519231,59.6886037361924,63.6886037361924,4,0,0,59.6886037361924
1508,7,0,0,64.2857507441959,13.4178424632989,0.639825605886156,0.0859763327068451,65.0274007607909,69.0274007607909,4,0,0,65.0274007607909
1509,7,1,0,51.9983276359944,9.11027760112865,-0.879908052310571,1.07563606648229,59.6251985471855,63.6251985471855,4,0,0,59.6251985471855
1510,7,0,1,47.3278961747405,10.0999368669978,0.649584095302826,-0.142087282963564,50.2374967850571,54.2374967850571,4,0,0,50.2374967850571
1511,7,1,0,50.746469794246,9.54759034590433,-1.70175740814983,0.195983652996892,45.60245311275,49.60245311275,4,0,0,45.60245311275
1512,7,1,0,71.4040279730973,7.54925163504743,-1.12131693090198,0.958089469670276,56.1656439367075,60.1656439367075,4,1,1,60.1656439367075
1513,7,0,0,60.6485024440552,13.9160519631278,0.826676291105492,0.0164690905994504,55.6751077524198,59.6751077524198,4,1,1,59.6751077524198
1514,7,0,0,47.3557977687968,13.012551064283,-0.123271674403801,-0.188413378277852,50.2429801637125,54.2429801637125,4,0,0,50.2429801637125
1515,7,0,1,54.9551105326118,15.8983566423125,0.213612678035676,-0.0414615006315395,51.1016203721118,55.1016203721118,4,0,0,51.1016203721118
1516,7,1,0,53.184343891346,12.4749233893425,-0.13758905397512,-1.19543110361116,44.8752855952808,48.8752855952808,4,1,1,48.8752855952808
1517,7,0,0,56.6113412175,9.55357985072782,-0.224079342154218,-0.322624028676972,49.4657035825003,53.4657035825003,4,1,1,53.4657035825003
1518,7,0,0,53.3852584988728,14.9189255723165,1.67621126773323,-0.493340192512914,63.0233611282811,67.0233611282811,4,0,0,63.0233611282811
1519,7,0,0,66.8184562288999,11.1570860709973,0.97588346600575,-0.566948642206377,63.0610733008862,67.0610733008862,4,0,0,63.0610733008862
1520,7,0,1,41.2464475282447,10.7363148743754,-0.0558971283134423,-0.634260731688735,38.9360756780966,42.9360756780966,4,0,0,38.9360756780966
1521,7,0,0,48.3624126574546,14.3193915801813,0.160097074249772,-0.375684225425635,48.0927754431912,52.0927754431912,4,0,0,48.0927754431912
1522,7,1,0,41.7949512381247,10.4032378216906,-0.615447685351761,-1.27269886063418,41.6544993291672,45.6544993291672,4,1,1,45.6544993291672
1523,7,1,0,57.5245318080256,12.4662764821206,2.14766677921201,0.742529565531114,65.1885286514743,69.1885286514743,4,1,1,69.1885286514743
1524,7,1,1,41.8382036283844,10.6713408312994,-0.243614214574229,0.562850526579301,43.2422583477302,47.2422583477302,4,0,0,43.2422583477302
1525,7,0,0,53.2665245194203,7.24457991662409,0.821415488051711,0.0854991383143689,53.7484213573469,57.7484213573469,4,1,1,57.7484213573469
1526,7,0,0,44.0551654106176,15.4398638381517,1.41933597881598,-1.09837332699856,51.918049036298,55.918049036298,4,1,1,55.918049036298
1527,7,1,0,54.8088436181077,17.1516153433829,-0.19022322005073,0.958262558202717,63.5332181744419,67.5332181744419,4,1,1,67.5332181744419
1528,7,0,0,47.6065801616791,10.6566589723659,0.561199598989532,-1.10480599474123,48.3998421546675,52.3998421546675,4,1,1,52.3998421546675
1529,7,0,1,36.8757403219683,12.2023867444864,0.600398456642081,-0.8693365818357,36.5877889073047,40.5877889073047,4,1,1,40.5877889073047
1530,7,1,0,56.3694176797459,13.011380708472,1.29887572778838,0.664702356742762,67.4530873252798,71.4530873252798,4,1,1,71.4530873252798
1531,7,0,0,61.9615259116716,11.9250309847804,-0.765004706729679,1.04656600251635,55.575752951313,59.575752951313,4,1,1,59.575752951313
1532,7,0,0,46.1313353635575,9.78082090031983,-0.149989912999532,-0.835273105891381,42.1743818998676,46.1743818998676,4,1,1,46.1743818998676
1533,7,0,0,49.6620746248986,12.9647905379462,-0.65029531607729,-0.0463355074822205,56.3269270786905,60.3269270786905,4,0,0,56.3269270786905
1534,7,1,0,60.7052239750966,7.37811888894799,-0.433842236987422,0.0424022614897637,50.160928778732,54.160928778732,4,1,1,54.160928778732
1535,7,1,0,61.8615031147509,11.7064894169017,0.990974115574852,0.0755265815408505,60.0077967571495,64.0077967571495,4,1,1,64.0077967571495
1536,7,1,0,57.441022966734,13.1583853662306,2.37167259359496,0.244957599343561,62.7103671327326,66.7103671327326,4,1,1,66.7103671327326
1537,7,1,1,55.4332781111686,10.8262369481217,-1.77506723590124,-0.685175087499811,46.0985930662354,50.0985930662354,4,1,1,50.0985930662354
1538,7,0,0,57.8334767081735,15.3150856041585,1.6432282793128,1.07468906310049,67.6793142373783,71.6793142373783,4,0,0,67.6793142373783
1539,7,1,0,54.3449993591946,12.1205179665056,0.893769083785945,-0.723460408817208,51.0662066227654,55.0662066227654,4,1,1,55.0662066227654
1540,7,0,0,52.8178712121874,12.7090565159181,-0.0685049508348686,0.742099435422113,53.1171012192604,57.1171012192604,4,1,1,57.1171012192604
1541,7,0,0,62.5584342923979,16.1885773415882,0.799694616884114,0.191346143753563,64.2531615726495,68.2531615726495,4,0,0,64.2531615726495
1542,7,1,1,42.6746560713233,14.2692528153996,0.285299488106614,0.575510688224075,49.8602046571511,53.8602046571511,4,0,0,49.8602046571511
1543,7,0,0,38.4674924655549,14.4265137941144,0.332113618404172,-0.522049814339147,46.2014723597297,50.2014723597297,4,0,0,46.2014723597297
1544,7,1,0,69.8023951355144,15.1170303606746,-0.394110855289322,1.1807854429196,65.6696718983304,69.6696718983304,4,0,0,65.6696718983304
1545,7,1,0,40.4056022004978,12.7149118632526,0.0245286474978141,0.842256655967014,41.82128735538,45.82128735538,4,0,0,41.82128735538
1546,7,1,1,41.9452286917658,11.128525404302,-0.601786849923302,1.17465677586058,42.6516597239816,46.6516597239816,4,0,0,42.6516597239816
1547,7,1,0,46.8781009796363,10.7175978001014,-2.64209264375179,-0.462645646035878,35.7687621042703,39.7687621042703,4,0,0,35.7687621042703
1548,7,1,1,52.1466799789172,13.6679102633693,-1.69726920044254,0.344650284623901,51.9539500056907,55.9539500056907,4,1,1,55.9539500056907
1549,7,0,0,52.6817070566077,10.3461582716077,0.371609248488843,-0.63415236218684,47.4009113426815,51.4009113426815,4,1,1,51.4009113426815
1550,7,0,0,49.5152923706002,9.1770997299684,-1.07793596046934,0.256734177961685,46.920745123911,50.920745123911,4,1,1,50.920745123911
1551,7,1,0,49.2451124249088,10.9759379788377,-1.24870383967457,-1.83931572420018,40.1736089577564,44.1736089577564,4,1,1,44.1736089577564
1552,7,1,1,50.3118172197406,10.0307706453038,0.0880647200920361,0.0703782502903634,45.0975455440753,49.0975455440753,4,0,0,45.0975455440753
1553,7,0,0,56.3951776930477,14.5045599855635,0.69020972760131,0.269504559237779,61.634898759538,65.634898759538,4,1,1,65.634898759538
1554,7,0,0,55.6377551777558,11.1557852842276,-0.627606483989117,1.09787379058448,48.0871589485354,52.0871589485354,4,1,1,52.0871589485354
1555,7,0,1,36.1561987216104,6.85918766298408,-1.43067427789985,0.523906796008893,30.2528681775547,34.2528681775547,4,0,0,30.2528681775547
1556,7,1,1,48.6096149698859,11.5358666619237,-0.738101064141178,-0.812027039691998,44.421732387845,48.421732387845,4,1,1,48.421732387845
1557,7,0,0,55.0184009008175,11.571131194918,-0.181252976240217,0.539456957196099,53.6798611922405,57.6798611922405,4,1,1,57.6798611922405
1558,7,1,0,51.827362338129,17.5647645686234,2.30613626240699,-1.85917278132412,55.4753711235256,59.4753711235256,4,1,1,59.4753711235256
1559,7,0,0,47.5327025407322,10.1650533842973,0.344793802052798,0.545229704692652,44.4076825467822,48.4076825467822,4,0,0,44.4076825467822
1560,7,0,1,39.0736028125314,8.23641896095633,-1.31431539693156,-1.10355220148551,37.4034815371116,41.4034815371116,4,1,1,41.4034815371116
1561,7,0,0,42.8710229482839,7.11046078851724,-1.71431087619804,0.630273867597076,45.4088004376231,49.4088004376231,4,0,0,45.4088004376231
1562,7,0,1,54.1899798529053,7.56518008188826,-1.04256796744426,-0.357255131991269,43.8930653798186,47.8930653798186,4,0,0,43.8930653798186
1563,7,1,1,47.5301711584005,9.58482484283978,0.718116012897676,1.09894927917024,54.7958102058953,58.7958102058953,4,0,0,54.7958102058953
1564,7,0,0,42.3752760606557,10.9092385045106,-0.699852333408687,-1.99920776819144,38.8979650762636,42.8979650762636,4,1,1,42.8979650762636
1565,7,0,0,54.9311256880871,12.988579210555,1.79782297683231,-0.659286393793206,58.6685039935656,62.6685039935656,4,0,0,58.6685039935656
1566,7,1,0,54.9528610465269,13.887503767533,-0.434872027417468,-0.62740557250709,50.5086292586219,54.5086292586219,4,1,1,54.5086292586219
1567,7,1,1,39.7410237350321,9.2064514365186,-0.109907495816449,-0.48972200212485,42.4185213171479,46.4185213171479,4,1,1,46.4185213171479
1568,7,0,1,37.4058258205707,11.5142850255924,0.180417149953488,-0.706381813553289,41.8626175508268,45.8626175508268,4,1,1,45.8626175508268
1569,7,1,1,43.5277125375478,12.6990006672443,-0.116867204184374,-0.0321866745962895,46.522950750586,50.522950750586,4,1,1,50.522950750586
1570,7,0,0,51.6660143894962,11.5900923621499,-0.54019236472453,-0.0260080833976994,53.3705701282035,57.3705701282035,4,1,1,57.3705701282035
1571,7,0,0,49.6716669762663,9.77789097392198,0.49965943827892,0.84821076540341,50.0689547303427,54.0689547303427,4,0,0,50.0689547303427
1572,7,0,0,62.0681162924603,14.8909989077858,1.27286245922154,0.282175640019756,61.3575790735921,65.3575790735921,4,0,0,61.3575790735921
1573,7,1,1,52.3302246401719,13.532686159862,0.230969057541929,0.942181512737556,51.9221539073473,55.9221539073473,4,1,1,55.9221539073473
1574,7,0,0,59.0388966122245,12.3996475948875,-0.341110418354443,1.41421874771942,60.2963710947016,64.2963710947016,4,0,0,60.2963710947016
1575,7,0,0,44.3661956031705,10.3056838777084,-0.60905872131604,1.00905660831753,40.5720354704726,44.5720354704726,4,0,0,40.5720354704726
1576,7,1,0,58.0117379079815,13.6206848189827,1.21075001785703,0.322124800343534,62.4745197863671,66.4745197863671,4,0,0,62.4745197863671
1577,7,1,0,53.8650377782505,15.7017935989532,0.221290111894894,0.889824194004201,59.6129080734088,63.6129080734088,4,0,0,59.6129080734088
1578,7,1,0,49.3112153517421,12.5183971094852,-0.219275972340247,0.0985678595930213,52.8669876665459,56.8669876665459,4,0,0,52.8669876665459
1579,7,0,1,58.3488969973357,14.4163518190434,0.407134120339944,-0.0591706897612279,58.9759166628413,62.9759166628413,4,0,0,58.9759166628413
1580,7,0,0,50.9793190449402,13.1029757859017,0.083221655331055,0.274324501847293,59.3385483480958,63.3385483480958,4,1,1,63.3385483480958
1581,7,1,1,45.9569362838704,14.6612425442451,0.327706580129628,-0.331910002007606,53.9463536072584,57.9463536072584,4,1,1,57.9463536072584
1582,7,1,0,55.5314282581158,11.1243704306506,0.843479327686079,0.378525721787643,52.8022300498926,56.8022300498926,4,0,0,52.8022300498926
1583,7,1,0,63.8363067647933,11.4715456949609,0.664090264469682,1.71537614269459,61.1590839757092,65.1590839757092,4,1,1,65.1590839757092
1584,7,1,1,39.3833013624488,11.1175031925945,-0.71927703221743,-1.1098369634798,38.1837405523382,42.1837405523382,4,0,0,38.1837405523382
1585,7,1,0,57.0041592058072,16.1639590862267,0.565569314435279,0.0236075984216227,59.7630866838014,63.7630866838014,4,1,1,63.7630866838014
1586,7,1,0,65.2164961395256,13.4262792913329,0.711564459289061,1.1315932798208,66.9301923299562,70.9301923299562,4,0,0,66.9301923299562
1587,7,0,0,59.2585791864589,10.8415002155114,-0.283707919658882,0.333002405630556,49.3259677007537,53.3259677007537,4,0,0,49.3259677007537
1588,7,0,0,58.2597354913244,11.9356550956679,-0.158584963052837,1.90505389441995,61.1251500930841,65.1251500930841,4,0,0,61.1251500930841
1589,7,1,0,58.7820192088,12.4222075351842,0.233412494949723,1.3033230931618,57.0755383510556,61.0755383510556,4,1,1,61.0755383510556
1590,7,0,0,42.6176543800979,10.7422526613492,-0.578309880762998,-1.77793311542385,34.6988065597377,38.6988065597377,4,1,1,38.6988065597377
1591,7,0,1,41.4836996966769,12.6650756386356,-0.336788619907322,1.04041986545911,42.9286933746208,46.9286933746208,4,1,1,46.9286933746208
1592,7,1,0,33.3897114683812,8.72391771213838,-1.44646939837683,-1.61682543935191,32.6134686622215,36.6134686622215,4,1,1,36.6134686622215
1593,7,0,0,61.9273671154267,13.3007309326792,1.51203936791934,-0.0538921639785318,71.9433262525806,75.9433262525806,4,0,0,71.9433262525806
1594,7,1,0,57.3344098658567,13.9772398663429,0.495510634642212,-0.00796763957958101,53.4198052534737,57.4198052534737,4,0,0,53.4198052534737
1595,7,1,0,57.5816649368821,11.3452604213697,0.292975472997238,1.92308231201663,52.7299431209637,56.7299431209637,4,0,0,52.7299431209637
1596,7,0,0,67.7903880169086,15.1781846437825,1.98368526316535,1.07783487311955,67.554630849087,71.554630849087,4,1,1,71.554630849087
1597,7,0,1,30.1183936617233,11.4529080728014,0.470156761759515,-1.45138630161362,35.0676416013695,39.0676416013695,4,0,0,35.0676416013695
1598,7,0,0,46.9837817428173,13.0484519600568,-0.150976402094044,1.12806584740263,56.1303564420836,60.1303564420836,4,0,0,56.1303564420836
1599,7,1,0,51.9472478583365,8.69574877180962,-0.548669942795785,1.49544740817198,53.0701275058499,57.0701275058499,4,0,0,53.0701275058499
1600,7,0,0,46.4667488634048,11.740553903886,-1.41659707574913,-0.371911148443436,44.2148342071367,48.2148342071367,4,0,0,44.2148342071367
1601,7,1,0,63.6833701507709,12.6608978070345,-1.39311287212405,0.494733908478264,51.8439365536132,55.8439365536132,4,1,1,55.8439365536132
1602,7,0,0,57.6507018791959,11.805138171389,-0.788671598501265,2.73916245016752,53.2844845164502,57.2844845164502,4,0,0,53.2844845164502
1603,7,0,0,50.2514551463349,10.6222434059222,-1.08433158945004,-1.93507907768747,43.9387815629528,47.9387815629528,4,0,0,43.9387815629528
1604,7,1,0,65.790192479073,13.4586237387428,1.23325408573969,2.01660125572365,64.147210949114,68.147210949114,4,0,0,64.147210949114
1605,7,1,0,54.6225640700262,11.77624672676,1.48079643892815,-0.425921500533389,52.7595319713277,56.7595319713277,4,1,1,56.7595319713277
1606,7,1,1,45.1671897440287,10.3945573095828,-0.29645613730346,-1.85089580459869,35.8362156130725,39.8362156130725,4,0,0,35.8362156130725
1607,7,0,0,52.7935069750022,8.03952784334563,-1.46878794477223,0.671865778050805,46.6557268440977,50.6557268440977,4,1,1,50.6557268440977
1608,7,1,0,43.1939536456687,8.01068341597019,-0.734055902504629,0.00235728282435127,37.0355541795234,41.0355541795234,4,1,1,41.0355541795234
1609,7,1,0,49.2390205578147,9.14150971227829,-1.334156482659,1.26074112796431,42.682843757032,46.682843757032,4,0,0,42.682843757032
1610,7,0,1,47.022304399598,12.7422950169453,-0.0866576231820606,0.292149683049574,42.9918211567787,46.9918211567787,4,0,0,42.9918211567787
1611,7,1,0,61.5288280616926,15.0966291543323,1.25109952952065,-1.04331638444456,69.931815165195,73.931815165195,4,1,1,73.931815165195
1612,7,1,0,53.7995139388316,13.0441371387656,1.54565046201101,-1.406369037029,55.4303419508177,59.4303419508177,4,1,1,59.4303419508177
1613,7,0,0,49.7998607979283,9.59567965536565,-1.0322938710538,0.172297729077945,42.6247224100275,46.6247224100275,4,0,0,42.6247224100275
1614,7,1,1,55.1957581001925,14.1555243635794,-1.57250700488657,-0.363606102037077,48.9754062111989,52.9754062111989,4,1,1,52.9754062111989
1615,7,1,0,44.8415561342223,9.68326413602829,-0.398632699490571,-0.744834291932018,45.7913519818273,49.7913519818273,4,1,1,49.7913519818273
1616,7,1,1,53.9550490891506,11.8559243984269,-0.344510131435657,0.00415248478523353,45.7682323736635,49.7682323736635,4,1,1,49.7682323736635
1617,7,1,0,60.3081008784469,12.9998623980701,-1.16197256661195,0.276271598464052,55.6913154634298,59.6913154634298,4,0,0,55.6913154634298
1618,7,0,0,52.7934487080201,9.56388787950758,-0.0170805499263217,0.547353258992827,57.5703017566116,61.5703017566116,4,1,1,61.5703017566116
1619,7,1,1,51.1295097790525,13.274571249413,1.45270316743266,-1.33238723784895,50.7974126652473,54.7974126652473,4,0,0,50.7974126652473
1620,7,1,1,61.7437652100804,16.1106786351154,0.595182110616726,-0.425722934681088,60.1474064305496,64.1474064305496,4,1,1,64.1474064305496
1621,7,0,0,51.9324200299304,11.3602493834818,-1.48760842910608,1.64748285878253,50.121898312034,54.121898312034,4,0,0,50.121898312034
1622,7,1,0,53.1564277174033,10.3177318619626,0.450040945203108,-0.050630582950628,51.7317610389135,55.7317610389135,4,0,0,51.7317610389135
1623,7,1,0,57.6847834460672,13.6250646399475,-0.308687689190581,1.07861334196851,52.5705306111261,56.5705306111261,4,1,1,56.5705306111261
1624,7,1,1,50.0848554106903,12.3452555711427,-0.112126559865324,-0.151401948986029,45.6433543038862,49.6433543038862,4,0,0,45.6433543038862
1625,7,0,0,52.457692157384,12.9697593148286,0.00301531623134541,0.152942757986604,58.9738008614192,62.9738008614192,4,0,0,58.9738008614192
1626,7,1,0,60.7721067625211,11.9340162472426,-0.320341176960961,1.46776225156962,61.6717397641802,65.6717397641802,4,0,0,61.6717397641802
1627,7,1,1,49.0883126591948,9.35729516883922,-1.23047400941664,0.82720654438492,47.9571104512877,51.9571104512877,4,0,0,47.9571104512877
1628,7,1,0,56.0331303978465,14.8974720188739,0.908010136341098,0.158719318500663,56.4906884436757,60.4906884436757,4,1,1,60.4906884436757
1629,7,0,1,49.356827530538,11.5192511839539,-0.0884960783437259,0.089555015089076,42.4863713110262,46.4863713110262,4,0,0,42.4863713110262
1630,7,0,0,50.8971786326429,8.43325573612979,-1.65278939146243,0.109349798231714,38.9617173005694,42.9617173005694,4,1,1,42.9617173005694
1631,7,1,1,61.815469040385,13.6676142742875,1.10695309720249,1.34151785488832,56.7887004774296,60.7887004774296,4,0,0,56.7887004774296
1632,7,0,1,49.637092450915,14.4405787442275,-0.40047589712477,0.761610892202087,51.5962591584906,55.5962591584906,4,0,0,51.5962591584906
1633,7,1,0,52.8544553006746,9.8166980920487,-1.34296917086349,-1.28393613530703,47.2978760763863,51.2978760763863,4,1,1,51.2978760763863
1634,7,1,1,59.7169061720161,11.2825079738227,0.236221444152996,-0.314967916804524,48.9595686971179,52.9595686971179,4,1,1,52.9595686971179
1635,7,1,0,59.7443849851266,10.6746137313811,0.318027519297722,-0.460066248537349,56.2357706929246,60.2357706929246,4,1,1,60.2357706929246
1636,7,1,1,34.6316833025262,9.69572663227741,-0.703538844744906,-0.16736624037026,41.0374118881276,45.0374118881276,4,1,1,45.0374118881276
1637,7,1,0,42.2691430306456,12.1758077901111,-1.2896478395637,-0.24197331361274,42.5588767640219,46.5588767640219,4,1,1,46.5588767640219
1638,7,0,0,50.49591555806,6.43654890555342,-0.188992814006766,1.16734232067768,47.5405931594605,51.5405931594605,4,0,0,47.5405931594605
1639,7,0,0,61.8742927492722,9.54871949791549,0.105887260343293,0.793454483144224,53.8087739259696,57.8087739259696,4,1,1,57.8087739259696
1640,7,1,0,43.863405540784,15.4969912203345,0.899179388771413,-0.221053042945879,49.259771236864,53.259771236864,4,1,1,53.259771236864
1641,7,1,1,44.9106841814395,10.1925951645231,0.466971324687018,-0.0360624155289601,45.25209943431,49.25209943431,4,1,1,49.25209943431
1642,7,1,0,45.7013860119019,7.99597983301955,0.081343376300468,-1.06695819489183,49.2834920963901,53.2834920963901,4,0,0,49.2834920963901
1643,7,1,0,56.8711046383566,12.4362836734641,-1.15769462963103,-0.0798594725142084,60.4437494667014,64.4437494667014,4,1,1,64.4437494667014
1644,7,0,1,32.6020857640124,12.8562266292376,0.619616063751507,-0.554131160896095,38.7799230464494,42.7799230464494,4,0,0,38.7799230464494
1645,7,1,0,52.2252109340084,13.1824444296391,0.931975998956408,0.0268787711035082,57.9111847913356,61.9111847913356,4,0,0,57.9111847913356
1646,7,1,0,59.5529933369317,12.2249555367479,-1.20821524530395,0.176909249602883,55.0944820915397,59.0944820915397,4,1,1,59.0944820915397
1647,7,1,0,47.4769294945285,9.72944989859832,-0.514709671632474,-0.0383714802997806,43.7471500639747,47.7471500639747,4,1,1,47.7471500639747
1648,7,1,0,50.2362887245175,13.8335007218304,-0.108806917590479,0.961235024154919,55.4905014124764,59.4905014124764,4,0,0,55.4905014124764
1649,7,0,0,56.8155356522359,8.34630682786718,0.134262947330189,0.81213624678656,61.037626307079,65.037626307079,4,0,0,61.037626307079
1650,7,0,1,40.7366535088015,9.37126712411906,-0.00992496954850513,-0.501769290564363,43.2569005286122,47.2569005286122,4,1,1,47.2569005286122
1651,7,0,0,51.3426483782853,9.82489537207485,-0.523864858337451,-0.237883598590218,48.3381999843256,52.3381999843256,4,1,1,52.3381999843256
1652,7,0,1,62.9875945065445,15.8983377518585,0.35708595216861,0.687524972961884,59.1799477635426,63.1799477635426,4,0,0,59.1799477635426
1653,7,0,1,59.015453819014,11.0369969759886,0.800123404114734,1.90311301601135,56.5653167493131,60.5653167493131,4,0,0,56.5653167493131
1654,7,0,0,51.811568126688,12.2970461857435,-0.447084870831031,-0.290935245178528,50.0247533475195,54.0247533475195,4,0,0,50.0247533475195
1655,7,1,1,47.4361358557829,12.9643688440485,0.191534950372322,-0.327555841059573,46.7810744541056,50.7810744541056,4,1,1,50.7810744541056
1656,7,1,1,35.4824929841671,8.6402022519898,-1.38809358809268,-0.289791389468157,35.6553788537646,39.6553788537646,4,0,0,35.6553788537646
1657,7,0,0,48.8150102142389,10.9781429567798,-0.664936140119686,-0.121557650477384,47.5000709279779,51.5000709279779,4,1,1,51.5000709279779
1658,7,1,0,69.7416376123913,14.0578906892886,0.184668612001977,1.28007405400387,62.8103069602088,66.8103069602088,4,1,1,66.8103069602088
1659,7,1,0,64.866672848177,15.0010059579929,1.61587438538159,1.48371562902859,68.7971634833666,72.7971634833666,4,1,1,72.7971634833666
1660,7,0,0,57.313747480547,12.2236476229414,-1.09368123380276,0.391147529514129,47.7920086022235,51.7920086022235,4,0,0,47.7920086022235
1661,7,0,1,52.7959973274394,10.7709834300803,-1.12876750830705,-0.11530354908815,48.4124233139977,52.4124233139977,4,1,1,52.4124233139977
1662,7,0,0,53.8748895724753,13.8224544714669,-0.345043208564833,0.741452749914636,54.9773240419909,58.9773240419909,4,0,0,54.9773240419909
1663,7,1,0,52.3664568490613,10.9793219034919,0.91450509973673,-0.176631850488247,55.0396385699124,59.0396385699124,4,1,1,59.0396385699124
1664,7,1,1,53.8594338876918,13.9209766002339,0.4148347628034,0.0681862345868905,56.5108179312367,60.5108179312367,4,0,0,56.5108179312367
1665,7,1,1,46.7431902734111,11.7638550472232,-0.0782036744781156,-0.841640620827306,47.221245743871,51.221245743871,4,0,0,47.221245743871
1666,7,1,0,49.0997503044762,13.8870048808097,0.52248843344343,0.230123159807547,53.4971124209892,57.4971124209892,4,1,1,57.4971124209892
1667,7,1,1,44.4215688328674,10.1918356586415,-0.107402280587305,-0.134974134685809,40.5239739788077,44.5239739788077,4,0,0,40.5239739788077
1668,7,1,0,55.4065813940215,12.6327100226562,1.68521719205049,0.506103683487377,62.347539295155,66.347539295155,4,1,1,66.347539295155
1669,7,0,1,40.1789811887705,12.1556209733448,-0.966538508699584,-2.07393832639848,41.3412460941507,45.3412460941507,4,0,0,41.3412460941507
1670,7,1,0,61.3541326891573,12.5739549916726,0.103618734889512,-0.854851242640017,59.2894637972977,63.2894637972977,4,1,1,63.2894637972977
1671,7,1,0,61.48204573415,12.2702714739102,0.154626534037521,-0.667704662326396,55.6292347409987,59.6292347409987,4,1,1,59.6292347409987
1672,7,0,0,54.6984168829134,11.6809647990519,0.882618492710679,1.09939894485076,54.9966233936717,58.9966233936717,4,0,0,54.9966233936717
1673,7,1,0,57.825006780638,12.0618458511011,-0.223643644543829,0.147611403517022,59.3733045414783,63.3733045414783,4,1,1,63.3733045414783
1674,7,0,0,53.994821029303,6.04750657454507,-1.66051582909753,0.519952348611776,41.4339730950243,45.4339730950243,4,0,0,41.4339730950243
1675,7,1,1,54.6017873261704,10.407340252251,-0.976078924432197,0.0692187177258994,45.645135546474,49.645135546474,4,1,1,49.645135546474
1676,7,1,0,54.628321520199,10.8933112893553,-1.18042263070064,-0.516973069496747,50.655878892528,54.655878892528,4,1,1,54.655878892528
1677,7,0,1,36.7831207422662,15.2255937498379,0.538599712525657,-1.52022172872698,39.5665452131763,43.5665452131763,4,0,0,39.5665452131763
1678,7,0,0,50.0426497138349,12.6629701342117,-1.80828609592928,-0.70832298274434,51.3831789532391,55.3831789532391,4,0,0,51.3831789532391
1679,7,0,1,36.1168943639461,11.0296504451201,-0.828284092220571,0.447447627557446,41.0639755090775,45.0639755090775,4,1,1,45.0639755090775
1680,7,0,1,30.3340431573269,9.30179863475656,-1.85325210473592,-1.32323215256096,33.4519752817153,37.4519752817153,4,1,1,37.4519752817153
1681,7,0,0,58.9102091155701,12.1414829415707,0.630474887527532,-0.145777456140098,55.6161442914186,59.6161442914186,4,1,1,59.6161442914186
1682,7,1,0,53.6446560772836,9.28001284834337,0.129690737384021,-0.843773030895047,49.2795030597014,53.2795030597014,4,0,0,49.2795030597014
1683,7,0,0,52.5551310065397,10.6265309023173,-0.437448322340304,-0.0437438688464711,49.5324235462735,53.5324235462735,4,1,1,53.5324235462735
1684,7,1,0,53.9337306422157,10.9782496239636,-0.581677194602992,0.651278387695966,53.2910406829881,57.2910406829881,4,1,1,57.2910406829881
1685,7,1,0,48.4149797071566,11.2770577384764,-0.213286456340116,0.908061216091763,46.1321638543684,50.1321638543684,4,0,0,46.1321638543684
1686,7,1,1,47.7746958479448,13.3993630095235,-0.0804115349760312,-0.520637150968265,37.6662812344103,41.6662812344103,4,0,0,37.6662812344103
1687,7,1,0,61.1609438177916,16.7919196782615,0.473506513870291,-0.316149131278677,62.956904052946,66.956904052946,4,1,1,66.956904052946
1688,7,0,0,57.1930390420561,12.5775193862106,0.458219690019346,1.94085030410426,56.3596150939832,60.3596150939832,4,0,0,56.3596150939832
1689,7,1,1,44.3488338561069,18.4411600354333,1.41955127319354,-0.373185921163292,48.8089394351502,52.8089394351502,4,0,0,48.8089394351502
1690,7,1,0,48.3980611223334,11.4100080033702,-0.6987419810183,0.885681723322647,48.6606631741686,52.6606631741686,4,0,0,48.6606631741686
1691,7,0,0,49.6643832080269,13.5575558079315,-0.582465953128696,-1.03632815575619,46.5005484237888,50.5005484237888,4,1,1,50.5005484237888
1692,7,1,0,48.1891127209565,6.72779717602307,-0.80407421636241,1.97797771123368,48.1307731423081,52.1307731423081,4,1,1,52.1307731423081
1693,7,0,1,46.7631850697027,7.43296522411559,0.063598979140111,0.694099514526837,41.2793289046571,45.2793289046571,4,1,1,45.2793289046571
1694,7,0,0,51.4888109325221,12.5817786894147,0.144326094938852,0.732774836923483,51.1337935358424,55.1337935358424,4,0,0,51.1337935358424
1695,7,0,0,49.8428958108678,7.22893781522993,-0.69011198157021,-0.14963807815521,40.5028047002149,44.5028047002149,4,0,0,40.5028047002149
1696,7,0,1,48.7120730763235,12.5162845488202,0.222437897579585,-0.354697522478089,52.5349158576514,56.5349158576514,4,1,1,56.5349158576514
1697,7,0,0,67.6335063543526,10.9821217633972,0.796872413763384,1.21850027342605,59.1194014881141,63.1194014881141,4,1,1,63.1194014881141
1698,7,1,0,48.0416619744571,12.372945693302,-0.0872381055335698,0.912216271794909,53.392627572291,57.392627572291,4,1,1,57.392627572291
1699,7,1,0,53.2925931119116,14.3596909797323,0.783359587227961,-0.643907315389643,54.8469658577999,58.8469658577999,4,1,1,58.8469658577999
1700,7,1,0,54.7548610273303,15.0448434190003,-0.362095091669386,-0.265173206159756,50.0615868252393,54.0615868252393,4,1,1,54.0615868252393
1701,7,1,0,38.0640762797497,7.91400874208825,-0.86076385115613,-1.10058209963977,37.8140587526484,41.8140587526484,4,1,1,41.8140587526484
1702,7,0,0,49.962661798718,14.4938000802311,-0.704604020238945,0.718571134771381,57.2796565586973,61.2796565586973,4,0,0,57.2796565586973
1703,7,0,0,47.2905181473667,12.5314501304287,0.874313306313208,-0.0957830996762726,50.5497764870066,54.5497764870066,4,1,1,54.5497764870066
1704,7,1,0,52.0912304172308,11.4041113702082,0.649868754965255,-0.722998939238034,57.2188754910724,61.2188754910724,4,1,1,61.2188754910724
1705,7,0,0,44.1246319886985,15.9116710131798,0.691060138219777,-2.03231417377979,42.3958508013571,46.3958508013571,4,0,0,42.3958508013571
1706,7,1,1,45.2394719837577,11.182308236581,0.800890131101972,-0.0405670706946434,45.2669624642349,49.2669624642349,4,1,1,49.2669624642349
1707,7,1,1,54.1793971299553,10.1310476794146,0.996751188687679,1.24791580212376,57.907079193828,61.907079193828,4,0,0,57.907079193828
1708,7,0,0,55.1886370380079,15.1880270590548,1.3265189098645,0.637417749059555,56.3430872879508,60.3430872879508,4,1,1,60.3430872879508
1709,7,0,1,50.0738999539014,15.042559299669,1.00045249292193,1.37247512703723,52.0043045184391,56.0043045184391,4,0,0,52.0043045184391
1710,7,0,0,56.7545219458245,10.8194917151347,1.93943947942663,0.450623456894457,59.383320100431,63.383320100431,4,0,0,59.383320100431
1711,7,1,0,62.7878213474702,13.1530181680356,1.59007791479553,-0.115784445300282,62.5620955635281,66.5620955635281,4,0,0,62.5620955635281
1712,7,1,1,58.5531438142798,10.599409604714,1.09840189792348,1.09384986580462,55.3213544171207,59.3213544171207,4,0,0,55.3213544171207
1713,7,1,1,54.1257821220626,14.5164913655184,-0.447681237075027,-0.816478519934946,52.1541292467107,56.1541292467107,4,0,0,52.1541292467107
1714,7,0,0,39.9024296421025,10.1738795393392,-1.0062175159879,-0.71746168501985,44.3426211382059,48.3426211382059,4,1,1,48.3426211382059
1715,7,1,0,44.6864165745689,13.703047168121,-0.356564243416844,-1.81617165337919,43.32374037779,47.32374037779,4,0,0,43.32374037779
1716,7,1,1,51.9046169866418,12.2855567161937,-0.00372795793224534,-0.24160585146626,45.8142236865168,49.8142236865168,4,1,1,49.8142236865168
1717,7,1,0,54.833363015843,12.4334814742805,0.146619724234196,0.176794899688169,58.0529321707113,62.0529321707113,4,1,1,62.0529321707113
1718,7,0,0,52.1683952429239,16.5294900016099,2.77165143984039,1.31228406428403,65.4580732898601,69.4580732898601,4,1,1,69.4580732898601
1719,7,0,0,43.8754619609025,11.5087342080676,-0.939832322125834,1.31213200580461,50.4056723869466,54.4056723869466,4,0,0,50.4056723869466
1720,7,0,0,48.7438860127039,10.8016184191964,0.790501261587523,0.701497668524938,54.7900823287474,58.7900823287474,4,1,1,58.7900823287474
1721,7,0,0,53.00545435052,6.05299016277897,-1.25957106909484,1.27057284525073,48.1996568936526,52.1996568936526,4,0,0,48.1996568936526
1722,7,1,0,57.0641556029614,11.65279173186,-0.0364578881615541,0.0728939003428579,54.5727856749572,58.5727856749572,4,1,1,58.5727856749572
1723,7,0,0,58.7440606997984,13.8607919322715,-0.410873331582658,0.785310295829367,57.8798521518581,61.8798521518581,4,1,1,61.8798521518581
1724,7,0,1,52.9392228028205,9.9956691573332,-0.624091897209561,0.0435990815746732,47.7115324816797,51.7115324816797,4,0,0,47.7115324816797
1725,7,1,1,46.5508579052438,13.1718320784337,0.611265501424225,-0.258745987202615,44.2157035026446,48.2157035026446,4,1,1,48.2157035026446
1726,7,1,0,46.6133527559702,7.09965488512901,0.573118371871707,1.3693776633016,47.0354720284907,51.0354720284907,4,0,0,47.0354720284907
1727,7,0,0,72.7895248718698,11.8631838994072,0.495268703012237,0.538859913045139,62.7146164851247,66.7146164851247,4,0,0,62.7146164851247
1728,7,1,0,48.4788841501738,11.098320259894,-0.269799875416957,-0.521986522078887,52.6002135363971,56.6002135363971,4,0,0,52.6002135363971
1729,7,1,0,63.9248827442977,8.44120042437646,-0.324474472209869,0.868063947359734,55.7552151606032,59.7552151606032,4,1,1,59.7552151606032
1730,7,1,0,58.8791781096831,11.6690587845336,-1.34634825908567,0.837763021187766,48.5396749802077,52.5396749802077,4,0,0,48.5396749802077
1731,7,1,0,55.1905433969522,11.9410783270897,-0.070414683459505,0.694082312305857,54.274984834737,58.274984834737,4,0,0,54.274984834737
1732,7,0,0,42.9948374935063,10.5478733004282,-0.414433469651111,0.0316273604442006,47.8035533337264,51.8035533337264,4,1,1,51.8035533337264
1733,7,1,1,55.3979320988925,13.5914619105667,0.106661042371886,-0.0280446751688363,43.5491444805516,47.5491444805516,4,1,1,47.5491444805516
1734,7,1,1,56.0900764862631,13.1427958019353,0.671561313854646,-1.19435657130002,54.4667061293471,58.4667061293471,4,0,0,54.4667061293471
1735,7,1,0,50.7185989968634,12.9882650613789,-0.452862095133248,0.358333411035947,46.1381572790561,50.1381572790561,4,1,1,50.1381572790561
1736,7,1,0,48.4791143006878,10.1391962748036,-0.18057936336943,0.734457237577312,44.9130653226992,48.9130653226992,4,1,1,48.9130653226992
1737,7,0,0,47.4137652937423,10.3936490714605,-0.688937868209633,0.437550983580543,45.3766073115193,49.3766073115193,4,0,0,45.3766073115193
1738,7,1,1,39.8718052703902,12.2525925765262,0.88065511053853,-1.30861436832027,43.3319558986124,47.3319558986124,4,0,0,43.3319558986124
1739,7,0,1,43.0657083600041,10.8479798955349,-0.229250707680273,-0.518625935972241,36.2831402049835,40.2831402049835,4,1,1,40.2831402049835
1740,7,1,0,67.3109856235834,11.1912760657596,-1.40885100593869,0.36954763995364,58.1105144637228,62.1105144637228,4,1,1,62.1105144637228
1741,7,0,0,39.0021111499391,10.8646546652947,-0.774390954742453,0.875086438922744,39.5710922112706,43.5710922112706,4,0,0,39.5710922112706
1742,7,0,1,51.0331035054891,11.0749057524512,0.169528138529059,0.695136991942633,52.1578167118133,56.1578167118133,4,1,1,56.1578167118133
1743,7,0,0,51.8920121694219,12.555965322976,0.0551132533800896,-0.504742427938523,50.0355733107948,54.0355733107948,4,1,1,54.0355733107948
1744,7,1,1,47.78554473118,14.6298580207856,-0.542368692472387,0.184024194802519,47.9016134031838,51.9016134031838,4,0,0,47.9016134031838
1745,7,0,1,57.9731160323761,15.7774135779107,0.920290755190411,0.988477100491257,57.9269767047822,61.9269767047822,4,0,0,57.9269767047822
1746,7,1,0,47.7061793684125,14.3000733452069,-0.750808247319221,-0.335293643878406,50.5379733098529,54.5379733098529,4,0,0,50.5379733098529
1747,7,1,0,50.0878979490203,14.7561470844663,-1.41302897344748,0.571025688759432,45.1179716953179,49.1179716953179,4,1,1,49.1179716953179
1748,7,0,0,54.5660903835592,12.6726124464416,-0.134281315425887,0.554844688672269,62.4819349935072,66.4819349935072,4,1,1,66.4819349935072
1749,7,1,0,60.389620534528,12.1569247107168,1.18605284843994,-0.0502612877684041,59.8579560639307,63.8579560639307,4,0,0,59.8579560639307
1750,7,0,0,73.0113975537673,15.8251247993115,2.05301478559291,1.10428293867086,72.5403345392114,76.5403345392114,4,0,0,72.5403345392114
1751,8,0,0,41.10115707077,12.8441534572683,0.604696944716498,-0.0975956326743961,44.6315329925423,48.6315329925423,4,0,0,44.6315329925423
1752,8,0,0,50.6308879374697,11.6223657412273,-0.830046157562078,-0.012955993491346,47.619134003539,51.619134003539,4,1,1,51.619134003539
1753,8,1,0,45.4870970084635,9.80161528253852,-0.901006027425515,-1.41642413704539,40.8798579345061,44.8798579345061,4,1,1,44.8798579345061
1754,8,0,1,46.690713202981,15.6319570064004,-0.175340762710066,0.374487938897098,46.7893522974386,50.7893522974386,4,1,1,50.7893522974386
1755,8,1,0,41.4499434053825,11.2742631769745,-1.14784126229926,0.52701334502222,31.4103963529905,35.4103963529905,4,0,0,31.4103963529905
1756,8,0,1,39.575279949983,10.2684001472302,-0.192982625947769,-0.822648915861447,35.0409922080464,39.0409922080464,4,0,0,35.0409922080464
1757,8,1,0,54.7582837049124,12.0073427939966,1.20931975516049,0.495497987115255,50.1692208909384,54.1692208909384,4,0,0,50.1692208909384
1758,8,0,0,38.7531460422861,13.7742959420611,0.054051172634641,0.539485354550358,38.884804288467,42.884804288467,4,1,1,42.884804288467
1759,8,1,0,41.477167369624,8.98961903805069,-0.910336919548621,1.06054119946526,47.4959614422346,51.4959614422346,4,0,0,47.4959614422346
1760,8,1,0,42.6760310356743,11.6657420064762,-1.35513125458333,-0.417600004452904,43.0740500375243,47.0740500375243,4,0,0,43.0740500375243
1761,8,1,0,50.88520721714,11.7992477963773,1.05548889101085,-1.55605180724616,43.374441395137,47.374441395137,4,1,1,47.374441395137
1762,8,0,1,26.5316935931723,9.64392886129305,0.252580545674684,-1.26568550793083,23.3829346124498,27.3829346124498,4,0,0,23.3829346124498
1763,8,0,0,54.1193375828734,14.2388360173482,0.354190911369576,0.89832684016488,52.2861594091907,56.2861594091907,4,0,0,52.2861594091907
1764,8,1,0,49.4041487003943,10.6992248639804,-1.06652175780351,0.600066978745687,43.1418312060714,47.1418312060714,4,1,1,47.1418312060714
1765,8,0,0,47.3625533780768,18.6344939784551,2.1052716579649,-1.48420072294606,59.6798121323146,63.6798121323146,4,0,0,59.6798121323146
1766,8,1,0,49.4237802043135,10.3671712982851,0.600161101659052,-0.789450625203716,42.6968848018281,46.6968848018281,4,0,0,42.6968848018281
1767,8,0,1,19.2095067797206,8.14177292747893,-0.743917708218698,-2.35574302779866,13.0251027260484,17.0251027260484,4,0,0,13.0251027260484
1768,8,0,0,57.7429616228156,12.3314294572139,0.592292679443872,-0.0535866237723834,46.6895602773215,50.6895602773215,4,1,1,50.6895602773215
1769,8,0,1,52.9576297743526,14.1824541170343,0.768001838812356,0.92055597455192,49.7799108409825,53.7799108409825,4,1,1,53.7799108409825
1770,8,1,1,46.7477666643206,13.9814903293726,-0.84957649439883,-0.788144611763344,48.1282803983126,52.1282803983126,4,0,0,48.1282803983126
1771,8,0,0,57.6143124367617,13.4413200111847,-0.433372038777157,0.800940990895359,45.8309973652317,49.8309973652317,4,1,1,49.8309973652317
1772,8,0,0,38.9705465142613,12.7067618599231,-1.80098347913948,1.5317222382082,41.3808471150737,45.3808471150737,4,1,1,45.3808471150737
1773,8,0,0,48.6152360179758,10.1429719435859,-0.749740391925906,-0.32173477575156,41.2307861845875,45.2307861845875,4,0,0,41.2307861845875
1774,8,0,0,42.3466971436357,10.0691145318509,-0.828681676657256,-0.68296294712298,34.6234108548965,38.6234108548965,4,0,0,34.6234108548965
1775,8,1,0,33.3491035632196,14.6236441154661,0.110315384352832,-1.1255483207184,39.7159750273498,43.7159750273498,4,0,0,39.7159750273498
1776,8,1,0,55.8517920473803,10.3415513406668,0.229705234853189,0.439924015952209,53.710246668403,57.710246668403,4,1,1,57.710246668403
1777,8,1,1,48.1997092112036,8.76250364689205,-0.939422563013117,-0.339527576662444,47.5578393465402,51.5578393465402,4,0,0,47.5578393465402
1778,8,0,0,57.9648925501473,13.5868902683203,1.27878551558205,0.534563028877466,56.7845192667493,60.7845192667493,4,0,0,56.7845192667493
1779,8,0,1,49.071224894879,8.45803616347412,-1.59726636351096,-1.13240964822451,35.0650901968142,39.0650901968142,4,0,0,35.0650901968142
1780,8,0,1,46.7796735035314,9.41005577422575,-0.087946321569615,-0.45059129074286,39.4097207258765,43.4097207258765,4,1,1,43.4097207258765
1781,8,1,0,47.2483683586166,10.1030208862766,-0.24914462436314,0.0552503657663368,44.8490742811596,48.8490742811596,4,1,1,48.8490742811596
1782,8,0,0,70.5392793907855,14.1812824239962,-0.168138784623536,-1.25402402645295,57.7051406140954,61.7051406140954,4,1,1,61.7051406140954
1783,8,0,1,50.1484000807999,15.3548143267085,2.44605256770624,-0.86110171524994,45.1135814114942,49.1135814114942,4,0,0,45.1135814114942
1784,8,0,0,55.9162802641529,8.73522775335859,-1.76763542107094,-1.16637412408981,39.1093355934823,43.1093355934823,4,0,0,39.1093355934823
1785,8,0,0,46.4787810317582,13.5869332339445,0.554020333493695,-0.649466681619223,44.6637492349437,48.6637492349437,4,0,0,44.6637492349437
1786,8,1,1,57.9598982396289,16.383237896245,1.46596466615264,2.29144226890993,64.0476633359513,68.0476633359513,4,0,0,64.0476633359513
1787,8,0,0,46.8663762458621,10.6287539766043,1.19030043535905,1.10247639753653,40.699738585605,44.699738585605,4,1,1,44.699738585605
1788,8,1,1,51.6722039345947,9.86862424715273,-0.545818001438139,1.32466770303246,46.7070366754751,50.7070366754751,4,0,0,46.7070366754751
1789,8,0,0,61.5898825158802,13.5989298650781,-1.26438375296781,2.87431606962519,55.4035045073888,59.4035045073888,4,0,0,55.4035045073888
1790,8,1,0,45.3764338156547,13.2418741907251,0.874657779143529,0.505164451848948,55.9453579167666,59.9453579167666,4,0,0,55.9453579167666
1791,8,1,1,35.6504696054262,10.5700939003595,-1.23675377635744,-2.45077492820401,24.37802865555,28.37802865555,4,0,0,24.37802865555
1792,8,0,1,61.7655350963938,12.5246061097479,0.745663538517637,2.19831516073253,59.1504727318156,63.1504727318156,4,1,1,63.1504727318156
1793,8,0,0,46.9873849021282,15.2095573283026,1.16104293934056,0.162828410069953,57.5156596461401,61.5156596461401,4,1,1,61.5156596461401
1794,8,0,0,48.5618161027776,11.8123751074291,-0.480369758678051,0.118494378567862,45.8964850600303,49.8964850600303,4,0,0,45.8964850600303
1795,8,0,0,46.6369107744574,10.5452916936312,0.498407505157107,0.501418484577661,43.5752725950628,47.5752725950628,4,1,1,47.5752725950628
1796,8,1,0,51.4550658147248,14.2834775921304,0.511960584998667,-0.331799285512596,50.0055170531194,54.0055170531194,4,0,0,50.0055170531194
1797,8,0,0,59.5316582410681,10.0875353929057,0.923643612260687,2.00821927772982,58.1678075475589,62.1678075475589,4,1,1,62.1678075475589
1798,8,0,1,57.2506998168024,18.2727044614972,2.59583926906479,0.750527085786381,61.7009137112831,65.7009137112831,4,1,1,65.7009137112831
1799,8,0,0,61.9639784197686,14.5432007523334,1.64329623343612,1.7812037611695,63.4797083567106,67.4797083567106,4,0,0,63.4797083567106
1800,8,0,0,45.6187838580942,16.4049316858801,-0.236827517966464,-0.147704324546906,41.152030879576,45.152030879576,4,1,1,45.152030879576
1801,8,1,0,47.5538161397594,15.2133291843817,0.387574595341872,-2.32795673479946,52.0679616894972,56.0679616894972,4,0,0,52.0679616894972
1802,8,0,0,51.4097655180109,10.9773236310438,-0.599344296853256,-0.289396775637309,44.2963398409492,48.2963398409492,4,0,0,44.2963398409492
1803,8,0,1,52.607033101346,11.5435802345644,0.485999411774554,0.0954604078612976,44.5907359585863,48.5907359585863,4,0,0,44.5907359585863
1804,8,0,1,38.3202506470654,12.3570591200798,0.910977116530841,-0.722313357302175,44.0876747550589,48.0876747550589,4,0,0,44.0876747550589
1805,8,0,0,39.6241242584195,11.0297328803373,-0.921243206455967,-1.65395490654401,27.4381544746092,31.4381544746092,4,1,1,31.4381544746092
1806,8,0,1,48.3709531606222,17.336504911911,0.795768391197461,0.538927200014731,49.7544317343289,53.7544317343289,4,1,1,53.7544317343289
1807,8,0,0,35.4729437189767,12.7429237298905,-0.341968672812489,-1.02845584578405,39.0568265430461,43.0568265430461,4,0,0,39.0568265430461
1808,8,0,0,49.4643213018391,10.9490717967617,-0.444697149746278,-0.134176983381059,39.8209624643747,43.8209624643747,4,1,1,43.8209624643747
1809,8,0,1,47.924738660579,14.3578101672958,1.29065496803409,0.226881178806649,47.2793835406999,51.2793835406999,4,0,0,47.2793835406999
1810,8,1,0,42.1920999857184,16.579627688141,1.5804480779748,-1.73863734449163,45.033249394001,49.033249394001,4,1,1,49.033249394001
1811,8,1,1,49.9803371560349,10.7313401363243,-0.320153627031479,0.259414711025952,45.9306954703025,49.9306954703025,4,0,0,45.9306954703025
1812,8,0,0,38.6608726981621,9.45281057412025,-1.59813685994036,0.718942186591829,41.3391083345108,45.3391083345108,4,1,1,45.3391083345108
1813,8,0,0,53.8623151691825,14.4818885795512,1.2846808359802,0.36925645600772,62.5367625105766,66.5367625105766,4,0,0,62.5367625105766
1814,8,0,0,56.9901099100897,9.86195453340776,-0.65282796587465,0.187749631035017,46.3467146349555,50.3467146349555,4,0,0,46.3467146349555
1815,8,1,1,43.5321578449422,14.5766539694678,-0.395522879922196,-0.333107239936224,41.9626869940358,45.9626869940358,4,0,0,41.9626869940358
1816,8,0,1,55.4666107050536,15.6552624798129,-0.459222231631822,1.12475076461295,60.04229147758,64.04229147758,4,0,0,60.04229147758
1817,8,0,0,37.2153705647335,10.5549097892615,-0.816953482904199,-1.38087763984523,42.7585977276594,46.7585977276594,4,1,1,46.7585977276594
1818,8,1,0,54.1795104049888,12.7807373155099,1.31272077587977,0.193182061865685,55.9948427320553,59.9948427320553,4,0,0,55.9948427320553
1819,8,0,0,54.7618957105885,10.7219067988144,0.81121982619562,0.0588265507340472,54.892931128381,58.892931128381,4,0,0,54.892931128381
1820,8,0,0,49.4968811739862,10.6092345588526,-0.728301708972122,-0.0740273823274911,39.0774999138332,43.0774999138332,4,1,1,43.0774999138332
1821,8,1,0,46.0498563579976,16.5225747562509,-0.839116749736282,-0.301416230626701,42.7287555652629,46.7287555652629,4,1,1,46.7287555652629
1822,8,0,0,55.0099323384117,12.7368808444262,0.0416325904444068,0.0552256343229748,47.889192848781,51.889192848781,4,1,1,51.889192848781
1823,8,0,0,43.290399216131,11.1450850078051,1.30335321707227,0.334051468073589,44.3444421875149,48.3444421875149,4,0,0,44.3444421875149
1824,8,0,0,57.7011504352833,12.2712848589435,-0.499669027076467,-0.152628817897152,48.8313989497357,52.8313989497357,4,0,0,48.8313989497357
1825,8,0,0,41.8026317848247,19.368421163554,0.496076147022153,-1.06365436586174,50.409929398721,54.409929398721,4,0,0,50.409929398721
1826,8,1,0,50.7516992584528,13.8240615828475,0.548933529657432,0.700275428260332,50.0403990646533,54.0403990646533,4,0,0,50.0403990646533
1827,8,0,0,41.1056459486721,10.4218058727652,-0.894143921295912,-0.0190498288243101,34.9430337076073,38.9430337076073,4,1,1,38.9430337076073
1828,8,0,0,58.355529069863,10.9891097797152,0.360131976837205,1.20985912525936,51.7563558978806,55.7563558978806,4,1,1,55.7563558978806
1829,8,1,1,53.1799666518216,12.5237202728037,0.295631055620805,0.127347427536754,46.8964808175224,50.8964808175224,4,1,1,50.8964808175224
1830,8,1,0,39.7582321241574,13.6985962062455,-1.02392460076473,-0.216250737960116,39.7950099114558,43.7950099114558,4,0,0,39.7950099114558
1831,8,1,0,44.0204885407773,10.2929527248992,0.0211659064020596,-0.409590703545616,41.8440882239591,45.8440882239591,4,1,1,45.8440882239591
1832,8,0,0,40.5781543190514,13.0980148557415,-0.423878648389195,-0.439352731832576,40.3697790126169,44.3697790126169,4,0,0,40.3697790126169
1833,8,0,0,52.6533155133487,12.7274177297685,1.0960706695372,1.40664236012522,55.8521922102155,59.8521922102155,4,0,0,55.8521922102155
1834,8,0,0,37.9709422800442,12.0432156917374,-0.17763103987878,-0.167860245329327,35.1011179339988,39.1011179339988,4,1,1,39.1011179339988
1835,8,0,0,49.015499976378,9.98786019727176,-0.766852319367433,1.10764825865542,39.9458941594197,43.9458941594197,4,0,0,39.9458941594197
1836,8,1,0,47.0096024156332,10.2663035369569,0.0741714619223863,0.680997728696893,47.8865012852477,51.8865012852477,4,1,1,51.8865012852477
1837,8,0,0,57.2649046277,8.44340629832018,-0.452460602435387,1.35845778420092,48.5879105701682,52.5879105701682,4,1,1,52.5879105701682
1838,8,1,0,59.2575042660502,12.973729890795,0.0120161154823846,1.61378424068407,56.3301960042634,60.3301960042634,4,0,0,56.3301960042634
1839,8,1,0,61.0072243311252,14.4838797155841,0.833191425723712,1.95299654352781,64.204391775717,68.204391775717,4,0,0,64.204391775717
1840,8,0,0,53.3862478573134,9.93905745185807,-0.169671321064199,-0.279477806583717,53.2147523984999,57.2147523984999,4,1,1,57.2147523984999
1841,8,0,0,56.3374150886047,11.3216538124919,-0.433449724469965,0.206173569470903,51.9107634215295,55.9107634215295,4,1,1,55.9107634215295
1842,8,0,0,51.6888178001818,11.5667747146291,-0.802452291333077,1.74589186643048,43.5874977883096,47.5874977883096,4,0,0,43.5874977883096
1843,8,1,1,44.8532234899247,13.8446089060129,0.129745148063338,1.29097037794418,47.5127621910107,51.5127621910107,4,0,0,47.5127621910107
1844,8,1,0,41.2365991911377,15.3666004286086,1.89457225455449,-0.0528382957306764,50.9166610489909,54.9166610489909,4,1,1,54.9166610489909
1845,8,1,0,30.1591888496517,11.7560059147544,-0.557647887338576,-2.35314383642327,31.4835398816452,35.4835398816452,4,1,1,35.4835398816452
1846,8,0,0,44.6301025121204,15.7953488129896,0.532039785156608,-0.363138856216543,43.2075677074585,47.2075677074585,4,1,1,47.2075677074585
1847,8,0,0,63.239947915031,13.5782327132274,0.306069514325294,-0.0151846795986215,55.6919167899985,59.6919167899985,4,0,0,55.6919167899985
1848,8,0,0,48.620471869587,10.6109652981757,0.00621719286163978,-0.71685390272839,46.7894064973536,50.7894064973536,4,0,0,46.7894064973536
1849,8,1,1,34.8230240642701,10.8144925067647,0.355022733676344,-2.37728259518333,31.6665024392627,35.6665024392627,4,0,0,31.6665024392627
1850,8,1,1,44.1942687610029,12.8765067064339,0.10680056578793,0.926345547032146,39.2079719471384,43.2079719471384,4,1,1,43.2079719471384
1851,8,1,1,42.2337514746481,11.4181711463401,-2.03048865277284,0.343021956515478,40.0944185226856,44.0944185226856,4,1,1,44.0944185226856
1852,8,1,0,62.2399821323426,12.1285583706673,0.706222376744513,0.0348971866075907,61.153151944785,65.153151944785,4,1,1,65.153151944785
1853,8,0,0,35.9080715684394,10.7137340356347,-0.970143067109795,-0.287115542757672,36.7162939695048,40.7162939695048,4,1,1,40.7162939695048
1854,8,0,0,54.1268709598198,17.0745998979423,2.0611481239693,-0.195845705670386,57.9343110945864,61.9343110945864,4,1,1,61.9343110945864
1855,8,0,0,49.9296927152789,10.1286881743646,0.995600563762629,0.80342891475821,47.2024458832315,51.2024458832315,4,0,0,47.2024458832315
1856,8,1,1,32.684776353358,11.6132498529145,0.202900117332081,0.298122534966908,36.0106874179236,40.0106874179236,4,1,1,40.0106874179236
1857,8,1,0,47.6364303797044,15.7115583290899,2.06375346330093,-0.35648255576177,46.3859823046782,50.3859823046782,4,1,1,50.3859823046782
1858,8,1,0,58.5701316663703,12.5770323403603,0.917328137062281,-0.0241616604738203,58.5192855550864,62.5192855550864,4,1,1,62.5192855550864
1859,8,1,0,49.9481644136158,10.6270569776483,-1.92574991679596,-0.449807866372946,37.4181953437349,41.4181953437349,4,0,0,37.4181953437349
1860,8,0,1,31.7206836115317,8.54854740697357,-0.766277823506002,-0.812092807686659,27.7082439142405,31.7082439142405,4,1,1,31.7082439142405
1861,8,0,1,47.3878112976371,13.3405676002775,-1.36631133765185,-0.239612983906744,40.4944927424493,44.4944927424493,4,0,0,40.4944927424493
1862,8,0,0,57.6817669739032,16.0766633983611,0.809501371049195,0.12714835168327,55.7605511726815,59.7605511726815,4,0,0,55.7605511726815
1863,8,1,0,50.7730829998371,12.0171492585424,-0.937935170054114,-0.354446527310817,41.4366053134214,45.4366053134214,4,1,1,45.4366053134214
1864,8,1,0,51.661217726791,8.66226178993465,-1.80257865295992,0.807189659910126,42.928304951977,46.928304951977,4,1,1,46.928304951977
1865,8,0,0,56.1595580410512,15.4248425715407,1.88558288490073,1.46335956575266,57.8698240463083,61.8698240463083,4,1,1,61.8698240463083
1866,8,0,1,29.6747403005033,8.56730931399754,-0.512279794972569,-0.860160007924406,31.9954041310252,35.9954041310252,4,0,0,31.9954041310252
1867,8,1,0,54.2754034650582,16.200535057282,0.981138741166892,-0.381352558082013,54.4192935158119,58.4192935158119,4,0,0,54.4192935158119
1868,8,0,0,51.6263473735348,12.0267970458652,-1.03765270931137,0.372917883732155,43.2731111393224,47.2731111393224,4,0,0,43.2731111393224
1869,8,0,1,50.7377205287576,9.26306665116465,-0.293152177302053,-0.0142408061030609,40.8531626513146,44.8531626513146,4,0,0,40.8531626513146
1870,8,1,0,47.9534540326576,9.59884378708949,0.82246945358202,1.65549638965222,57.482129932601,61.482129932601,4,1,1,61.482129932601
1871,8,1,0,52.6700862224493,10.8503955398953,-0.0993414410297995,-0.231265560792555,52.4393470491555,56.4393470491555,4,1,1,56.4393470491555
1872,8,0,0,54.4276680358038,10.066301360728,-0.541823346731889,1.13996241795896,48.9175075070639,52.9175075070639,4,0,0,48.9175075070639
1873,8,0,1,51.4679420336639,15.246447198516,-0.899985823113593,1.12614435196564,43.866767086365,47.866767086365,4,0,0,43.866767086365
1874,8,0,0,44.4234089219122,12.7208596865595,-0.374216653963775,0.402630638367609,42.8574226402722,46.8574226402722,4,1,1,46.8574226402722
1875,8,1,0,41.9707996148362,10.1402263488521,-1.96953330467815,-0.105538007072735,38.807387770382,42.807387770382,4,1,1,42.807387770382
1876,8,1,1,41.5309821666626,11.8193962002451,0.30868111886255,-0.964023622869853,33.4977347108665,37.4977347108665,4,0,0,33.4977347108665
1877,8,0,1,35.8023839556041,11.4530365324423,-0.627932865880312,-1.47392241290262,30.935924349392,34.935924349392,4,1,1,34.935924349392
1878,8,0,0,53.3564004234409,12.2121414129924,-1.29861247284713,-1.4807049340781,39.4108077474566,43.4108077474566,4,1,1,43.4108077474566
1879,8,0,0,44.8172542284146,17.8852570710406,1.48840083359873,-0.750633806259688,47.9771634819089,51.9771634819089,4,1,1,51.9771634819089
1880,8,1,0,51.4057497681491,13.9932525806874,-0.326742303640792,0.408814784419659,52.5363981955995,56.5363981955995,4,0,0,52.5363981955995
1881,8,0,0,61.2208288392977,9.81306374267368,-1.16504872729231,0.221284610210537,48.9090748864594,52.9090748864594,4,0,0,48.9090748864594
1882,8,1,0,36.9441087035636,12.4308705061707,-0.994702646762318,-0.682329221819707,36.9753114996003,40.9753114996003,4,1,1,40.9753114996003
1883,8,0,0,52.0537869773656,17.734208013973,2.94809350404721,-0.401026644515246,60.6361902897869,64.6361902897869,4,1,1,64.6361902897869
1884,8,0,0,36.6944827907993,10.3650811655797,1.26005219258932,-0.859807789963666,38.2621148741257,42.2621148741257,4,1,1,42.2621148741257
1885,8,0,1,43.2670744691363,15.7000798094663,-0.0852992392737504,0.836865534278083,43.962350216992,47.962350216992,4,1,1,47.962350216992
1886,8,0,0,57.9006166052955,15.3182659678891,0.112412067980274,0.283223168914453,61.1515541312071,65.1515541312071,4,0,0,61.1515541312071
1887,8,0,1,33.4881904765584,8.80302603738148,-2.15254471646351,0.596182246331004,31.4180186651115,35.4180186651115,4,1,1,35.4180186651115
1888,8,1,1,54.1958618107474,15.8043024745284,2.79791651239561,-0.438693640592436,58.8741145041703,62.8741145041703,4,0,0,58.8741145041703
1889,8,1,1,20.8150876303243,8.63214350828528,0.917296522628258,-2.12313033368767,22.0631576219952,26.0631576219952,4,0,0,22.0631576219952
1890,8,0,0,48.9276737835288,11.8084954724846,-0.0882186192741321,-1.19249056758775,45.8943220734164,49.8943220734164,4,0,0,45.8943220734164
1891,8,1,1,41.5414845274455,8.95986959313558,-0.87086729060826,0.615616375237743,37.192643463839,41.192643463839,4,0,0,37.192643463839
1892,8,0,1,38.3550733465652,14.4210148980878,-0.423515973143775,-0.12990897285003,37.0588516377153,41.0588516377153,4,0,0,37.0588516377153
1893,8,0,1,40.5777478310147,17.8175215988125,0.954167376021588,-2.05401487989313,41.0766186352715,45.0766186352715,4,0,0,41.0766186352715
1894,8,1,0,39.0867838045216,11.5129610705297,0.359778750368581,-1.61117270634218,31.1469891837717,35.1469891837717,4,0,0,31.1469891837717
1895,8,0,1,53.8946558275215,12.018792079677,-2.26691366831131,0.820963393903565,36.2753498695622,40.2753498695622,4,1,1,40.2753498695622
1896,8,1,0,39.1808248174478,6.36851885939022,-0.922567984831758,-2.47655551899848,34.5987872494729,38.5987872494729,4,1,1,38.5987872494729
1897,8,0,0,46.578884411351,14.3387794284418,0.17809328591557,-0.329292713673677,50.7341172462758,54.7341172462758,4,1,1,54.7341172462758
1898,8,0,0,42.7172008045662,12.781608158436,0.754290887529343,-0.724913265238056,44.4238863638476,48.4238863638476,4,1,1,48.4238863638476
1899,8,0,0,63.8809694831379,13.3657860943329,-1.14317866224077,0.795079039677707,54.8196509723548,58.8196509723548,4,1,1,58.8196509723548
1900,8,1,0,55.8007552920586,11.7910367117752,0.558371550259675,0.890058004845752,52.9421056938181,56.9421056938181,4,0,0,52.9421056938181
1901,8,0,1,51.3974421392344,16.4574833007027,-1.04916998646652,-0.67018192149413,40.2862071659967,44.2862071659967,4,1,1,44.2862071659967
1902,8,0,0,44.9545232285085,10.840106291544,-0.274739160749456,-1.95776476242163,47.9849272610877,51.9849272610877,4,0,0,47.9849272610877
1903,8,0,1,42.6698730703087,10.5108913956978,0.742358157800191,-0.905115998404961,37.6850811286599,41.6850811286599,4,0,0,37.6850811286599
1904,8,0,0,59.7225232701299,12.9117714141384,1.20859774866069,1.7606820659357,62.0861128474189,66.0861128474189,4,1,1,66.0861128474189
1905,8,1,0,45.6693889826876,8.46472851353191,0.268581058562937,0.158039346378974,52.5687804782423,56.5687804782423,4,1,1,56.5687804782423
1906,8,0,0,55.7111702622943,11.9470261598647,0.537229708386763,-0.671627629793588,42.6748102106104,46.6748102106104,4,1,1,46.6748102106104
1907,8,0,0,44.9083311956045,11.3774282969237,-0.530302793280632,-0.513213689577745,44.3505977095849,48.3505977095849,4,1,1,48.3505977095849
1908,8,1,0,63.5862431494095,14.2883469275694,-0.0110549912993414,-0.129953386186805,61.1209306115291,65.1209306115291,4,0,0,61.1209306115291
1909,8,1,0,34.2849725074456,11.5528724810588,-0.273138992868838,-0.90322190672096,42.0961663779726,46.0961663779726,4,1,1,46.0961663779726
1910,8,1,1,45.8787843920119,12.1535654187876,0.387471151827891,-0.632864976067475,43.5287411728739,47.5287411728739,4,1,1,47.5287411728739
1911,8,0,0,58.1959329679952,12.0190373243218,0.435606354667663,0.634994174099648,53.9958581506111,57.9958581506111,4,0,0,53.9958581506111
1912,8,0,0,55.16385688117,14.086803446648,1.99605219169453,0.601451299833896,57.75670099955,61.75670099955,4,1,1,61.75670099955
1913,8,1,0,53.2716781336498,12.234569154356,1.31688993274203,-0.314060893596169,56.7498731317892,60.7498731317892,4,0,0,56.7498731317892
1914,8,0,0,49.8825004138888,10.2032865861429,-1.77191439909479,0.669946536227764,46.2079243858404,50.2079243858404,4,0,0,46.2079243858404
1915,8,0,0,47.8687322797251,10.048045327513,-1.05067534667799,-1.01175028330244,37.4552526092283,41.4552526092283,4,0,0,37.4552526092283
1916,8,0,0,39.9865092481963,13.3593576381132,-0.622030610441478,-0.0409804897514725,38.8764618711007,42.8764618711007,4,1,1,42.8764618711007
1917,8,0,0,54.4233803563598,16.1181788746373,-0.637990739893604,-0.147324182920076,47.8148195682559,51.8148195682559,4,1,1,51.8148195682559
1918,8,0,1,35.3117444725903,10.5389933568153,-0.181488335771224,-0.572682530208346,35.3964494633365,39.3964494633365,4,1,1,39.3964494633365
1919,8,1,0,45.2388011686269,11.5452631805196,-0.630109495135893,0.516866256347844,37.3888904980086,41.3888904980086,4,1,1,41.3888904980086
1920,8,0,1,68.2104296267126,14.1193863660197,-0.417717027098289,3.59590288592629,57.5672868202726,61.5672868202726,4,1,1,61.5672868202726
1921,8,1,0,57.8071782429166,11.6369638931541,-0.049181211320913,0.586830553632329,58.7499591188621,62.7499591188621,4,1,1,62.7499591188621
1922,8,0,0,60.9937309542382,14.7652516825029,-0.612038215333942,0.60565228881585,54.626326377889,58.626326377889,4,1,1,58.626326377889
1923,8,1,0,54.5694816557652,19.3324962174313,0.848367505966107,0.272411077095347,66.2090165449819,70.2090165449819,4,0,0,66.2090165449819
1924,8,1,0,44.2739036161819,10.2775771776652,0.183916284276813,1.01009114239257,37.9604983854642,41.9604983854642,4,0,0,37.9604983854642
1925,8,0,1,27.3553136865915,12.5436125224337,-0.334148893192885,-1.77877684884733,26.4159251454571,30.4159251454571,4,0,0,26.4159251454571
1926,8,0,1,40.1224403721317,13.8525293225604,-0.860089849220885,-0.542437454964163,36.0742183061895,40.0742183061895,4,0,0,36.0742183061895
1927,8,0,0,32.8725867469823,11.5007994839878,-0.391041452219486,0.436042442416106,40.179767384266,44.179767384266,4,1,1,44.179767384266
1928,8,0,0,50.8207826703495,14.2368231879957,-0.237391799333658,0.496355932374655,51.6350306127574,55.6350306127574,4,1,1,55.6350306127574
1929,8,1,0,45.4642621709451,10.7667131174191,0.4685657485031,-0.720869807234189,41.513831867619,45.513831867619,4,0,0,41.513831867619
1930,8,0,1,52.5301452832337,8.61026738274559,-0.74699356067023,0.915751849392108,41.3508457431661,45.3508457431661,4,0,0,41.3508457431661
1931,8,0,0,48.9277503924284,15.4027939629081,-0.400942703114852,-0.69921128171435,39.5833210309829,43.5833210309829,4,0,0,39.5833210309829
1932,8,0,1,44.5981343632065,13.6019119650967,1.08297957972714,-0.0560493096767717,41.8716689103422,45.8716689103422,4,1,1,45.8716689103422
1933,8,1,0,44.6373702744802,12.6066085760314,-0.690980160837645,0.263558484821072,43.3793276969432,47.3793276969432,4,0,0,43.3793276969432
1934,8,1,0,68.2065946336337,9.50663363818236,-0.529319961225239,0.70391460985337,56.0504485668412,60.0504485668412,4,0,0,56.0504485668412
1935,8,1,1,57.7966641291804,15.2754365078104,-0.386054780226167,1.45797754014659,51.0179658835526,55.0179658835526,4,0,0,51.0179658835526
1936,8,0,0,64.3360995267193,14.488812476188,1.77046891960735,1.5139857127854,61.8313798271481,65.8313798271481,4,1,1,65.8313798271481
1937,8,1,0,50.5635359141248,11.6533818246333,0.0118757910826824,1.03242921952474,54.4645174491129,58.4645174491129,4,0,0,54.4645174491129
1938,8,1,0,45.0531855147005,11.9173593943255,0.307509414733046,-0.171833567881402,50.7607204866491,54.7607204866491,4,1,1,54.7607204866491
1939,8,0,1,45.1692597102837,12.8521119300797,0.333423961245105,-1.95630977786925,40.908533127162,44.908533127162,4,0,0,40.908533127162
1940,8,1,0,48.7295706714597,16.0676250120487,-0.589468730612678,-0.670968195114244,47.5645710131562,51.5645710131562,4,1,1,51.5645710131562
1941,8,1,0,46.41832932557,10.8555887497639,-0.84706938158405,-1.06571953043914,39.9195222147831,43.9195222147831,4,0,0,39.9195222147831
1942,8,0,1,49.5519471645342,6.39065900746081,-0.864943540110587,-0.261086072367434,33.6910908800249,37.6910908800249,4,0,0,33.6910908800249
1943,8,1,0,41.6781430619538,12.5921745177326,-1.2143763794164,0.795400692014115,38.9749106544013,42.9749106544013,4,0,0,38.9749106544013
1944,8,0,1,39.3412748111276,12.1176024588964,-0.692846075644912,0.327653585615573,34.9766657383514,38.9766657383514,4,1,1,38.9766657383514
1945,8,0,1,47.7707344764089,15.0811752680278,0.931462115325285,-0.225535458135002,47.7047942047772,51.7047942047772,4,1,1,51.7047942047772
1946,8,1,0,39.0168814355198,11.7110527997418,-0.134343535987145,-2.01261721267076,36.5225122975594,40.5225122975594,4,1,1,40.5225122975594
1947,8,1,0,50.6195120961427,13.9083637917794,2.64725211395813,-0.960448090218659,51.2259866920152,55.2259866920152,4,0,0,51.2259866920152
1948,8,1,0,38.792456234824,9.36673564282157,-0.439136111509219,-1.41816039131568,33.8579140363345,37.8579140363345,4,1,1,37.8579140363345
1949,8,0,0,61.4555071291496,10.2923563618001,1.11055836400526,-0.569532413173043,56.222579919504,60.222579919504,4,0,0,56.222579919504
1950,8,0,1,54.3972315582007,7.93374279060459,-1.04591298804948,1.21985510412932,43.6684300887955,47.6684300887955,4,0,0,43.6684300887955
1951,8,0,1,27.132087695023,11.3676792008076,-0.932665843004616,0.1141567068189,27.6798192444696,31.6798192444696,4,0,0,27.6798192444696
1952,8,1,0,54.3318146465941,12.9826336024175,0.531274337935526,0.920422031367094,55.0577204797652,59.0577204797652,4,0,0,55.0577204797652
1953,8,0,0,54.9524811844874,12.9403617411726,0.778983085190886,-0.550496891663339,48.8069363688463,52.8069363688463,4,1,1,52.8069363688463
1954,8,1,0,58.9034164842345,14.0007167750349,-0.622217697617054,2.09641442224417,52.1688851742599,56.1688851742599,4,1,1,56.1688851742599
1955,8,1,1,49.4310073737897,8.68154251558466,-0.436959546010567,-0.155024371280024,43.291960953716,47.291960953716,4,0,0,43.291960953716
1956,8,0,0,55.5818979268596,15.7366613432218,0.673361921099006,-0.120174755323425,54.4650185780865,58.4650185780865,4,0,0,54.4650185780865
1957,8,0,0,44.2883784429299,10.4416451495984,0.13802812023287,0.14934858074238,43.6908959428796,47.6908959428796,4,0,0,43.6908959428796
1958,8,0,0,38.1784173537204,9.05768290132518,-0.59173304632349,-0.606463413062689,37.0115295830859,41.0115295830859,4,1,1,41.0115295830859
1959,8,1,0,47.8901548693119,13.3761463460661,-1.10800089829088,1.57516914089727,49.0124182704118,53.0124182704118,4,1,1,53.0124182704118
1960,8,1,0,60.2632108388524,14.3043425588412,0.316834953268714,0.467471231245366,55.8118368709338,59.8118368709338,4,1,1,59.8118368709338
1961,8,0,1,50.6358414716745,10.3100559897782,-0.173420319611633,1.66841337012493,49.5555986705182,53.5555986705182,4,0,0,49.5555986705182
1962,8,0,1,30.0945950473916,11.2239737674678,-0.436904851380892,-1.00737892136721,35.878737622892,39.878737622892,4,1,1,39.878737622892
1963,8,1,0,51.1748534121584,13.8572421020989,0.647501765279368,-0.0810863144576102,44.7868925185886,48.7868925185886,4,1,1,48.7868925185886
1964,8,0,0,67.8780839563364,16.5462966669117,0.494611200055812,1.41595482905007,68.9161031595214,72.9161031595214,4,1,1,72.9161031595214
1965,8,1,1,41.8886680684742,10.6634090894649,-0.904061127424833,-0.250657947196849,36.4212194247793,40.4212194247793,4,1,1,40.4212194247793
1966,8,1,0,56.182750177351,13.3270145597816,0.59196759153994,-0.335374289903955,45.5187836430079,49.5187836430079,4,0,0,45.5187836430079
1967,8,0,1,47.5109998518241,9.15058816576279,-0.195774398278783,-0.0115556137921776,44.3291874524488,48.3291874524488,4,1,1,48.3291874524488
1968,8,0,1,47.6793359437927,8.78473325579544,-1.45305420368601,-1.12942986954784,33.6163574807609,37.6163574807609,4,0,0,33.6163574807609
1969,8,0,1,57.824204730371,17.2398188007495,2.06325404256022,0.67587142969814,60.2332473014445,64.2332473014445,4,0,0,60.2332473014445
1970,8,0,1,42.6453636471715,11.789446958473,-1.34989078783841,-2.17405693810028,32.0728432421118,36.0728432421118,4,0,0,32.0728432421118
1971,8,0,1,38.9116093034009,6.39982700350055,-0.0178929963550562,-0.478347820367973,26.9443228059545,30.9443228059545,4,0,0,26.9443228059545
1972,8,0,0,44.4352230603922,10.0552818414733,-1.53344111778613,1.71945841129224,43.1679805586002,47.1679805586002,4,1,1,47.1679805586002
1973,8,1,0,51.3885233689325,11.7444299816389,-0.346897743098111,-0.247724350317563,51.1719563786015,55.1719563786015,4,1,1,55.1719563786015
1974,8,1,0,63.442316797223,18.7457925888456,2.61330603560958,1.55157321665322,69.4017880415097,73.4017880415097,4,1,1,73.4017880415097
1975,8,0,1,44.4072996718018,11.5512092974334,0.845690698066917,-1.70448403057248,42.5098838971224,46.5098838971224,4,0,0,42.5098838971224
1976,8,1,0,60.4330957290986,11.5054957319804,-0.85971598665483,1.46307171165995,50.920510819027,54.920510819027,4,0,0,50.920510819027
1977,8,0,1,52.6711667437768,9.96928691340914,0.505846783637317,1.56298990108469,45.7356750272613,49.7356750272613,4,1,1,49.7356750272613
1978,8,0,0,57.571190368906,12.7458381896631,0.80370055979303,0.453293154741863,60.764058201369,64.764058201369,4,1,1,64.764058201369
1979,8,0,0,58.1641281036057,8.19841248119812,-0.588630839817941,-0.851313520911087,52.01397338004,56.01397338004,4,1,1,56.01397338004
1980,8,1,0,36.601193324596,10.8609213273936,-1.55402327205007,0.562437198093855,30.4120023184047,34.4120023184047,4,1,1,34.4120023184047
1981,8,0,0,47.7411971686192,12.1716397854147,0.412476466038332,-0.642794856624875,46.5252194147889,50.5252194147889,4,1,1,50.5252194147889
1982,8,0,0,44.831773527972,6.89120864422954,-1.90090081704893,0.0289821660320945,21.618685501257,25.618685501257,4,1,1,25.618685501257
1983,8,0,1,30.08350629044,8.18344054102755,-0.838865980346705,-0.263596580690694,28.8162708985229,32.8162708985229,4,1,1,32.8162708985229
1984,8,0,0,41.5428690508558,13.9493885015847,0.814178821134866,1.15950037583081,53.148577855249,57.148577855249,4,1,1,57.148577855249
1985,8,1,1,45.9011801841521,14.5494745841627,0.0843504611896241,0.223304180910578,47.6971651911289,51.6971651911289,4,1,1,51.6971651911289
1986,8,0,0,43.2732808458051,11.3245846863558,-0.881630293817187,-0.80443987796837,38.8681898366428,42.8681898366428,4,0,0,38.8681898366428
1987,8,0,1,35.2834573237407,12.161270838901,0.639406425552157,0.557308900866897,37.6060680251303,41.6060680251303,4,0,0,37.6060680251303
1988,8,0,0,48.8990181313357,18.2448643119892,-0.625540603602668,0.221266787242501,47.6622969963882,51.6622969963882,4,1,1,51.6622969963882
1989,8,0,0,42.2365858544256,13.65053798135,0.847412928774006,-0.426410574967532,48.0414999132249,52.0414999132249,4,1,1,52.0414999132249
1990,8,1,1,42.1788034789884,16.0667684783249,1.54664534018789,0.72462233323024,55.3416209561198,59.3416209561198,4,0,0,55.3416209561198
1991,8,1,0,49.548999052357,11.2856831477354,-1.36370207974324,0.549587577225551,50.941929151932,54.941929151932,4,0,0,50.941929151932
1992,8,0,1,35.6340916254963,10.1381725666711,0.903900165359483,-0.877079960254143,42.9061247128194,46.9061247128194,4,1,1,46.9061247128194
1993,8,1,0,49.4753562028229,14.7842418185637,0.00550303488308253,-0.557425280164654,48.9040776630521,52.9040776630521,4,0,0,48.9040776630521
1994,8,1,0,47.5856493285258,10.9453348218675,0.5785829719256,0.811235317125396,52.5761018615403,56.5761018615403,4,1,1,56.5761018615403
1995,8,0,0,60.3616161561505,16.4015049843931,1.43217952763401,-0.188479779409102,51.523352395846,55.523352395846,4,1,1,55.523352395846
1996,8,1,0,38.8491683289926,11.6449702026551,0.103787391595286,-1.40451483856524,38.9243841937712,42.9243841937712,4,0,0,38.9243841937712
1997,8,1,0,45.8129132957637,11.1060832834872,0.287188534589476,-2.03124112038096,44.5418896712088,48.5418896712088,4,0,0,44.5418896712088
1998,8,0,1,46.6426389726022,14.4181577542616,1.9079536815867,-0.258276764411889,45.3201189225662,49.3201189225662,4,1,1,49.3201189225662
1999,8,1,0,62.2317979467291,14.4882729902596,0.552946770684879,0.353290504841653,54.6520742004714,58.6520742004714,4,1,1,58.6520742004714
2000,8,0,0,52.8582388820932,8.92158109681491,-1.15403796465361,-0.630147540390258,38.8472964284058,42.8472964284058,4,0,0,38.8472964284058
2001,9,1,1,54.5578711112803,17.1378524501873,1.5398589549886,0.28890137182315,65.1534126260841,69.1534126260841,4,1,1,69.1534126260841
2002,9,1,1,44.5079941053512,12.4219837711498,-0.878519542490304,-0.261274426401226,35.3796114176051,39.3796114176051,4,0,0,35.3796114176051
2003,9,1,0,54.7014494694591,15.1206665509529,0.920266317830499,0.18840599214884,57.9055569517032,61.9055569517032,4,0,0,57.9055569517032
2004,9,0,0,35.4791680593325,14.6633849535034,0.342919275665972,-1.06595052186142,48.8995463310773,52.8995463310773,4,1,1,52.8995463310773
2005,9,0,1,36.1582086993305,9.38980048683932,-2.07220725629144,0.0171133314484356,26.3496164989378,30.3496164989378,4,1,1,30.3496164989378
2006,9,1,0,51.9890760573762,8.1582883290443,-2.15174945951752,0.917458938482132,42.8490223108206,46.8490223108206,4,1,1,46.8490223108206
2007,9,0,0,49.2699968711596,13.7528290304355,-1.2173716155352,0.316336884691669,46.9181079642584,50.9181079642584,4,0,0,46.9181079642584
2008,9,1,1,50.7466123537868,15.2067535919909,1.66403329553933,0.11519574298429,52.5546750704036,56.5546750704036,4,1,1,56.5546750704036
2009,9,0,0,44.8079862444647,14.7424407742601,0.553562841027318,0.646374711645043,54.5202501318728,58.5202501318728,4,0,0,54.5202501318728
2010,9,1,1,52.7036289517923,13.5922174288204,1.68009113870363,0.407256163690273,52.74155899369,56.74155899369,4,1,1,56.74155899369
2011,9,1,0,33.9074494668006,12.9158893292731,0.564816396990964,-1.57918009274812,44.5183712289112,48.5183712289112,4,1,1,48.5183712289112
2012,9,1,1,57.6480622518767,16.0492087225726,2.02783541141652,-0.0284125982769781,55.8539702871432,59.8539702871432,4,0,0,55.8539702871432
2013,9,0,1,56.6957347319055,15.4851163164304,0.482354549068954,1.57475456347999,52.8499816673706,56.8499816673706,4,0,0,52.8499816673706
2014,9,0,1,48.2090601481569,11.3413809226246,-1.28714884013904,0.90784265935293,36.3365017239497,40.3365017239497,4,1,1,40.3365017239497
2015,9,0,1,48.1548448833195,12.7959127622238,1.46406369533729,-0.577212608622332,50.5940740966003,54.5940740966003,4,0,0,50.5940740966003
2016,9,1,1,38.7992884765284,8.14112302143162,-2.88393680462969,0.221948546061133,30.8306028962177,34.8306028962177,4,0,0,30.8306028962177
2017,9,1,0,46.9510347957606,16.1509415711646,0.240937856120202,-0.295859107398813,44.4331500352017,48.4331500352017,4,0,0,44.4331500352017
2018,9,0,0,51.7653965515296,14.938848404143,-0.875140601844267,-0.309586295319237,46.2598758751877,50.2598758751877,4,0,0,46.2598758751877
2019,9,1,0,39.3681549090937,8.07885906877279,-0.836618304028345,0.27186868709238,40.2810967647869,44.2810967647869,4,1,1,44.2810967647869
2020,9,0,0,45.4894771707351,10.9458938692596,1.13145402962437,-0.633744021167892,42.3482013284374,46.3482013284374,4,1,1,46.3482013284374
2021,9,0,0,42.5582021114436,12.5433865771173,0.055762439551112,0.264787959796143,41.893771968343,45.893771968343,4,1,1,45.893771968343
2022,9,0,1,46.2605045802945,12.7425471701867,-0.0649505658790198,-0.402094240261885,41.9591080938984,45.9591080938984,4,0,0,41.9591080938984
2023,9,1,1,45.1525358259961,10.9937834336971,-1.36120420414186,1.88615313917848,45.6890297434301,49.6890297434301,4,1,1,49.6890297434301
2024,9,1,0,46.1545274457854,12.7432871582198,-0.062109885774882,-0.342163073746779,50.2939311320132,54.2939311320132,4,1,1,54.2939311320132
2025,9,0,0,45.9000948578157,7.37756828329912,-0.715541252049023,2.07072307014884,52.3748370054678,56.3748370054678,4,1,1,56.3748370054678
2026,9,0,0,45.9633401295423,11.0019250252872,0.895487646074397,-0.795807340932679,43.0188799463656,47.0188799463656,4,1,1,47.0188799463656
2027,9,0,1,49.0778166542599,13.5989857199165,-0.146638853383038,-0.93149575077066,45.1945320929238,49.1945320929238,4,1,1,49.1945320929238
2028,9,1,1,44.7057876202645,11.5609912807271,-1.13494442964219,0.431537815884294,41.9835426269366,45.9835426269366,4,1,1,45.9835426269366
2029,9,1,0,43.4193220984855,12.4497771545278,0.174461009160621,0.996867002274848,49.9407152530053,53.9407152530053,4,0,0,49.9407152530053
2030,9,1,1,45.4383595231293,10.0309350089447,0.548541294357109,-0.0829332992147781,42.7841088788913,46.7841088788913,4,0,0,42.7841088788913
2031,9,0,1,34.8454830962264,8.3092388703881,-1.24367626959242,-0.576781602964588,33.3725892498526,37.3725892498526,4,1,1,37.3725892498526
2032,9,1,0,56.4252458020523,11.5410925536456,-0.557519381974171,1.36984130397509,53.7206352496503,57.7206352496503,4,1,1,57.7206352496503
2033,9,0,1,48.9735345566996,13.2824916353899,0.182287124908646,0.534857401629325,43.4203006933463,47.4203006933463,4,1,1,47.4203006933463
2034,9,1,0,39.545251408644,6.53837997966335,-0.781100667666837,0.30943916541618,43.42517096078,47.42517096078,4,0,0,43.42517096078
2035,9,1,0,48.5460967188109,13.1738288509762,-0.402968401855628,0.589473921679367,53.3456040385018,57.3456040385018,4,1,1,57.3456040385018
2036,9,1,1,51.0129673129076,12.351172903839,-1.5970671997466,-0.68021772065254,41.9969518320823,45.9969518320823,4,0,0,41.9969518320823
2037,9,1,1,49.2459029827563,14.9906529282336,0.272053352692015,1.22301805070082,54.906515708912,58.906515708912,4,0,0,54.906515708912
2038,9,1,0,46.2017468923612,10.4759901091099,0.744513054443018,-0.327360903038023,42.213725720894,46.213725720894,4,1,1,46.213725720894
2039,9,1,0,51.7075953951423,12.3244575176626,2.61929542760669,-0.0234125797160889,61.3027688690972,65.3027688690972,4,0,0,61.3027688690972
2040,9,0,0,52.4241030838985,13.2899198531397,-0.564975521880523,-0.745350385987236,40.9851040619438,44.9851040619438,4,0,0,40.9851040619438
2041,9,0,0,51.7694509509399,14.5774527108015,-0.18004143936457,-0.588163634582458,40.9216562500931,44.9216562500931,4,0,0,40.9216562500931
2042,9,1,0,52.5494154799824,10.9026469688619,-0.487166802560823,0.217850692445612,44.9136466176452,48.9136466176452,4,1,1,48.9136466176452
2043,9,0,1,37.9584494792356,9.14844241050881,-1.74580174768678,-0.389541360754716,22.9382444316101,26.9382444316101,4,0,0,22.9382444316101
2044,9,1,0,58.4581858918678,15.0105181022722,1.1834669165982,-0.59278015900561,62.3102900446351,66.3102900446351,4,1,1,66.3102900446351
2045,9,0,1,38.4732058782268,10.9810629005836,-1.27681643082007,-0.944573597313927,29.0812266275539,33.0812266275539,4,0,0,29.0812266275539
2046,9,1,0,37.3304853494252,12.8035517290867,-0.0100746385140833,-0.357502800101323,44.1535603488225,48.1535603488225,4,1,1,48.1535603488225
2047,9,1,1,51.9906501099504,11.3842781767047,-0.560426405671281,-0.0737739343759684,44.0095798343084,48.0095798343084,4,1,1,48.0095798343084
2048,9,1,0,59.9436250497649,10.5977706861817,-0.0633017922309176,-0.262998064462415,56.7136220156045,60.7136220156045,4,1,1,60.7136220156045
2049,9,1,1,46.388569001427,10.221325759975,0.395219099312594,-1.57519199278185,34.6951649204978,38.6951649204978,4,1,1,38.6951649204978
2050,9,1,0,39.0207389234763,6.26830060239199,-0.621516500338238,-0.327979826758592,27.4316324190369,31.4316324190369,4,1,1,31.4316324190369
2051,9,1,0,47.3189109354061,14.8486598691138,1.21484304929621,-0.717848591126451,53.680916585939,57.680916585939,4,0,0,53.680916585939
2052,9,1,0,52.2051810586796,10.120860502233,-0.444844864780968,-1.14741026511163,35.6750641582451,39.6750641582451,4,1,1,39.6750641582451
2053,9,0,0,45.1833133179722,11.4220129405917,-1.22383559377007,0.453331090417423,43.1944169881678,47.1944169881678,4,1,1,47.1944169881678
2054,9,0,0,49.8668465363957,12.7435932115678,-0.437415468083847,0.648655018944075,46.3941326705391,50.3941326705391,4,1,1,50.3941326705391
2055,9,0,0,47.7305854384361,10.6160123632299,0.94155678793882,-1.68346030805356,41.3026911351579,45.3026911351579,4,0,0,41.3026911351579
2056,9,1,0,43.5107165830538,12.4360931167632,0.548611301074669,-0.533270824800855,45.4556018084883,49.4556018084883,4,0,0,45.4556018084883
2057,9,1,0,45.4105725981272,14.4274716613613,0.567635759701214,1.27328005012867,47.520276637265,51.520276637265,4,1,1,51.520276637265
2058,9,1,0,54.627362072337,8.70290810291273,0.536109393789903,0.0486611211476386,44.6425074753443,48.6425074753443,4,0,0,44.6425074753443
2059,9,0,0,33.1298261485023,7.05394769215394,-0.204320918290422,-0.825004959413651,32.4202304796566,36.4202304796566,4,1,1,36.4202304796566
2060,9,1,0,63.9083033974273,11.3319475476676,0.863818912550686,1.46750150987331,68.3004407598752,72.3004407598752,4,1,1,72.3004407598752
2061,9,1,1,44.2360204030062,11.7168957139427,-1.57950977771835,0.0405685688222312,36.6573113342446,40.6573113342446,4,0,0,36.6573113342446
2062,9,1,0,39.3017811761814,11.6326266145252,0.309708762081143,-1.24749207631811,47.1127507649168,51.1127507649168,4,1,1,51.1127507649168
2063,9,1,0,59.4723026820957,7.18639732086909,-0.467073002160885,1.29871724325005,50.9949458868288,54.9949458868288,4,0,0,50.9949458868288
2064,9,0,0,55.4113568399777,12.4415201047686,-0.260149770326047,0.00574492960345234,46.2815074112611,50.2815074112611,4,1,1,50.2815074112611
2065,9,1,0,55.1280802843792,12.8159545803265,0.000666519072323419,-0.528263826851405,49.7891114608643,53.7891114608643,4,1,1,53.7891114608643
2066,9,1,1,48.58877539351,9.28716106592143,-1.26556965260591,1.95359726900387,37.6039254987015,41.6039254987015,4,1,1,41.6039254987015
2067,9,1,1,31.5839589536529,16.2891706982575,0.725087845162289,-0.329603966247893,40.5646856065347,44.5646856065347,4,0,0,40.5646856065347
2068,9,1,0,52.430119932392,16.6367254691872,1.10944506228166,-1.29425390444027,50.1480368536129,54.1480368536129,4,0,0,50.1480368536129
2069,9,0,0,51.9528441113696,9.68935500624853,-0.28505331176126,0.676327675210877,51.2263953384359,55.2263953384359,4,1,1,55.2263953384359
2070,9,0,0,56.657163199581,13.9072403525271,1.3680881140499,0.565054723721634,57.1071077459323,61.1071077459323,4,0,0,57.1071077459323
2071,9,1,1,47.105031270859,6.82854771746535,-0.710557851971116,0.707598131115104,38.3776089547788,42.3776089547788,4,1,1,42.3776089547788
2072,9,1,0,50.8627307644068,15.474252666142,0.0129279927661562,1.77775099113401,53.2194710250761,57.2194710250761,4,0,0,53.2194710250761
2073,9,0,1,52.1773758753385,14.248695950209,-0.67415519804572,0.728718145004676,48.7459570654903,52.7459570654903,4,1,1,52.7459570654903
2074,9,0,0,51.6757442170568,9.56557783537887,-2.3409604650499,0.717730570939778,42.6361481781013,46.6361481781013,4,1,1,46.6361481781013
2075,9,1,0,52.0121880840898,10.0556741928332,0.253278564051854,1.23918865504676,44.4190658962358,48.4190658962358,4,0,0,44.4190658962358
2076,9,0,0,46.8577544035148,12.3266070879726,-1.54683514723194,0.548006366800428,43.9948028859447,47.9948028859447,4,0,0,43.9948028859447
2077,9,1,0,53.3882091981058,10.0153183684829,-0.456393365809589,-0.113531235090525,43.3797458394671,47.3797458394671,4,1,1,47.3797458394671
2078,9,0,1,39.4705217291104,7.67999352480374,-1.91460226807861,1.10123258862293,29.8918321138856,33.8918321138856,4,1,1,33.8918321138856
2079,9,1,0,40.7951007961625,13.1014908570815,0.998975091530434,0.125109477642932,45.1294849328343,49.1294849328343,4,1,1,49.1294849328343
2080,9,1,0,57.7336118612834,11.6994749583918,-1.20235457301246,0.484517868416028,56.840512046653,60.840512046653,4,0,0,56.840512046653
2081,9,1,1,44.5542470561257,12.5206950221383,1.10774272396222,-1.25438500848186,44.479351720765,48.479351720765,4,1,1,48.479351720765
2082,9,1,0,51.3487933136229,12.99483900465,1.27239176689118,-0.136771385592443,47.3196132883882,51.3196132883882,4,0,0,47.3196132883882
2083,9,1,0,48.7222376647839,8.61786624403923,0.148534910944995,0.833318110989729,47.7235723608518,51.7235723608518,4,0,0,47.7235723608518
2084,9,1,0,54.0175655742573,12.7722069328134,1.46027253566588,1.15835157671474,58.7411951213867,62.7411951213867,4,1,1,62.7411951213867
2085,9,0,1,56.2747055494361,14.437500209839,-0.354011846024704,-0.20853004140332,48.3207969524099,52.3207969524099,4,0,0,48.3207969524099
2086,9,1,1,40.5280548427993,16.1767613816884,1.37287784149302,-1.08586094362977,44.4080147207011,48.4080147207011,4,1,1,48.4080147207011
2087,9,0,0,60.5744733701493,8.56094369324345,-0.897927624920732,1.27017188648846,55.0545358015116,59.0545358015116,4,1,1,59.0545358015116
2088,9,0,0,48.5642534683803,12.7187297176311,-0.106009887918307,-0.20208639743861,39.4890133687119,43.4890133687119,4,0,0,39.4890133687119
2089,9,1,0,47.7080512742412,11.5706578808099,-0.03969294640097,0.427399789895475,42.8597792607879,46.8597792607879,4,0,0,42.8597792607879
2090,9,0,0,44.9214189415133,9.37305224175868,-0.121674658897329,0.702729866857669,41.56191037705,45.56191037705,4,1,1,45.56191037705
2091,9,0,0,44.2607070011217,9.84181339976169,-0.362383381421898,-0.959465521341444,35.6569278196115,39.6569278196115,4,1,1,39.6569278196115
2092,9,1,0,44.3022604393124,8.74087783597694,-0.882465526765678,-1.33002590484645,45.4647010277473,49.4647010277473,4,0,0,45.4647010277473
2093,9,1,0,46.5202302663791,10.5868733799812,0.0132587642381494,-0.474255128139794,40.9243949365074,44.9243949365074,4,1,1,44.9243949365074
2094,9,1,1,29.5633639710782,8.95631075444928,-1.54943949430809,-2.24062170097954,24.6570469606044,28.6570469606044,4,0,0,24.6570469606044
2095,9,0,0,50.0601397387059,13.1621151743836,0.870430842257628,-0.540820925277343,48.1130567525103,52.1130567525103,4,1,1,52.1130567525103
2096,9,0,1,59.0880181206838,11.2317764294319,-0.356599473745673,2.05907603737648,53.9611308262115,57.9611308262115,4,1,1,57.9611308262115
2097,9,1,0,53.1773162443804,12.8088298374149,-0.265059501694734,0.323608663099966,56.5762895082775,60.5762895082775,4,0,0,56.5762895082775
2098,9,0,0,54.5728042879044,10.3549135465272,-1.52675842826639,-0.126192361576832,39.6025919890538,43.6025919890538,4,0,0,39.6025919890538
2099,9,1,0,44.920052005217,12.8749084447054,0.828595039985024,-0.355394263588039,42.5417111896323,46.5417111896323,4,1,1,46.5417111896323
2100,9,1,0,33.3303237001574,10.7000979873933,0.560384503922877,-1.3984523476294,38.7556623431384,42.7556623431384,4,1,1,42.7556623431384
2101,9,0,0,48.0175137034228,11.0590935287391,0.491110210873618,-0.99197229951353,48.3149107978102,52.3149107978102,4,0,0,48.3149107978102
2102,9,0,0,43.1168939779846,12.0103742614317,-0.380557505376355,-1.70151561027032,34.9714710521987,38.9714710521987,4,0,0,34.9714710521987
2103,9,1,1,45.4645552360755,12.83496625649,-1.08368809873787,0.0550593250813394,38.9486798615693,42.9486798615693,4,0,0,38.9486798615693
2104,9,1,1,47.2367344695607,12.927007500557,1.38901628346158,-0.419989618382098,46.7475945767638,50.7475945767638,4,0,0,46.7475945767638
2105,9,1,1,55.0125401546054,13.5709039200167,-0.903957512349574,0.365972438731506,44.9357052428879,48.9357052428879,4,0,0,44.9357052428879
2106,9,0,0,58.1562743422428,11.2958089037869,0.45637054964485,0.525713287976509,51.1870716616546,55.1870716616546,4,0,0,51.1870716616546
2107,9,1,0,38.1970840923593,11.7549907624509,-0.341439074305233,-0.151486005715878,47.9360050671327,51.9360050671327,4,0,0,47.9360050671327
2108,9,1,0,56.9726370256536,9.42580614894138,-0.201330366001787,0.270473660820644,59.9949659658425,63.9949659658425,4,1,1,63.9949659658425
2109,9,1,1,46.0379533957213,8.84679372570896,-0.75944221292955,1.76852420845743,37.6981749604944,41.6981749604944,4,0,0,37.6981749604944
2110,9,0,0,44.5123607792093,11.6142616100847,-1.15197405011179,1.93593687420449,41.1374434999955,45.1374434999955,4,0,0,41.1374434999955
2111,9,1,0,56.7065727081057,9.28356452752807,-1.29561594424473,1.13555381617379,44.3824109320522,48.3824109320522,4,0,0,44.3824109320522
2112,9,0,1,46.6053153792014,10.0716368987135,-0.16531761115271,-0.877542144289457,39.2114508827941,43.2114508827941,4,0,0,39.2114508827941
2113,9,1,0,54.223508365815,9.91280323332549,-1.78778080767097,1.13638833872488,50.0127741976781,54.0127741976781,4,0,0,50.0127741976781
2114,9,0,0,56.5080959665352,10.4088984655941,-0.99049111486001,0.743184270673943,53.5123061797482,57.5123061797482,4,0,0,53.5123061797482
2115,9,1,0,38.9268238639271,10.7390622402834,0.093308765028927,-0.798605535887836,34.0117044204167,38.0117044204167,4,1,1,38.0117044204167
2116,9,0,1,51.6105172820408,16.3681396246312,1.36028403202018,-0.337518384767334,47.5969539601774,51.5969539601774,4,1,1,51.5969539601774
2117,9,0,0,50.0199156081533,14.8229455034434,0.675857624851771,0.187156869039414,46.1965339344607,50.1965339344607,4,1,1,50.1965339344607
2118,9,1,0,47.85993937039,11.976450019546,1.44158119332074,0.337383273021465,48.9746761681791,52.9746761681791,4,0,0,48.9746761681791
2119,9,1,0,48.9455128321676,12.8447736678255,-0.208806675108711,0.0164072748772531,47.0615446204444,51.0615446204444,4,0,0,47.0615446204444
2120,9,1,0,46.0153724270159,13.3569693832516,-0.457207329376301,1.36497008846335,48.2931050231828,52.2931050231828,4,0,0,48.2931050231828
2121,9,1,1,64.4278443859356,11.9257263734913,0.528375450235236,0.484877603330258,58.7192196608714,62.7192196608714,4,0,0,58.7192196608714
2122,9,0,1,49.2819633747659,8.95791411457695,-1.67799395623282,1.4595966355279,43.4925705840392,47.4925705840392,4,1,1,47.4925705840392
2123,9,1,0,57.2231171525767,11.0934166577125,0.236135121969211,-0.486435098814234,55.3512429065294,59.3512429065294,4,0,0,55.3512429065294
2124,9,0,0,47.0205104478431,13.7292659957101,-0.891630673463094,0.273253033024414,40.1914614535796,44.1914614535796,4,0,0,40.1914614535796
2125,9,0,1,40.3519367320954,11.6107160516535,0.0164188784996298,0.122094306261865,38.3626478100858,42.3626478100858,4,1,1,42.3626478100858
2126,9,1,0,40.9642503468304,13.3867316407861,0.780395645705051,-0.0963330169862099,50.1059937138895,54.1059937138895,4,0,0,50.1059937138895
2127,9,1,1,47.9984726196483,8.98548984311892,-1.60744065299601,1.52011851082798,39.0602654631899,43.0602654631899,4,1,1,43.0602654631899
2128,9,1,0,51.1546532185216,15.1064531322791,1.52695362334216,0.278685549272013,55.9210911220205,59.9210911220205,4,1,1,59.9210911220205
2129,9,0,1,41.8313668427289,12.1961547392906,-0.507797918039314,-0.889774786655207,34.9888612691277,38.9888612691277,4,0,0,34.9888612691277
2130,9,1,0,55.2263653504238,12.6353030490803,0.0376015707821894,0.831149202819193,46.6143117748322,50.6143117748322,4,0,0,46.6143117748322
2131,9,0,0,42.2011910672209,13.7618711591849,0.962818794625123,0.178105217901584,46.0944449028442,50.0944449028442,4,1,1,50.0944449028442
2132,9,1,1,24.2368182557998,11.118408333786,-2.17002171162183,-1.21179362976904,25.5655151272174,29.5655151272174,4,0,0,25.5655151272174
2133,9,0,0,53.4459406172483,15.2946605969624,-0.338123929429274,-0.0246045821797732,53.2044377983315,57.2044377983315,4,0,0,53.2044377983315
2134,9,0,0,52.5602457597047,13.8445945308323,0.661176673462746,-0.795384116780791,48.7709650572022,52.7709650572022,4,1,1,52.7709650572022
2135,9,0,0,46.9509813880433,9.89739487501765,-0.158271277788194,0.201104059031387,38.3346389922725,42.3346389922725,4,0,0,38.3346389922725
2136,9,1,0,48.7601863243376,14.7858781597309,2.59690454986875,-1.96510253724978,58.9057260682528,62.9057260682528,4,0,0,58.9057260682528
2137,9,1,1,51.6585697362697,12.2541914758571,-0.707714491873959,-1.91525181889305,40.6719147118089,44.6719147118089,4,1,1,44.6719147118089
2138,9,0,0,52.5276619412253,12.3595837382794,2.05137855392377,-0.50663238086011,49.5947523891337,53.5947523891337,4,1,1,53.5947523891337
2139,9,1,1,60.0944920887324,12.7366629080305,-1.1074745769658,0.349682121573636,51.7135791931989,55.7135791931989,4,1,1,55.7135791931989
2140,9,1,1,58.2700153882982,13.3270462278901,2.36547923789822,0.390323769208335,54.390742349867,58.390742349867,4,0,0,54.390742349867
2141,9,1,0,58.4783874432617,11.1826891266389,0.829828693524905,2.10819069861673,63.5376645074643,67.5376645074643,4,0,0,63.5376645074643
2142,9,0,0,35.8176441446627,15.0884914090363,-0.844270640471798,-0.912959160650852,30.7023219613304,34.7023219613304,4,0,0,30.7023219613304
2143,9,1,0,57.2883092424466,16.2689106082292,0.823076523738405,-0.668138384804082,57.2020917879309,61.2020917879309,4,1,1,61.2020917879309
2144,9,1,0,47.6472768346297,12.6401836439108,0.369920392843336,1.51789358091352,47.0584207566277,51.0584207566277,4,0,0,47.0584207566277
2145,9,1,0,39.3834493361902,12.4471812461581,0.799409357121524,-0.969131522049629,46.9366511619929,50.9366511619929,4,1,1,50.9366511619929
2146,9,1,0,52.4547682609079,11.0012055870785,1.26926418196277,-0.454083007640605,47.1086925071672,51.1086925071672,4,1,1,51.1086925071672
2147,9,0,0,39.6087176223177,8.2723050077289,-1.64597785539496,0.695850234921756,38.8967302110208,42.8967302110208,4,0,0,38.8967302110208
2148,9,0,0,47.3841409445271,14.0364787036699,2.39116870820796,-0.783601088243557,50.9219543383186,54.9219543383186,4,1,1,54.9219543383186
2149,9,1,0,61.0539450299051,10.5188354341945,0.0302891691498165,0.701520884734834,50.769630118089,54.769630118089,4,0,0,50.769630118089
2150,9,0,0,57.2468255779697,14.7893948694826,1.49035044089881,-1.48329608196887,55.638319279194,59.638319279194,4,0,0,55.638319279194
2151,9,0,1,37.2273215449989,10.7126360717922,-0.530449295631883,-2.06030945384488,25.9189321734476,29.9189321734476,4,1,1,29.9189321734476
2152,9,0,0,56.3843902452939,12.1159672742942,-0.226855184427896,-0.209816744109168,49.2294292910001,53.2294292910001,4,0,0,49.2294292910001
2153,9,0,1,55.5547901987228,12.3329595454312,0.723744842718289,1.20066386739615,57.035745857005,61.035745857005,4,0,0,57.035745857005
2154,9,1,1,39.020772785693,12.0184143893878,-2.18764396657338,0.0472926371886778,31.6763685689591,35.6763685689591,4,1,1,35.6763685689591
2155,9,1,1,49.4372681410841,10.8661947984925,-0.168552225221317,0.575865463780994,42.6782629747107,46.6782629747107,4,1,1,46.6782629747107
2156,9,0,0,58.2824688198463,16.0519447905887,0.40510060365575,-0.335515420374645,57.1093100228446,61.1093100228446,4,0,0,57.1093100228446
2157,9,1,0,33.8467712965199,8.58969337834773,-2.5816927796802,-0.27416123693022,26.3753110112259,30.3753110112259,4,1,1,30.3753110112259
2158,9,0,1,56.4636710478972,12.7030542567061,-0.647996093308229,-1.20644221583227,40.6963677836642,44.6963677836642,4,0,0,40.6963677836642
2159,9,0,0,54.8902114635899,7.09542720777492,0.970248757607028,1.33067837098785,54.3639565830498,58.3639565830498,4,1,1,58.3639565830498
2160,9,0,0,49.0828155561586,11.371517667812,0.19160920739431,-0.421120442168233,55.010182689718,59.010182689718,4,0,0,55.010182689718
2161,9,0,0,40.0260594157287,12.1364291906219,1.35404185237162,-1.30868055575452,44.9920848264895,48.9920848264895,4,1,1,48.9920848264895
2162,9,0,0,52.2654903000437,9.55130442474563,-2.4697189570807,-1.59965692116536,39.2013357254922,43.2013357254922,4,0,0,39.2013357254922
2163,9,1,1,50.0686048282484,14.5046195786664,1.01543640167984,-0.0469188731101287,54.1480373117909,58.1480373117909,4,0,0,54.1480373117909
2164,9,0,1,51.6882794954858,11.7734364601121,0.705399475330998,1.97755266242796,44.8120306383215,48.8120306383215,4,1,1,48.8120306383215
2165,9,0,0,59.1102394090565,11.5408820578328,-0.374399286837885,1.86761032127128,56.3067840208558,60.3067840208558,4,1,1,60.3067840208558
2166,9,1,0,62.4137422854188,15.3486616837452,0.790028349046018,0.357420488059235,65.9884373530577,69.9884373530577,4,0,0,65.9884373530577
2167,9,1,1,52.8736808751429,13.3758272750954,-0.141525760130385,-0.396712630282438,44.0132103004573,48.0132103004573,4,0,0,44.0132103004573
2168,9,0,0,52.1830126887058,11.1956602544952,1.06223715417284,0.81319745747299,55.9256288904823,59.9256288904823,4,1,1,59.9256288904823
2169,9,1,1,43.7137731993114,14.1183948749679,2.85033341696661,-1.73643353780557,47.7656929925774,51.7656929925774,4,1,1,51.7656929925774
2170,9,1,0,23.5336686800895,10.9604406250239,0.563710908340708,-1.02233194729308,28.1610919795926,32.1610919795926,4,0,0,28.1610919795926
2171,9,1,0,57.854320044006,10.8242805334643,1.1162439833413,-0.5721257114807,46.2006192128038,50.2006192128038,4,1,1,50.2006192128038
2172,9,0,0,65.1747743065791,13.6260933592795,0.634469767886076,1.9703689598823,59.264700609688,63.264700609688,4,1,1,63.264700609688
2173,9,0,0,48.9565449714311,13.6291423828486,1.14978092773923,-1.16985650499258,47.8052920493928,51.8052920493928,4,0,0,47.8052920493928
2174,9,0,0,45.867847826599,15.7757807986535,1.61590555864516,0.9664099092202,55.0060281474085,59.0060281474085,4,0,0,55.0060281474085
2175,9,0,0,39.9890075738983,7.78754420930191,-0.694940816477036,-0.0836628273155751,32.0737569965717,36.0737569965717,4,0,0,32.0737569965717
2176,9,0,0,50.3174783037211,14.624435420855,0.31176495260177,-0.994117659045969,55.9671557575822,59.9671557575822,4,0,0,55.9671557575822
2177,9,1,0,48.2698939283286,12.2483286993754,-0.44935571018726,-0.582825966547049,43.4560772680789,47.4560772680789,4,0,0,43.4560772680789
2178,9,1,1,54.4781183371741,13.3459496773312,1.33007320577065,0.220176007822431,53.1559278040342,57.1559278040342,4,0,0,53.1559278040342
2179,9,1,0,44.2449675516724,11.9123683615224,0.870015572723217,-1.16947227123135,47.1747598907992,51.1747598907992,4,1,1,51.1747598907992
2180,9,0,0,49.8832843599826,16.7510056035513,1.15269406574027,1.30591615686667,57.841080630546,61.841080630546,4,0,0,57.841080630546
2181,9,0,0,49.1786434767816,12.9043645851061,-0.995974540723502,-1.43494584635614,44.5938424531671,48.5938424531671,4,1,1,48.5938424531671
2182,9,1,0,52.5386281215006,12.1878612491011,1.13957033862795,-0.616756892889059,53.4227032945041,57.4227032945041,4,1,1,57.4227032945041
2183,9,1,0,39.5848018602711,10.6801174613149,0.375504745958195,0.452285246505144,45.5335859098452,49.5335859098452,4,1,1,49.5335859098452
2184,9,0,1,50.6438628207647,14.396598188721,-0.00436691450548545,-0.306325566515028,48.9692667711966,52.9692667711966,4,1,1,52.9692667711966
2185,9,1,0,37.5538005196997,14.1717147570407,-0.378020499921918,-1.69319192006674,43.231175596847,47.231175596847,4,0,0,43.231175596847
2186,9,0,0,40.4427309747251,7.2542870929994,-1.54215919704602,-1.46847070597455,27.9939376587592,31.9939376587592,4,0,0,27.9939376587592
2187,9,1,1,54.613656822795,14.9470448804681,2.13292412078092,-0.474154478380307,56.5704508294831,60.5704508294831,4,1,1,60.5704508294831
2188,9,0,0,48.5107461180528,13.1555543550715,0.0629827599376869,-0.208841141474054,53.6154292868019,57.6154292868019,4,1,1,57.6154292868019
2189,9,1,0,41.956421397092,12.0888266772259,-0.263536923540699,-0.399132636675232,44.1768353357366,48.1768353357366,4,1,1,48.1768353357366
2190,9,0,0,47.0080578039538,13.6185367349852,0.82331743777582,0.925394946924556,50.2057912338981,54.2057912338981,4,0,0,50.2057912338981
2191,9,0,0,29.0007292176456,7.34418402967931,-1.89520820015729,-1.73028764603419,18.18528181551,22.18528181551,4,0,0,18.18528181551
2192,9,0,0,48.0976978217292,10.6549990263549,-0.687829604114228,-2.44251273994168,37.1203518833858,41.1203518833858,4,1,1,41.1203518833858
2193,9,1,1,47.9903107550665,14.4106462968921,1.38791843054723,-0.769913443704448,46.4113442911855,50.4113442911855,4,1,1,50.4113442911855
2194,9,0,0,57.5115620193294,16.0685298568734,0.604969926259854,0.514303422080678,56.1871793790393,60.1871793790393,4,1,1,60.1871793790393
2195,9,1,0,49.5651651888858,12.4183563097708,-0.669427467566955,-0.65055339724742,46.9258527768157,50.9258527768157,4,1,1,50.9258527768157
2196,9,1,1,46.3801966878918,12.0876314871085,-0.279726109715752,0.65539630212612,47.8004590916199,51.8004590916199,4,1,1,51.8004590916199
2197,9,0,1,39.2340038291376,7.01387662363278,-0.875949242688064,-0.14906600030552,32.4439704033673,36.4439704033673,4,1,1,36.4439704033673
2198,9,0,0,65.2726906976328,9.52127780544467,-0.499607286414593,0.700488889026839,45.7521377678959,49.7521377678959,4,0,0,45.7521377678959
2199,9,1,1,33.5461464159235,7.98715328836793,-0.578765799806569,-0.839531222668128,29.1643367239193,33.1643367239193,4,1,1,33.1643367239193
2200,9,1,0,47.731963094932,12.8421350034699,-0.615964074581541,-0.279260730829863,47.7383995081327,51.7383995081327,4,0,0,47.7383995081327
2201,9,0,0,54.2590457059318,15.4921419733596,0.90657555551414,-0.571088277724746,51.5161553319735,55.5161553319735,4,1,1,55.5161553319735
2202,9,0,1,47.6104852153125,10.4728221262529,-0.834051720106507,-0.551045787046034,42.0470652568932,46.0470652568932,4,0,0,42.0470652568932
2203,9,1,1,43.910079828068,6.12534210240528,-2.48028133912335,-0.290857409611254,27.8392447752524,31.8392447752524,4,1,1,31.8392447752524
2204,9,0,1,30.8673148638005,10.9886243360703,-0.610225496316778,-0.457025292932674,30.1312606791304,34.1312606791304,4,1,1,34.1312606791304
2205,9,1,1,43.7354378048385,14.4783866738744,-0.142644184458974,-0.631910120431011,40.4770817720954,44.4770817720954,4,1,1,44.4770817720954
2206,9,1,0,53.0597509490159,17.3013128002614,0.32448139827623,0.902865627380657,60.6894183259744,64.6894183259744,4,1,1,64.6894183259744
2207,9,1,0,62.7596895076189,15.6958152751344,2.24485925475009,0.962109945231467,72.4919192450878,76.4919192450878,4,1,1,76.4919192450878
2208,9,0,0,52.4128708666281,11.9599982357864,0.724272693337822,0.0610871943876816,55.6446513161142,59.6446513161142,4,0,0,55.6446513161142
2209,9,0,1,52.7752702937541,12.3060033396391,0.410691238917367,0.689689095898582,41.6243206908131,45.6243206908131,4,0,0,41.6243206908131
2210,9,1,1,43.7776951277619,12.1270826065062,0.268065163681764,0.438351298003704,38.085780301561,42.085780301561,4,1,1,42.085780301561
2211,9,0,0,51.7392486648091,8.17713580018914,-0.739242858270757,0.784584531819559,49.9780951303743,53.9780951303743,4,0,0,49.9780951303743
2212,9,1,0,50.8035097049188,6.99042345377099,-0.412506337400803,-0.201270344612401,45.7544282439921,49.7544282439921,4,1,1,49.7544282439921
2213,9,1,1,68.8086833440568,13.3672642425642,0.501769461671695,3.0669757118316,58.2675948824941,62.2675948824941,4,0,0,58.2675948824941
2214,9,1,0,62.9331395073922,9.73957558668665,-1.10984884920677,-0.402207679958999,45.0929328737907,49.0929328737907,4,0,0,45.0929328737907
2215,9,0,0,44.9884349767773,11.5618126371834,-0.569609431166334,0.580457989518876,43.468736460387,47.468736460387,4,0,0,43.468736460387
2216,9,0,1,38.4150981725614,9.91864486322389,-1.12312563354931,-1.53245316387121,31.596956920299,35.596956920299,4,0,0,31.596956920299
2217,9,0,0,50.5136626754405,16.5927643890765,2.76520332335888,-1.61349958452388,56.7897968609207,60.7897968609207,4,0,0,56.7897968609207
2218,9,1,1,40.7498539946209,12.1815712255015,1.73712203444987,-1.22389593935626,46.9598483078961,50.9598483078961,4,1,1,50.9598483078961
2219,9,1,0,39.7665709803581,11.3001283436042,-1.0939874485381,-0.610025929960566,36.2856307578856,40.2856307578856,4,1,1,40.2856307578856
2220,9,1,0,50.7047816846379,10.7049079499545,-1.47734667217283,0.496507768854722,45.3210296698619,49.3210296698619,4,1,1,49.3210296698619
2221,9,1,0,47.9950369002787,12.4280595247638,0.65444311602596,-0.465304058604068,46.2887449643533,50.2887449643533,4,0,0,46.2887449643533
2222,9,0,0,42.6650013956884,11.0750170440839,0.0254551094371792,-1.05873389861353,46.1259318070171,50.1259318070171,4,0,0,46.1259318070171
2223,9,1,0,59.4762301987871,9.87028374401335,-1.27125351159018,1.1099200214521,50.7828377525198,54.7828377525198,4,1,1,54.7828377525198
2224,9,1,0,35.4919849466182,10.9328809149667,-0.971577752402378,0.187861878146197,33.2075541216734,37.2075541216734,4,0,0,33.2075541216734
2225,9,1,0,59.3961011339021,11.9613485901784,-0.685598039538297,1.21133042085145,58.8166864659924,62.8166864659924,4,0,0,58.8166864659924
2226,9,0,1,36.0537487746755,11.1915333941452,-0.51663363227475,-0.513210739722211,34.0247099953797,38.0247099953797,4,1,1,38.0247099953797
2227,9,1,0,58.0307175190279,11.2359371594251,0.407346609556651,1.45663638376504,53.7834196229582,57.7834196229582,4,1,1,57.7834196229582
2228,9,0,0,49.8174491687224,13.2194996137971,0.929123218438539,-0.568062915414276,54.2114294144802,58.2114294144802,4,1,1,58.2114294144802
2229,9,0,1,43.4893396811945,12.7812102613813,-1.05152732273512,-0.125196894458825,32.89962907966,36.89962907966,4,0,0,32.89962907966
2230,9,0,0,49.7256359211796,13.5430232855873,-0.320596582065225,0.387061770691998,41.6172935615553,45.6172935615553,4,1,1,45.6172935615553
2231,9,1,0,50.877824424479,13.5460398283343,0.360612868530536,-0.142390684722428,44.0198806489428,48.0198806489428,4,1,1,48.0198806489428
2232,9,1,0,44.2010378237235,11.0448856787661,-0.138358295700281,-0.00405603861157626,47.1766365160262,51.1766365160262,4,0,0,47.1766365160262
2233,9,0,0,50.4236528265538,11.6717121250253,0.820644915699813,0.916796470362106,53.3037361925299,57.3037361925299,4,0,0,53.3037361925299
2234,9,0,0,49.960185147266,13.7383189478349,0.798680342169404,-1.54799847144332,54.7199606647635,58.7199606647635,4,0,0,54.7199606647635
2235,9,1,0,42.2487119003807,15.9726344517187,1.24693232006435,-1.76998933737645,50.1340768515085,54.1340768515085,4,0,0,50.1340768515085
2236,9,0,0,65.4843510616087,11.7355881259599,0.716343962389616,1.10564219167489,63.1645782414526,67.1645782414526,4,0,0,63.1645782414526
2237,9,0,1,56.6674366728746,10.7091655616136,0.395164713320857,0.117584491890392,45.5385836679814,49.5385836679814,4,1,1,49.5385836679814
2238,9,1,1,32.2651270346054,11.2855640687607,0.958747263107394,-0.182341255838782,35.1237901564231,39.1237901564231,4,0,0,35.1237901564231
2239,9,1,0,67.6956994564019,11.8053158851547,-0.930863440508579,1.53437887167823,54.2869109563245,58.2869109563245,4,0,0,54.2869109563245
2240,9,0,1,67.9109191664435,13.111202232548,-0.00552080788899023,1.46000650591794,69.5937038830787,73.5937038830787,4,0,0,69.5937038830787
2241,9,0,1,49.2883774316245,14.1364807941635,-0.24274469450723,-0.512030139862935,40.6648730050213,44.6648730050213,4,1,1,44.6648730050213
2242,9,0,1,47.7379687079905,10.4870495791829,0.524163392202552,-1.04118089444312,39.1107695878042,43.1107695878042,4,0,0,39.1107695878042
2243,9,1,1,44.650534330284,13.9852450832207,-0.437552418626098,-0.287063567136471,50.4423691113481,54.4423691113481,4,1,1,54.4423691113481
2244,9,1,1,42.325369442408,9.83492587580453,-0.984178902078424,1.30142418106381,38.4444336696684,42.4444336696684,4,1,1,42.4444336696684
2245,9,1,0,46.7797711038071,10.8050105289039,0.21765045864624,-1.00317075584861,43.3029793580069,47.3029793580069,4,0,0,43.3029793580069
2246,9,0,0,46.0364654553459,15.6669226843245,0.62466492192372,-0.201565523690747,48.6223655472176,52.6223655472176,4,1,1,52.6223655472176
2247,9,1,0,46.6089622289202,14.3672700557856,-0.289643966928492,0.604975125033261,47.4693708319489,51.4693708319489,4,0,0,47.4693708319489
2248,9,1,0,60.2324963433247,11.7598695206765,0.0474681369667857,1.28223835868054,56.3360353055916,60.3360353055916,4,1,1,60.3360353055916
2249,9,1,1,52.0927691241327,13.1843832419326,0.0379914576743255,0.935641526395623,46.8536761758824,50.8536761758824,4,1,1,50.8536761758824
2250,9,0,0,53.1231333455239,9.69427460993602,-1.2611714233864,0.662336099358028,47.1803079516503,51.1803079516503,4,0,0,47.1803079516503
2251,10,1,1,42.0843994584581,11.9442885221317,-0.00847989409153614,-1.44439419422651,40.7455212174187,44.7455212174187,4,1,1,44.7455212174187
2252,10,0,1,38.1143593033231,11.7212354763789,0.684677360811695,-0.581991855877685,33.2472007333762,37.2472007333762,4,1,1,37.2472007333762
2253,10,0,0,52.1877466534558,10.2468327388063,-1.43549111813024,2.86251376369647,41.4337457731106,45.4337457731106,4,1,1,45.4337457731106
2254,10,0,0,51.6977838568943,9.29355389150425,0.256723740759918,2.01001533163044,43.379405750916,47.379405750916,4,1,1,47.379405750916
2255,10,1,0,46.0718720410072,10.5336155096813,-1.26174586307932,0.7104512729694,37.709214157945,41.709214157945,4,1,1,41.709214157945
2256,10,1,0,60.037008884466,15.8696529991429,0.759750951514428,-0.54467973516319,53.6812664698186,57.6812664698186,4,0,0,53.6812664698186
2257,10,0,0,39.7117515156584,15.105442515258,-0.125420754330805,-0.180493153364484,41.2649386771063,45.2649386771063,4,0,0,41.2649386771063
2258,10,1,0,48.4181393029239,11.7925910826937,-0.314701555102734,0.904217955569357,42.2271024942145,46.2271024942145,4,1,1,46.2271024942145
2259,10,1,0,47.9908633352388,15.5217727455172,1.98678525865973,-0.63159442486569,48.6789122798385,52.6789122798385,4,1,1,52.6789122798385
2260,10,0,0,48.7970202178734,12.6882809390712,-0.8279218647144,0.614263759483302,41.5587939162877,45.5587939162877,4,1,1,45.5587939162877
2261,10,0,0,54.7187288043084,7.6316790428054,-1.67900410399122,0.454619443549121,40.71615802762,44.71615802762,4,1,1,44.71615802762
2262,10,0,0,48.8895042734426,9.16600466036547,-1.17246579346106,-0.0350488425809443,39.327010074234,43.327010074234,4,1,1,43.327010074234
2263,10,1,0,49.5265882068913,11.1945495421546,-0.572500092033118,-0.0556813006751383,38.1069956364913,42.1069956364913,4,1,1,42.1069956364913
2264,10,0,1,32.5778266879607,8.97967921498427,-1.04187415775474,0.125464110331444,23.3063376003648,27.3063376003648,4,0,0,23.3063376003648
2265,10,1,0,59.1586454391893,11.1931046575438,0.296271049031938,1.32630194257841,49.6268379758049,53.6268379758049,4,1,1,53.6268379758049
2266,10,1,1,64.2160463668677,11.3431215292552,0.382601684537656,0.965867536697574,54.0120028503662,58.0120028503662,4,1,1,58.0120028503662
2267,10,1,0,48.5064540397265,17.0895673692414,-0.0268011820000653,0.395237388206777,55.3104531646907,59.3104531646907,4,0,0,55.3104531646907
2268,10,1,1,35.9075421193178,10.0238228849902,0.282635262889718,-0.504777697973585,33.0151673755209,37.0151673755209,4,0,0,33.0151673755209
2269,10,0,0,48.0800153602439,10.091641321211,-0.0323524135452803,-1.28339939711562,36.6403901172663,40.6403901172663,4,0,0,36.6403901172663
2270,10,1,0,43.6496504443625,11.1291993679825,-0.744238851284899,0.615780885710812,40.6668770661948,44.6668770661948,4,1,1,44.6668770661948
2271,10,1,0,51.5448638583088,10.3523163710281,-0.314582852610341,0.389982286288018,44.4949370045844,48.4949370045844,4,0,0,44.4949370045844
2272,10,1,0,40.4660514731199,9.63973560849934,-1.47581179731445,0.700348675525504,33.2798715399256,37.2798715399256,4,0,0,33.2798715399256
2273,10,1,0,52.0128982367788,13.3480025904829,-1.4809936618085,0.170768831441686,44.8057307297093,48.8057307297093,4,0,0,44.8057307297093
2274,10,1,0,40.7624888011937,13.6786244198116,0.184707852319794,-1.4428695847186,41.1142458010112,45.1142458010112,4,0,0,41.1142458010112
2275,10,1,0,52.8101880608733,15.4279056912971,2.51070309912342,1.07170037352513,51.8270634106839,55.8270634106839,4,1,1,55.8270634106839
2276,10,0,1,32.8534925900874,10.9308652871741,-0.95042325268426,0.163305052270745,29.1403247026202,33.1403247026202,4,0,0,29.1403247026202
2277,10,1,0,42.745205628013,11.2262301222674,-0.119913911356438,0.117004370194944,38.5488687252682,42.5488687252682,4,1,1,42.5488687252682
2278,10,1,1,53.8477493421244,18.1214013348203,1.71856694087859,-1.01034366908367,54.3359205757909,58.3359205757909,4,1,1,58.3359205757909
2279,10,0,0,45.6170058367886,11.4919329381631,-0.531244517103276,0.0313885428649735,38.5596589704127,42.5596589704127,4,1,1,42.5596589704127
2280,10,1,0,29.3888199810173,9.25030163718057,-2.3782490538422,-0.996641839658367,23.8351772816843,27.8351772816843,4,1,1,27.8351772816843
2281,10,0,0,43.6573657757799,11.2626086569696,1.76673251798473,0.108975030227397,46.7040854379393,50.7040854379393,4,0,0,46.7040854379393
2282,10,1,1,36.9866080280837,10.0758955170419,0.531445240028681,-1.8276447531371,40.3529602242448,44.3529602242448,4,1,1,44.3529602242448
2283,10,1,0,47.5174061129861,6,0.0457879694879628,-0.228702412380476,37.0090055927459,41.0090055927459,4,1,1,41.0090055927459
2284,10,0,1,49.5865015435022,13.5523432382555,0.380575846024558,1.24728363740528,40.5739084362102,44.5739084362102,4,0,0,40.5739084362102
2285,10,1,1,42.5635790555417,15.8469536279178,0.621780081732711,1.44511242748279,41.9267483838439,45.9267483838439,4,1,1,45.9267483838439
2286,10,1,0,41.0179536065149,14.8397265540803,0.453352485029276,-0.551394173279693,40.9536701218148,44.9536701218148,4,1,1,44.9536701218148
2287,10,0,0,35.9809526816991,12.8662203983311,0.254319150517069,-1.2217605908675,39.6371637468286,43.6371637468286,4,0,0,39.6371637468286
2288,10,1,1,35.2788360966877,10.8507625053584,-0.635273571089486,-0.237068999209399,29.8248544237401,33.8248544237401,4,0,0,29.8248544237401
2289,10,0,0,47.1116579297185,11.2831867223888,0.987847712831023,-1.204169089501,41.352427144957,45.352427144957,4,0,0,41.352427144957
2290,10,1,1,47.900558247895,16.3071713751618,-0.463481439934601,0.719381336363945,44.9427814029797,48.9427814029797,4,0,0,44.9427814029797
2291,10,1,0,47.7140605109541,13.4064750988758,0.623003681850542,-2.01457977162725,37.7648362740604,41.7648362740604,4,1,1,41.7648362740604
2292,10,0,0,55.2181357279804,13.0955536009872,1.66248841089143,-0.0877707837761914,55.1945734351453,59.1945734351453,4,0,0,55.1945734351453
2293,10,0,0,46.1051261285021,14.3775076741047,-0.688996761442622,-0.531103043640762,33.2842786848582,37.2842786848582,4,0,0,33.2842786848582
2294,10,1,1,48.2967376396822,10.3178468001607,-1.23083519222903,0.772268074742388,35.6444728229026,39.6444728229026,4,1,1,39.6444728229026
2295,10,0,0,47.8894227481339,16.6855606676614,2.2260100702583,0.257455360384383,61.095083457936,65.095083457936,4,1,1,65.095083457936
2296,10,1,1,43.1341154713401,8.066880877253,-1.06882754949099,1.09515155695027,33.7051368090255,37.7051368090255,4,0,0,33.7051368090255
2297,10,0,0,45.7632246310685,10.3425514422383,-0.62145352945313,0.105750063072427,37.7175221232589,41.7175221232589,4,0,0,37.7175221232589
2298,10,0,0,39.548464042189,8.32648911031931,-0.608332898109739,-0.536331484569459,38.6238694488794,42.6238694488794,4,0,0,38.6238694488794
2299,10,1,0,52.642580446057,11.1782343493285,-0.343930014273401,0.899494556135574,44.4295859989646,48.4295859989646,4,0,0,44.4295859989646
2300,10,1,0,55.4425125317715,12.4600537600901,0.446847756869656,0.0661012396948829,54.1965586889415,58.1965586889415,4,1,1,58.1965586889415
2301,10,1,1,37.5364167092087,12.7595503579222,1.83425931934848,-0.0272680842663825,47.8549416049884,51.8549416049884,4,1,1,51.8549416049884
2302,10,0,0,45.2833453300872,11.3876492225894,-0.788828228551084,0.277548873601502,40.3505219771206,44.3505219771206,4,1,1,44.3505219771206
2303,10,0,1,40.1518223677262,10.4513918010517,0.255911071337939,0.790816839693045,44.4582132849418,48.4582132849418,4,0,0,44.4582132849418
2304,10,0,1,36.5330513151914,8.24097550710318,-0.226471048047582,0.16171568604194,34.9291289422225,38.9291289422225,4,0,0,34.9291289422225
2305,10,0,0,46.8026363519266,12.243695310394,0.342803024329461,0.601309224940836,44.832321335495,48.832321335495,4,1,1,48.832321335495
2306,10,1,0,54.9450827487643,7.92954582662077,0.442967006633528,-0.161893131621256,39.9942747991442,43.9942747991442,4,0,0,39.9942747991442
2307,10,0,0,56.5244243395966,13.5173847422036,2.31115190547704,1.75886520227915,59.7478071495983,63.7478071495983,4,1,1,63.7478071495983
2308,10,1,1,44.5699624091121,8.71740432181037,-0.878195462958855,-0.311764952750527,37.9777041755487,41.9777041755487,4,0,0,37.9777041755487
2309,10,0,0,48.9284540973418,14.2951822885994,1.74641198851276,-0.542821605257573,49.1983900060252,53.1983900060252,4,0,0,49.1983900060252
2310,10,0,0,49.5439592420073,11.0733236463506,-0.216898625988127,-1.67855844556124,50.2077988598056,54.2077988598056,4,0,0,50.2077988598056
2311,10,0,1,47.9092113829637,6.28734816056126,-2.32708540374563,-0.290589075285571,30.764327035806,34.764327035806,4,1,1,34.764327035806
2312,10,0,0,40.9034633639185,6.47672815785073,-0.597028712588607,0.331834751429746,34.0341013947072,38.0341013947072,4,1,1,38.0341013947072
2313,10,1,0,53.7071079844267,11.3282085724361,-1.05152244592933,-0.765279336962632,44.2896741727463,48.2896741727463,4,1,1,48.2896741727463
2314,10,0,1,50.9002558988035,11.6861603411655,1.34223730798123,-1.19803918657497,48.0798015007689,52.0798015007689,4,0,0,48.0798015007689
2315,10,1,0,47.7562980387253,9.44525143308572,0.664849931593658,0.417626738563415,41.330198661456,45.330198661456,4,1,1,45.330198661456
2316,10,1,0,45.6657786685732,12.2195855816045,0.355201919107632,0.440493064788997,44.3051436460141,48.3051436460141,4,1,1,48.3051436460141
2317,10,1,0,56.4236493981705,11.3273206377848,-0.720547484083689,1.25643025096343,41.5064572051801,45.5064572051801,4,0,0,41.5064572051801
2318,10,1,1,42.2351520367578,13.9153606732247,-1.13991483749144,0.433664454034139,41.9498140040012,45.9498140040012,4,1,1,45.9498140040012
2319,10,0,0,48.0560018595176,12.344236287246,1.60443371647824,0.716558961862841,43.8411308152361,47.8411308152361,4,1,1,47.8411308152361
2320,10,0,0,55.5807902245113,9.83313082881262,0.350947432007152,-0.250751145193899,49.1047368046946,53.1047368046946,4,1,1,53.1047368046946
2321,10,1,0,51.6706551680624,16.173195613732,2.08383382977204,-0.418309181417138,52.1866563791458,56.1866563791458,4,0,0,52.1866563791458
2322,10,1,1,47.2920131752511,13.0082704140856,1.45121479628554,0.469332338385883,45.8423491052687,49.8423491052687,4,0,0,45.8423491052687
2323,10,0,0,42.5338340934026,12.5265266845307,0.0691995123322667,-0.371317205555384,35.5444332169012,39.5444332169012,4,1,1,39.5444332169012
2324,10,0,1,48.625757285718,12.5580401736831,0.82331306274923,-0.687394128434496,41.1681664200728,45.1681664200728,4,1,1,45.1681664200728
2325,10,0,1,39.9180622642072,10.0917727923007,-0.247010545439858,0.401518333355417,34.5387891995495,38.5387891995495,4,0,0,34.5387891995495
2326,10,1,1,37.5923629790751,15.4982422435875,0.441741090155554,-1.12764370231375,33.526970905861,37.526970905861,4,1,1,37.526970905861
2327,10,0,0,45.7466837552915,12.0917559529772,0.728314763314011,0.153056661804291,52.4606010874971,56.4606010874971,4,0,0,52.4606010874971
2328,10,0,1,35.9834411646151,14.0034464041635,-0.131764899672679,0.120970737378212,31.6218036486359,35.6218036486359,4,1,1,35.6218036486359
2329,10,1,0,38.0024677459325,10.9121690810104,0.436321522991421,0.635683855086316,36.8875751112431,40.8875751112431,4,1,1,40.8875751112431
2330,10,1,0,44.7246428262824,11.7138635665636,-2.05058958332801,-0.209910670066053,35.1907342435808,39.1907342435808,4,1,1,39.1907342435808
2331,10,1,1,40.8323353707764,8.41240599999949,-0.523671185312631,-0.51395052514769,30.3372597506189,34.3372597506189,4,1,1,34.3372597506189
2332,10,0,1,47.0819480715662,12.798328771337,-0.907752290302162,0.127890481358057,43.6778032228678,47.6778032228678,4,1,1,47.6778032228678
2333,10,1,1,38.4850984718154,9.51817114323955,-1.19694509068567,-0.318456746060348,27.0611896475178,31.0611896475178,4,1,1,31.0611896475178
2334,10,1,0,36.4442454249874,9.84661830700052,-0.831650689630311,-1.71339747987329,28.4393371967115,32.4393371967115,4,1,1,32.4393371967115
2335,10,0,0,50.7745965333794,10.4749601114239,-0.291211851489892,1.94748204960181,44.7740909209724,48.7740909209724,4,1,1,48.7740909209724
2336,10,1,0,55.1640204877057,12.502842448984,-0.373951261068113,0.802178486584948,55.6788051809278,59.6788051809278,4,0,0,55.6788051809278
2337,10,1,1,45.2638498956447,13.6173482840576,0.33982708693801,-0.188044889093696,41.944868618142,45.944868618142,4,0,0,41.944868618142
2338,10,0,0,52.7165659431651,13.6866236101447,-1.13279255105382,-0.681102794794038,44.9774090708374,48.9774090708374,4,0,0,44.9774090708374
2339,10,0,0,44.5171342696121,16.1853068748656,1.48936776052127,-0.697392900873938,49.6914495195389,53.6914495195389,4,1,1,53.6914495195389
2340,10,1,0,54.4368029520177,13.3261911436274,0.359351207789218,-0.255224997312986,46.9875339018495,50.9875339018495,4,0,0,46.9875339018495
2341,10,1,1,45.6363888369499,9.75394638291117,-0.283003272785892,-0.535267679457066,30.3378902900364,34.3378902900364,4,1,1,34.3378902900364
2342,10,1,0,53.44446412166,15.1783905990362,-0.312118010851975,-0.533909857836392,52.1738931989395,56.1738931989395,4,1,1,56.1738931989395
2343,10,0,0,54.8624270647141,10.1025189395964,1.15681005891126,0.185440135048871,48.0120834527439,52.0120834527439,4,1,1,52.0120834527439
2344,10,0,0,54.453156565012,13.4237160428452,0.763205824209396,0.514885612362992,57.2598452672682,61.2598452672682,4,1,1,61.2598452672682
2345,10,0,0,44.06217415165,10.2617943899686,-0.888854260012312,-0.712974373750854,37.8703680499836,41.8703680499836,4,0,0,37.8703680499836
2346,10,1,0,44.0719219849814,9.80205868402717,-1.09935356516569,2.20652659267634,43.6080107227254,47.6080107227254,4,1,1,47.6080107227254
2347,10,0,1,38.2076718039928,13.4385919550656,-0.146937826666138,-1.03407041067648,38.8640347733434,42.8640347733434,4,0,0,38.8640347733434
2348,10,1,0,36.4456165346222,11.7225474917254,-2.33617216539125,0.511012709265877,28.8898525004325,32.8898525004325,4,0,0,28.8898525004325
2349,10,0,0,52.330502305566,15.683055160299,2.72158793861663,0.896636063464742,60.129896050196,64.129896050196,4,1,1,64.129896050196
2350,10,1,0,32.098788303597,11.8770868029172,1.75495007475338,-0.314285067661082,44.0982590923348,48.0982590923348,4,0,0,44.0982590923348
2351,10,0,0,42.619708639953,11.4522684371454,0.542839587950421,-0.580552278567923,45.0715594422957,49.0715594422957,4,1,1,49.0715594422957
2352,10,1,0,53.4651019196592,11.6783569490005,0.203542365627471,-0.69655818616122,48.1555193241117,52.1555193241117,4,0,0,48.1555193241117
2353,10,1,0,55.690019798614,14.7019031210235,0.667271642960469,1.25183183774179,56.8719551610169,60.8719551610169,4,0,0,56.8719551610169
2354,10,0,1,29.4970601877678,13.30939267896,0.743417006698074,-1.6053530219944,30.5208833756313,34.5208833756313,4,1,1,34.5208833756313
2355,10,0,0,55.9402746853629,10.4738567555876,-0.519177561821945,1.60583570216449,51.3944432511715,55.3944432511715,4,0,0,51.3944432511715
2356,10,0,1,48.3744933672683,13.3173222476796,0.669088827834014,0.448070507209602,40.948841999916,44.948841999916,4,1,1,44.948841999916
2357,10,1,0,63.8959410931549,12.2406279962618,0.0503429055379411,1.24294525452444,56.5930211344248,60.5930211344248,4,0,0,56.5930211344248
2358,10,1,0,46.8026703297518,8.11427990548406,-1.54754471607767,-0.415146031338604,29.750807930564,33.750807930564,4,1,1,33.750807930564
2359,10,1,1,39.1336191679844,13.8717445414015,-0.30395645153303,-0.283343809071214,28.6815599519105,32.6815599519105,4,0,0,28.6815599519105
2360,10,1,1,40.3498290252755,10.6379505896491,0.00930711588278342,1.27971006390025,39.5390002892216,43.5390002892216,4,0,0,39.5390002892216
2361,10,0,0,50.3517573268716,12.7964206622592,-0.238973147659824,-0.413271791198187,35.2541767208267,39.2541767208267,4,0,0,35.2541767208267
2362,10,1,0,49.1585394015305,12.0146753691703,-1.52104074083069,1.07023108116841,41.5496424601691,45.5496424601691,4,0,0,41.5496424601691
2363,10,1,0,54.1126487010574,11.9798173639341,-0.355818287302551,-0.334702760123965,42.2816304024373,46.2816304024373,4,1,1,46.2816304024373
2364,10,1,1,49.0028321796149,12.7373332054101,-1.04195835050322,-0.0464967508378713,40.5293877222088,44.5293877222088,4,0,0,40.5293877222088
2365,10,1,0,46.5607963338321,14.6924634495153,1.16805069725396,-0.371687614083881,49.0157585729509,53.0157585729509,4,0,0,49.0157585729509
2366,10,1,0,42.6766636314698,8.66158657520005,-0.354535693140132,0.769619338776857,41.7517707190974,45.7517707190974,4,1,1,45.7517707190974
2367,10,1,0,40.3000326127741,14.8026539510801,1.355499302496,-0.134192414392153,41.6675454203648,45.6675454203648,4,0,0,41.6675454203648
2368,10,1,0,46.3220102456392,13.5217238169079,0.570923229098981,-0.603931024507242,44.0690886894397,48.0690886894397,4,0,0,44.0690886894397
2369,10,0,0,35.2408838212938,13.5840442491659,0.684904090549883,0.17154311066736,44.6700605545159,48.6700605545159,4,0,0,44.6700605545159
2370,10,1,1,37.903467345704,12.6682441521602,0.646452558157292,-2.83962352773039,24.3679914266542,28.3679914266542,4,1,1,28.3679914266542
2371,10,1,0,47.7840200019963,13.711311439123,1.00557685127664,-0.177027221704423,45.0916399420261,49.0916399420261,4,0,0,45.0916399420261
2372,10,0,0,47.431111521844,12.3539358187742,-0.647630476518297,-1.27021797218793,36.2799252137618,40.2799252137618,4,1,1,40.2799252137618
2373,10,0,1,50.2582707535108,7.95732428839982,-1.53932740921729,0.88655012294939,40.9690942433773,44.9690942433773,4,1,1,44.9690942433773
2374,10,1,0,49.3447992571328,12.9389742195181,1.17270504805048,-1.14451115681758,50.2337417610286,54.2337417610286,4,1,1,54.2337417610286
2375,10,1,0,43.492225912903,10.4594749050591,0.178054038845701,-0.0529662990921102,38.3284100733585,42.3284100733585,4,0,0,38.3284100733585
2376,10,1,0,37.1016873663431,14.6320590773776,0.734884598025464,-2.58326522516476,40.2845297417475,44.2845297417475,4,1,1,44.2845297417475
2377,10,0,0,43.5695398522883,10.5443693750093,-1.0824076921182,-0.69898390720475,32.8777512705453,36.8777512705453,4,1,1,36.8777512705453
2378,10,0,0,51.5081580592264,13.4493644772336,-0.0699220205343765,0.251125012022757,46.7833219682434,50.7833219682434,4,1,1,50.7833219682434
2379,10,0,0,52.0439672521067,14.3515569758236,0.0928086308668551,-1.30579416166335,47.0957126508093,51.0957126508093,4,0,0,47.0957126508093
2380,10,0,0,49.9961634799043,10.8226016146076,-0.964716477109941,-0.0701032661469884,38.7971501703166,42.7971501703166,4,1,1,42.7971501703166
2381,10,1,0,50.6005993078356,13.8595891553399,-0.238214026219431,-0.125100084094845,47.1838811607584,51.1838811607584,4,0,0,47.1838811607584
2382,10,1,0,48.8099819883246,15.5994721355589,1.79581838684079,-1.65462179066646,48.1396053869047,52.1396053869047,4,0,0,48.1396053869047
2383,10,0,1,53.5987803294065,16.2250971427287,-0.475470569203802,0.14572937289774,54.5229030476226,58.5229030476226,4,1,1,58.5229030476226
2384,10,1,0,51.6127706857342,9.85690769038544,0.401046785371481,1.29474918303949,48.2840585527503,52.2840585527503,4,0,0,48.2840585527503
2385,10,0,0,39.7977361322152,11.029462524743,-0.155792515034483,0.756646087572881,39.7916562932641,43.7916562932641,4,1,1,43.7916562932641
2386,10,0,0,61.3464731736403,16.775584127695,0.686484273485419,1.422492717022,62.5276475897195,66.5276475897195,4,0,0,62.5276475897195
2387,10,1,0,42.984946505924,17.1142418930756,1.79861342493401,-0.565158442303413,49.6342557038808,53.6342557038808,4,0,0,49.6342557038808
2388,10,0,0,48.8249817635465,15.7728802181882,0.258298482579842,0.764763383920173,55.3216565274307,59.3216565274307,4,1,1,59.3216565274307
2389,10,0,0,51.240688749416,13.4289993918674,-0.69054023785735,0.618378976681406,43.2300201251603,47.2300201251603,4,0,0,43.2300201251603
2390,10,0,0,55.641572761417,6.4985926816068,0.553125291589565,-1.89613572311227,44.3177752061482,48.3177752061482,4,0,0,44.3177752061482
2391,10,0,1,49.4748396798497,17.9787710737164,1.08605329090402,-1.01870282699227,47.8289280824135,51.8289280824135,4,0,0,47.8289280824135
2392,10,0,0,47.1301850286052,11.666976525646,1.36669443007937,-0.158889442371698,43.5556452514418,47.5556452514418,4,0,0,43.5556452514418
2393,10,0,0,36.4429735607088,10.582897290523,0.663588420957195,-1.38067121283401,40.5023439248765,44.5023439248765,4,0,0,40.5023439248765
2394,10,0,0,35.1367341704853,11.4589510656387,0.394295186568504,-2.39840020143046,29.2686999058339,33.2686999058339,4,1,1,33.2686999058339
2395,10,0,0,27.3634191155368,7.14221494289289,-1.30989307437382,-2.83403627540102,14.5679595901205,18.5679595901205,4,1,1,18.5679595901205
2396,10,0,0,52.4771966471158,11.7387525334073,-0.696109317774476,0.340501069395676,41.8782715896439,45.8782715896439,4,0,0,41.8782715896439
2397,10,1,0,50.3846646660892,13.6798041379073,-0.324790499315788,-0.429829694374686,46.711978444011,50.711978444011,4,1,1,50.711978444011
2398,10,1,0,54.3607431240692,15.0945328914923,0.482302478483302,1.88500099894003,55.6144070859196,59.6144070859196,4,0,0,55.6144070859196
2399,10,0,1,31.9334929378823,9.72878174710594,-0.0371139910150194,-1.28383107422633,23.8752137041324,27.8752137041324,4,0,0,23.8752137041324
2400,10,0,0,58.6840567298936,15.6795691471309,2.76597827168669,-0.285971012985623,61.3654525511979,65.3654525511979,4,0,0,61.3654525511979
2401,10,1,0,40.7456028046656,11.2664710873875,0.841276775715003,0.92899827386359,40.8149559704632,44.8149559704632,4,1,1,44.8149559704632
2402,10,1,0,37.9905254680502,11.319230162888,-1.07662411154292,-0.231518445044153,31.9412203742532,35.9412203742532,4,0,0,31.9412203742532
2403,10,0,0,53.5191258231551,12.384737195428,0.244105680292258,1.11293544431197,47.5274210596609,51.5274210596609,4,1,1,51.5274210596609
2404,10,1,0,47.1371111709917,9.25166151352601,-0.244246169700303,0.98879388280902,42.2051080519832,46.2051080519832,4,1,1,46.2051080519832
2405,10,1,0,51.0673972457699,11.864879739804,1.18211265096378,0.714011234761106,47.2068621041595,51.2068621041595,4,1,1,51.2068621041595
2406,10,1,1,36.3697313757415,12.6377088307441,-0.462381274521652,-0.99833048760871,32.0659713712418,36.0659713712418,4,1,1,36.0659713712418
2407,10,0,1,43.9302626829158,10.6578672738588,-0.513247069600935,-0.247872765783025,45.1088035014486,49.1088035014486,4,0,0,45.1088035014486
2408,10,0,0,39.1415452605504,10.7255925851536,-0.835780242177294,0.901588214890854,41.6040070938114,45.6040070938114,4,0,0,41.6040070938114
2409,10,1,0,50.5221792190578,14.8624375190025,0.481511520317112,-0.882190729075417,40.4221044789367,44.4221044789367,4,0,0,40.4221044789367
2410,10,1,0,59.3634642747876,12.5528935212655,-1.62051325022867,0.0167133208766593,35.1350122782598,39.1350122782598,4,1,1,39.1350122782598
2411,10,1,0,51.4284295136699,14.7396375257715,-0.217874162264206,1.34767763503505,53.4541626263588,57.4541626263588,4,1,1,57.4541626263588
2412,10,1,0,57.1432294300146,13.2808888272458,-1.23688746943396,0.595465181019984,43.6265874928216,47.6265874928216,4,0,0,43.6265874928216
2413,10,0,0,39.6114501267937,9.50187982606156,0.33950142861177,-0.328414853755851,30.6390690708099,34.6390690708099,4,1,1,34.6390690708099
2414,10,0,0,39.2389896346248,9.01321017719169,-0.585389839408003,-0.285913545530269,29.7750564734831,33.7750564734831,4,1,1,33.7750564734831
2415,10,0,0,60.6883457212403,14.943939015155,1.97695904178424,1.10957720273254,61.2470128883025,65.2470128883025,4,0,0,61.2470128883025
2416,10,1,0,55.4169991732853,11.3739109091843,-0.363899783689912,-0.320937244391211,48.3109763387273,52.3109763387273,4,0,0,48.3109763387273
2417,10,0,1,46.7039021574565,13.9969308770696,0.621343898373606,0.647755548092502,42.5295861739328,46.5295861739328,4,1,1,46.5295861739328
2418,10,1,0,51.335889041747,12.6513771549327,-1.0049186406308,-0.153692495698221,42.5546615155865,46.5546615155865,4,1,1,46.5546615155865
2419,10,0,0,56.1604505825546,11.3699210165513,0.145818316731849,-0.560100280003065,48.4556194762706,52.4556194762706,4,0,0,48.4556194762706
2420,10,0,0,50.0380889816095,11.230544210609,-1.05272654923632,-0.834751134860579,43.3644339161264,47.3644339161264,4,1,1,47.3644339161264
2421,10,1,0,38.1503551376244,12.3975308468196,0.716458191293311,-1.18744493716694,41.2650359620025,45.2650359620025,4,0,0,41.2650359620025
2422,10,1,1,35.6011655806423,14.6079246096151,-0.5205449346225,-1.66357222524216,28.3138990357022,32.3138990357022,4,0,0,28.3138990357022
2423,10,0,0,54.0196802134139,9.74497506680873,-0.546089586454786,1.00802037165811,38.7061512586098,42.7061512586098,4,1,1,42.7061512586098
2424,10,1,1,30.5728886102735,9.22702091195152,0.221616415807898,-0.768138306730765,29.227210525845,33.227210525845,4,1,1,33.227210525845
2425,10,1,0,52.8600981147038,12.3623073665493,-1.17411497345894,1.42447709092749,42.9423447695592,46.9423447695592,4,0,0,42.9423447695592
2426,10,0,1,55.0223079502254,11.7825004923492,0.443092734978653,0.115860136965217,47.0393901881417,51.0393901881417,4,1,1,51.0393901881417
2427,10,1,0,46.9624987461683,8.94545161827994,-1.26624512276724,-1.04259499212929,31.9485964594206,35.9485964594206,4,0,0,31.9485964594206
2428,10,0,1,42.7605035758933,11.0896755581925,-0.60670820710246,-0.314731646613264,43.1076260467863,47.1076260467863,4,1,1,47.1076260467863
2429,10,1,0,41.1864909479809,8.18440677578349,-1.10879759562079,-0.28662566792262,35.5110503291011,39.5110503291011,4,0,0,35.5110503291011
2430,10,1,1,45.9199576414591,12.0354980559593,1.39456603482508,0.250578444833302,38.462543511559,42.462543511559,4,1,1,42.462543511559
2431,10,0,0,51.854441879068,13.5503283215312,0.545449877158496,-1.35504840258857,42.0840378524452,46.0840378524452,4,0,0,42.0840378524452
2432,10,1,0,47.7307636907608,15.5545779264606,0.994528239409635,-0.0772894759845251,45.2121488331435,49.2121488331435,4,1,1,49.2121488331435
2433,10,0,1,27.407342618251,11.3430968034322,-0.630239608965921,-0.250146872944443,25.0324174490384,29.0324174490384,4,0,0,25.0324174490384
2434,10,1,0,39.7216877549317,6,-2.8545252519476,0.299749006635764,30.4324254562077,34.4324254562077,4,1,1,34.4324254562077
2435,10,0,0,39.4776806022189,9.91707519092193,-0.567031408204919,2.00575029382012,38.0060916496924,42.0060916496924,4,1,1,42.0060916496924
2436,10,1,0,47.0127109333568,12.8873341196214,1.25474212961463,-0.919133896948647,42.5127746706846,46.5127746706846,4,0,0,42.5127746706846
2437,10,0,0,39.7811439137457,15.9090347272376,0.458825370839408,-0.557388148805545,35.7446450302401,39.7446450302401,4,1,1,39.7446450302401
2438,10,1,1,46.5656884832674,8.27851424200292,-1.74499884881408,0.756819031285397,33.9587903846402,37.9587903846402,4,0,0,33.9587903846402
2439,10,1,0,47.0787822624717,13.7916047670963,1.64422220286415,0.799445461626732,43.1303131335083,47.1303131335083,4,1,1,47.1303131335083
2440,10,0,0,38.4385867149863,15.0538059317446,-0.450938349690202,-0.772037596476544,32.9903341523519,36.9903341523519,4,1,1,36.9903341523519
2441,10,0,1,32.1405525796975,8.92712292528233,-0.706979024692014,-2.32504729427462,31.0276950360345,35.0276950360345,4,0,0,31.0276950360345
2442,10,1,0,33.4909462133228,12.1544698408443,0.577753486966555,-1.3848218777886,40.0188977395711,44.0188977395711,4,0,0,40.0188977395711
2443,10,0,0,41.9624524759609,12.3785836053103,1.57635513686813,0.664476426657972,46.0725867984454,50.0725867984454,4,0,0,46.0725867984454
2444,10,0,0,53.8200324135181,11.7695625907354,-0.712290407893217,1.00053276193449,43.016236665075,47.016236665075,4,0,0,43.016236665075
2445,10,1,0,50.3291456362663,10.4661144730985,-0.788463614539395,-1.8132625968462,39.5587404907576,43.5587404907576,4,1,1,43.5587404907576
2446,10,0,0,50.2295104620245,13.9867210469453,0.784247025110825,-0.0939730576758744,50.6042822562154,54.6042822562154,4,1,1,54.6042822562154
2447,10,0,1,34.4779393298975,13.4707402537063,0.139130315616881,-0.918881612201525,20.024092606298,24.024092606298,4,0,0,20.024092606298
2448,10,0,1,41.0438702787954,9.36488019804231,-0.991714672002291,-0.550119776281487,26.2579035919137,30.2579035919137,4,0,0,26.2579035919137
2449,10,1,1,36.0383040106505,7.60110868800493,-1.37524119882107,-2.49471593231659,22.1940025330599,26.1940025330599,4,0,0,22.1940025330599
2450,10,0,0,27.4131648669307,8.21166288585124,-0.803970174263904,-1.20808785819564,26.1670713361185,30.1670713361185,4,0,0,26.1670713361185
2451,10,0,0,49.3199331195169,17.4633811024285,-0.252128981462915,0.880819663683335,48.7048240991485,52.7048240991485,4,1,1,52.7048240991485
2452,10,1,0,45.6526465597395,15.045505742887,0.931603448099493,-0.00974179213258775,45.9519249334273,49.9519249334273,4,0,0,45.9519249334273
2453,10,0,0,43.3897766021751,11.9293772618007,-0.0463334967651177,0.16117850952408,44.8749471791085,48.8749471791085,4,0,0,44.8749471791085
2454,10,1,1,44.7976465840673,10.8211357207633,-0.633224527429092,1.48602023490781,42.5964099175116,46.5964099175116,4,1,1,46.5964099175116
2455,10,0,0,39.7410470673908,13.4155474606148,-0.541381786066956,-1.48372679602197,46.8313104498371,50.8313104498371,4,0,0,46.8313104498371
2456,10,0,0,49.3912103623282,13.8274898708936,0.00630404391486018,1.3651107844607,53.3518551987116,57.3518551987116,4,0,0,53.3518551987116
2457,10,0,1,36.5969809504794,12.2913806058132,-0.307845791577438,0.427502885909175,38.0739785971997,42.0739785971997,4,1,1,42.0739785971997
2458,10,0,0,40.9291352304645,13.5650679637757,1.51909382741891,-0.52946385400103,48.3255452347332,52.3255452347332,4,0,0,48.3255452347332
2459,10,1,0,59.0984407254631,14.2217580794232,-0.477737617150676,0.732960918279026,56.2387450421194,60.2387450421194,4,0,0,56.2387450421194
2460,10,1,1,59.672610166988,13.3787182529239,0.265058712662448,0.608612466292492,44.3597809571615,48.3597809571615,4,1,1,48.3597809571615
2461,10,1,1,36.6963599745571,9.6800550223809,-1.42957932613588,-1.63725966310244,30.5760790658351,34.5760790658351,4,0,0,30.5760790658351
2462,10,0,1,29.988712048381,13.464444832936,-0.918706708079469,-0.608391296776473,26.1493569676059,30.1493569676059,4,1,1,30.1493569676059
2463,10,1,1,40.3808085451412,10.2791840981472,-0.941984201052295,0.783179445549554,38.6628697689399,42.6628697689399,4,1,1,42.6628697689399
2464,10,1,0,54.5201427157816,11.0391738823716,2.19292298533334,-1.10338343255297,50.9985615679883,54.9985615679883,4,1,1,54.9985615679883
2465,10,0,0,44.2082150862294,7.84989840976697,1.10878834004541,-0.721163212558828,37.652042519475,41.652042519475,4,1,1,41.652042519475
2466,10,1,1,44.928624363082,10.2763541426127,0.782058119351326,-0.412205141863816,38.6921595128047,42.6921595128047,4,1,1,42.6921595128047
2467,10,1,1,56.2059280036509,13.0709909321727,0.674546449290777,0.454159135359452,51.5127663215426,55.5127663215426,4,0,0,51.5127663215426
2468,10,0,0,42.7846973649466,10.6416528961248,-0.408983951565896,0.738123319272996,38.8167454009809,42.8167454009809,4,1,1,42.8167454009809
2469,10,1,0,33.0773882530923,12.1043009913077,0.295993231342051,-0.317458210882294,33.2040146792795,37.2040146792795,4,0,0,33.2040146792795
2470,10,0,1,37.5520694523266,13.9659144734257,0.989096001047114,0.254753351555531,34.0512946296752,38.0512946296752,4,0,0,34.0512946296752
2471,10,1,0,38.3197018531619,8.72836239170978,-0.853134847913761,0.520281890607769,34.8685571192166,38.8685571192166,4,0,0,34.8685571192166
2472,10,1,0,63.5785540715403,13.0433049176425,0.851737073318149,1.3243787206638,55.3425351864473,59.3425351864473,4,1,1,59.3425351864473
2473,10,0,0,50.2423366153155,14.4195620481441,1.26403587147449,1.06530296695277,56.4927209232698,60.4927209232698,4,0,0,56.4927209232698
2474,10,1,1,52.045067524334,8.48036161511469,0.24487904835031,0.714303985615699,39.7938629240956,43.7938629240956,4,0,0,39.7938629240956
2475,10,1,0,42.4783015331929,12.9174783006656,-0.323489899854707,-0.583257157527751,38.0450535248302,42.0450535248302,4,1,1,42.0450535248302
2476,10,1,1,51.8776294124755,15.7646665616352,1.67426809338188,-0.118174246288171,54.2722439251326,58.2722439251326,4,0,0,54.2722439251326
2477,10,0,0,48.1982794767948,14.1505665172036,0.861158125678799,0.710641375372836,52.9931281378208,56.9931281378208,4,0,0,52.9931281378208
2478,10,1,1,48.0434059635578,13.3002918221194,1.16872162383857,-0.115233132669354,46.1194502253613,50.1194502253613,4,1,1,50.1194502253613
2479,10,0,0,40.7347193620453,13.5220273122692,-0.844665300185314,-0.726645662711672,34.0771221936982,38.0771221936982,4,1,1,38.0771221936982
2480,10,1,0,45.4504537553278,14.062761455762,1.60710470182412,-1.34155596160326,43.340064900522,47.340064900522,4,1,1,47.340064900522
2481,10,0,1,46.3379563857343,11.0993210343745,0.169164140036017,2.56074705902642,44.8933821929634,48.8933821929634,4,0,0,44.8933821929634
2482,10,0,0,34.669148073571,12.4150605298295,-0.141456471223565,-1.29267597567522,36.8590621897399,40.8590621897399,4,1,1,40.8590621897399
2483,10,1,0,51.00311984512,9.49898052163682,-0.0491152840750587,1.23336311999201,48.6718700388296,52.6718700388296,4,1,1,52.6718700388296
2484,10,1,0,53.3025743642974,11.0649884814308,1.30833890334825,-1.09295119020508,41.3680756042021,45.3680756042021,4,0,0,41.3680756042021
2485,10,1,1,26.3279207894823,6,-1.59845509281118,-0.718788039381608,14.1484275193194,18.1484275193194,4,1,1,18.1484275193194
2486,10,1,0,41.9146214900236,14.1997641172546,-0.378350842803694,0.304221848404672,45.5696392493951,49.5696392493951,4,0,0,45.5696392493951
2487,10,1,1,37.1600368698624,14.2590744808439,0.627113324517008,-1.71537004120431,34.7920633433484,38.7920633433484,4,0,0,34.7920633433484
2488,10,1,0,42.4902418533086,9.20265797440309,-1.01927702188342,0.809554809812189,38.0001379355589,42.0001379355589,4,0,0,38.0001379355589
2489,10,1,0,39.6932832458298,12.8913995593555,0.432304147034315,1.13361193695911,42.676096095573,46.676096095573,4,0,0,42.676096095573
2490,10,0,1,35.4242961038022,13.1191225755338,1.45064912727583,-0.770447239613981,26.9044763007344,30.9044763007344,4,0,0,26.9044763007344
2491,10,1,1,48.4503037196279,17.2574180669001,0.952783575011242,-0.777898240900507,52.141367747533,56.141367747533,4,1,1,56.141367747533
2492,10,0,0,36.6486123614774,20,0.510566588829093,0.225348265589795,49.9130564605662,53.9130564605662,4,0,0,49.9130564605662
2493,10,0,0,58.7761819732917,12.4760360716302,1.31590859575596,1.16251054747912,55.3162218388377,59.3162218388377,4,0,0,55.3162218388377
2494,10,1,1,34.574715562498,13.5849360448252,-1.29053086996838,-0.628633226613694,29.0523285232032,33.0523285232032,4,1,1,33.0523285232032
2495,10,1,1,42.7570647892015,10.3289868528082,-0.763608038443364,-0.346627125241834,30.2262765237203,34.2262765237203,4,0,0,30.2262765237203
2496,10,1,0,50.1320821176423,12.5943199735221,0.0496515326099381,0.983176080422569,49.1438511392525,53.1438511392525,4,0,0,49.1438511392525
2497,10,0,1,37.9638502465713,14.1820016951867,0.675102060675028,-0.735841942667867,29.3705610349206,33.3705610349206,4,1,1,33.3705610349206
2498,10,0,1,51.8797406063167,9.97255745878229,1.03214720202726,2.22861131861982,53.0490699699364,57.0490699699364,4,1,1,57.0490699699364
2499,10,0,0,44.7781288482887,10.1283819742873,-0.13124915064225,-0.372199911423079,39.9379458335383,43.9379458335383,4,1,1,43.9379458335383
2500,10,0,0,47.0608898284227,17.7406716920747,2.19728408403908,0.0119575024626318,56.3431094776822,60.3431094776822,4,0,0,56.3431094776822
2501,11,1,0,55.441962519125,8.33550388615403,-1.03659543867208,-0.989076022311867,46.2865733729805,50.2865733729805,4,1,1,50.2865733729805
2502,11,0,0,43.3151838411452,8.71725709180591,-0.738817060464101,-0.123755894759724,40.4670342591701,44.4670342591701,4,0,0,40.4670342591701
2503,11,1,0,49.9575218716308,11.9146827653755,0.389987605750613,0.410906794836154,50.2966119658202,54.2966119658202,4,0,0,50.2966119658202
2504,11,0,0,55.6700061448097,14.3346397795367,0.115156728982557,1.63694301499604,51.275729475239,55.275729475239,4,1,1,55.275729475239
2505,11,1,1,42.9652479926079,14.667295613195,-0.791763464744164,1.51837770269884,50.4322546648607,54.4322546648607,4,1,1,54.4322546648607
2506,11,0,0,56.0489035504063,14.1194407333373,-0.714296225264412,0.293395265626925,55.0105457886125,59.0105457886125,4,0,0,55.0105457886125
2507,11,1,0,45.2305265076515,11.4031611827208,-0.0675530012080176,-1.97272437777332,50.943920406257,54.943920406257,4,0,0,50.943920406257
2508,11,0,0,52.0568291229805,17.6028933265212,1.83697408935635,-1.41326880737228,59.6718054538203,63.6718054538203,4,0,0,59.6718054538203
2509,11,1,1,43.7485943319582,14.4787282028474,0.0386604644121827,0.370229621294975,43.8218002025907,47.8218002025907,4,1,1,47.8218002025907
2510,11,1,0,50.7812496177062,10.5550243021458,-0.485675010181372,-0.793661571105192,40.4322899249923,44.4322899249923,4,0,0,40.4322899249923
2511,11,0,0,53.2237382146428,8.32529117595052,-1.23782803323725,-0.962038155445361,46.7441275276125,50.7441275276125,4,0,0,46.7441275276125
2512,11,0,1,47.2137029152514,9.42678731169777,0.53181038826949,0.038704936761778,50.1834417854146,54.1834417854146,4,1,1,54.1834417854146
2513,11,0,1,53.1993134554611,15.596045008031,0.833661792027086,0.71946113403364,52.2533467731112,56.2533467731112,4,1,1,56.2533467731112
2514,11,0,0,41.3273015543133,13.6837927261648,-0.616342144145141,-0.443079716417338,42.2789478520537,46.2789478520537,4,1,1,46.2789478520537
2515,11,0,0,64.9735350039784,13.498259535702,0.77681228507683,2.02026246435186,69.2535848808172,73.2535848808172,4,0,0,69.2535848808172
2516,11,1,0,49.6529235621242,12.2569459269349,-0.448820144290728,-1.26124622655599,53.7762736011542,57.7762736011542,4,0,0,53.7762736011542
2517,11,0,0,52.5899139295256,15.1229498082854,0.708524512867953,-1.06331869172885,50.1046708133668,54.1046708133668,4,1,1,54.1046708133668
2518,11,1,0,57.1028594759511,11.2810300631315,-1.18041041448091,0.807947167186503,62.716593389687,66.716593389687,4,0,0,62.716593389687
2519,11,1,0,65.464585903141,11.2183287859526,0.0316152023711292,-0.353858632480858,58.3203913926555,62.3203913926555,4,1,1,62.3203913926555
2520,11,0,0,42.3970693607898,9.11152971011896,-0.305221067422832,-1.90504451850239,39.6306409873031,43.6306409873031,4,0,0,39.6306409873031
2521,11,1,0,52.8846704023228,14.9900682803882,2.43734087784389,0.0390094392883267,66.8379799487104,70.8379799487104,4,1,1,70.8379799487104
2522,11,0,1,58.39870169451,15.4824502346344,0.991844355242063,0.270195973306274,56.5681535158393,60.5681535158393,4,1,1,60.5681535158393
2523,11,0,1,44.9146325152855,6,-2.87429438325195,-0.201072767666746,32.3088683319997,36.3088683319997,4,1,1,36.3088683319997
2524,11,0,0,46.5453181254083,12.649120174148,0.269393050005722,-2.01622323137372,45.977551410807,49.977551410807,4,1,1,49.977551410807
2525,11,1,1,42.5290146446231,9.61283753848841,-0.400074021414226,-1.17686698407442,40.440455600659,44.440455600659,4,1,1,44.440455600659
2526,11,1,0,59.5157935478805,14.0287936901717,0.487635842943018,-0.805800363711085,50.0673543193782,54.0673543193782,4,1,1,54.0673543193782
2527,11,0,1,47.8204692654236,13.5689819327918,-0.876122798800354,-1.57147955487062,37.2217850804526,41.2217850804526,4,0,0,37.2217850804526
2528,11,0,1,49.5160933948643,10.3568594408978,-0.176734835685343,0.0309638049759275,46.2701671783801,50.2701671783801,4,1,1,50.2701671783801
2529,11,0,0,55.6930685267734,7.02934392178313,-2.28195888994733,0.263133325470646,47.6436073583075,51.6436073583075,4,1,1,51.6436073583075
2530,11,1,0,62.8790989123238,10.9544502195761,0.241868883422433,0.775014611624864,61.9769563374182,65.9769563374182,4,0,0,61.9769563374182
2531,11,0,1,49.2629060287475,11.0535863935441,-1.66921577703265,1.36907967383387,47.3420390366389,51.3420390366389,4,1,1,51.3420390366389
2532,11,0,0,55.7402605657371,8.8580562901172,-0.12260916535096,0.528077522382145,53.3489862184575,57.3489862184575,4,0,0,53.3489862184575
2533,11,1,0,57.4845871212808,16.0617488805525,2.01242749383134,0.419977580110899,73.2199523458863,77.2199523458863,4,0,0,73.2199523458863
2534,11,0,0,50.3814170917164,7.06433915380631,-0.844600583817391,-0.707747030051779,42.9571839342489,46.9571839342489,4,1,1,46.9571839342489
2535,11,0,1,49.4106075126591,11.3768709903508,-0.0373195138523414,0.450991368919869,57.8452680588795,61.8452680588795,4,0,0,57.8452680588795
2536,11,1,1,50.4552886488479,18.5472791062312,1.03727252608371,-0.36426626739783,60.1042821716527,64.1042821716527,4,0,0,60.1042821716527
2537,11,0,0,50.1194913934849,11.2848908892865,0.94827033966591,-0.076220606278581,48.7385525165861,52.7385525165861,4,1,1,52.7385525165861
2538,11,0,0,60.1517929292222,11.4688745575395,0.808537545396563,-0.199760834529924,57.8385026899263,61.8385026899263,4,1,1,61.8385026899263
2539,11,0,0,47.0611963147836,10.4805709823482,1.29218705865201,0.101928966205677,48.8436893274869,52.8436893274869,4,0,0,48.8436893274869
2540,11,0,1,56.9056696540372,12.4527898579083,0.0238404253891849,1.0204304898078,57.1277658406677,61.1277658406677,4,0,0,57.1277658406677
2541,11,0,0,51.578883861463,12.6023374179926,-0.846095896422397,-0.987255750468858,52.2948281435283,56.2948281435283,4,1,1,56.2948281435283
2542,11,0,1,54.1294032112632,14.7444308831128,1.49813847524569,-0.968017556898269,58.6112867006371,62.6112867006371,4,1,1,62.6112867006371
2543,11,1,0,59.5194874639325,16.3447229464062,1.47689074583682,-1.33315806673235,60.7521307016278,64.7521307016278,4,1,1,64.7521307016278
2544,11,0,0,49.1195200401576,16.9750135465518,1.19417650375506,0.0971590946535924,59.5614362137837,63.5614362137837,4,0,0,59.5614362137837
2545,11,1,0,62.9723457917521,14.6858058640018,1.13764037804217,-1.74774277001261,63.3854159043386,67.3854159043386,4,1,1,67.3854159043386
2546,11,1,0,39.4897957330324,12.4717576508331,0.272706231098834,-1.03302107841785,43.8611671381858,47.8611671381858,4,1,1,47.8611671381858
2547,11,0,1,55.5903203982824,12.1155174351903,0.400759317571651,-1.92768450614627,43.6043319767172,47.6043319767172,4,0,0,43.6043319767172
2548,11,0,0,55.3438706055463,16.3641380065005,-0.804237880920026,1.82586936456583,55.0071867440892,59.0071867440892,4,1,1,59.0071867440892
2549,11,1,0,50.5213912788005,11.4544067693997,-0.188244262949889,0.4598851595761,51.878540919719,55.878540919719,4,1,1,55.878540919719
2550,11,1,0,59.1809756079154,12.3081692085789,-0.879729796318718,-1.39993023533688,53.6992616504739,57.6992616504739,4,0,0,53.6992616504739
2551,11,1,0,52.4018396262311,9.92788281416706,-1.42928312979475,1.01496603150805,52.0355832376965,56.0355832376965,4,1,1,56.0355832376965
2552,11,1,0,60.256061130749,10.8827344352853,-1.50401572584029,0.686313549962055,49.7801008199016,53.7801008199016,4,0,0,49.7801008199016
2553,11,1,0,78.9797778360283,10.1148218034387,0.263065134761774,2.0863190539447,70.4558821578101,74.4558821578101,4,0,0,70.4558821578101
2554,11,0,0,49.4176870433596,11.0729800255554,0.329470925626861,-0.455139481173641,43.6149249054574,47.6149249054574,4,1,1,47.6149249054574
2555,11,1,1,45.0091561873474,10.3072254289329,-1.21379767608981,0.783594944819826,48.2715412882204,52.2715412882204,4,0,0,48.2715412882204
2556,11,0,1,50.9118008111235,12.2604168049714,-1.4842382610722,0.592345139471629,48.5290411306015,52.5290411306015,4,0,0,48.5290411306015
2557,11,1,0,60.0002059064552,10.139865848411,-0.988431313788302,0.34230749751615,53.6023091982447,57.6023091982447,4,1,1,57.6023091982447
2558,11,0,0,49.2992508505261,11.1308891639998,0.434169614582431,-0.262936709364443,56.4179893579476,60.4179893579476,4,0,0,56.4179893579476
2559,11,1,0,44.6843075374544,8.62287868101412,0.251367254669293,-0.295448060285883,39.8178245314232,43.8178245314232,4,0,0,39.8178245314232
2560,11,1,0,45.6595488445249,14.0393726409836,0.731309737264682,-1.06356639907676,52.1629468522583,56.1629468522583,4,1,1,56.1629468522583
2561,11,0,0,49.0193055873133,13.1940904887748,0.130783646725747,-0.482006637561854,47.498303193592,51.498303193592,4,1,1,51.498303193592
2562,11,0,0,61.3740434264943,14.8540204951238,0.31506338517246,1.48114677303574,64.9809787156502,68.9809787156502,4,1,1,68.9809787156502
2563,11,0,0,51.9420605542992,15.2095154463077,0.623754740825758,-1.18908229953553,53.5182241126969,57.5182241126969,4,0,0,53.5182241126969
2564,11,1,0,63.187080436155,13.3617005621979,-0.00976993101712606,1.04929602224124,57.7318461625991,61.7318461625991,4,1,1,61.7318461625991
2565,11,1,0,55.6548101577894,12.1569187722622,-0.731821345073332,1.56082503951503,51.2326228246096,55.2326228246096,4,1,1,55.2326228246096
2566,11,0,1,35.390940976379,13.6185337944687,-0.441433681232809,-0.948254706269675,37.711299614186,41.711299614186,4,1,1,41.711299614186
2567,11,1,1,43.533535162569,7.69966889840334,-0.288068256655619,0.296433615413606,40.4792570664781,44.4792570664781,4,1,1,44.4792570664781
2568,11,1,1,50.7505360522043,14.2866445373271,-0.896158489534791,0.0779901801493786,55.6188421714733,59.6188421714733,4,1,1,59.6188421714733
2569,11,0,1,63.2861507481318,12.6187042458224,-0.11557688091076,-1.23295566215273,53.5092104426834,57.5092104426834,4,0,0,53.5092104426834
2570,11,1,1,59.0832752172347,9.41228889106535,-1.44141944051971,-0.320406682004869,53.1751562327573,57.1751562327573,4,0,0,53.1751562327573
2571,11,1,0,52.0690515965475,11.9775366171745,-2.39970756823472,0.545792440234182,44.5993659986189,48.5993659986189,4,1,1,48.5993659986189
2572,11,0,1,63.5687324190723,12.1252524095973,0.657724163214034,0.906667118845512,63.5217282858846,67.5217282858846,4,0,0,63.5217282858846
2573,11,1,1,57.5679655392217,11.6828391958144,-0.456082601306368,1.74371491136218,55.5003816909904,59.5003816909904,4,0,0,55.5003816909904
2574,11,0,0,54.6374428238212,14.5762419553759,1.06902527391665,0.898695020506967,59.0823403190907,63.0823403190907,4,1,1,63.0823403190907
2575,11,0,1,51.7546130300334,11.7973370157391,-0.933744624102724,0.0164411227694199,41.0375340172176,45.0375340172176,4,0,0,41.0375340172176
2576,11,0,0,61.9772133137133,6.12256391472578,-0.0181242774619267,-0.655665022866724,49.2259547199092,53.2259547199092,4,0,0,49.2259547199092
2577,11,1,1,62.8882937887483,8.16526461896511,0.433004367751713,0.0290165285481964,51.5259249146957,55.5259249146957,4,0,0,51.5259249146957
2578,11,1,1,52.5923010595905,13.767879079617,-0.263797564726725,0.987751558108934,57.5033003574113,61.5033003574113,4,1,1,61.5033003574113
2579,11,1,0,54.1458926432919,8.73045529487237,1.02319460213836,-0.788082934600673,49.7614235438224,53.7614235438224,4,0,0,49.7614235438224
2580,11,1,0,44.0698937840944,12.0007882542714,1.00977483881956,-0.786298911069177,45.4406100658318,49.4406100658318,4,0,0,45.4406100658318
2581,11,1,0,51.2899788488625,12.40057454471,0.257852867908735,0.115642703159181,51.4522577922871,55.4522577922871,4,0,0,51.4522577922871
2582,11,1,1,41.4904312636849,9.69792133742287,-0.182587498315786,0.125287506120094,47.3043037169197,51.3043037169197,4,0,0,47.3043037169197
2583,11,1,0,51.3834146577609,12.481564937521,-0.158453246513728,-0.870876317137214,52.6840247646695,56.6840247646695,4,1,1,56.6840247646695
2584,11,0,0,37.2101117757887,6.0555375937108,-1.48893297056273,0.821138486269992,32.9251574902091,36.9251574902091,4,0,0,32.9251574902091
2585,11,0,1,36.0999505519175,10.8786801146411,-0.602004794643453,-0.913950317400903,31.0864926182778,35.0864926182778,4,0,0,31.0864926182778
2586,11,1,1,47.3088630933332,12.5511416835464,-0.222793877041598,-0.43364382684434,41.2738189393457,45.2738189393457,4,0,0,41.2738189393457
2587,11,1,1,37.4513553781404,12.0317049692468,0.750686088283065,-2.45742573309998,35.4789981914245,39.4789981914245,4,1,1,39.4789981914245
2588,11,1,0,61.9264081900868,14.2538471939396,1.11749829304585,-0.275089058045669,63.3213124821622,67.3213124821622,4,1,1,67.3213124821622
2589,11,1,0,53.8986440027783,10.7440599200328,0.983302978510459,0.797854737233523,63.2557733915204,67.2557733915204,4,1,1,67.2557733915204
2590,11,0,1,47.5263025796753,10.4781467841405,0.88139292963316,-0.237133698613849,51.1762507093174,55.1762507093174,4,0,0,51.1762507093174
2591,11,0,1,59.8423761043039,17.1264752221157,0.107201304962337,0.594446911786602,62.1578333690991,66.1578333690991,4,1,1,66.1578333690991
2592,11,1,0,50.5298618077191,8.87432296164533,0.177145617297032,-1.49238126644892,41.3557739387045,45.3557739387045,4,1,1,45.3557739387045
2593,11,0,0,43.9434563439848,11.4232828312804,-1.28599834998974,-0.326218010600242,42.2081699669845,46.2081699669845,4,0,0,42.2081699669845
2594,11,1,0,46.0580208995091,12.3413419866738,0.541758367334318,-0.846398263817551,56.0938431512843,60.0938431512843,4,1,1,60.0938431512843
2595,11,0,0,55.2983197949074,15.4379998658843,1.05070604223675,2.05321464114275,66.266229408144,70.266229408144,4,0,0,66.266229408144
2596,11,1,1,45.5004619668569,8.89208352902323,-1.37591913252664,-0.86737395842952,43.4740943390678,47.4740943390678,4,0,0,43.4740943390678
2597,11,0,0,51.9400135167423,10.827303623466,0.0798260169343234,-0.86346009121425,54.1724634631021,58.1724634631021,4,1,1,58.1724634631021
2598,11,0,1,52.6698076085149,9.12122784131158,1.43235001478494,1.35511201447471,47.7707200439802,51.7707200439802,4,1,1,51.7707200439802
2599,11,1,0,49.0123387089508,6.66267740644203,-0.870935283787686,0.71136976174222,47.6308031877025,51.6308031877025,4,1,1,51.6308031877025
2600,11,1,0,49.4931421422393,9.23039979288899,-1.90025114522182,-1.70116254274549,48.9017531889617,52.9017531889617,4,1,1,52.9017531889617
2601,11,0,1,54.0804359740187,10.4291719482271,-0.000375729193683027,1.42957541860618,54.5856257666479,58.5856257666479,4,1,1,58.5856257666479
2602,11,0,0,49.2680276530808,12.7760777145903,0.186881126436629,-1.22386908379533,49.3916728928579,53.3916728928579,4,0,0,49.3916728928579
2603,11,1,0,49.8834463781982,15.4552704269587,-0.0331968874089336,0.326136837424819,59.470041589406,63.470041589406,4,0,0,59.470041589406
2604,11,1,0,62.8619918051389,11.9181873055927,-2.58020387666564,0.388954086458157,48.8233677881881,52.8233677881881,4,0,0,48.8233677881881
2605,11,1,0,61.7990966648848,9.7193751997857,1.23600588310321,1.00733247600928,59.4942803532349,63.4942803532349,4,1,1,63.4942803532349
2606,11,0,0,44.8408898624289,12.0886865243521,0.180725111679148,-0.850928373937216,48.5391075308103,52.5391075308103,4,1,1,52.5391075308103
2607,11,0,0,62.6582590508982,9.17963806070344,0.201083122901322,0.0561359237989282,56.5295375343878,60.5295375343878,4,1,1,60.5295375343878
2608,11,1,0,59.9539119264881,12.1273273271423,-0.211094667420162,1.34732812839245,59.9235553969017,63.9235553969017,4,0,0,59.9235553969017
2609,11,0,0,63.0179770646523,15.0411962831994,-0.201018492682062,1.03597778294419,63.3628069279556,67.3628069279556,4,1,1,67.3628069279556
2610,11,1,1,30.69999905001,13.7550012462948,0.431612158104243,-1.00550401265613,43.3560073464763,47.3560073464763,4,0,0,43.3560073464763
2611,11,0,0,51.3443936168016,16.8567941220372,1.39110511923374,-1.39617534868697,59.539542218181,63.539542218181,4,1,1,63.539542218181
2612,11,1,0,68.7999308973307,12.8335202494894,1.90347329655423,1.0915210040245,71.5416510451114,75.5416510451114,4,1,1,75.5416510451114
2613,11,0,1,40.3272293674892,10.8839484970715,-0.481274742900972,-0.204137739942257,44.1009234686009,48.1009234686009,4,0,0,44.1009234686009
2614,11,0,1,48.7049035905635,13.7217875662325,0.585917255183146,0.330232460741214,48.6283920431317,52.6283920431317,4,0,0,48.6283920431317
2615,11,0,0,51.802981163158,6,-1.65169829480574,-0.915414843071636,40.7813791841113,44.7813791841113,4,0,0,40.7813791841113
2616,11,1,1,55.9811126700446,16.95815634317,0.0494794693297555,0.619587592231696,53.5359361603093,57.5359361603093,4,0,0,53.5359361603093
2617,11,0,0,46.463147381575,10.3864139708022,0.31866077100351,-0.44367179900312,47.836582326256,51.836582326256,4,0,0,47.836582326256
2618,11,0,0,46.9633299449603,9.57673342427704,0.601525843485943,-0.205166882786341,50.1383529087725,54.1383529087725,4,1,1,54.1383529087725
2619,11,1,1,46.0541795951936,11.5689093725494,-0.174273417185164,-1.40763103213675,46.4745464400354,50.4745464400354,4,0,0,46.4745464400354
2620,11,0,0,60.8991023495614,9.25419952251766,-0.691697584139715,-0.794056693842292,54.005178793803,58.005178793803,4,0,0,54.005178793803
2621,11,0,0,49.134771162285,12.3333960542545,-0.562109025655515,0.258386715233155,45.86192799711,49.86192799711,4,0,0,45.86192799711
2622,11,0,1,54.4182132329098,13.059056169264,0.321920923898133,-0.242955711947653,52.8827769734728,56.8827769734728,4,0,0,52.8827769734728
2623,11,0,0,63.4067187485598,10.1724298021042,-1.17164103313753,0.190446680362937,54.975524649697,58.975524649697,4,1,1,58.975524649697
2624,11,0,0,63.9018957670272,12.0087275889637,1.31593161935741,-0.342166099306745,57.736576741474,61.736576741474,4,0,0,57.736576741474
2625,11,1,0,42.7065123540456,9.94809847205681,0.371925170016212,0.970590089038,43.6146477157168,47.6146477157168,4,1,1,47.6146477157168
2626,11,0,1,42.3279963354696,11.8537085753817,-0.818156922554518,1.35668561555833,45.7562057145184,49.7562057145184,4,1,1,49.7562057145184
2627,11,1,0,63.4054060806166,13.1461712327865,1.22241150391013,0.308705728400238,64.1220235707507,68.1220235707507,4,0,0,64.1220235707507
2628,11,1,0,29.7314561122969,7.93989221040853,-1.93099072406499,-2.01851343724245,28.7192357414436,32.7192357414436,4,0,0,28.7192357414436
2629,11,0,0,41.1197576872951,11.851351290301,-0.464054463963489,-1.36901829388519,45.3874729607209,49.3874729607209,4,0,0,45.3874729607209
2630,11,0,1,59.0481499350316,16.7658886022696,-1.02886968374609,0.58184531074993,61.1297996195212,65.1297996195212,4,0,0,61.1297996195212
2631,11,1,0,53.6133035071206,13.3837165897069,-1.54066881376614,-0.615189615028479,54.3380516260023,58.3380516260023,4,0,0,54.3380516260023
2632,11,0,1,48.3828895033912,9.90781632420018,0.487627899978168,0.499325467223161,41.5798629856944,45.5798629856944,4,0,0,41.5798629856944
2633,11,0,0,45.8108265231801,11.5409351421868,0.120325006582066,-1.44997051855955,48.140508230774,52.140508230774,4,1,1,52.140508230774
2634,11,1,0,62.4462413304192,13.2187727605977,-0.701547412485612,0.97117242138401,54.7704959384412,58.7704959384412,4,0,0,54.7704959384412
2635,11,0,1,48.4229933735868,7.38670920692045,-0.71415478912444,-0.583163363569382,40.3701016760234,44.3701016760234,4,1,1,44.3701016760234
2636,11,1,0,61.5893001695112,10.6371270303115,0.480991449104545,1.0006182855207,59.7816946124119,63.7816946124119,4,0,0,59.7816946124119
2637,11,0,0,51.1476690661089,12.4973367596706,0.0127890346604968,0.616152483632612,54.1761616713529,58.1761616713529,4,1,1,58.1761616713529
2638,11,0,0,65.4300008031009,13.6937689858419,1.7994656143878,-1.1287038026861,64.0144818535555,68.0144818535555,4,0,0,64.0144818535555
2639,11,1,0,50.9329478787339,16.1540695623378,0.212981973300748,-2.35657203617104,55.0392167579211,59.0392167579211,4,1,1,59.0392167579211
2640,11,0,1,48.9258279052917,14.5087516545048,0.212463792606704,0.253416283215583,55.4915866484098,59.4915866484098,4,1,1,59.4915866484098
2641,11,1,0,57.4270560046089,9.13687792717458,-0.269913977165312,0.911144440105773,63.9232971919092,67.9232971919092,4,1,1,67.9232971919092
2642,11,0,0,64.8245036544083,11.649165018491,0.0648100590016007,1.10000284428904,66.2213299337421,70.2213299337421,4,1,1,70.2213299337421
2643,11,1,1,57.6598180838196,10.2760758193666,-1.36426221984127,1.22876497377684,46.8594529920387,50.8594529920387,4,0,0,46.8594529920387
2644,11,1,0,58.3767948112179,6.98516296479791,0.144504935660865,-1.15206680290522,50.1124068022796,54.1124068022796,4,1,1,54.1124068022796
2645,11,1,1,48.5081005991438,14.2490680546535,0.720206377163887,-0.145035127089448,44.0102345580245,48.0102345580245,4,0,0,44.0102345580245
2646,11,1,0,51.7686581156027,11.7309086611031,-0.963124509733722,0.292550669020478,41.0478360418338,45.0478360418338,4,1,1,45.0478360418338
2647,11,1,1,56.0948592701284,11.0110026245929,-0.252757062407647,1.08493522730556,54.7796843307455,58.7796843307455,4,1,1,58.7796843307455
2648,11,0,0,49.8944244729556,13.8092609407332,0.903627387867681,1.00155538718598,60.9768144252898,64.9768144252898,4,0,0,60.9768144252898
2649,11,0,0,54.4601367022017,10.9895239293046,0.184634009355161,-0.227886441267532,51.8594250906466,55.8594250906466,4,0,0,51.8594250906466
2650,11,1,1,61.454298140652,16.8089288440101,2.34554602832261,0.367746116515342,65.3564426053747,69.3564426053747,4,1,1,69.3564426053747
2651,11,0,0,52.8011657968194,11.1886874281804,-0.0480154878992171,0.758764089411972,57.022070185416,61.022070185416,4,1,1,61.022070185416
2652,11,0,0,45.4069568737313,7.86332786037065,-1.47880033848448,0.813259778222664,40.0556894073471,44.0556894073471,4,0,0,40.0556894073471
2653,11,1,0,58.9625279187863,11.9845927109503,-0.73524315253888,0.880881828035978,49.894460955535,53.894460955535,4,1,1,53.894460955535
2654,11,0,0,59.284833253442,13.0520554901099,0.570206129936342,1.2598837948365,52.5624047759823,56.5624047759823,4,1,1,56.5624047759823
2655,11,0,1,52.57816687883,7.72774965337709,-0.980076157540082,-0.262854422110332,48.1963280740211,52.1963280740211,4,1,1,52.1963280740211
2656,11,1,0,35.6940707909803,12.7895654678201,-0.145176978016539,-1.25439668610866,36.7266145363308,40.7266145363308,4,1,1,40.7266145363308
2657,11,1,0,70.9244474620759,9.90993972858031,-1.57337011737984,1.79182130962722,57.6238922998002,61.6238922998002,4,1,1,61.6238922998002
2658,11,0,0,56.0104871381089,11.6407840662301,0.491002351194512,0.952595952852693,45.578962696694,49.578962696694,4,0,0,45.578962696694
2659,11,0,0,52.8772795556069,14.5311615580563,0.619953039684575,-0.0287978155129693,57.0876669322094,61.0876669322094,4,1,1,61.0876669322094
2660,11,0,1,57.256366072852,13.5927455859863,0.215093849339776,1.01192991911684,60.3658637312605,64.3658637312605,4,1,1,64.3658637312605
2661,11,1,0,67.6839588376913,14.2347635292542,-0.121336580219449,0.516359485524412,66.158473862933,70.158473862933,4,0,0,66.158473862933
2662,11,0,0,45.1923061668257,12.1311724053282,0.583198646349604,-0.0518743167259462,39.982435961615,43.982435961615,4,1,1,43.982435961615
2663,11,1,0,51.2021016547727,9.34825976774076,-1.69880704245169,1.1789229826119,46.5283088072702,50.5283088072702,4,1,1,50.5283088072702
2664,11,0,1,50.8729617722502,15.4935500841471,0.457082224910949,-0.502309051266753,54.1088084376642,58.1088084376642,4,1,1,58.1088084376642
2665,11,0,0,48.6076494329708,8.51673778442912,-2.48795902634938,-0.487270539592075,39.0408357963546,43.0408357963546,4,0,0,39.0408357963546
2666,11,0,0,40.1636844872229,11.2104221454443,-0.185206589873805,-0.128449604287144,39.4287092470973,43.4287092470973,4,1,1,43.4287092470973
2667,11,0,0,61.0279869221856,14.4040724322901,0.424598131228689,-1.39697856279004,53.6149902856517,57.6149902856517,4,1,1,57.6149902856517
2668,11,0,0,52.0582395119593,10.0197278957273,0.39427467589846,-1.12643709447243,42.967956852693,46.967956852693,4,1,1,46.967956852693
2669,11,0,0,45.6792548015565,10.772634460251,-2.45161634623759,0.807978586432529,41.9313780300109,45.9313780300109,4,0,0,41.9313780300109
2670,11,1,0,51.627665374314,9.79926370857536,0.245834694404199,0.327734148530271,49.9060433024208,53.9060433024208,4,1,1,53.9060433024208
2671,11,1,0,51.6719517828261,16.3477593582589,0.661348566543011,1.03332964788631,55.8823672692248,59.8823672692248,4,0,0,55.8823672692248
2672,11,0,0,51.6958635383286,8.12586624435154,-0.309417901822405,1.39593876982589,56.1037575452951,60.1037575452951,4,0,0,56.1037575452951
2673,11,0,1,54.9949815187224,17.777384783755,1.72522359125147,-0.799352009639957,63.5335755692499,67.5335755692499,4,1,1,67.5335755692499
2674,11,1,1,53.7806474244628,11.3020984235287,1.0555635403463,0.105892544020134,51.0230525253755,55.0230525253755,4,0,0,51.0230525253755
2675,11,0,0,56.003640536792,14.8635149572136,-0.27023531080688,1.37414628951195,60.6223438968934,64.6223438968934,4,0,0,60.6223438968934
2676,11,1,1,52.9235617150364,10.8726876649626,1.31966238432837,1.28380901118132,56.4629116471467,60.4629116471467,4,0,0,56.4629116471467
2677,11,0,1,40.7950353563377,11.8886230076426,0.12032494262933,-0.953022198850075,40.8057854403101,44.8057854403101,4,1,1,44.8057854403101
2678,11,1,1,40.2616594387923,12.0867696748891,-1.09696921931907,-0.875977830378111,40.0517265695066,44.0517265695066,4,1,1,44.0517265695066
2679,11,1,1,32.5145955472028,8.54632185578367,-0.240130803217084,0.70695893544756,36.5928899428746,40.5928899428746,4,0,0,36.5928899428746
2680,11,1,1,47.8943272917446,9.81547865956236,0.505475837384514,-1.62764740432214,41.2735306171867,45.2735306171867,4,0,0,41.2735306171867
2681,11,1,0,59.774148403895,9.05249481560796,-0.0472076698000968,-0.0574221032628665,59.3796122012471,63.3796122012471,4,1,1,63.3796122012471
2682,11,0,1,35.7078235687996,12.4209800372949,-1.53963459138345,-1.17379115115423,35.3449683957647,39.3449683957647,4,1,1,39.3449683957647
2683,11,1,1,45.7103618469732,9.67154370715579,-0.424676523593065,-0.803493874622632,43.8047427483814,47.8047427483814,4,0,0,43.8047427483814
2684,11,1,0,51.3397308577582,11.0696678745102,-0.371969617133197,-0.226018135902642,53.4908483408784,57.4908483408784,4,1,1,57.4908483408784
2685,11,0,0,61.095936733387,15.1638302930319,1.62718627393588,-0.799407438701384,60.3496847650605,64.3496847650605,4,0,0,60.3496847650605
2686,11,1,0,47.2564362115752,11.8547313209062,1.18695580305856,0.170927358319749,51.0314600249574,55.0314600249574,4,0,0,51.0314600249574
2687,11,1,1,46.7453059513469,9.87308383567807,-1.31286853363195,-0.0289934208667903,42.5749430893985,46.5749430893985,4,0,0,42.5749430893985
2688,11,0,1,57.9584476111708,7.32763550003226,-0.0496965422867143,1.42607214299192,50.5038295262529,54.5038295262529,4,1,1,54.5038295262529
2689,11,1,1,40.902013140108,10.3279936620184,-0.702910525148842,-1.32302299764531,39.6008327617488,43.6008327617488,4,0,0,39.6008327617488
2690,11,0,1,52.8873927905977,7.29847463267545,-1.1173638839604,-0.0646585831514413,39.7891966734869,43.7891966734869,4,0,0,39.7891966734869
2691,11,1,1,42.239359720337,14.5831770460626,-0.944577369002693,0.398801403794564,45.9361683735663,49.9361683735663,4,0,0,45.9361683735663
2692,11,0,0,53.7808435016881,16.4844057488781,1.41063779111388,1.04342419379054,60.1634462174408,64.1634462174408,4,1,1,64.1634462174408
2693,11,1,0,57.149073167342,13.1481835425281,2.60405900985673,-1.45425524234824,55.3070585512343,59.3070585512343,4,0,0,55.3070585512343
2694,11,1,1,45.844976655959,9.56718419610637,-1.77125501914091,0.430032890936139,39.8252144654199,43.8252144654199,4,0,0,39.8252144654199
2695,11,0,1,36.6603831137199,14.3973920762716,0.987147926544206,-0.13866918577438,39.0226637336055,43.0226637336055,4,0,0,39.0226637336055
2696,11,0,0,51.6298661178619,11.8840273396271,0.039849742743705,-0.808420556474771,49.497969475803,53.497969475803,4,1,1,53.497969475803
2697,11,0,0,62.1214572456528,13.6475079652974,0.482229181207232,-0.750375756749749,56.7627312542126,60.7627312542126,4,1,1,60.7627312542126
2698,11,0,0,74.6143831126464,10.57178529343,0.0296339081690534,1.47532535247625,65.5480461058464,69.5480461058464,4,1,1,69.5480461058464
2699,11,1,1,52.7218416707535,14.8709358778913,0.774582813231071,0.529453728573796,57.1544447905364,61.1544447905364,4,0,0,57.1544447905364
2700,11,0,0,55.6581129500923,12.552524759181,1.37663387496362,0.0915018761135091,54.7145067747751,58.7145067747751,4,1,1,58.7145067747751
2701,11,1,0,52.4896490670827,11.1816525202909,-0.152487537548,-0.152491986533596,53.2162395902239,57.2162395902239,4,1,1,57.2162395902239
2702,11,1,1,43.2819108960334,11.7243540633302,0.275360801639203,-0.0135902700972939,45.4005524887456,49.4005524887456,4,0,0,45.4005524887456
2703,11,1,0,57.6269473307287,13.1961375878875,2.21167140515265,1.74117137406143,66.2375383646333,70.2375383646333,4,1,1,70.2375383646333
2704,11,1,1,44.4080078984693,12.9084946341422,0.332060056664966,-1.74484707311859,45.6311011841872,49.6311011841872,4,0,0,45.6311011841872
2705,11,0,1,50.1475966974737,12.0762357563765,-0.956777250067579,-0.324851761781894,47.4457785920749,51.4457785920749,4,0,0,47.4457785920749
2706,11,0,0,61.0264322122002,15.3433383196769,0.665373095535166,1.26005420870605,57.8578863808384,61.8578863808384,4,0,0,57.8578863808384
2707,11,0,1,45.1640195024778,9.19688435056015,-1.91593641012449,0.367364387648522,45.180119721084,49.180119721084,4,1,1,49.180119721084
2708,11,1,1,55.6939381411495,15.4920092986724,1.90134412886648,-0.668053507665501,63.6241623020904,67.6241623020904,4,0,0,63.6241623020904
2709,11,0,0,56.2222116261026,7.38624428727367,-1.33142678397467,-2.59796988388612,46.3007718199961,50.3007718199961,4,1,1,50.3007718199961
2710,11,1,0,49.2911234077375,11.0907695762262,-0.64416064896254,-0.29305145158209,50.1510217238551,54.1510217238551,4,1,1,54.1510217238551
2711,11,1,0,42.2067317994026,6.66932824979923,-2.78777882424511,-0.383409142930712,33.5562314734551,37.5562314734551,4,0,0,33.5562314734551
2712,11,0,0,52.8367196008886,11.984552064984,0.184185484774139,0.942484916959646,51.2749235067803,55.2749235067803,4,0,0,51.2749235067803
2713,11,1,0,59.1122256466688,11.6203477015159,0.64093244396311,1.27910061483856,57.9104163251943,61.9104163251943,4,0,0,57.9104163251943
2714,11,1,1,56.8639514617628,13.2327983709916,-0.220921886306827,-0.241799524845908,58.9192298923685,62.9192298923685,4,0,0,58.9192298923685
2715,11,0,0,44.7478662863623,9.24218846776442,-1.5876393555721,0.458641547740351,41.4365382030124,45.4365382030124,4,1,1,45.4365382030124
2716,11,1,0,60.5883499746271,12.656290156702,0.163511468115961,-0.278694876877406,58.4141355513679,62.4141355513679,4,0,0,58.4141355513679
2717,11,0,1,33.7972650924722,11.9278533952326,-1.53819626382898,-1.06369495152883,38.6339075556562,42.6339075556562,4,0,0,38.6339075556562
2718,11,1,0,55.1062035542903,13.1053389194402,-0.312923251222754,-0.105098680283759,57.1611318303434,61.1611318303434,4,1,1,61.1611318303434
2719,11,0,0,48.4929523434362,14.8329193548462,0.957761219730441,1.54384183610354,62.6833800341265,66.6833800341265,4,0,0,62.6833800341265
2720,11,0,0,61.7348473335924,9.14755697498683,0.506773260080074,-0.555464014452739,55.1715698933171,59.1715698933171,4,0,0,55.1715698933171
2721,11,0,1,54.4542275109158,14.7128843993866,0.505579679968407,0.0745752613984033,57.4511051027268,61.4511051027268,4,1,1,61.4511051027268
2722,11,1,0,56.8902823652669,11.3558963075955,1.97785621645692,-0.011647781934776,63.9034415129279,67.9034415129279,4,0,0,63.9034415129279
2723,11,0,0,57.4959021293422,11.0525583843116,-0.015256316456584,-0.295849506024613,55.3527547431074,59.3527547431074,4,1,1,59.3527547431074
2724,11,0,1,45.143086728101,12.4210309801116,0.119202960740538,-0.720942199764026,41.7297707870298,45.7297707870298,4,0,0,41.7297707870298
2725,11,0,1,43.8567380264285,9.53241064497395,-0.907974018909038,-2.23496176638817,31.5738567134489,35.5738567134489,4,0,0,31.5738567134489
2726,11,1,0,47.3310284049645,13.2330011792587,2.25180914449818,-1.55152028242402,57.4374275834145,61.4374275834145,4,0,0,57.4374275834145
2727,11,0,1,50.7410995569447,15.4950544113494,1.09292463097235,0.959486967788503,54.7321997513522,58.7321997513522,4,1,1,58.7321997513522
2728,11,0,0,55.4030979260386,13.6457551622893,-0.571299174396728,-0.217475415895397,56.0673759993933,60.0673759993933,4,0,0,56.0673759993933
2729,11,1,0,62.0184599436225,12.7618380337304,1.10988882468206,-0.592722961474085,60.33441802475,64.3344180247501,4,1,1,64.3344180247501
2730,11,1,0,57.2843476749088,13.8568353406425,0.0984635071890677,-0.0883496551603314,57.4697290829221,61.4697290829221,4,1,1,61.4697290829221
2731,11,0,0,58.4310022067318,7.92998230408323,-0.722209781930155,-0.193053470898952,51.520271310867,55.520271310867,4,0,0,51.520271310867
2732,11,0,0,56.07652161225,14.0074654078433,1.35041015400921,0.815412172322975,65.8917348553483,69.8917348553483,4,1,1,69.8917348553483
2733,11,1,0,48.4868723700542,13.2614575830527,-0.728990825558784,-1.42285271730766,43.5245423468028,47.5245423468028,4,0,0,43.5245423468028
2734,11,1,0,49.7643509923709,9.8297190139219,-1.68794634556009,0.393759179087783,37.1495822636069,41.1495822636069,4,0,0,37.1495822636069
2735,11,1,1,53.5991489462135,10.5245976538971,0.392763623985118,0.171987954087848,48.1496969711726,52.1496969711726,4,0,0,48.1496969711726
2736,11,0,0,50.5044659239388,14.9783026805039,0.117977371817566,-0.333557932990266,63.3127249111256,67.3127249111256,4,1,1,67.3127249111256
2737,11,0,0,43.5194320705798,11.7554395482819,0.465713323910143,0.772593128285416,53.7616400856741,57.7616400856741,4,1,1,57.7616400856741
2738,11,1,0,56.3940317696631,9.42929372997775,-0.872365924291745,-0.223889836671221,57.3768834975732,61.3768834975732,4,0,0,57.3768834975732
2739,11,0,0,60.4910374461872,14.7308296882577,0.122202284656897,0.523503058835581,55.6541631304613,59.6541631304613,4,1,1,59.6541631304613
2740,11,0,0,64.6086641361044,10.7585575040318,0.822910447103528,-0.450659256344729,58.1024388935383,62.1024388935383,4,1,1,62.1024388935383
2741,11,1,0,43.9259327906266,11.7888395774131,-0.762385072623389,0.122775715713289,46.7820290786272,50.7820290786272,4,0,0,46.7820290786272
2742,11,0,0,43.1924023344842,10.6885510429538,-1.5325146505449,-0.470847546278728,40.9110776735536,44.9110776735536,4,0,0,40.9110776735536
2743,11,0,0,52.0662867117108,15.1444538342687,0.935422088364192,0.629908883813031,58.7111893678689,62.7111893678689,4,1,1,62.7111893678689
2744,11,0,0,64.4758327242762,13.0428022039002,0.589209645942546,0.143468438132983,58.1768105010795,62.1768105010795,4,1,1,62.1768105010795
2745,11,1,0,56.8144465925592,12.7532271595525,1.1382014744908,-0.589722280464885,56.5361158482099,60.5361158482099,4,1,1,60.5361158482099
2746,11,1,0,42.9335631974304,12.2085761333574,-0.434701431308012,-1.41421654583212,44.0408848772217,48.0408848772217,4,1,1,48.0408848772217
2747,11,0,1,49.9523650205337,10.6831582768647,-0.957407747166697,1.3129015050359,45.160318854966,49.160318854966,4,1,1,49.160318854966
2748,11,0,1,38.2419767964772,15.4897703622235,0.752289210818796,-0.777169380001023,49.7570323211897,53.7570323211897,4,0,0,49.7570323211897
2749,11,0,0,53.8434890890203,14.2444391880454,-0.0050765975633871,-1.51274314649534,55.0355466257657,59.0355466257657,4,1,1,59.0355466257657
2750,11,1,0,44.3210849568698,14.5796809495698,0.1349428160278,-1.5262777321527,42.072382173897,46.072382173897,4,0,0,42.072382173897
2751,12,1,1,34.3892743908167,7.78042697926701,-2.3734252053765,-0.414622608813348,27.9853212645046,31.9853212645046,4,1,1,31.9853212645046
2752,12,0,1,53.2992840268512,8.05845313343251,-1.25964383983054,0.575751367395827,47.1631751632973,51.1631751632973,4,1,1,51.1631751632973
2753,12,0,0,50.4283652835092,10.9010663440428,0.243617845755849,0.521369358951215,48.4745413479769,52.4745413479769,4,0,0,48.4745413479769
2754,12,1,1,59.6940329066128,11.0264217433166,-0.651398695776839,1.76881372447239,54.0531197822015,58.0531197822015,4,0,0,54.0531197822015
2755,12,0,0,54.5253814259216,8.45685082818682,-3.11685091553014,0.215223937678869,38.5289569624918,42.5289569624918,4,0,0,38.5289569624918
2756,12,1,0,52.6851221634276,8.82596585083724,0.158797090297158,-1.21118527911728,55.0116013742539,59.0116013742539,4,0,0,55.0116013742539
2757,12,0,0,45.1596080572111,9.26273617072901,-0.404083520435723,-1.26386400916969,41.1842479646243,45.1842479646243,4,1,1,45.1842479646243
2758,12,0,1,57.1152984391849,13.7283509761777,-0.131264312230536,-0.360411899132501,53.227799430968,57.227799430968,4,0,0,53.227799430968
2759,12,1,1,52.4195082416229,7.11046671187667,-2.72491835468421,0.318824140849566,43.1975899302311,47.1975899302311,4,1,1,47.1975899302311
2760,12,1,0,60.2302266190155,12.7489322124848,0.862130671512528,-1.56576574162901,57.3708607198797,61.3708607198797,4,0,0,57.3708607198797
2761,12,0,1,41.2817096596046,8.65671794135044,0.691977386128375,-0.352863217423297,48.8853561427978,52.8853561427978,4,1,1,52.8853561427978
2762,12,1,0,56.5358431626131,13.9522703740335,2.10683746667687,1.28780401205881,62.0310188742637,66.0310188742637,4,0,0,62.0310188742637
2763,12,1,0,37.8366985717803,11.555708698006,-1.51031301581497,-1.07400151010459,44.2500331559802,48.2500331559802,4,0,0,44.2500331559802
2764,12,1,1,56.2762417129417,13.6072747214679,0.596742150527499,2.59855713247414,58.8949615965598,62.8949615965598,4,0,0,58.8949615965598
2765,12,1,1,47.0720525405315,14.9403241012202,0.233825175727309,0.906696009222492,54.0813309656142,58.0813309656142,4,1,1,58.0813309656142
2766,12,0,0,51.7083942358852,13.3114034412783,0.345794890796112,-0.305937696847021,53.2894584403031,57.2894584403031,4,0,0,53.2894584403031
2767,12,0,1,54.1387953137648,12.2885733805818,0.749585340649193,1.90365527680333,54.695821402279,58.695821402279,4,0,0,54.695821402279
2768,12,1,1,51.3376840708762,7.19066490840343,-0.428521679338545,0.384235378501974,40.5638961300001,44.5638961300001,4,0,0,40.5638961300001
2769,12,0,0,58.386385651421,15.9354049924286,0.793809064295016,-2.26630794870514,53.6503150794944,57.6503150794944,4,0,0,53.6503150794944
2770,12,0,0,54.6297500892788,13.1322714466044,0.533641058168225,0.376617383291872,56.3898015094682,60.3898015094682,4,1,1,60.3898015094682
2771,12,0,0,52.4935907406497,10.1856597785194,-0.105493534166462,-2.46484103629891,42.5835184343141,46.5835184343141,4,1,1,46.5835184343141
2772,12,1,0,59.0749801561,10.6548939155566,0.575156109960518,0.440101144298142,65.9229663870763,69.9229663870763,4,1,1,69.9229663870763
2773,12,0,1,55.9301923423183,13.5923823529508,0.258056939710944,-1.08723377743683,50.2916169588262,54.2916169588262,4,1,1,54.2916169588262
2774,12,1,0,38.2888157178232,6,-1.67474700395994,-0.320336434553096,33.113237956628,37.113237956628,4,1,1,37.113237956628
2775,12,1,1,38.8249125694583,10.0729958487852,-0.530288633313238,-2.21841439303111,37.291407766508,41.291407766508,4,1,1,41.291407766508
2776,12,1,0,63.6511284878737,9.73357634888744,0.466868511379861,0.697700248927585,58.5375225186258,62.5375225186258,4,1,1,62.5375225186258
2777,12,1,1,59.4428330874795,16.5701194415294,0.484476244581694,-0.734325968450402,57.4212001233234,61.4212001233234,4,0,0,57.4212001233234
2778,12,0,0,54.2313951451906,17.1446401727587,1.75230447688193,-0.119805483680432,59.7060861796072,63.7060861796072,4,0,0,59.7060861796072
2779,12,0,1,43.6516677692856,11.7580121122038,-0.649637325444899,-0.914108548684203,44.5976447182799,48.5976447182799,4,1,1,48.5976447182799
2780,12,1,0,41.5613787721953,6.78730236628026,0.18412040736333,-0.245860662227853,40.0672129515803,44.0672129515803,4,1,1,44.0672129515803
2781,12,0,0,72.7767640108324,16.5570598536518,1.03036143575423,1.66006487788335,69.3795990751843,73.3795990751843,4,1,1,73.3795990751843
2782,12,0,0,46.9637854337753,10.07332467924,-0.710158434267399,-0.386577919748387,45.7609872117429,49.7609872117429,4,0,0,45.7609872117429
2783,12,1,1,50.3102839496488,12.4971711543869,0.301854375412398,1.07610232100864,53.2317439567731,57.2317439567731,4,1,1,57.2317439567731
2784,12,0,0,42.2804927790999,7.71723225621684,0.120242188463754,-0.368222356465263,43.2347325029139,47.2347325029139,4,1,1,47.2347325029139
2785,12,1,0,52.7815941422182,12.355718102088,-2.20212132630016,-0.94966881706143,51.8270917392082,55.8270917392082,4,0,0,51.8270917392082
2786,12,1,0,46.9654877860085,10.8130676265271,-0.733665488288435,0.423626739990071,44.3330967617578,48.3330967617578,4,0,0,44.3330967617578
2787,12,0,0,35.9944335581328,10.7506948503305,-0.535152059813047,-0.331433257824986,38.8667436288899,42.8667436288899,4,1,1,42.8667436288899
2788,12,0,0,47.9593867183848,14.5482346779878,0.285091701186432,-0.0967462075090508,57.3816058609517,61.3816058609517,4,0,0,57.3816058609517
2789,12,1,0,54.2264222674648,11.1302689269089,0.541849869960275,0.951031134230945,52.5303948942215,56.5303948942215,4,0,0,52.5303948942215
2790,12,0,0,57.553911592086,10.7786641893003,1.01970974778218,0.218197162489639,58.3734018993534,62.3734018993534,4,1,1,62.3734018993534
2791,12,0,1,58.9159867125423,17.0465301840763,0.333695648047695,1.22054444637212,61.7396499624342,65.7396499624342,4,0,0,61.7396499624342
2792,12,1,0,54.8181028347808,15.9853457444046,1.87362116545707,0.568643839428751,68.5212865342562,72.5212865342562,4,1,1,72.5212865342562
2793,12,0,0,57.4488694846364,16.3753049666201,0.295317017549698,0.573657231555739,58.8659899758444,62.8659899758444,4,1,1,62.8659899758444
2794,12,0,0,50.4185662717613,11.2548029710796,-0.0276296807732405,-0.225114280386689,46.0227575392863,50.0227575392863,4,0,0,46.0227575392863
2795,12,1,0,47.4433937732638,12.0423460700274,-1.24319424577045,1.63811340823868,52.7334958598404,56.7334958598404,4,0,0,52.7334958598404
2796,12,0,1,37.9079796106889,12.6094078113557,-0.610448565830909,-1.4724619588397,38.9525126057073,42.9525126057073,4,0,0,38.9525126057073
2797,12,0,0,58.4962711189284,11.6758225912556,-0.10570952581203,-0.508768993215803,55.6646761605659,59.6646761605659,4,1,1,59.6646761605659
2798,12,0,0,44.325447284245,8.58361775115233,0.485923627539224,-0.174874051382909,42.759674198812,46.759674198812,4,1,1,46.759674198812
2799,12,0,1,48.2716365176806,11.0360865176852,-0.194361794593342,-2.27595758903222,36.904039767915,40.904039767915,4,1,1,40.904039767915
2800,12,0,0,66.8282418308514,12.8931310141085,2.0646662995479,0.51362338994328,65.6970221175128,69.6970221175128,4,1,1,69.6970221175128
2801,12,0,0,46.6132775136942,11.2334364891828,-0.331669792555342,1.05918324283973,47.4649508534372,51.4649508534372,4,0,0,47.4649508534372
2802,12,0,1,44.4216624412189,14.2401412217426,1.62543357135169,-1.23629836131934,49.4488583004682,53.4488583004682,4,1,1,53.4488583004682
2803,12,1,0,47.4428848618714,15.4504906819219,1.20038570119495,0.018987390296775,55.4373607181183,59.4373607181183,4,1,1,59.4373607181183
2804,12,0,0,51.9769151706569,13.716435913943,0.974406671202739,-1.60845465564486,56.3847584086248,60.3847584086248,4,1,1,60.3847584086248
2805,12,0,0,49.430982330225,11.5621006805979,0.485081443487619,-1.31398542289523,38.4897603389154,42.4897603389154,4,0,0,38.4897603389154
2806,12,1,1,53.028518448069,14.6074129787883,2.07114820614078,-1.09732419746208,49.5354830290459,53.5354830290459,4,0,0,49.5354830290459
2807,12,1,1,65.6194491587047,17.9656136815194,0.797781449004811,0.708305127621148,65.6028937196222,69.6028937196222,4,0,0,65.6028937196222
2808,12,1,0,52.2089818637763,13.2282860239088,0.362654615245247,1.34852045888536,59.7639047563305,63.7639047563305,4,0,0,59.7639047563305
2809,12,1,0,51.8837101880613,7.81221034597229,-0.416626113465549,0.0449486687725996,46.4450893352531,50.4450893352531,4,1,1,50.4450893352531
2810,12,0,1,45.1361554171218,15.2905789037244,1.24912617146809,-0.559204002191121,47.168595299341,51.168595299341,4,1,1,51.168595299341
2811,12,1,1,44.5236617052155,12.5482425904238,-0.855732452685756,0.121586475444415,39.3283991731785,43.3283991731785,4,0,0,39.3283991731785
2812,12,0,0,40.1769954054379,8.57880574275549,-3.36841202208201,0.52631056685633,33.08203164753,37.08203164753,4,1,1,37.08203164753
2813,12,1,1,50.6523053998687,11.1813192207785,0.224170176387827,1.75822639457738,44.7778660303471,48.7778660303471,4,1,1,48.7778660303471
2814,12,0,1,59.0734633436343,10.7412339111363,1.4197322316079,0.662205814845307,56.0582036831478,60.0582036831478,4,0,0,56.0582036831478
2815,12,0,0,56.9610632011318,10.5589920004309,1.07794006078957,-0.259924085658517,54.0619165148851,58.0619165148851,4,0,0,54.0619165148851
2816,12,1,0,53.2024768878391,12.490237717968,0.218389683564979,-0.31151827682625,50.1681825467633,54.1681825467633,4,0,0,50.1681825467633
2817,12,0,0,32.6743708988604,6.93654959330278,-1.40280847981972,0.960834523430611,32.5120652790472,36.5120652790472,4,1,1,36.5120652790472
2818,12,0,0,50.9424902161755,11.0467416322627,-0.188346143525526,1.54008235417712,52.8876573791604,56.8876573791604,4,1,1,56.8876573791604
2819,12,1,0,40.2293712421953,11.2893077624264,-1.63854551654933,-1.67762921149997,43.0307383515848,47.0307383515848,4,0,0,43.0307383515848
2820,12,1,0,41.4148910480648,10.1809843209608,-0.763838873442899,-1.75647974502165,36.7038599379963,40.7038599379963,4,0,0,36.7038599379963
2821,12,1,1,34.8395169404057,9.14987544693021,-0.517552588887679,-1.9796281081642,41.9068584059031,45.9068584059031,4,1,1,45.9068584059031
2822,12,0,0,57.7519069568339,9.32175700607118,-1.70775341840371,0.512205005748393,50.8839900389811,54.8839900389811,4,1,1,54.8839900389811
2823,12,1,0,44.5106865843607,11.4123860676902,-0.95619916279184,0.45426933234816,40.4725364903447,44.4725364903447,4,0,0,40.4725364903447
2824,12,0,0,60.5793781693072,12.3066385543819,1.85539671015247,-0.43425864655963,59.1760879249583,63.1760879249583,4,1,1,63.1760879249583
2825,12,0,0,53.8721168088482,7.1959699777537,-1.69359585078423,0.140337640454592,48.1747459193734,52.1747459193734,4,0,0,48.1747459193734
2826,12,0,1,37.7321041997292,7.14260314659049,-1.82427211934476,-2.14966313144646,30.8418097794088,34.8418097794087,4,0,0,30.8418097794088
2827,12,0,0,37.6181956666715,9.48756350803842,-0.928982589882279,-1.71174745941734,33.1238944938868,37.1238944938868,4,0,0,33.1238944938868
2828,12,0,0,43.139731760192,12.8473499593509,-0.777029601919992,1.2643020648844,49.3068313129844,53.3068313129844,4,1,1,53.3068313129844
2829,12,0,1,37.8657277528418,9.12871601153335,0.581582109925819,-0.78157188722497,42.4969672129519,46.4969672129519,4,0,0,42.4969672129519
2830,12,1,0,42.5235180470241,12.418335453711,0.184460184897873,-0.220711774171361,40.9943728567142,44.9943728567142,4,1,1,44.9943728567142
2831,12,0,0,65.6286136172069,14.9132232626146,-0.309326825520336,1.66452743313704,68.4537750334961,72.4537750334961,4,1,1,72.4537750334961
2832,12,1,1,53.891017297056,14.2095675595271,0.570137733332983,-0.706583252616181,61.9431740004522,65.9431740004522,4,1,1,65.9431740004522
2833,12,0,1,60.9974291783348,10.6056229787348,-0.644519359735113,-0.623794830745263,49.7227415068587,53.7227415068587,4,0,0,49.7227415068587
2834,12,0,1,42.4010464757643,9.98752684818292,-1.07164319799529,-1.36422844873338,36.1997722630052,40.1997722630052,4,1,1,40.1997722630052
2835,12,1,0,63.2172136864807,15.2183047728115,1.12378405244599,0.145304457952522,53.9893617827916,57.9893617827916,4,1,1,57.9893617827916
2836,12,0,0,56.6018336672694,12.6192117060384,-1.08661006369948,1.24016368192939,56.0502003358976,60.0502003358976,4,1,1,60.0502003358976
2837,12,1,0,51.8631880978182,16.4971006356536,0.0229696012557791,1.22936811993297,63.6306891673071,67.6306891673071,4,1,1,67.6306891673071
2838,12,1,1,59.3891830190098,13.9099807969607,-0.153554800275612,0.994577663227569,59.0511858145221,63.0511858145221,4,1,1,63.0511858145221
2839,12,0,1,47.1986122075373,9.39671304390193,-1.73189108199528,0.876736985274673,48.9698356939093,52.9698356939093,4,0,0,48.9698356939093
2840,12,0,1,56.7869141462783,12.7347385931471,1.13192697222327,-0.536204550898547,54.8918107046233,58.8918107046233,4,0,0,54.8918107046233
2841,12,1,0,44.003840313912,9.29163112831426,0.411565090594437,0.781577532336731,42.2868424845404,46.2868424845404,4,0,0,42.2868424845404
2842,12,1,0,78.3505789690272,10.1450423674895,0.0450318076253233,3.65021107616286,78.0352970495306,82.0352970495306,4,1,1,82.0352970495306
2843,12,1,0,53.7466955374336,11.2925113541154,-0.384395066966846,0.284150346945102,52.9160491852295,56.9160491852295,4,0,0,52.9160491852295
2844,12,1,1,42.8182678148643,11.7314306860872,0.0183276301349118,0.151965505725456,45.9295268969869,49.9295268969869,4,1,1,49.9295268969869
2845,12,0,0,66.0126632505691,9.61651469748636,-0.35041824620996,1.94541565460849,61.440338059342,65.440338059342,4,1,1,65.440338059342
2846,12,1,1,49.5980699442429,11.6646955678221,-0.600183982869101,1.56838648073909,44.5286526919217,48.5286526919217,4,1,1,48.5286526919217
2847,12,1,1,47.5874170243823,10.19391202057,-1.20055675642666,-0.253020729525364,42.3450088963537,46.3450088963537,4,0,0,42.3450088963537
2848,12,1,1,57.1122015813043,10.3261934274292,-0.144288692025566,1.3633250870385,57.9085930718226,61.9085930718226,4,1,1,61.9085930718226
2849,12,1,1,51.4656944176548,10.3947579998679,-1.9097535761655,2.01369376888454,50.0865526496579,54.0865526496579,4,1,1,54.0865526496579
2850,12,0,1,44.0787401120109,10.3490006066687,-1.57698513533864,-0.915174760789965,39.422318638286,43.422318638286,4,1,1,43.422318638286
2851,12,1,1,40.9488354438442,10.976547738514,-1.05737006675032,-1.8958424641686,37.3557475619734,41.3557475619734,4,0,0,37.3557475619734
2852,12,1,0,50.7690749973863,11.656230415268,1.28605229558129,-0.518712777888897,50.8824005959892,54.8824005959892,4,1,1,54.8824005959892
2853,12,0,0,43.3295703547889,14.4173231770317,0.645355803145363,-0.252770724604603,58.538361724507,62.538361724507,4,1,1,62.538361724507
2854,12,1,0,66.6655434836371,11.8484643973152,-0.0545426741319469,-0.314366699510518,57.22799574327,61.22799574327,4,1,1,61.22799574327
2855,12,1,1,41.6572331411639,12.6055367077583,-0.545253472415175,0.674268912724998,47.2444768890017,51.2444768890017,4,0,0,47.2444768890017
2856,12,0,1,50.1764222703258,13.2950524678124,0.235090617183636,-0.223648683722927,47.6928794645876,51.6928794645876,4,1,1,51.6928794645876
2857,12,0,0,60.1945410666602,10.4051647772857,0.0585775376534038,0.250873493401375,55.4469237343015,59.4469237343015,4,1,1,59.4469237343015
2858,12,1,0,67.0620206402577,13.0576741811623,1.26796918934902,-0.885102394770541,60.9069739282319,64.9069739282319,4,1,1,64.9069739282319
2859,12,0,0,63.0164654307933,16.3134420870433,0.0446900235922103,-0.207781169116238,59.7338329913267,63.7338329913267,4,0,0,59.7338329913267
2860,12,1,1,43.9188978131398,13.7458934166224,-1.04315281582137,-0.376553647990672,44.4612446936979,48.4612446936979,4,0,0,44.4612446936979
2861,12,0,0,65.5808490925971,8.24833115600116,-0.576812153918265,0.708853662850495,62.9264465047489,66.9264465047489,4,1,1,66.9264465047489
2862,12,0,1,44.7691687135006,9.16701594100782,0.516403147949244,0.854029637077395,42.3479288189985,46.3479288189985,4,0,0,42.3479288189985
2863,12,1,1,57.6900596406702,11.9021504745831,1.18944640907289,0.0619287221828172,54.0938861468602,58.0938861468602,4,1,1,58.0938861468602
2864,12,0,0,53.1040694244213,10.526979623046,0.132943326013242,0.461944306937215,48.9126837709665,52.9126837709665,4,1,1,52.9126837709665
2865,12,0,1,47.3443261440458,9.71754922164836,-2.59379748116329,-0.0741191707728153,39.4214929712893,43.4214929712893,4,1,1,43.4214929712893
2866,12,0,0,53.3697117115485,12.7039472619928,0.532812619010951,-1.32255154816155,55.527472761691,59.527472761691,4,1,1,59.527472761691
2867,12,0,0,57.3069764977861,15.597896444224,-0.823654228180667,0.915698632146831,52.6066853111977,56.6066853111977,4,1,1,56.6066853111977
2868,12,0,0,45.2669108181528,14.176184295933,-0.360327581293074,-0.203206831741863,51.4000616423861,55.4000616423861,4,1,1,55.4000616423861
2869,12,1,0,59.378782619874,13.2453108875809,0.773259131186561,-0.92636235521382,55.1691494583834,59.1691494583834,4,0,0,55.1691494583834
2870,12,0,1,34.8508211690168,6.87521219063965,-1.25452331850893,-0.343411110471885,26.6884675551727,30.6884675551727,4,0,0,26.6884675551727
2871,12,1,0,55.1084319941913,9.25399852583121,-0.526603169923719,0.479034628794188,51.0534572872623,55.0534572872623,4,0,0,51.0534572872623
2872,12,1,0,65.2200213887994,16.2490494546386,0.245538361989216,-0.0836429689518372,62.6496479570996,66.6496479570996,4,1,1,66.6496479570996
2873,12,0,0,56.2778941581624,8.39118106971661,0.349712675216668,0.468196076887489,60.6342605743033,64.6342605743033,4,0,0,60.6342605743033
2874,12,0,0,59.5814223327672,11.8235755954924,-1.19514961373766,0.274295615420985,56.4232659937786,60.4232659937786,4,1,1,60.4232659937786
2875,12,0,0,48.6421530111288,10.7458989464924,-0.205072239771562,-1.78234477570854,43.8804378311531,47.8804378311531,4,1,1,47.8804378311531
2876,12,1,1,52.7490390586917,9.52400260214111,-0.132789219908973,-0.906209148731364,35.5920384501084,39.5920384501084,4,1,1,39.5920384501084
2877,12,0,0,48.5120706479145,10.5550971044676,0.97430870627123,-1.26792308840735,50.4635685751079,54.4635685751079,4,1,1,54.4635685751079
2878,12,1,0,44.0593918219351,11.7012011918075,-1.53934904005966,-0.465184159767507,48.4092477678804,52.4092477678804,4,0,0,48.4092477678804
2879,12,0,1,47.1976440105334,9.52162760254511,-0.418643720399324,-1.29578720235594,34.4050394346695,38.4050394346695,4,0,0,34.4050394346695
2880,12,0,1,42.9328064742659,11.4907668515541,-0.0116069605620117,0.678741869430124,46.0369208114505,50.0369208114505,4,0,0,46.0369208114505
2881,12,0,0,59.797627641682,7.9210241919394,-0.773275167231041,-0.901886848653574,52.9790274399109,56.9790274399109,4,0,0,52.9790274399109
2882,12,0,1,47.1082443745228,8.33556026301795,-1.4922924633694,-1.0914608107273,48.2875692774699,52.2875692774699,4,1,1,52.2875692774699
2883,12,0,0,64.7353699355377,12.6199847549491,0.446402640296981,0.89597800638986,62.4346581846859,66.4346581846859,4,0,0,62.4346581846859
2884,12,0,0,56.2447406521666,7.9926938541756,-1.34593020804051,0.170897141055657,44.836081686698,48.836081686698,4,0,0,44.836081686698
2885,12,1,1,45.5853401693558,10.3727112008957,0.61017500890287,1.6704635386364,53.6037200642073,57.6037200642073,4,1,1,57.6037200642073
2886,12,1,0,53.7905038653737,13.2466913431606,-0.502737584749824,1.79143801606727,57.4722167710984,61.4722167710984,4,0,0,57.4722167710984
2887,12,0,0,56.7093284774358,13.3757644313724,0.564045410084074,0.185086755952325,64.7487196530489,68.7487196530489,4,0,0,64.7487196530489
2888,12,1,0,61.532695757007,12.0535804127663,-0.254738088302534,0.941720752318313,54.9194200324652,58.9194200324652,4,1,1,58.9194200324652
2889,12,1,0,60.2711218015044,15.3919016899464,0.0789122827974662,0.512449184853407,58.7388368354806,62.7388368354806,4,1,1,62.7388368354806
2890,12,0,1,44.8968558863734,9.52408238444474,-0.770913256875646,-0.43521863651574,46.7835226962304,50.7835226962304,4,0,0,46.7835226962304
2891,12,0,1,41.5020635753289,10.9606982527584,1.01198766095423,-0.149132296360152,45.3838504543247,49.3838504543247,4,1,1,49.3838504543247
2892,12,0,1,42.0072014267749,11.4671278864998,1.50009397063322,-0.84705967889534,47.9588463070773,51.9588463070773,4,1,1,51.9588463070773
2893,12,0,0,65.1812630982082,14.7240128753314,0.641750223986397,1.47137185724318,62.5842424109505,66.5842424109505,4,0,0,62.5842424109505
2894,12,1,0,53.692298319867,19.1970389013547,2.67802059480593,-0.693996224676613,61.8222445015017,65.8222445015017,4,0,0,61.8222445015017
2895,12,0,1,50.9942816231823,10.6139828470795,-2.05608868885199,0.564956711413724,45.3235258218567,49.3235258218567,4,1,1,49.3235258218567
2896,12,0,0,56.5106450744232,13.5396740594786,0.592372828584609,-0.222465838846932,60.3012238321898,64.3012238321898,4,1,1,64.3012238321898
2897,12,0,0,62.3348234747734,10.1957349839167,1.05769170912078,2.26374033996167,65.1401694544832,69.1401694544832,4,0,0,65.1401694544832
2898,12,0,1,45.7220310117079,13.1545586503872,-0.334448254835955,-0.864328217342629,37.6453825943718,41.6453825943718,4,1,1,41.6453825943718
2899,12,1,0,49.5877552858477,10.271526783432,-0.340347469915159,0.659295560176368,44.8359188146848,48.8359188146848,4,1,1,48.8359188146848
2900,12,0,1,42.3607691001194,13.810650473965,1.54561619723015,-0.594903617632769,50.063123908839,54.063123908839,4,0,0,50.063123908839
2901,12,0,0,47.0736985257797,10.1656003870026,-0.689926831130573,-1.94171660310234,42.5270608232201,46.5270608232201,4,0,0,42.5270608232201
2902,12,0,1,36.5209219346242,9.15361838653776,-0.828964473122393,-2.11367103594538,30.7554378198338,34.7554378198338,4,0,0,30.7554378198338
2903,12,0,0,53.246152209563,11.5641775496462,-1.20451358614203,-0.980968948969158,49.6013068098163,53.6013068098163,4,0,0,49.6013068098163
2904,12,0,1,52.2716883768583,11.2548763384396,0.998792778205192,-0.233667354243456,52.1283751296678,56.1283751296678,4,0,0,52.1283751296678
2905,12,0,0,55.3809954894144,13.8404979171635,0.233257826555338,1.20677097443931,56.8756306724042,60.8756306724042,4,0,0,56.8756306724042
2906,12,0,1,46.8624395298642,8.4568704842936,-0.096854817385508,0.106421284974216,47.9469547490755,51.9469547490755,4,0,0,47.9469547490755
2907,12,1,0,58.6735108315577,14.1403176345474,-0.0291223708139454,1.87629147461265,60.3309608099314,64.3309608099314,4,0,0,60.3309608099314
2908,12,1,0,62.279012548309,16.0045713636514,-0.166478574339174,0.573831699726236,68.5023687512938,72.5023687512938,4,1,1,72.5023687512938
2909,12,0,1,53.0772526168206,13.3617836473599,-1.13678194878078,1.7970961814337,49.1788434834466,53.1788434834466,4,0,0,49.1788434834466
2910,12,0,0,67.4907355785931,15.1418892374945,0.87092771178415,0.0631859340400152,67.7789397217926,71.7789397217926,4,0,0,67.7789397217926
2911,12,1,1,54.2279363681461,12.9528355756658,-1.06197667337448,0.517376106314529,49.7877529951267,53.7877529951267,4,1,1,53.7877529951267
2912,12,1,0,53.7608565506802,12.4576626553706,0.016544784841528,0.408531644579256,56.8176037946148,60.8176037946148,4,0,0,56.8176037946148
2913,12,0,0,47.165414067102,13.7612091440618,1.02547207983911,-0.194360315086423,58.2448510364516,62.2448510364516,4,0,0,58.2448510364516
2914,12,0,0,60.3267216029717,6,-0.714826257213967,-0.72264527218036,49.9879238715624,53.9879238715624,4,0,0,49.9879238715624
2915,12,0,0,58.2781861209197,15.8703580036659,1.06867056911612,1.19483625624637,59.5720748646836,63.5720748646836,4,1,1,63.5720748646836
2916,12,1,1,51.7538905177148,11.2284930816469,0.331043913396317,-0.819598762714704,46.3310117127384,50.3310117127384,4,1,1,50.3310117127384
2917,12,0,0,70.6274135069964,11.5038361061859,0.474496942512446,0.880165492710433,73.3693942528229,77.3693942528229,4,0,0,73.3693942528229
2918,12,0,0,57.5674934542571,13.0915846456742,-0.915047216842418,-0.339422540418864,49.7631313203809,53.7631313203809,4,1,1,53.7631313203809
2919,12,1,0,56.2230513057123,11.973801631285,-0.444330865541849,1.01009933350402,64.1474688046657,68.1474688046657,4,1,1,68.1474688046657
2920,12,0,0,53.045670632464,17.651252655395,1.05139416936909,-1.06415464064656,54.2509227347867,58.2509227347867,4,0,0,54.2509227347867
2921,12,1,0,63.2690127050666,10.7599006811145,0.271677354094044,0.65145954833352,59.1780903613507,63.1780903613507,4,1,1,63.1780903613507
2922,12,0,0,58.4500967826972,11.7884905550379,0.517833441931604,0.64335143911914,60.2083979866343,64.2083979866343,4,0,0,60.2083979866343
2923,12,1,1,57.101118828871,7.40647590289259,-0.593239198090427,1.20110383448428,46.0663115323466,50.0663115323466,4,0,0,46.0663115323466
2924,12,0,1,50.5140152925369,11.6994098284548,0.572430636494595,-0.360872327566447,41.1740960331739,45.1740960331739,4,0,0,41.1740960331739
2925,12,0,0,60.6009112225358,13.6227933103291,0.625237941124861,1.16725751828206,58.0062517481282,62.0062517481282,4,0,0,58.0062517481282
2926,12,0,0,55.2745587115581,10.7822101685212,0.142734815962993,0.132324442932084,53.8504329642768,57.8504329642768,4,0,0,53.8504329642768
2927,12,0,1,53.3083201998013,9.4002724672255,-0.441959063431452,-0.277584070256644,38.1168984727733,42.1168984727733,4,0,0,38.1168984727733
2928,12,1,0,51.1095422646629,10.8065489760846,-1.12187116501182,0.547941901800408,45.8811285109063,49.8811285109063,4,0,0,45.8811285109063
2929,12,1,0,58.857132992538,16.1444740848654,0.0689242242801356,0.235646890769954,58.1446291087377,62.1446291087377,4,1,1,62.1446291087377
2930,12,1,0,42.1827675020413,11.6710321326051,0.877407011014505,0.673344782282362,62.2219196345247,66.2219196345247,4,1,1,66.2219196345247
2931,12,1,0,52.4393843012389,12.01967801252,-0.361280574374906,0.531510163798861,50.3437998731441,54.3437998731441,4,0,0,50.3437998731441
2932,12,0,1,58.6342635083407,14.4759060564548,-0.0179468327553498,0.374429186495542,56.7997014667742,60.7997014667742,4,0,0,56.7997014667742
2933,12,0,0,44.1798154595028,10.9892285516902,1.56432187363362,0.515345895321895,48.8039358861431,52.8039358861431,4,1,1,52.8039358861431
2934,12,1,0,55.5332069799982,9.4617715726387,-0.126470441461738,-1.12635690775663,47.8874748489143,51.8874748489143,4,0,0,47.8874748489143
2935,12,1,1,46.700428077532,16.9096593687818,1.10719454547907,0.3194820509562,52.2278085959471,56.2278085959471,4,1,1,56.2278085959471
2936,12,1,0,56.4895833391459,10.5566018654811,1.12236584878249,1.20794140500531,64.1355205592135,68.1355205592135,4,1,1,68.1355205592135
2937,12,1,1,66.1030584626934,11.2096489939053,0.737907397835627,0.0508676833437913,61.6765676141416,65.6765676141416,4,1,1,65.6765676141416
2938,12,1,1,51.3861918020364,15.0123184183753,-0.592842554295656,0.351160239670792,59.8972080195569,63.8972080195569,4,1,1,63.8972080195569
2939,12,0,0,49.2477124926964,12.7533790627076,0.290050157743319,-0.197253534368209,46.7788080850484,50.7788080850484,4,1,1,50.7788080850484
2940,12,1,0,57.3678167252331,10.5068152464582,0.161006674015206,-0.793539391688304,49.8384712026865,53.8384712026865,4,0,0,49.8384712026865
2941,12,1,1,57.5844286166489,15.7540251555263,0.398158862487707,-0.400279860660265,53.2416056677559,57.2416056677559,4,1,1,57.2416056677559
2942,12,0,0,57.7496811240138,14.6359374974457,1.44700990588821,0.60653371832904,63.5261461825928,67.5261461825928,4,0,0,63.5261461825928
2943,12,1,0,66.4948097049767,13.1575105479605,0.825753979666288,1.65969595671538,68.4563732699832,72.4563732699832,4,0,0,68.4563732699832
2944,12,1,0,76.0385312605628,15.6992928292634,2.62325524040209,0.568145962698772,80.488233384241,84.488233384241,4,1,1,84.488233384241
2945,12,1,0,49.3696023292911,14.0954559785329,-1.23446469750499,-0.559799031331048,48.1630704085011,52.1630704085011,4,0,0,48.1630704085011
2946,12,0,0,54.3868204609682,13.2388118844539,-0.111691380745981,-0.478651326300786,57.1641775913815,61.1641775913815,4,0,0,57.1641775913815
2947,12,0,0,64.5981158123073,15.7118723899909,0.0788778927010543,1.17015641101845,65.7140918359519,69.7140918359519,4,1,1,69.7140918359519
2948,12,1,1,54.1289169837435,7.97643001401338,-0.535972406008539,0.509981316337109,44.8369371621743,48.8369371621743,4,0,0,44.8369371621743
2949,12,0,1,67.9244614429973,11.3444916805886,0.452274580712644,1.83893135852668,62.9774805481973,66.9774805481973,4,1,1,66.9774805481973
2950,12,0,0,64.1800556243665,14.6056836749523,0.506058792360521,0.4331088804768,64.0575069001928,68.0575069001928,4,0,0,64.0575069001928
2951,12,0,0,44.7865682421526,10.4329493708981,1.26849873648752,-2.16793956720363,48.2362417662568,52.2362417662568,4,0,0,48.2362417662568
2952,12,0,0,55.946638147275,14.7490225046584,-0.12083676386831,1.30242493069933,64.0695146496231,68.0695146496231,4,0,0,64.0695146496231
2953,12,0,0,46.5450909974423,11.6332794204302,-1.46704175408095,0.27052701432079,44.3631488704551,48.3631488704551,4,1,1,48.3631488704551
2954,12,1,1,39.6219205333924,11.0860801268217,-0.0506170532303029,-0.61901019943527,38.0097079608354,42.0097079608354,4,0,0,38.0097079608354
2955,12,1,0,64.7165240010245,15.8435409745158,0.617957473712283,0.661690632469132,68.0403638470839,72.0403638470839,4,1,1,72.0403638470839
2956,12,0,0,58.4536298107832,10.6257118561083,1.14273891129701,0.98228357636897,61.1521841360615,65.1521841360615,4,1,1,65.1521841360615
2957,12,1,0,54.0492513207126,11.0147483252258,0.112460003802947,0.331257187191912,51.7826761580855,55.7826761580855,4,1,1,55.7826761580855
2958,12,1,0,52.8869397442208,9.86682362219317,0.786081386891875,-0.70897356027137,52.7359743269279,56.7359743269279,4,1,1,56.7359743269279
2959,12,0,0,42.3961516406623,6.95789525067599,-2.41598600165543,-0.795153697072795,31.9925388491641,35.9925388491641,4,0,0,31.9925388491641
2960,12,0,1,55.8225530021823,13.5979169315479,-1.31568863039662,-0.471294627224101,53.3558117093326,57.3558117093326,4,1,1,57.3558117093326
2961,12,0,0,47.1689084949914,12.8434425293017,-0.260105413665987,-0.988603442732333,44.4249340465501,48.4249340465501,4,1,1,48.4249340465501
2962,12,0,1,33.8220225844989,16.1186975299691,1.52151889950032,-2.458592601937,43.3123388548424,47.3123388548424,4,0,0,43.3123388548424
2963,12,1,0,44.7368313215394,10.8290886650152,-0.124719369302655,-0.0385115462262046,44.6893979512587,48.6893979512587,4,0,0,44.6893979512587
2964,12,1,1,38.5698073311107,11.5708887966286,0.274987581043533,-0.308381513609798,43.8249127631761,47.8249127631761,4,0,0,43.8249127631761
2965,12,1,1,46.6468363240379,12.0354870214734,0.869321556536809,-1.51809576883131,46.4110005188476,50.4110005188476,4,1,1,50.4110005188476
2966,12,1,0,44.4299518567637,8.13041540720814,-0.54466104823021,0.415644819118053,48.3687723040848,52.3687723040848,4,1,1,52.3687723040848
2967,12,0,1,38.8148698753934,12.6576257821636,-1.12688020467657,0.204764208788989,41.3190336397013,45.3190336397013,4,1,1,45.3190336397013
2968,12,0,0,49.930367862769,11.468571309852,-0.595354401796522,0.0213796519475001,54.4081738618412,58.4081738618412,4,1,1,58.4081738618412
2969,12,1,0,60.4816516476286,13.1611982494719,-0.465539930818823,0.915700989777015,60.2372940543687,64.2372940543687,4,1,1,64.2372940543687
2970,12,0,0,55.0901140485858,14.4920991667779,0.464707554127148,-0.393647343562277,51.1580072861602,55.1580072861602,4,0,0,51.1580072861602
2971,12,1,0,52.4924367034893,14.0883062641027,0.442257618721017,0.942145864070493,51.5901777128104,55.5901777128104,4,1,1,55.5901777128104
2972,12,0,1,42.768769566317,9.60876864023983,-0.041526621792031,0.208042902427889,37.0960033565799,41.0960033565799,4,0,0,37.0960033565799
2973,12,1,0,62.2762396113832,12.5184130892504,0.76355996613226,-1.18856304443956,61.4476044959344,65.4476044959344,4,0,0,61.4476044959344
2974,12,1,1,42.0553708471042,14.1345237370757,0.976236968170513,-0.652679788013212,42.2300100046762,46.2300100046762,4,0,0,42.2300100046762
2975,12,0,1,52.8826582036181,14.7292299233788,1.45145296947637,-0.00647481681022067,54.8345985348117,58.8345985348117,4,0,0,54.8345985348117
2976,12,0,0,44.0348078676361,13.619225297351,0.238795176601415,0.365288039614299,50.8892332973791,54.8892332973791,4,0,0,50.8892332973791
2977,12,0,1,48.541500539593,14.4781270882092,0.393425364160427,-0.555969444097572,50.8380595186274,54.8380595186274,4,1,1,54.8380595186274
2978,12,0,0,43.5617269101758,10.9870987127848,0.728015338099589,-0.198569704254159,41.5352741540564,45.5352741540564,4,1,1,45.5352741540564
2979,12,0,1,54.6405884140544,17.7275762153566,1.34282331974148,2.61923929724769,51.6487322867789,55.6487322867789,4,1,1,55.6487322867789
2980,12,1,0,48.476135926531,11.6154861458196,0.303615623799885,-0.708129310691008,49.7159814999799,53.7159814999799,4,0,0,49.7159814999799
2981,12,1,0,30.3633080104348,6,-2.50790946891945,0.819715450291224,41.1340706743034,45.1340706743034,4,0,0,41.1340706743034
2982,12,0,1,47.0556612122767,13.4652176467751,0.254682640189114,-0.473885278646499,42.1767185443088,46.1767185443088,4,0,0,42.1767185443088
2983,12,1,0,65.7659145308641,14.9911201293527,0.397409649065567,-0.550648906296624,69.3080492479653,73.3080492479653,4,0,0,69.3080492479653
2984,12,0,0,55.9915953187299,12.5607889843308,-0.996439738030619,-0.0912242163187918,50.1954850150256,54.1954850150256,4,1,1,54.1954850150256
2985,12,1,0,42.4534833765872,10.1939690640777,-0.02570995721861,-0.000542256593086098,42.5890244887363,46.5890244887363,4,1,1,46.5890244887363
2986,12,1,0,44.2360340175799,12.0749279621845,0.214351150442922,0.590259980186063,51.0602301012988,55.0602301012988,4,1,1,55.0602301012988
2987,12,0,0,50.5956502550172,10.1428887636293,-0.261974635972956,0.124960487753822,46.7263136237708,50.7263136237708,4,0,0,46.7263136237708
2988,12,1,0,49.7752316883925,12.7789725697379,-0.456200965181198,-2.07381873043119,50.9440241453997,54.9440241453997,4,1,1,54.9440241453997
2989,12,1,0,48.1593759429967,14.0114708110348,0.313575858120032,-0.712225113979303,51.5870549643075,55.5870549643075,4,0,0,51.5870549643075
2990,12,1,1,38.0201245954746,12.7676038433806,-0.499594554222734,-1.01945502039902,37.9043994084817,41.9043994084817,4,1,1,41.9043994084817
2991,12,1,0,59.085325078535,11.2524701998725,-0.206067936873591,-0.306052421390032,57.5624194512326,61.5624194512326,4,0,0,57.5624194512326
2992,12,1,1,38.0404172365069,6,-2.04247580512004,-0.31623064234329,27.2708157434722,31.2708157434722,4,1,1,31.2708157434722
2993,12,1,0,59.1742499587792,12.4074795703117,0.634386349509154,1.2371793197742,66.408497898264,70.408497898264,4,0,0,66.408497898264
2994,12,0,0,42.1129814915594,14.8336865148352,-1.05465715472871,-0.985545959973381,39.1862762715406,43.1862762715406,4,0,0,39.1862762715406
2995,12,1,0,47.5063082066565,13.5227579642471,-0.302765484020679,0.994751223183528,52.1726635826879,56.1726635826879,4,1,1,56.1726635826879
2996,12,1,0,61.6987390675617,11.8860794138427,-1.31487323137946,0.901461377442641,59.9326086966579,63.9326086966579,4,0,0,59.9326086966579
2997,12,1,1,49.5324210271575,13.4878441349305,-0.650566112668482,1.0007030117948,47.5884087920394,51.5884087920394,4,0,0,47.5884087920394
2998,12,1,0,41.6940518062559,11.2955374359583,-0.927526494917901,0.0362845325379697,43.5114377287089,47.5114377287089,4,0,0,43.5114377287089
2999,12,1,0,70.4822292393152,11.4534945128986,-0.0372950129412068,-0.756230992986177,65.3568035830223,69.3568035830223,4,1,1,69.3568035830223
3000,12,1,0,55.8809801387316,16.2858048371692,0.869733984630027,0.00859367032630324,57.9385478244809,61.9385478244809,4,0,0,57.9385478244809
3001,13,1,1,38.3374607270945,6,-1.90590768286833,-0.357823664735454,30.0533346673809,34.0533346673809,4,0,0,30.0533346673809
3002,13,0,1,23.3692483563093,6.63052023284433,0.0973871414466424,-1.02786643960549,16.7945601170985,20.7945601170985,4,1,1,20.7945601170985
3003,13,1,0,48.835050920667,15.1348149880926,-0.678181131219925,-0.271085530445953,44.3961145308152,48.3961145308152,4,0,0,44.3961145308152
3004,13,0,0,50.3651446427428,15.6553522496937,-0.139306837663368,0.997831422737181,49.2282511616744,53.2282511616744,4,0,0,49.2282511616744
3005,13,0,0,45.0920442029202,12.316355252641,-0.894114858189757,-0.218421441527872,33.9088033868523,37.9088033868523,4,1,1,37.9088033868523
3006,13,0,0,41.2069968071372,14.0640580736751,-0.240909193114505,-0.0679911879064041,42.5491963776756,46.5491963776756,4,0,0,42.5491963776756
3007,13,0,0,49.604865477924,10.4843235224313,-0.483030030518302,-1.21357948027004,40.9633224396105,44.9633224396105,4,1,1,44.9633224396105
3008,13,0,0,37.8667157864684,11.1864439378265,1.11186615073277,-1.89860065049127,38.2275216976788,42.2275216976788,4,0,0,38.2275216976788
3009,13,0,0,47.1789536466771,12.0101477181196,-0.644372135658794,-0.125297807486432,39.1505187322043,43.1505187322043,4,1,1,43.1505187322043
3010,13,1,1,39.8997637246606,12.074133166111,-0.0231911636854418,0.635682465223499,43.5881932496662,47.5881932496662,4,1,1,47.5881932496662
3011,13,1,1,54.3879117433062,13.4056220288567,0.762524099469992,-0.826915253226461,42.9549921533022,46.9549921533022,4,0,0,42.9549921533022
3012,13,0,1,49.4632549061333,14.3113304807662,0.472336125226022,-0.0358182549193376,43.0859198459454,47.0859198459454,4,1,1,47.0859198459454
3013,13,1,0,34.2813417509622,9.21086546044207,-1.6985370464844,-0.195611903421169,32.8327103619588,36.8327103619588,4,0,0,32.8327103619588
3014,13,0,0,50.5803381096273,9.87546843439864,-1.80390037770026,1.32554346221813,47.6707724791237,51.6707724791237,4,1,1,51.6707724791237
3015,13,1,1,41.8036399781073,6,-1.95641157019281,0.907063029420858,29.8548521027455,33.8548521027455,4,0,0,29.8548521027455
3016,13,0,0,42.4968325353431,11.0212014813349,-0.0250634894152271,0.363115985328688,43.4334087700153,47.4334087700153,4,1,1,47.4334087700153
3017,13,0,0,57.157859380253,8.64394136725202,0.987203437043787,0.940761917047458,48.9245241558355,52.9245241558355,4,1,1,52.9245241558355
3018,13,1,0,59.1256330214374,14.1034040195415,0.274054327603699,-0.505654208080757,52.6038735639139,56.6038735639139,4,1,1,56.6038735639139
3019,13,0,0,55.3173393373884,9.31726301601972,-1.39501551481048,-0.170235339902305,51.6111659466422,55.6111659466422,4,0,0,51.6111659466422
3020,13,0,1,30.6625778838287,7.55813788225606,-2.57450377494945,-0.983861286836262,13.8333969142983,17.8333969142983,4,0,0,13.8333969142983
3021,13,0,0,41.3251263194679,12.6766860959708,0.286095875914856,-0.460115234159414,45.3947475475133,49.3947475475133,4,0,0,45.3947475475133
3022,13,0,0,46.7995063798142,15.1626808805074,0.379686271075332,-0.357637019069043,39.8502341095972,43.8502341095972,4,1,1,43.8502341095972
3023,13,0,0,38.5289649014147,12.8749255922924,-0.755883799861879,-0.359534092420592,35.9113905043261,39.9113905043261,4,1,1,39.9113905043261
3024,13,0,0,45.2697210962762,15.2443794562893,-0.0280830578258217,0.723082079512186,50.4705171096062,54.4705171096062,4,1,1,54.4705171096062
3025,13,1,0,45.1705258092757,9.82210111259877,-0.692315982785862,0.0203627081707346,34.009551869584,38.009551869584,4,1,1,38.009551869584
3026,13,0,0,55.3501211364091,9.68561417321151,0.0709646269340258,1.21732850169898,48.1192567522277,52.1192567522277,4,1,1,52.1192567522277
3027,13,0,0,42.4476488321256,19.5177758936081,1.52147407890984,1.54051850871249,49.8513893182236,53.8513893182236,4,1,1,53.8513893182236
3028,13,0,0,53.7000370742751,10.5308604975336,-0.414779603198671,0.444824233626895,49.8076635448284,53.8076635448284,4,0,0,49.8076635448284
3029,13,0,0,47.6213328942223,14.0336037021154,1.29845911260167,-0.556076381259924,45.296280674216,49.296280674216,4,1,1,49.296280674216
3030,13,0,0,55.264821787534,14.2393881058401,0.445012607405251,0.694856928146744,46.4487951095199,50.4487951095199,4,0,0,46.4487951095199
3031,13,1,0,43.3995432739875,14.4612849396929,-0.152689774180322,-0.433260380675771,40.5445712941366,44.5445712941366,4,1,1,44.5445712941366
3032,13,1,0,42.7388926823989,9.71062721953028,0.169024104180783,0.207154440721719,40.0069401774736,44.0069401774736,4,0,0,40.0069401774736
3033,13,1,1,33.386113903054,12.2852643803314,-1.37801541481018,0.501795224879325,37.6097852766179,41.6097852766179,4,0,0,37.6097852766179
3034,13,0,0,42.5996198277129,12.2464175295685,0.594009204154928,-2.22928354696013,34.2382585330177,38.2382585330177,4,1,1,38.2382585330177
3035,13,1,1,43.7714910657256,12.3887319701475,-0.31941572353782,1.06780957476748,46.1201550425424,50.1201550425424,4,0,0,46.1201550425424
3036,13,1,0,43.4760926358072,11.7136712792877,0.12571215907954,0.2316821232876,35.7951416934665,39.7951416934665,4,1,1,39.7951416934665
3037,13,1,1,37.0223678648928,14.185869457485,0.240847364566933,-0.0424752630719308,37.0707045533565,41.0707045533565,4,0,0,37.0707045533565
3038,13,1,0,50.1789960206232,11.3281604642681,-0.162282636785691,0.0694480292780332,39.9915392177326,43.9915392177326,4,0,0,39.9915392177326
3039,13,1,1,65.0242102648446,14.1226308306473,2.63807847434174,0.295545131697128,64.1024235091561,68.1024235091561,4,1,1,68.1024235091561
3040,13,1,1,31.8877035282813,12.689479711829,1.90514763929395,-1.5262951500154,39.9356607586908,43.9356607586908,4,0,0,39.9356607586908
3041,13,0,0,57.3113800760404,11.2064366201657,-0.446448785444193,0.183199446878279,44.5584622620801,48.5584622620801,4,1,1,48.5584622620801
3042,13,1,0,34.8475157918953,6,-2.11046655644571,-2.04149591939573,28.1510531893461,32.1510531893461,4,1,1,32.1510531893461
3043,13,1,1,33.9205412698751,10.6016550810275,-0.342935103726432,-1.81051311788086,23.6885004180485,27.6885004180485,4,0,0,23.6885004180485
3044,13,1,0,37.2158255943875,8.57959857627546,-1.27750074585364,-0.833119037094977,31.7797245457712,35.7797245457712,4,1,1,35.7797245457712
3045,13,0,1,35.7584023649799,11.3037465031519,-0.311564194371877,-2.07049176272159,30.1110070368312,34.1110070368312,4,0,0,30.1110070368312
3046,13,0,0,44.5131745188722,12.5564719296224,-0.536437192196756,0.814820808457984,41.4421723149698,45.4421723149698,4,0,0,41.4421723149698
3047,13,0,0,43.3313409932111,11.3072795681705,-0.581813109660637,0.00572614848840693,38.0989911544684,42.0989911544684,4,1,1,42.0989911544684
3048,13,0,1,46.6993801518547,13.5339884338855,-0.426443776364118,0.868848441176243,38.0567442775103,42.0567442775103,4,0,0,38.0567442775103
3049,13,0,1,51.309967097838,15.9120473730339,-0.694161026594167,0.776937284278897,58.0663591378863,62.0663591378863,4,1,1,62.0663591378863
3050,13,0,0,50.3268288646624,14.7666157581245,0.361306867288336,-0.68343395719803,53.6193973263773,57.6193973263773,4,1,1,57.6193973263773
3051,13,0,0,36.4710994561134,11.1708982710075,-1.49720107317754,0.292988111893685,38.7840333287473,42.7840333287473,4,0,0,38.7840333287473
3052,13,1,0,43.6780864101114,9.65177462427627,-0.116996868166085,-0.0629511942925387,42.1964622356384,46.1964622356384,4,0,0,42.1964622356384
3053,13,0,0,41.1641429708241,6.44476178263159,0.262730165523269,-0.201292448729225,34.6839685393681,38.6839685393681,4,1,1,38.6839685393681
3054,13,0,1,33.1530275979757,9.48966063403769,-0.724670313362461,0.863911435067201,32.6412124174177,36.6412124174177,4,0,0,32.6412124174177
3055,13,1,0,49.0434301171523,14.3819708780271,0.445584551069167,-0.517146075252689,50.0917781702938,54.0917781702938,4,0,0,50.0917781702938
3056,13,1,0,48.631927796868,8.22593491927736,0.28776765787256,-1.10098073119282,43.4988615508901,47.4988615508901,4,0,0,43.4988615508901
3057,13,0,1,49.1027180141721,11.5993664456376,-0.000873376169669186,0.587065998436944,45.3034268791606,49.3034268791606,4,0,0,45.3034268791606
3058,13,1,0,45.6235380615691,8.29287284645162,0.329175562095826,1.26005851049996,45.4701826859739,49.4701826859739,4,0,0,45.4701826859739
3059,13,0,0,59.0500684196504,7.37317176705682,-0.300483216319842,0.504232744231004,44.5540562624329,48.5540562624329,4,0,0,44.5540562624329
3060,13,0,0,51.8769804180074,9.92991980475375,-1.01970719672932,1.81385647458796,50.2071729399241,54.2071729399241,4,1,1,54.2071729399241
3061,13,1,0,54.315070831526,9.72338182912915,0.959945955401106,-0.146528758926666,50.8143235925759,54.8143235925759,4,1,1,54.8143235925759
3062,13,0,1,42.6835284628306,11.5319324507019,0.273041497836501,0.49137221355801,45.5012752029002,49.5012752029002,4,0,0,45.5012752029002
3063,13,0,0,52.5517766360751,13.3219875870845,0.862503727358194,-0.282195837576379,49.4277742269275,53.4277742269275,4,0,0,49.4277742269275
3064,13,1,0,50.8890109819852,14.5333382761656,1.0003730512727,-0.621934072252446,55.2000348823297,59.2000348823297,4,0,0,55.2000348823297
3065,13,1,0,46.6264393970108,13.20447212557,0.509431249264202,-0.737799192793391,42.302871829357,46.302871829357,4,0,0,42.302871829357
3066,13,1,1,36.6783287274914,10.1178593280987,0.785572763145737,-0.767272293735125,32.5513567624255,36.5513567624255,4,0,0,32.5513567624255
3067,13,1,0,54.8505456002662,13.5942007440448,-0.422955512891176,-0.42013518466525,47.6618354774668,51.6618354774668,4,1,1,51.6618354774668
3068,13,1,0,54.1077298756145,12.8458866389604,-0.443552818654546,1.09103989763435,44.8243271002726,48.8243271002726,4,1,1,48.8243271002726
3069,13,0,0,56.2000907114351,13.5277287340595,1.57388891784839,0.266343725816037,59.3992220471167,63.3992220471167,4,0,0,59.3992220471167
3070,13,1,0,61.3856822927753,8.31718333261315,0.024724201923649,-0.166178767597181,46.0062637261224,50.0062637261224,4,0,0,46.0062637261224
3071,13,0,0,41.0541938638672,14.3169583964515,2.29233538009896,0.5200086617845,44.1232184267715,48.1232184267715,4,1,1,48.1232184267715
3072,13,1,0,49.2333286583297,11.4983965203956,-0.564188623087641,-0.269137898206059,42.3116439509829,46.3116439509829,4,1,1,46.3116439509829
3073,13,0,1,40.2712875226474,10.9652978224349,0.720201390442933,-1.0235145513873,41.7010034107716,45.7010034107716,4,1,1,45.7010034107716
3074,13,1,0,53.4172809866752,11.0578890711738,0.713529054532896,0.902161844220199,41.5923315219141,45.5923315219141,4,1,1,45.5923315219141
3075,13,1,1,31.9586337898267,11.7417156615699,1.08634573850541,-0.834882744620824,30.23444611546,34.23444611546,4,0,0,30.23444611546
3076,13,0,0,56.0851217318544,16.0949390103227,2.33190987482296,1.25414522265968,52.3068282073593,56.3068282073593,4,0,0,52.3068282073593
3077,13,0,0,49.6712429712802,16.3452108040752,1.16272506562453,-1.73220930123445,45.4712081218335,49.4712081218335,4,0,0,45.4712081218335
3078,13,1,0,54.9377467980268,13.2081431601691,0.592192107825346,1.28507287580105,48.1180132406032,52.1180132406032,4,1,1,52.1180132406032
3079,13,0,0,44.4883632597407,9.36763652371078,-0.727411509097739,-0.42444931244046,34.2029448041736,38.2029448041736,4,1,1,38.2029448041736
3080,13,0,0,46.716042946051,13.2124506138793,-0.561197095310752,-0.434236362368886,43.0429838769677,47.0429838769677,4,0,0,43.0429838769677
3081,13,1,0,43.4813746480811,12.7851822177788,-0.548145370938286,0.649600642796383,38.7650149327441,42.7650149327441,4,0,0,38.7650149327441
3082,13,0,0,53.2242436443821,12.2235049176044,-0.740862670568806,1.73467945049856,56.0025395303926,60.0025395303926,4,0,0,56.0025395303926
3083,13,1,0,50.031400890751,12.2068698222157,-0.0160063616063445,-0.000646828815560019,46.5247214886546,50.5247214886546,4,1,1,50.5247214886546
3084,13,0,0,42.2823399631036,13.8020006300418,-0.0117300010309942,-1.07751015660448,39.5172709931777,43.5172709931777,4,0,0,39.5172709931777
3085,13,1,0,50.1916232379777,8.38067440845929,-1.04327987904896,-0.445087473691739,39.5162371526187,43.5162371526187,4,1,1,43.5162371526187
3086,13,0,0,44.8268781749771,14.3671981965378,0.508811906295826,-0.517506987931493,42.3280072434661,46.3280072434661,4,0,0,42.3280072434661
3087,13,1,1,45.8000582234578,10.3221490977677,-1.10958708260363,0.249487291995143,42.7234654269534,46.7234654269534,4,1,1,46.7234654269534
3088,13,1,0,45.5567784913759,15.3882973648401,0.876233421358916,-0.303695462141615,46.6002123078704,50.6002123078704,4,1,1,50.6002123078704
3089,13,0,0,48.9675498634986,11.3567709195291,0.159765798512405,-0.125747806739417,47.4406734088004,51.4406734088004,4,0,0,47.4406734088004
3090,13,1,1,36.3303864269438,6,-1.66815585674828,-0.227655063505124,28.7210453049164,32.7210453049164,4,1,1,32.7210453049164
3091,13,1,0,43.5381205500669,14.6765847871322,-0.320939141153259,-1.2420084923878,39.5637415286993,43.5637415286993,4,1,1,43.5637415286993
3092,13,1,0,44.4731678602023,10.8460864828462,0.436202875068492,-1.23825605039558,36.7500814776411,40.7500814776411,4,0,0,36.7500814776411
3093,13,0,0,53.7451500866422,12.9627415722254,0.42148986385214,-0.473304676528531,54.6303072065666,58.6303072065666,4,0,0,54.6303072065666
3094,13,0,1,58.8205324914668,12.07695177162,0.852724036904456,-0.53401649692756,51.8518320304469,55.8518320304469,4,0,0,51.8518320304469
3095,13,1,1,40.3569210266084,11.6979607733468,-1.10345523861361,-0.368372163157874,39.4711689491908,43.4711689491908,4,0,0,39.4711689491908
3096,13,0,0,42.4096329276075,12.7390721184943,-0.769061711729117,0.655626218724803,36.8050444278098,40.8050444278098,4,1,1,40.8050444278098
3097,13,0,0,38.1171650632405,8.86704368647714,-0.458506043082363,0.856301762105055,30.1494869619772,34.1494869619772,4,0,0,30.1494869619772
3098,13,1,1,56.2687091966859,13.5555709172921,1.07532275741751,1.80545348669439,52.3221822826121,56.3221822826121,4,0,0,52.3221822826121
3099,13,1,0,49.8253799339926,13.0641098951536,1.09805311855074,0.196084555661719,48.1792136460997,52.1792136460997,4,1,1,52.1792136460997
3100,13,1,0,42.5357729307861,12.2370851764695,1.06383550443096,-0.834057058046618,42.7932816463644,46.7932816463644,4,0,0,42.7932816463644
3101,13,1,0,43.0061562993788,8.33642945378259,-1.28856580606967,0.519371702642842,30.6836989751779,34.6836989751779,4,0,0,30.6836989751779
3102,13,0,0,36.2270904337105,7.12755239033962,-1.44597009466284,-0.536858161319579,22.5772246448816,26.5772246448816,4,1,1,26.5772246448816
3103,13,1,0,54.1865432982127,17.0844821257663,1.72346208099382,0.915048391250957,58.2582025780523,62.2582025780523,4,1,1,62.2582025780523
3104,13,0,1,35.3237729666398,9.29743304439221,-2.20530136072846,-0.230607027672386,28.552673628424,32.552673628424,4,1,1,32.552673628424
3105,13,0,1,47.5077721075397,12.4720704663819,0.181602328861027,0.0700776193636787,37.5935059032416,41.5935059032416,4,0,0,37.5935059032416
3106,13,0,1,27.4754901603057,9.25783455871618,-0.459978878656622,-1.2562176648053,27.6878376238302,31.6878376238302,4,1,1,31.6878376238302
3107,13,1,1,41.0882615102924,8.29648885518244,0.0581875253832374,0.706278810525233,32.0716369564676,36.0716369564676,4,0,0,32.0716369564676
3108,13,0,1,55.9945745568463,12.9814583527518,0.89131800926841,0.781551428937101,41.264282096903,45.264282096903,4,1,1,45.264282096903
3109,13,0,0,58.684284627026,11.9573294704459,1.56655453009691,0.675305480568411,58.6622540205436,62.6622540205436,4,1,1,62.6622540205436
3110,13,1,0,43.5913657426728,10.7022649499342,0.51495825245145,-0.174332460036451,44.9871678612254,48.9871678612254,4,1,1,48.9871678612254
3111,13,1,0,48.7032747279699,11.1189655999092,0.448858436902624,-0.239901334016192,42.6818176313944,46.6818176313944,4,0,0,42.6818176313944
3112,13,1,0,46.1788440405202,8.04738513579283,-1.96823561619666,-0.544119986548981,33.8624225151362,37.8624225151362,4,0,0,33.8624225151362
3113,13,0,1,38.3450787128873,13.2209753885427,0.780489797032401,1.71182504512642,44.6816223648784,48.6816223648784,4,1,1,48.6816223648784
3114,13,1,1,58.6764484848744,11.1346928616371,2.90429015423745,0.722295089794714,63.3370808648576,67.3370808648576,4,0,0,63.3370808648576
3115,13,1,1,54.0417699028923,16.8543234613989,1.63244537482927,0.718304127902943,48.0762438391404,52.0762438391404,4,0,0,48.0762438391404
3116,13,1,0,29.4897819899325,10.6947109844969,-0.62125072379347,-0.282996693682874,30.2006661469073,34.2006661469073,4,0,0,30.2006661469073
3117,13,0,1,40.729948969654,14.3673156540608,0.346779013494285,0.364416556458723,51.1030425919547,55.1030425919547,4,0,0,51.1030425919547
3118,13,0,0,45.3256580546706,8.24581079814096,-3.1152045595675,1.24751271940843,31.167051891467,35.167051891467,4,0,0,31.167051891467
3119,13,1,0,43.064359073629,13.6134475156417,-1.82156775359258,-1.61196178205009,37.1461973444642,41.1461973444642,4,0,0,37.1461973444642
3120,13,0,0,43.7756525813026,8.54054232410505,-2.83242598764054,1.13314858307124,37.9396575760586,41.9396575760586,4,1,1,41.9396575760586
3121,13,0,0,44.828136014212,14.5591378631829,-0.959519031342623,0.389067457412166,40.7358843103533,44.7358843103533,4,1,1,44.7358843103533
3122,13,0,1,43.1907028083636,12.4538808522577,-0.0817296527348501,0.298060443325416,38.9382216076213,42.9382216076213,4,0,0,38.9382216076213
3123,13,0,0,53.5443677159106,14.5977645969675,-0.763521949075524,0.20596476743497,45.0359284049283,49.0359284049283,4,1,1,49.0359284049283
3124,13,0,1,57.5131286287556,13.7924511058097,0.00807579583340348,1.27491862961805,56.1336857090658,60.1336857090658,4,1,1,60.1336857090658
3125,13,1,0,40.5735254745285,14.1050032123966,0.317468992485543,-1.12601645097304,38.7686996462321,42.7686996462321,4,0,0,38.7686996462321
3126,13,0,0,48.681481596603,12.9167211608424,1.83850150695906,-0.11731364679259,46.6207236257662,50.6207236257662,4,1,1,50.6207236257662
3127,13,1,0,44.9967770930612,14.8554467755351,0.790027735205662,-1.50720983021203,53.0265493616548,57.0265493616548,4,1,1,57.0265493616548
3128,13,1,0,34.3364721184647,12.8482452606959,1.01348639061305,-0.489684931144598,41.2449651676866,45.2449651676866,4,0,0,41.2449651676866
3129,13,0,0,54.857274197516,9.08385283039724,-0.78248963501841,-1.41011754886617,35.2674282636268,39.2674282636268,4,1,1,39.2674282636268
3130,13,0,0,43.8613644476076,12.1197363505591,-0.250414205718096,0.113338487224364,45.1070953071894,49.1070953071894,4,0,0,45.1070953071894
3131,13,1,1,44.7681309215978,10.5198938086755,0.0848945781277506,0.193740159204088,38.0102948019574,42.0102948019574,4,1,1,42.0102948019574
3132,13,1,0,36.3173735549337,12.7929709491134,1.13662419543005,-0.616034242938349,43.8379317193787,47.8379317193787,4,1,1,47.8379317193787
3133,13,0,1,28.03479363441,9.36490443840067,1.20157347711769,-0.687915004788485,28.991514515585,32.991514515585,4,0,0,28.991514515585
3134,13,0,0,40.2327303021735,6.81646564653522,-1.68058255705572,-0.245150281472751,27.5963609258682,31.5963609258682,4,0,0,27.5963609258682
3135,13,0,0,42.1452135202115,6,-0.897649760772604,0.254748883953794,38.0527501034775,42.0527501034775,4,1,1,42.0527501034775
3136,13,0,1,36.7916653267767,12.3325244226126,1.18114356206745,-2.92662005664293,39.6359343388436,43.6359343388436,4,0,0,39.6359343388436
3137,13,1,0,54.8449007687568,9.75427361985167,-0.489244331608011,0.762580159104007,46.5739389056606,50.5739389056606,4,0,0,46.5739389056606
3138,13,1,0,45.5286825216555,12.7306337248258,-0.524008890705261,-0.510066679854506,30.9165770017477,34.9165770017477,4,1,1,34.9165770017477
3139,13,0,1,39.5557800730538,8.77450380154945,-1.21915016266154,0.672658019666045,34.1742839858528,38.1742839858528,4,0,0,34.1742839858528
3140,13,1,1,37.6921051881031,9.04719203581599,0.275903894757279,-0.945082175972547,35.095271589744,39.095271589744,4,0,0,35.095271589744
3141,13,1,0,52.8007474073419,7.59331234062632,0.475039051115532,0.462776018363521,41.985101142378,45.985101142378,4,1,1,45.985101142378
3142,13,1,0,39.1261427715805,15.7025361439113,1.79776707767525,0.856236728637415,45.2176320350461,49.2176320350461,4,1,1,49.2176320350461
3143,13,0,0,46.2413938089609,12.2158376719793,1.17750360562641,0.210898072584858,51.796278354012,55.796278354012,4,1,1,55.796278354012
3144,13,0,0,47.8809257743566,12.2991563272184,0.47139541867235,-1.91649198345158,37.6347526599025,41.6347526599025,4,1,1,41.6347526599025
3145,13,1,0,59.4220824879152,10.5073067438944,1.01344692861658,1.88384517817217,59.3399184200603,63.3399184200603,4,0,0,59.3399184200603
3146,13,1,0,39.0656927385991,11.7345152673586,0.805391987837488,-0.408516882261556,39.4996227055241,43.4996227055241,4,0,0,39.4996227055241
3147,13,1,0,51.0644014244444,12.1293838454041,-0.404862443367406,0.781333126150088,47.9690325437097,51.9690325437097,4,1,1,51.9690325437097
3148,13,1,0,57.2112759014532,12.2993270922583,-0.400564735488074,-0.431330518842307,46.6989179424186,50.6989179424186,4,1,1,50.6989179424186
3149,13,0,1,51.9266930354781,10.4713179680558,-0.161261087224838,0.296034985051091,37.7836874146121,41.7836874146121,4,0,0,37.7836874146121
3150,13,0,0,42.4475368305828,9.89383230418304,-0.958250970728082,1.37612376761153,35.4696954155218,39.4696954155218,4,0,0,35.4696954155218
3151,13,0,0,47.5515392054091,10.5276269250567,-0.90654847976647,-0.815575597975455,31.1377196724189,35.1377196724189,4,1,1,35.1377196724189
3152,13,1,0,69.6314427589616,8.00712521293476,0.0289364633668158,2.94740680551207,62.894036735315,66.894036735315,4,0,0,62.894036735315
3153,13,0,1,36.6543686876417,10.5238278109975,0.884191888205813,0.0480747793007511,39.5785547351244,43.5785547351244,4,1,1,43.5785547351244
3154,13,1,0,45.8012815892108,12.4789850641774,-1.07282347078458,0.142464248282592,40.296851903209,44.296851903209,4,1,1,44.296851903209
3155,13,0,0,51.8188839394169,16.7904749253781,1.55687179601092,0.571882386776644,53.2176743846454,57.2176743846454,4,0,0,53.2176743846454
3156,13,1,1,34.8346015404582,9.00008246489235,0.00567451190313258,0.202338381586416,36.5908607737894,40.5908607737894,4,0,0,36.5908607737894
3157,13,1,1,44.6722488730211,9.04979187899596,-0.232828543116509,-1.44846523260893,29.1272992839653,33.1272992839653,4,1,1,33.1272992839653
3158,13,1,1,60.1284261642076,13.519587343617,-0.225890539991449,0.217377617984185,44.5597019944707,48.5597019944707,4,0,0,44.5597019944707
3159,13,1,0,56.1698605375217,11.6760886550195,1.41253021938659,0.700640240045012,47.6622704681945,51.6622704681945,4,1,1,51.6622704681945
3160,13,0,0,39.8273644596569,10.9914077404289,-1.26752881150294,0.160561961171693,33.702911579153,37.702911579153,4,1,1,37.702911579153
3161,13,1,1,51.7211711610218,13.2765822226248,1.80814057049945,-0.0973595648659257,48.9816096945995,52.9816096945995,4,1,1,52.9816096945995
3162,13,1,0,50.438339014514,10.831382012733,0.415386236728629,0.119250982616143,43.6036688749853,47.6036688749853,4,1,1,47.6036688749853
3163,13,0,0,60.0136087499289,7.35837217465744,-0.0484013072382999,-0.56394998063257,48.7729947128379,52.7729947128379,4,1,1,52.7729947128379
3164,13,1,0,43.5895167036755,14.1357474689586,0.841785066231845,-0.670718924745663,42.2103227049284,46.2103227049284,4,0,0,42.2103227049284
3165,13,1,1,59.2225079417532,12.3482136030977,2.39123151583018,1.39581941678182,56.5638241704652,60.5638241704652,4,1,1,60.5638241704652
3166,13,0,0,60.7959870713764,14.1999720377821,1.87178212678995,1.08252153230807e-05,57.0856397847488,61.0856397847488,4,1,1,61.0856397847488
3167,13,1,1,28.1608746293842,7.5256609465411,0.676457429411516,-0.499614194367942,28.4860733270775,32.4860733270775,4,0,0,28.4860733270775
3168,13,0,0,41.2173840441804,7.87914858138794,-1.87027775474951,0.0921125930177778,41.4577253052947,45.4577253052947,4,0,0,41.4577253052947
3169,13,1,1,34.6110937585466,10.2728612169464,1.07080119276316,-0.234491201691833,38.6020169915177,42.6020169915177,4,0,0,38.6020169915177
3170,13,0,0,28.004622263589,13.4475716183198,-0.566231151737399,-2.5657008329309,21.0752569515713,25.0752569515713,4,0,0,21.0752569515713
3171,13,1,0,49.2056791882924,12.8533150518434,0.982115775881094,-0.36090812004865,40.5253582304717,44.5253582304717,4,0,0,40.5253582304717
3172,13,1,0,48.2603145348182,13.1416569758694,0.189669755786613,0.688504906004943,51.3320469800528,55.3320469800528,4,0,0,51.3320469800528
3173,13,1,0,58.3347752233415,10.8090409112957,0.194705728209945,0.369707994949894,45.8809843676147,49.8809843676147,4,1,1,49.8809843676147
3174,13,1,1,46.6658801112184,8.47462107348223,-0.391639656860772,0.0905727591917496,39.2745269987844,43.2745269987844,4,1,1,43.2745269987844
3175,13,1,0,39.5201934086656,12.3539602932203,0.377088858079851,-0.951070557974247,44.0840007134912,48.0840007134912,4,1,1,48.0840007134912
3176,13,0,1,48.1599774502352,8.44517196313888,-1.21916674218595,0.341291339739785,31.5803556981226,35.5803556981226,4,1,1,35.5803556981226
3177,13,0,1,45.3235702396884,13.9320443973849,0.308695250574888,-0.485289777048814,42.8432385151906,46.8432385151906,4,1,1,46.8432385151906
3178,13,1,1,59.243190287832,16.0685251757521,1.21525149473548,0.274235496484427,55.6386456917078,59.6386456917078,4,0,0,55.6386456917078
3179,13,1,1,53.2183464704581,11.5360479435054,1.14113047750375,0.0965616111961945,43.7922752833192,47.7922752833192,4,1,1,47.7922752833192
3180,13,0,0,46.9972329995768,9.0958942404099,0.642091228654836,0.865081047078186,44.4917019569854,48.4917019569854,4,1,1,48.4917019569854
3181,13,0,0,59.8668517309018,13.6680412144633,0.808954026909537,0.7024576589473,56.6903536860052,60.6903536860052,4,0,0,56.6903536860052
3182,13,0,1,44.24745998442,11.8344300648797,-1.76412106034417,-0.4967024217364,25.7465014286044,29.7465014286044,4,0,0,25.7465014286044
3183,13,1,1,46.3698620461992,8.08712551668742,-0.72306895395044,-0.319657949538594,34.5541900290086,38.5541900290086,4,1,1,38.5541900290086
3184,13,1,0,53.2996029966167,13.3605055499617,0.0763285375883895,0.688054057533141,46.8472097349125,50.8472097349125,4,0,0,46.8472097349125
3185,13,0,0,62.9529484243871,14.9417449492117,0.188671783955051,-0.109672986032087,52.1055468701559,56.1055468701559,4,0,0,52.1055468701559
3186,13,1,0,58.7887967191274,12.302001133937,0.328409179556806,-0.61913277166511,50.3759777301928,54.3759777301928,4,0,0,50.3759777301928
3187,13,0,0,54.3328822057353,12.5944131282547,1.79633670619554,0.57441698026098,54.6511521039383,58.6511521039383,4,1,1,58.6511521039383
3188,13,1,1,45.1022670605188,14.3642139579321,-1.20455603011472,1.12784723756624,41.8599656902884,45.8599656902884,4,1,1,45.8599656902884
3189,13,0,0,51.6199907051325,14.3184556482781,0.857798546921249,0.229200818459163,48.7190573046268,52.7190573046268,4,0,0,48.7190573046268
3190,13,1,0,53.0402065069631,13.7209915105553,1.29980105538097,-0.67789077646018,58.9509987426685,62.9509987426685,4,1,1,62.9509987426685
3191,13,0,1,48.2985087194064,11.801877987006,-1.14801820243735,0.0180671573167921,32.7844694289955,36.7844694289955,4,1,1,36.7844694289955
3192,13,0,0,50.3536174702431,12.8357877915569,0.469018103690392,-0.557754182049115,46.0034133677437,50.0034133677437,4,1,1,50.0034133677437
3193,13,0,0,46.4907922679548,15.5952508642468,-0.885844821189677,-0.653360856381399,38.8857237716665,42.8857237716665,4,0,0,38.8857237716665
3194,13,0,1,24.0796405768541,11.7676674973539,-0.27841507233259,-1.05461646531926,26.6456353362159,30.6456353362159,4,0,0,26.6456353362159
3195,13,1,1,43.195152849298,11.1972358329355,-0.253432049512358,-0.420396287410216,44.9769477739192,48.9769477739192,4,0,0,44.9769477739192
3196,13,1,1,39.2989260976336,13.2361152802479,1.16156415103999,0.210121848157799,41.4807954694378,45.4807954694378,4,0,0,41.4807954694378
3197,13,0,0,42.7844428907262,8.79101081260988,-0.623449129564611,-0.363438361024249,35.6456789016174,39.6456789016174,4,0,0,35.6456789016174
3198,13,0,1,48.3525293414256,9.71925425709195,0.603040215551214,0.552880854995979,39.8300603655877,43.8300603655877,4,0,0,39.8300603655877
3199,13,1,0,36.1914312087632,14.7923280619421,1.29873746760569,-1.25830185617392,45.2273314831457,49.2273314831457,4,0,0,45.2273314831457
3200,13,1,0,43.5604234285612,9.79718524785097,0.226547000372055,0.635203137394875,42.8408044660494,46.8408044660494,4,1,1,46.8408044660494
3201,13,0,1,30.7273015557443,6,-0.86028770945567,-0.115057588443493,21.714725116078,25.714725116078,4,1,1,25.714725116078
3202,13,1,0,48.2125953256083,9.83177920894197,0.382516636047157,0.324837014823011,46.8056913838731,50.8056913838731,4,1,1,50.8056913838731
3203,13,1,0,46.9796251568893,12.8296049835419,0.261233815466868,-0.130892922236779,48.3360915190377,52.3360915190377,4,0,0,48.3360915190377
3204,13,0,0,49.9569704155211,12.6301874441743,1.90366007700297,1.20068234848963,47.2265468666709,51.2265468666709,4,0,0,47.2265468666709
3205,13,1,0,57.0642489907389,13.6831419325318,1.01077929700757,-0.672639606143958,53.3359342844065,57.3359342844065,4,0,0,53.3359342844065
3206,13,1,0,42.7439991634078,13.0573058739764,0.343810798956462,0.871545933362354,40.9493055305005,44.9493055305005,4,0,0,40.9493055305005
3207,13,1,0,47.5208597474701,14.3528030644505,0.49674251755089,1.09535011525499,44.0217809186885,48.0217809186885,4,1,1,48.0217809186885
3208,13,0,1,28.4739207257306,9.54729077623691,-0.42988836674118,-0.395241388753528,26.0381590078195,30.0381590078195,4,0,0,26.0381590078195
3209,13,1,1,42.9835528303183,13.3223610305278,0.00828322790705669,-0.151241047731511,39.4858185550692,43.4858185550692,4,1,1,43.4858185550692
3210,13,0,1,46.9758508877251,12.1745588812777,-0.69524526598211,-0.187168616672266,41.1963295465462,45.1963295465462,4,1,1,45.1963295465462
3211,13,0,0,54.4472111627621,13.0353976228306,-0.602338718149122,0.27088023348602,47.340830667434,51.340830667434,4,1,1,51.340830667434
3212,13,0,0,32.6629746096859,6,-0.347185669290624,-1.81037158335187,23.9576335072858,27.9576335072858,4,1,1,27.9576335072858
3213,13,0,0,45.1548469057388,8.57671469501155,-0.975264824721125,-0.28917735448913,32.5013376420124,36.5013376420124,4,1,1,36.5013376420124
3214,13,0,0,40.8334408046884,12.8124948549417,-0.546344158360994,0.424186240309058,48.6261318775593,52.6261318775593,4,1,1,52.6261318775593
3215,13,1,1,53.1384234669933,14.0889611848201,0.317854950120217,0.587696921755257,50.4535053257315,54.4535053257315,4,1,1,54.4535053257315
3216,13,0,1,54.4090035434231,16.0956283151039,1.19067062053558,0.902612610785092,50.4026890375039,54.4026890375039,4,1,1,54.4026890375039
3217,13,0,1,53.8173301899695,10.4355223239112,0.645180965463328,1.23213115307657,39.3114831410289,43.3114831410289,4,0,0,39.3114831410289
3218,13,1,0,51.8894290021286,14.50069435958,-1.97560298692594,0.558034340733335,44.7214261076837,48.7214261076837,4,1,1,48.7214261076837
3219,13,1,0,39.5008174470523,12.7930186051552,-0.32775501700821,-1.69754430232707,35.1052625233483,39.1052625233483,4,0,0,35.1052625233483
3220,13,1,0,41.1921925789823,9.70547974302474,-0.931625140500033,0.415440780791892,37.7667785006066,41.7667785006066,4,1,1,41.7667785006066
3221,13,1,0,50.8825117363375,13.0377715194918,-1.07506517870275,-1.27921972511184,40.7454282478997,44.7454282478997,4,0,0,40.7454282478997
3222,13,1,1,52.8846000074799,15.7698085279612,1.48624462548277,0.274596474561,45.6334963121827,49.6334963121827,4,0,0,45.6334963121827
3223,13,1,0,52.9885313002823,14.0422001354068,1.01444182216819,-0.202743945249564,47.7652896995218,51.7652896995218,4,0,0,47.7652896995218
3224,13,1,1,39.0303134352558,9.06396354446397,-0.511372114439545,-1.15269866175179,30.9221554208117,34.9221554208117,4,0,0,30.9221554208117
3225,13,0,1,43.7574607605922,11.169628000164,-0.0633949761346314,-0.950367293114623,36.0351041829096,40.0351041829096,4,1,1,40.0351041829096
3226,13,1,0,53.5142543874605,13.579038765504,0.440015454976128,-1.02601154732319,49.8637703567286,53.8637703567286,4,1,1,53.8637703567286
3227,13,0,0,50.4224733646988,12.7139448776479,0.684963014858692,-0.271933096869793,42.4658178947225,46.4658178947225,4,1,1,46.4658178947225
3228,13,0,1,46.0409623653815,16.4867790010895,1.0306080332156,-1.52919971735079,37.1300346941302,41.1300346941302,4,0,0,37.1300346941302
3229,13,1,0,58.3130996722257,15.6471866552378,-0.138881797782939,2.24009356464174,59.738895006001,63.738895006001,4,1,1,63.738895006001
3230,13,1,1,30.1784267679902,9.7009294876534,0.290057436890162,-0.51149393585916,36.2676597189606,40.2676597189606,4,1,1,40.2676597189606
3231,13,1,0,57.5968518958943,15.3919801202249,1.49850689296967,-0.516810956627046,57.6060863909586,61.6060863909586,4,0,0,57.6060863909586
3232,13,1,0,41.0026635169443,7.38965168519585,-0.444536391689276,-1.5559158056615,26.6893923433228,30.6893923433228,4,0,0,26.6893923433228
3233,13,1,1,32.6860603758188,9.65673388390893,0.458940642281742,-1.1972653265865,30.8884690765285,34.8884690765285,4,0,0,30.8884690765285
3234,13,0,0,41.8201601589623,13.9785277869098,0.308756481501938,-0.592903490437925,45.6512350621813,49.6512350621813,4,1,1,49.6512350621813
3235,13,1,0,40.1025161216335,8.67408750090993,-0.427235199316067,0.0305474695734171,37.3649866034054,41.3649866034054,4,1,1,41.3649866034054
3236,13,1,0,45.0414346896125,14.1089038460162,0.729069808318891,0.327897300534802,50.6619638602381,54.6619638602381,4,0,0,50.6619638602381
3237,13,0,0,53.0863628873028,16.7766880285153,2.25025955617468,0.269884693578106,55.2739083103697,59.2739083103697,4,1,1,59.2739083103697
3238,13,1,0,51.48724434456,12.0423949054447,-0.163480503984285,-0.0810770080290341,48.4071786902685,52.4071786902685,4,1,1,52.4071786902685
3239,13,1,1,57.6531608026191,15.0498095419523,1.21075738043398,0.72768497229833,52.0892017204009,56.0892017204009,4,1,1,56.0892017204009
3240,13,0,0,45.981440551394,15.315913667474,1.82011670268242,-0.84995747292933,50.3213272960148,54.3213272960148,4,0,0,50.3213272960148
3241,13,0,0,61.6073931366542,11.4412574386204,2.2369394041712,0.818781920420733,58.2962984636028,62.2962984636028,4,0,0,58.2962984636028
3242,13,0,0,40.3036087531823,16.2508669571094,0.980495031529721,-1.40483995291509,34.4628694353779,38.4628694353779,4,1,1,38.4628694353779
3243,13,0,1,40.738357027543,12.9550483353551,0.749547254598391,-1.23397864116847,34.7309892310916,38.7309892310916,4,0,0,34.7309892310916
3244,13,1,0,51.3729085966852,7.40667863780286,-2.03485699426835,2.11121774259721,44.3304057795563,48.3304057795563,4,0,0,44.3304057795563
3245,13,1,0,59.1508422687285,13.0824572342074,0.826404176539073,0.56560963267468,57.0058143398785,61.0058143398785,4,1,1,61.0058143398785
3246,13,1,0,48.096360346086,14.3440337678942,0.371453324998634,-0.685451562528139,41.3816740927907,45.3816740927907,4,0,0,41.3816740927907
3247,13,1,0,38.7710194858602,14.9246848944336,0.136665943294419,-0.125085056790919,38.9935261060742,42.9935261060742,4,1,1,42.9935261060742
3248,13,1,0,39.0706327817493,10.1977653739975,1.19162359672968,0.534419056685531,41.8281418644176,45.8281418644176,4,1,1,45.8281418644176
3249,13,0,1,31.7247188982707,13.6755206440214,0.408790566143837,0.0608687022456815,36.8408795717686,40.8408795717686,4,1,1,40.8408795717686
3250,13,1,0,60.610967183515,13.5584057289886,0.961501500899342,0.0461723751911224,51.1638202054425,55.1638202054425,4,1,1,55.1638202054425
3251,14,1,1,56.3211719528398,15.9602264648154,1.33942219253534,0.57254447113589,57.5664883824042,61.5664883824042,4,0,0,57.5664883824042
3252,14,1,1,46.8224968067121,11.0920355904299,0.0366341000399774,-0.445510340067543,45.8956165751646,49.8956165751646,4,1,1,49.8956165751646
3253,14,0,1,59.2586594997278,10.5202268072311,0.860161622765568,-0.253866043709875,55.7859896832018,59.7859896832018,4,0,0,55.7859896832018
3254,14,1,0,53.734888935553,11.0716633477697,-0.361766557059641,0.417289623894233,52.6315428507578,56.6315428507578,4,0,0,52.6315428507578
3255,14,1,1,43.9579476132555,11.3998292697634,0.640378383386603,-1.28903662439978,45.8557524514435,49.8557524514435,4,0,0,45.8557524514435
3256,14,1,0,58.4993515863745,12.9677280394534,0.998125217062253,-0.133035073851494,58.0460510805643,62.0460510805643,4,1,1,62.0460510805643
3257,14,1,0,42.046435462476,11.1575122397073,-0.265077729512271,-0.0480216367242226,45.7848078651557,49.7848078651557,4,1,1,49.7848078651557
3258,14,0,0,55.3253749644383,12.0017956580643,0.939531178231694,1.47736921135279,52.5484959905796,56.5484959905796,4,1,1,56.5484959905796
3259,14,1,1,43.3668124039206,11.0297469197506,0.608361490450173,0.569505754130792,47.4292306041484,51.4292306041484,4,1,1,51.4292306041484
3260,14,0,0,43.5582039529906,13.204901580093,-0.715034755865174,0.730292509300206,45.3474299224869,49.3474299224869,4,1,1,49.3474299224869
3261,14,0,0,53.2675237374832,14.1426259813922,1.2493219918882,0.0821098738454347,50.0991508486496,54.0991508486496,4,1,1,54.0991508486496
3262,14,1,0,47.7053763054762,12.7426602972233,-0.228385875472083,-1.14230607300795,51.2809950204495,55.2809950204495,4,1,1,55.2809950204495
3263,14,1,0,54.7014483445293,12.7175500903452,-1.28616121035522,0.601330279099214,54.6013878171554,58.6013878171554,4,1,1,58.6013878171554
3264,14,1,1,37.4435879938063,9.59191436621201,-1.12249183201535,0.579744489926282,38.6264151721958,42.6264151721958,4,1,1,42.6264151721958
3265,14,1,1,44.59572507026,11.3651693855356,0.436648999824719,1.52378333466144,46.408526960211,50.408526960211,4,1,1,50.408526960211
3266,14,1,0,49.7655655780833,17.1021154378724,-1.12294123320336,-0.17985622941618,53.9371437811775,57.9371437811775,4,0,0,53.9371437811775
3267,14,0,1,48.6297842878028,8.10223487062644,0.00271519870403325,0.401852535597083,42.6778782701917,46.6778782701917,4,0,0,42.6778782701917
3268,14,1,0,48.0964215372403,10.8004742601596,-1.39910830117603,0.132005462496136,43.195975268536,47.195975268536,4,1,1,47.195975268536
3269,14,1,0,44.1574595336755,14.5894976011729,0.2121109221079,-0.226510780505158,52.286525590716,56.286525590716,4,0,0,52.286525590716
3270,14,1,0,47.0607284102384,8.43122620155327,-0.584226781861799,0.695232955074272,42.6518449977037,46.6518449977037,4,1,1,46.6518449977037
3271,14,0,1,54.8685960381356,17.0139690788463,1.01457608785167,-0.407310384951866,49.8819723709324,53.8819723709324,4,1,1,53.8819723709324
3272,14,0,0,49.7287154577698,11.7020328810674,0.0898039292568796,-0.298675350595628,53.0272796333623,57.0272796333623,4,1,1,57.0272796333623
3273,14,1,0,63.5741135270839,15.8175101441772,0.605389312635979,-1.08945731111507,61.0923423815121,65.0923423815121,4,1,1,65.0923423815121
3274,14,0,1,46.459266270245,15.5399205056656,1.3030422358039,0.200433301532656,50.0103441512053,54.0103441512053,4,1,1,54.0103441512053
3275,14,1,0,41.416766318244,9.57831654541792,0.010598589724438,-0.850894610346328,35.1637059807114,39.1637059807114,4,0,0,35.1637059807114
3276,14,1,1,36.6812182969404,6.49691310897603,0.431323854302047,-0.934961325442924,36.5127789178885,40.5127789178885,4,1,1,40.5127789178885
3277,14,1,0,42.6724297194532,9.26639807690065,-0.122644006990726,-2.01266891232715,43.6057153269939,47.6057153269939,4,0,0,43.6057153269939
3278,14,1,0,59.944293063819,13.7278807903464,0.0807765015174498,-0.0113561709406649,59.122732068132,63.122732068132,4,0,0,59.122732068132
3279,14,0,1,38.1213499457381,6,-1.6673608710579,1.28947179345848,27.07886854374,31.07886854374,4,0,0,27.07886854374
3280,14,0,1,38.3629537991579,8.6061783906611,-0.925128847569794,0.548363517329222,37.4886472489083,41.4886472489083,4,1,1,41.4886472489083
3281,14,0,0,50.906177342928,6,-0.757944020910329,-0.957996144306763,44.2686799359582,48.2686799359582,4,0,0,44.2686799359582
3282,14,0,1,39.6809068892057,8.53551319752265,-0.344793636014445,0.163078078935885,41.1507547401929,45.1507547401929,4,0,0,41.1507547401929
3283,14,0,0,55.6494042958391,13.2512362303179,-0.42562784686347,0.992684417418845,57.6593790590255,61.6593790590255,4,1,1,61.6593790590255
3284,14,0,1,61.5199157113712,10.7024257897085,0.598900993723247,1.51025833971197,56.9225753485076,60.9225753485076,4,0,0,56.9225753485076
3285,14,1,1,50.2059319311758,9.90117691498388,0.217051788572853,-0.588218651976795,40.7591327390662,44.7591327390662,4,1,1,44.7591327390662
3286,14,1,1,51.5246491588708,15.5876352066512,0.179892771288751,0.0586347807661265,49.3376511869423,53.3376511869423,4,0,0,49.3376511869423
3287,14,0,0,44.9285459857202,11.0250532810903,-1.48562316194671,0.723970870951568,43.707549074297,47.707549074297,4,0,0,43.707549074297
3288,14,1,0,54.2904038293708,6.50184844173655,-1.61717394514297,2.0747194805388,44.3108657364652,48.3108657364652,4,1,1,48.3108657364652
3289,14,1,1,46.1630892701778,11.8205014701951,-0.617002085094624,0.631823345152818,43.6987458563187,47.6987458563187,4,0,0,43.6987458563187
3290,14,0,0,64.9585525015816,10.6372051845105,-0.866838772389055,1.3343244321703,55.1740424394755,59.1740424394755,4,1,1,59.1740424394755
3291,14,1,0,43.7211950678264,13.6302744568529,-1.21414990598428,-1.3350925391391,37.5140415124028,41.5140415124028,4,0,0,37.5140415124028
3292,14,1,0,43.5683775873024,8.460573283444,-0.917682421585792,-0.760679641103367,41.8787392464127,45.8787392464127,4,0,0,41.8787392464127
3293,14,1,0,36.5013743160582,9.96391914304909,-1.4871725400787,-1.62740045120947,30.0886694655607,34.0886694655607,4,0,0,30.0886694655607
3294,14,1,1,43.8141103051001,11.167220750924,0.72555877987032,-0.315279290129239,43.1742891019684,47.1742891019684,4,1,1,47.1742891019684
3295,14,0,0,38.2882001060784,13.557352750176,-0.280700084639509,-1.50660592816058,38.9858652659259,42.9858652659259,4,1,1,42.9858652659259
3296,14,1,1,55.5515294972679,13.3174515109479,0.450112460598035,0.261943138848961,50.6420102610066,54.6420102610066,4,0,0,50.6420102610066
3297,14,0,1,38.5589087346782,13.0405733349339,-0.388345606295349,-1.3444330952551,40.2118285830963,44.2118285830963,4,0,0,40.2118285830963
3298,14,1,0,68.8239235002074,13.4762326662906,0.521955940617495,-0.258703266384902,54.9160964835738,58.9160964835738,4,1,1,58.9160964835738
3299,14,0,0,50.7493553666047,13.2020825385534,-0.947121955832305,-1.3595543023968,46.6485815537105,50.6485815537105,4,0,0,46.6485815537105
3300,14,0,0,41.6838430749412,7.98099802056329,-1.36819343244677,-0.457877547579877,40.2692765419843,44.2692765419843,4,0,0,40.2692765419843
3301,14,1,1,50.5260245740981,11.2272490554439,-0.517325891876081,0.0229661789250621,43.6922741415007,47.6922741415007,4,1,1,47.6922741415007
3302,14,1,1,26.1249300791869,11.3706252032063,-1.18452140040284,-0.0555154703453879,29.0553673655093,33.0553673655093,4,1,1,33.0553673655093
3303,14,1,0,61.9270137633307,11.7018664548116,0.635806435309695,0.614070743444576,58.1085037464773,62.1085037464773,4,1,1,62.1085037464773
3304,14,1,0,42.7584676332326,10.3183177378186,-1.55381028366121,-1.26482556398943,41.2441685105735,45.2441685105735,4,0,0,41.2441685105735
3305,14,1,1,53.4612893676375,11.3626983312344,-1.17286591192275,0.863404242865044,51.9877749564655,55.9877749564655,4,1,1,55.9877749564655
3306,14,1,0,57.1301809107149,12.503245352993,-0.0923496974136939,0.172975151500326,52.7190637848208,56.7190637848208,4,0,0,52.7190637848208
3307,14,1,0,55.1768306920848,9.33904202251788,-0.176958042648297,0.759343896951922,57.0914741385384,61.0914741385384,4,0,0,57.0914741385384
3308,14,1,0,44.1998174740599,13.5197560770949,-0.216874798806184,-0.304821438288796,51.0590437229803,55.0590437229803,4,1,1,55.0590437229803
3309,14,0,1,45.280999418617,15.7284280870674,1.5419052559734,1.04465363491551,56.6943614292917,60.6943614292917,4,1,1,60.6943614292917
3310,14,1,1,48.9204330933018,12.570898338332,0.691980534950001,-0.957171088022609,45.3653109727396,49.3653109727396,4,1,1,49.3653109727396
3311,14,0,0,43.717058603466,13.2483870686759,-1.28683744631451,-2.22347551306578,39.7913558761117,43.7913558761117,4,0,0,39.7913558761117
3312,14,0,1,40.7171466872671,11.7709246772498,-1.01988893989059,-0.987995052681958,34.3112387736981,38.3112387736981,4,0,0,34.3112387736981
3313,14,0,1,49.0304189455831,12.1345061498427,2.81579649135327,-0.176418461508268,56.2359294094653,60.2359294094653,4,0,0,56.2359294094653
3314,14,1,0,52.013454011979,12.8692484213497,-1.1401119272651,-2.11809642346854,44.8455592959156,48.8455592959156,4,0,0,44.8455592959156
3315,14,0,0,44.1902951758625,8.72302615088693,-0.44943175480675,-0.457965647109797,41.9547381099295,45.9547381099295,4,1,1,45.9547381099295
3316,14,1,0,50.0174270954576,14.579252342355,1.33868343774399,-0.588127932688386,52.9313703906826,56.9313703906826,4,1,1,56.9313703906826
3317,14,1,0,47.670872019908,9.41460382300898,0.980224012872861,0.0324528200702057,50.020950629506,54.020950629506,4,0,0,50.020950629506
3318,14,0,0,48.8527316338771,12.7204659307224,0.212896999691569,0.288915470250789,47.1710876064705,51.1710876064705,4,0,0,47.1710876064705
3319,14,0,0,38.3956125949702,11.3790586291112,1.08513967048577,-1.26892388518883,44.8655631048291,48.8655631048291,4,0,0,44.8655631048291
3320,14,0,1,34.2006782221648,6,-1.89030631195621,-0.180698169306771,38.7893852531796,42.7893852531796,4,1,1,42.7893852531796
3321,14,0,0,59.6463755735464,10.4085723431176,-1.21516143373881,-0.224085815725269,47.6800313247601,51.6800313247601,4,1,1,51.6800313247601
3322,14,0,1,40.3455925939251,13.2366903759548,1.55200193125733,-0.622028408563103,48.087107493719,52.087107493719,4,1,1,52.087107493719
3323,14,0,0,47.3860350822056,12.8695339576944,1.61048072440005,-0.854276520222888,54.1862768455458,58.1862768455458,4,0,0,54.1862768455458
3324,14,1,0,57.0974443507108,11.911418094073,0.675543522068604,-0.35708872986611,59.1974040548078,63.1974040548078,4,0,0,59.1974040548078
3325,14,0,0,51.6979741978045,13.3995714727058,1.35275056336822,-0.389784536297608,50.405670735175,54.405670735175,4,1,1,54.405670735175
3326,14,1,1,46.0203274379964,14.1173592205531,0.739302388958694,0.143922707114316,45.6967290828306,49.6967290828306,4,0,0,45.6967290828306
3327,14,1,0,65.6977810292136,15.2906763855138,-0.0584073350055053,1.07621247447139,63.0957084735576,67.0957084735576,4,0,0,63.0957084735576
3328,14,1,1,51.2410267269644,10.0554149314683,-0.116518824161166,0.89627415284141,49.1342753875962,53.1342753875962,4,0,0,49.1342753875962
3329,14,0,0,53.0704482415016,9.9006750191614,-0.252088570251608,1.41275540443263,51.7535955941628,55.7535955941628,4,0,0,51.7535955941628
3330,14,0,0,58.497221479101,13.8528861548239,1.67128560202054,1.30329893777176,57.031615635871,61.031615635871,4,0,0,57.031615635871
3331,14,0,1,44.3300602039871,11.5766742066324,1.0559570912116,-1.15749296470761,38.3753837447098,42.3753837447098,4,0,0,38.3753837447098
3332,14,1,1,40.1996602158905,10.5228365246468,-1.33397482636433,-0.022099340156525,41.3499992652547,45.3499992652547,4,0,0,41.3499992652547
3333,14,1,1,47.3809265233987,12.3222069020233,-0.51292272878476,-0.352418875037172,43.7922878194535,47.7922878194535,4,1,1,47.7922878194535
3334,14,0,0,56.3388131954543,11.931249331999,-1.36015050831779,2.41521447392869,53.6837205900582,57.6837205900582,4,1,1,57.6837205900582
3335,14,1,0,52.3266283941352,9.34192519456681,-0.580296960627967,-1.05625514672808,47.0928227981464,51.0928227981464,4,1,1,51.0928227981464
3336,14,0,0,60.1350476007935,13.2021832508038,-0.84044114905868,-0.330872667655364,58.5603015523416,62.5603015523416,4,0,0,58.5603015523416
3337,14,0,1,51.4283286459575,19.0025028975097,2.45680121837831,-0.943342818030494,67.0489871154732,71.0489871154732,4,1,1,71.0489871154732
3338,14,0,0,55.3680586500807,17.0266997846318,2.01288081064981,-0.0397480901540211,59.2806588579812,63.2806588579812,4,1,1,63.2806588579812
3339,14,0,0,39.6502591595712,9.32540215420203,0.21998839272261,1.42737186918614,49.9904179118181,53.9904179118181,4,1,1,53.9904179118181
3340,14,1,1,48.9937935235969,16.1053660774892,2.84566700939947,-0.534101815090956,57.6053753292885,61.6053753292885,4,1,1,61.6053753292885
3341,14,1,0,50.5443687092551,9.12286298378685,0.863464430921018,0.176287005655821,53.1174639406798,57.1174639406798,4,1,1,57.1174639406798
3342,14,1,1,44.9560113693018,7.0258732446891,-0.751426438352059,0.777016203140571,34.7243787288844,38.7243787288844,4,0,0,34.7243787288844
3343,14,0,1,24.5235169067829,9.36994164408238,0.0743210092667585,-1.60516110169857,31.1310638033934,35.1310638033934,4,0,0,31.1310638033934
3344,14,0,1,50.9799314527622,10.5290074776296,0.301637875265779,0.0393336458055834,54.468302266916,58.468302266916,4,0,0,54.468302266916
3345,14,1,0,47.8022796386269,13.15301753734,1.19497439625175,0.39312260533245,53.4156554413662,57.4156554413662,4,0,0,53.4156554413662
3346,14,1,0,52.9698161531056,13.378116372296,0.872719257474965,0.5258221412791,63.4024321978569,67.4024321978569,4,1,1,67.4024321978569
3347,14,0,1,51.2692104828052,14.9668097322322,1.24271539118668,-0.748382616076946,57.1279202071942,61.1279202071942,4,1,1,61.1279202071942
3348,14,0,1,47.5103360614605,14.1774253962124,0.581462581037542,-0.391888513125406,56.6219139859379,60.6219139859379,4,1,1,60.6219139859379
3349,14,0,0,49.789734333607,10.6744275403862,-0.76757390233029,-0.802622555469575,38.5998262452353,42.5998262452353,4,1,1,42.5998262452353
3350,14,1,1,39.062442493492,11.0454091089321,-0.435589649628678,0.212341816807955,42.2966809234462,46.2966809234462,4,0,0,42.2966809234462
3351,14,1,1,49.9715203211626,8.45667278160802,-1.29741981565571,-0.0296848806727965,38.2222196295818,42.2222196295818,4,0,0,38.2222196295818
3352,14,0,1,66.0663487835207,10.63858742074,-0.366368362249263,-0.532489725330247,53.3228002889484,57.3228002889484,4,0,0,53.3228002889484
3353,14,0,1,45.2202852156929,16.4745858803886,0.868449077060926,0.993528389825575,51.8484225085859,55.8484225085859,4,1,1,55.8484225085859
3354,14,1,1,37.8053710059855,10.413414717212,1.63963929795501,0.777878215006091,44.5167381034077,48.5167381034077,4,1,1,48.5167381034077
3355,14,1,0,69.9823982663319,14.617539420303,2.4723911444356,0.304853509191299,81.4907517475798,85.4907517475798,4,1,1,85.4907517475798
3356,14,1,0,42.6072414735838,14.7178798785274,1.14205670452171,-1.11907008878643,49.6630197152071,53.6630197152071,4,0,0,49.6630197152071
3357,14,1,0,45.1025299774244,9.011135868084,0.370566489083745,-0.355034929500861,42.9282044923101,46.9282044923101,4,1,1,46.9282044923101
3358,14,0,1,46.2438091458661,10.7366576365409,-0.372524398244416,-0.828243111486897,38.0923012771877,42.0923012771877,4,1,1,42.0923012771877
3359,14,1,0,46.7584344374223,13.7527434444894,-1.22931712057176,0.442598994581599,40.3458334215171,44.3458334215171,4,1,1,44.3458334215171
3360,14,0,0,51.9844530761909,10.4358574308441,0.0531414966233348,-1.30628483846448,54.0461904199819,58.0461904199819,4,0,0,54.0461904199819
3361,14,1,1,47.7292740521996,11.0132823670637,0.164118994963557,-0.0122483624378494,46.0738662327722,50.0738662327722,4,1,1,50.0738662327722
3362,14,1,1,46.711296532066,12.4446432500576,0.213260565772287,-0.761102585127078,49.8002248775462,53.8002248775462,4,0,0,49.8002248775462
3363,14,0,1,34.5709826884185,7.72064794681521,-2.42039664750323,-0.353046308302507,30.5403495262771,34.5403495262771,4,1,1,34.5403495262771
3364,14,1,0,51.2870398442876,9.51192120326346,-1.13733879499807,-0.381073984766273,46.2052448757572,50.2052448757572,4,0,0,46.2052448757572
3365,14,0,1,53.7437852119881,11.5838729959655,-2.15346188727518,1.72508120774466,50.8785141944972,54.8785141944972,4,0,0,50.8785141944972
3366,14,0,1,45.1711944287444,12.997818272072,-0.0292811625921399,-0.298208985115165,41.9964813728139,45.9964813728139,4,1,1,45.9964813728139
3367,14,0,0,49.4621314351906,8.66844998820583,-0.60568797691595,1.17213696904287,53.4429224234794,57.4429224234794,4,1,1,57.4429224234794
3368,14,1,0,44.9572348465375,14.8033945966281,1.31193179679924,-0.305017617292235,44.9993247374571,48.9993247374571,4,0,0,44.9993247374571
3369,14,1,1,48.6523164265453,8.94207861597568,0.184948247771087,-0.347598696797995,45.9998781745956,49.9998781745956,4,0,0,45.9998781745956
3370,14,1,0,53.0853233187775,12.695359864697,-0.569856931103604,-0.308682420127268,50.6541202937751,54.6541202937751,4,0,0,50.6541202937751
3371,14,0,0,52.6484330858973,10.2489896774444,0.506230096951395,1.8258474712955,52.5686685200383,56.5686685200383,4,0,0,52.5686685200383
3372,14,1,0,53.0914655787288,12.5548700892552,1.60521229437916,0.131122692699397,59.6212993962596,63.6212993962596,4,0,0,59.6212993962596
3373,14,1,1,63.2195382683873,13.686866354251,0.449371274898338,-0.766960898311368,55.0413979924483,59.0413979924483,4,0,0,55.0413979924483
3374,14,1,0,53.3983838920368,13.0557297675567,-0.114769132874368,-0.305730983024861,48.8850845321874,52.8850845321874,4,0,0,48.8850845321874
3375,14,1,0,56.7420197663696,11.8719272321103,0.403613182077069,-0.692670176392942,54.6027944860692,58.6027944860692,4,0,0,54.6027944860692
3376,14,0,0,61.053179671695,12.4316600299157,0.451614131499116,1.56036650447643,61.2280104554818,65.2280104554818,4,1,1,65.2280104554818
3377,14,0,0,43.9677919169715,13.5148423266598,-0.405559051562431,-0.357674718635734,47.7923599546512,51.7923599546512,4,1,1,51.7923599546512
3378,14,0,0,55.2722019079498,13.1719426674175,-2.63234571760131,0.499418305281822,43.3026676726842,47.3026676726842,4,1,1,47.3026676726842
3379,14,1,0,43.5970658326678,14.0249393809128,-0.421127801172397,-2.68529523866653,43.3042088049023,47.3042088049023,4,1,1,47.3042088049023
3380,14,1,0,57.9577132169062,12.5552453534679,-0.235370647317432,0.0319897211269316,48.9729677776101,52.9729677776101,4,0,0,48.9729677776101
3381,14,1,1,36.0424469040834,10.4740911366652,0.225418761375493,-1.06697826217117,33.9557034599757,37.9557034599757,4,1,1,37.9557034599757
3382,14,1,0,49.1081886547552,15.2912329875863,0.5470201127683,-0.674130351527754,55.7900333741523,59.7900333741523,4,1,1,59.7900333741523
3383,14,0,0,61.469862129375,9.93828062356135,1.48500261447738,0.572238587085744,61.8386427465055,65.8386427465055,4,0,0,61.8386427465055
3384,14,1,0,45.1307002694881,10.1371003386276,0.0582400177788018,-1.19990948116177,50.6058281698937,54.6058281698937,4,0,0,50.6058281698937
3385,14,0,1,38.2941100314882,11.4537651549053,-0.305053403193609,-0.250342415175824,40.8565892696883,44.8565892696883,4,0,0,40.8565892696883
3386,14,1,0,55.6139254320898,14.9018673937529,0.448306698976798,2.78897530496186,56.2796819626131,60.2796819626131,4,1,1,60.2796819626131
3387,14,0,1,47.593333893577,13.1801660769922,0.147993333698909,1.10588089581206,49.9875918770672,53.9875918770672,4,1,1,53.9875918770672
3388,14,1,0,60.214522968452,15.6736491098651,-0.244825206630036,-0.680072391766018,60.3937797765027,64.3937797765027,4,1,1,64.3937797765027
3389,14,0,1,51.556790071688,13.1814414164613,-0.724241133486197,-0.473035116568361,47.8312726147756,51.8312726147756,4,1,1,51.8312726147756
3390,14,0,0,44.3800329448952,13.3434592277988,-2.17023008240755,0.444116266847549,41.8650143197565,45.8650143197565,4,1,1,45.8650143197565
3391,14,0,1,40.6780241973681,13.5808064617789,0.57272012375721,-0.739746802001364,41.5559324911014,45.5559324911014,4,1,1,45.5559324911014
3392,14,0,0,62.46822480586,10.5934940943426,1.11266443375824,1.35436741897636,62.789496117769,66.789496117769,4,1,1,66.789496117769
3393,14,0,0,32.1299913347918,11.123091941635,-0.885105404115211,-1.73180948432185,32.6270893625781,36.6270893625781,4,1,1,36.6270893625781
3394,14,0,1,53.2029621239437,16.5550507447187,0.655206220468105,0.979431764412995,48.494183404763,52.494183404763,4,0,0,48.494183404763
3395,14,0,0,43.1604921981447,10.0818994655214,-1.1623965948505,1.18982770273325,46.1077022604325,50.1077022604325,4,0,0,46.1077022604325
3396,14,0,0,52.3744920970536,8.78555053185288,0.458634624343133,-0.610732739413524,42.5222680863823,46.5222680863823,4,1,1,46.5222680863823
3397,14,1,1,55.8096657923875,8.19270652961878,-0.556428764527191,2.47826916553935,48.9359718461894,52.9359718461894,4,1,1,52.9359718461894
3398,14,1,0,55.8676718357985,14.5195422119865,0.695311070937007,-0.969057600923474,53.0799453836414,57.0799453836414,4,0,0,53.0799453836414
3399,14,0,0,53.1237609730145,11.3483590190221,-0.304769265106936,1.07279899027101,49.9882172578691,53.9882172578691,4,0,0,49.9882172578691
3400,14,1,1,54.3220467281479,11.2032431758144,0.194273291896069,-0.108265919814105,53.5679750672888,57.5679750672888,4,1,1,57.5679750672888
3401,14,1,0,61.2801379366513,14.5103932506247,0.613755807402661,0.811749777547699,70.9495454484936,74.9495454484936,4,0,0,70.9495454484936
3402,14,0,1,38.899226520354,8.26949706176352,-2.30389170135708,0.604580390456754,35.7497187692714,39.7497187692714,4,0,0,35.7497187692714
3403,14,0,0,51.6131441540068,13.2001061587414,0.416184319330783,1.84482367005346,56.9541445099267,60.9541445099267,4,0,0,56.9541445099267
3404,14,1,1,54.4327415526632,10.1736396130852,-1.62174693210087,0.585675075680339,44.8299520897529,48.8299520897529,4,1,1,48.8299520897529
3405,14,0,1,58.1775175947533,11.8872721796231,-0.158350450075026,0.794990172732118,60.2187882670393,64.2187882670393,4,0,0,60.2187882670393
3406,14,1,0,55.0969944503009,13.4755068558301,0.297324008000466,-1.2896422974171,54.0739271860237,58.0739271860237,4,0,0,54.0739271860237
3407,14,0,1,45.6837872427564,8.74658008266534,-0.886998987994546,1.6149839435074,44.0158033097487,48.0158033097487,4,1,1,48.0158033097487
3408,14,1,0,61.2253309826458,15.3969211338158,1.71713483456896,1.01206869180029,59.1467477964518,63.1467477964518,4,1,1,63.1467477964518
3409,14,1,0,39.9805851462543,11.1410726348345,-0.0993752305131352,-1.72366100666639,47.833888735947,51.833888735947,4,0,0,47.833888735947
3410,14,1,1,66.0366071105951,11.5136205992674,2.21874181013189,0.919629564380618,65.5865508385128,69.5865508385128,4,0,0,65.5865508385128
3411,14,0,0,65.2537935379775,13.8833603023915,1.17301787273313,-0.768371550801124,53.5986931693804,57.5986931693804,4,1,1,57.5986931693804
3412,14,1,1,33.0668139783651,12.6396637691925,0.601137245274245,0.719319105871348,43.8789659444493,47.8789659444493,4,1,1,47.8789659444493
3413,14,0,1,46.2834847472738,11.5785697205731,-0.413311331158468,-0.97505039058203,37.8767708640082,41.8767708640082,4,1,1,41.8767708640082
3414,14,0,0,51.0943503665324,7.70665302939515,-1.96903813836558,1.33530431498422,48.9264251169206,52.9264251169206,4,0,0,48.9264251169206
3415,14,1,0,54.628327520585,10.2662047882969,-1.57034797523106,-1.23064799026203,43.731422951948,47.731422951948,4,0,0,43.731422951948
3416,14,1,0,56.4021859621645,11.8392546676612,-0.112268394472642,1.88891684821182,53.9264307708336,57.9264307708336,4,1,1,57.9264307708336
3417,14,1,1,62.8633902516165,13.584754534749,0.701614004588277,0.122780898461506,55.5035970636165,59.5035970636165,4,0,0,55.5035970636165
3418,14,1,1,29.2668156270076,11.9910255812725,1.06260927981769,-1.32961458120152,37.4851552466979,41.4851552466979,4,1,1,41.4851552466979
3419,14,0,0,61.7165518463462,12.4610397225862,0.552540827833192,1.94358767754813,60.5381547567308,64.5381547567308,4,1,1,64.5381547567308
3420,14,1,1,39.1662035283623,13.0170432001598,-0.532665528273639,-0.589432355123737,41.2837063725865,45.2837063725865,4,1,1,45.2837063725865
3421,14,1,1,54.6103617393903,12.7083352111351,0.489682836927993,-0.634544206425542,51.0054170861258,55.0054170861258,4,0,0,51.0054170861258
3422,14,1,0,61.9252966030548,12.8685772625716,0.500646364817104,0.906277399331142,65.2707783941685,69.2707783941685,4,1,1,69.2707783941685
3423,14,1,0,71.9343588477759,15.7762230822442,0.943146818048537,1.01280193381497,74.2201013592739,78.2201013592739,4,0,0,74.2201013592739
3424,14,0,0,52.4300901630883,8.36320870998303,-3.01206636948373,1.7650310214691,37.3854569864861,41.3854569864861,4,1,1,41.3854569864861
3425,14,1,1,32.3208342423111,6,-1.77992785270203,-0.42414328402286,24.3955305955078,28.3955305955078,4,1,1,28.3955305955078
3426,14,0,0,51.2188224391162,13.4455615629896,-0.536170859086836,-0.249040045799693,49.4861074717134,53.4861074717134,4,1,1,53.4861074717134
3427,14,1,0,34.6286773624316,9.83807166132502,-1.01485010482601,-0.981592180605841,37.0185932286211,41.0185932286211,4,1,1,41.0185932286211
3428,14,0,1,55.7235114953424,9.48694719603967,-0.960875135893031,0.49998138629408,49.321260156986,53.321260156986,4,0,0,49.321260156986
3429,14,1,0,37.0125898305532,9.41671853504455,0.931119988462112,-1.60109138797362,38.3139728145241,42.3139728145241,4,1,1,42.3139728145241
3430,14,0,0,48.8425910802595,11.3806225727313,-0.902854679317493,-0.572592948843029,45.1820829220637,49.1820829220637,4,1,1,49.1820829220637
3431,14,0,1,42.8105096338951,12.7774715397991,-0.785130119490747,-0.14480767731499,34.0023817990466,38.0023817990466,4,0,0,34.0023817990466
3432,14,0,1,44.0169841808783,10.9483096353035,-1.27254019364583,0.789282841086248,40.7421445302607,44.7421445302607,4,0,0,40.7421445302607
3433,14,0,0,41.2931801957528,8.58251937173583,0.308686416689712,-0.638194424680152,44.0489445381866,48.0489445381866,4,1,1,48.0489445381866
3434,14,1,0,75.4364782908069,15.3124423885554,0.924634888089017,0.912137530355047,70.4404807725155,74.4404807725155,4,0,0,70.4404807725155
3435,14,0,0,45.0979843863793,11.9492184170107,-1.14223805022669,-0.320165069228721,44.7002554182449,48.7002554182449,4,0,0,44.7002554182449
3436,14,1,1,41.0404459209353,10.8427298492997,0.201951454489531,0.615644629238471,46.2655843215487,50.2655843215487,4,0,0,46.2655843215487
3437,14,0,0,46.4301778431212,9.13037686902896,-0.218150424137845,-0.13536498904629,45.515555824137,49.515555824137,4,0,0,45.515555824137
3438,14,0,0,61.1563450027743,9.09099823738647,-1.22521489305568,0.136463926761848,52.1582834342134,56.1582834342134,4,0,0,52.1582834342134
3439,14,0,0,57.6187077622366,14.1614721751612,0.874189719755089,-0.639845613861963,58.5002040338458,62.5002040338458,4,0,0,58.5002040338458
3440,14,0,0,58.4851317929122,10.9981395457109,-0.952240005188133,0.756019863488063,45.0617167168487,49.0617167168487,4,0,0,45.0617167168487
3441,14,1,0,53.4425293263523,11.4403796583934,0.0459220071823718,0.845528941911208,59.3557993134093,63.3557993134093,4,0,0,59.3557993134093
3442,14,1,0,40.9830336854913,8.27273020536931,-0.543168565342477,-0.953051013760973,46.3633928825146,50.3633928825146,4,0,0,46.3633928825146
3443,14,1,1,56.1978783338591,10.8606906707798,0.244507977034466,-0.337189526451574,46.4091807979882,50.4091807979882,4,0,0,46.4091807979882
3444,14,1,0,37.8719658446543,10.9540767195327,-0.44776522949873,-0.293582929975707,38.2621322013877,42.2621322013877,4,1,1,42.2621322013877
3445,14,1,0,67.2761821613185,12.047400130108,1.96804892069779,0.254217499231536,72.1071367271228,76.1071367271228,4,0,0,72.1071367271228
3446,14,1,0,50.4327982293084,12.0338347687307,-0.494133938943,-0.568796390782856,47.0608261146006,51.0608261146006,4,1,1,51.0608261146006
3447,14,0,1,35.7603523300859,9.62633934802244,0.136778674904545,-0.15558483361759,36.2489237369497,40.2489237369497,4,0,0,36.2489237369497
3448,14,1,0,61.9119391992699,11.98210163406,-0.197442771127464,0.690534725307292,63.8635849198469,67.8635849198469,4,1,1,67.8635849198469
3449,14,0,1,52.8695037847843,11.5884594372612,-0.113100589617189,-0.283781217804875,47.1109931372202,51.1109931372202,4,1,1,51.1109931372202
3450,14,1,0,58.6846967920763,11.3254675432306,0.444983853777842,0.252703464085841,45.7218558027066,49.7218558027066,4,0,0,45.7218558027066
3451,14,0,1,57.0209014833216,16.075396929559,0.853536091985574,1.50554121737868,64.6064125751468,68.6064125751468,4,1,1,68.6064125751468
3452,14,1,0,44.8488020082621,13.7378317528809,-0.14360728191199,-0.211408391762243,50.3840799318855,54.3840799318855,4,0,0,50.3840799318855
3453,14,0,0,48.7227049906031,12.4987079505026,-0.693930059640615,2.11852062886177,50.4761264095975,54.4761264095975,4,0,0,50.4761264095975
3454,14,0,0,62.7134513078534,11.2241274265037,0.823238735805744,1.92758746716479,62.2917805269323,66.2917805269323,4,0,0,62.2917805269323
3455,14,1,1,53.2165909397994,12.8666402180492,-0.498612909024769,1.00901093866794,53.1519552431838,57.1519552431838,4,0,0,53.1519552431838
3456,14,0,0,57.9400981750166,12.4427058692371,-0.00100208487123484,0.80553575640135,54.6653005910466,58.6653005910466,4,1,1,58.6653005910466
3457,14,0,0,45.9108764205609,13.520782125755,2.28366640216601,-1.13770101367769,55.8920520083576,59.8920520083576,4,1,1,59.8920520083576
3458,14,0,1,52.239166857527,10.1587835603013,-0.71715080636089,0.278567256355619,46.6681315115723,50.6681315115723,4,0,0,46.6681315115723
3459,14,1,0,64.6161068912174,15.0663935254373,0.741821012812588,1.61365224764297,70.4030803270765,74.4030803270765,4,1,1,74.4030803270765
3460,14,1,1,47.161848765516,16.493846848117,-0.366221429890142,-0.388894745611151,48.3954956381698,52.3954956381698,4,1,1,52.3954956381698
3461,14,0,0,58.9029094941157,11.0147650020457,1.30751016948369,0.97707773304169,54.0907381425504,58.0907381425504,4,0,0,54.0907381425504
3462,14,0,0,64.3215811307984,9.18266497746596,1.84351158079999,0.440328189731324,59.9403684471066,63.9403684471066,4,1,1,63.9403684471066
3463,14,0,0,54.3986288982115,12.1453743357562,-0.0414450236827139,1.47344376723421,50.0885427421119,54.0885427421119,4,0,0,50.0885427421119
3464,14,1,0,69.8458720113652,13.5109980944567,1.19366736081489,2.64976078390843,75.9701891461818,79.9701891461818,4,0,0,75.9701891461818
3465,14,1,1,45.6028165768507,14.9111900403039,-0.63104174108128,0.0906168597340349,44.5054049545983,48.5054049545983,4,1,1,48.5054049545983
3466,14,1,1,52.4908505483933,16.7791253420288,0.840995879324315,-0.595685571499567,55.2317864105403,59.2317864105403,4,0,0,55.2317864105403
3467,14,1,0,56.279473734493,11.6828374630712,-0.324731075152979,-0.703787404316057,57.3405356641373,61.3405356641373,4,1,1,61.3405356641373
3468,14,0,0,65.9914388017423,15.9200735398087,3.14756383863262,0.464937129906331,69.4992420948025,73.4992420948025,4,0,0,69.4992420948025
3469,14,0,1,52.8712603590709,13.5500223553348,-0.455471174915623,0.0628596072845224,52.3041357976381,56.3041357976381,4,0,0,52.3041357976381
3470,14,0,0,54.0875897290066,12.959498682491,1.69042175867925,-0.26057040808695,53.0995512625133,57.0995512625133,4,1,1,57.0995512625133
3471,14,1,1,48.8193749073269,10.1051313930371,0.636500121911626,0.376040761275985,46.2123408618866,50.2123408618866,4,0,0,46.2123408618866
3472,14,1,0,61.3740871875928,10.9689863708195,1.34382338293921,0.172456308604904,64.2400838683215,68.2400838683215,4,0,0,64.2400838683215
3473,14,0,0,51.7583688385189,11.9345806028205,0.403943477140981,0.985413326368888,53.1082227315264,57.1082227315264,4,0,0,53.1082227315264
3474,14,1,0,42.2057678821526,12.529150849663,0.167240251712913,-0.272306039789061,47.762347409284,51.762347409284,4,1,1,51.762347409284
3475,14,0,0,64.9641493281618,11.7255463944939,-0.21359084155299,1.72679170598652,65.5606968110189,69.5606968110189,4,1,1,69.5606968110189
3476,14,1,0,41.7729789198973,8.86738155675161,-1.39888551907619,-1.75187520632325,32.007579003012,36.007579003012,4,1,1,36.007579003012
3477,14,1,1,44.8847195057126,9.7012099776821,-0.489118739462028,1.36873734218654,46.7059861350454,50.7059861350454,4,0,0,46.7059861350454
3478,14,0,0,52.8742426442805,11.6009760292637,-1.35765280246973,-1.77636419771037,39.200831845098,43.200831845098,4,1,1,43.200831845098
3479,14,1,0,53.2641565198421,12.1926056734057,-0.579811974908326,0.665205494999204,55.4825738660153,59.4825738660153,4,1,1,59.4825738660153
3480,14,1,0,61.8172830083665,13.095237051878,0.124618120181672,1.40560400506875,57.6101521191889,61.6101521191889,4,0,0,57.6101521191889
3481,14,0,1,44.5099068629556,12.6364007194486,0.340515387597418,-0.138338307906946,47.2284714271476,51.2284714271476,4,0,0,47.2284714271476
3482,14,1,1,40.6124083240971,13.6018046991067,-0.491626033976034,0.109928365021767,44.1467885781011,48.1467885781011,4,1,1,48.1467885781011
3483,14,1,0,59.1932859530601,15.137385485746,1.6464584758782,0.143968476366204,64.039622804251,68.039622804251,4,1,1,68.039622804251
3484,14,1,0,56.9549423490747,14.4729563608157,0.464285666610119,0.586353717094494,53.6340145466974,57.6340145466974,4,0,0,53.6340145466974
3485,14,0,0,54.8106319627446,14.1986611225563,3.16428232857049,-1.02025814061764,60.3462691881012,64.3462691881012,4,0,0,60.3462691881012
3486,14,0,0,49.4569406091995,11.4219112865702,0.4035515017509,-0.45300945432848,54.0405573763103,58.0405573763103,4,1,1,58.0405573763103
3487,14,0,0,48.6557691980244,8.05710990581122,-0.536559068900613,-0.314593175355427,38.3958588393143,42.3958588393143,4,1,1,42.3958588393143
3488,14,1,0,56.5503768011775,11.8268021003929,0.173550964176078,1.35889084170785,59.1940281466387,63.1940281466387,4,0,0,59.1940281466387
3489,14,1,0,46.2241873817418,13.8796052889569,-0.295320232882062,-1.91232798191671,44.5358010112186,48.5358010112186,4,1,1,48.5358010112186
3490,14,1,0,50.8850393245104,14.2802266900338,-0.706323870834998,1.02279772389766,50.3725133431797,54.3725133431797,4,0,0,50.3725133431797
3491,14,0,1,51.3371134332528,10.4142512631304,-0.250232626634636,0.48687260704969,47.7114318943606,51.7114318943606,4,0,0,47.7114318943606
3492,14,1,1,48.7613453517952,6.96744566932059,-2.65896889668425,0.924480042729149,34.936741528366,38.936741528366,4,0,0,34.936741528366
3493,14,1,1,54.7415639458249,7.06373043920889,-1.51078347204852,1.46904781878379,49.242684510707,53.242684510707,4,0,0,49.242684510707
3494,14,1,0,66.0605139665209,9.32838909486126,-0.11760740248139,1.2898801732086,62.4347392475374,66.4347392475374,4,1,1,66.4347392475374
3495,14,1,0,61.50057547705,15.2902591302983,0.317480471691053,1.68860194096599,63.8206960742856,67.8206960742856,4,1,1,67.8206960742856
3496,14,0,0,50.553210283742,15.0306850303834,0.91020455599156,0.276890640659506,54.2145912847616,58.2145912847616,4,0,0,54.2145912847616
3497,14,0,1,51.1253755632521,12.9962493386704,0.95670772239067,1.11742276881517,50.7795701763343,54.7795701763343,4,1,1,54.7795701763343
3498,14,0,0,44.7194592484544,14.2432242860584,1.55870317781792,-1.10809524471865,52.7262549372138,56.7262549372138,4,1,1,56.7262549372138
3499,14,1,0,55.6057345077773,11.9181360863024,1.34111508578755,1.15844423112838,56.031316866377,60.031316866377,4,1,1,60.031316866377
3500,14,1,0,56.8387884182732,14.3223581785546,1.04620832798203,-2.04427420585556,51.9770127453632,55.9770127453632,4,1,1,55.9770127453632
3501,15,0,0,60.1414753808505,16.3420722604212,1.32479905552428,0.59087521685967,59.2433476349367,63.2433476349367,4,1,1,63.2433476349367
3502,15,1,1,47.197258374507,15.7332727709066,2.83448323076545,-0.922443235911499,48.8198550507417,52.8198550507417,4,0,0,48.8198550507417
3503,15,1,1,40.3688869675894,14.4894899976693,0.804909404152026,-1.31738906236962,33.3346328340719,37.3346328340719,4,1,1,37.3346328340719
3504,15,1,1,37.3467062679458,12.8019794207982,0.0513388100797492,-2.38210290159892,39.4890229391199,43.4890229391199,4,0,0,39.4890229391199
3505,15,1,0,45.6680591983186,11.4905295686677,-0.360712944175148,-1.14379001445832,44.2912700606266,48.2912700606266,4,0,0,44.2912700606266
3506,15,1,0,35.7433254250926,16.045021548532,0.862498238686028,-2.61582288114025,37.8640293954468,41.8640293954468,4,1,1,41.8640293954468
3507,15,0,0,62.6234839558445,9.80201282350333,-2.26905985769975,1.55004848871089,51.8999494385406,55.8999494385406,4,0,0,51.8999494385406
3508,15,0,0,29.9890240548212,10.4313855070329,0.16975380950454,-0.224883071714471,34.9821366614019,38.9821366614019,4,1,1,38.9821366614019
3509,15,1,0,54.90715701041,17.9912833384943,1.04223485646506,-0.351326959930845,52.7881033007835,56.7881033007835,4,1,1,56.7881033007835
3510,15,0,1,33.3271754577148,14.4778903956547,0.589386433467649,-2.02342618835953,31.8810273988467,35.8810273988467,4,0,0,31.8810273988467
3511,15,0,1,40.0854374959928,11.0503069864196,-0.577204885877821,-0.0776032756284941,36.1502838018083,40.1502838018083,4,0,0,36.1502838018083
3512,15,0,1,39.5066880096617,8.6257025773127,0.0743180182903884,1.0788169266518,35.662590955698,39.662590955698,4,1,1,39.662590955698
3513,15,0,1,52.3483204501855,15.0134426646401,-0.472844610605274,-1.17076249946216,47.2987331925182,51.2987331925182,4,0,0,47.2987331925182
3514,15,1,0,51.8296889729084,11.9449697187827,0.0254106592646031,-0.264934737726494,50.1315305649152,54.1315305649152,4,1,1,54.1315305649152
3515,15,0,0,42.6810911045882,12.1032281475236,-1.33136000150571,-0.710873711847949,43.8503632891677,47.8503632891677,4,1,1,47.8503632891677
3516,15,1,0,53.6131975591911,8.70901210656868,-0.401591786303115,-1.44578326746585,39.3995203447595,43.3995203447595,4,0,0,39.3995203447595
3517,15,0,0,40.0410650953639,14.1540224799894,1.91493117989526,-0.0485468553366357,51.5349716916328,55.5349716916328,4,0,0,51.5349716916328
3518,15,0,1,46.2742081078733,16.8011553138944,0.805330285783661,-0.366024920152159,46.8937471942416,50.8937471942416,4,1,1,50.8937471942416
3519,15,1,0,53.0277550192427,11.941500558889,1.16036871707629,0.455186478220506,54.6144721660188,58.6144721660188,4,0,0,54.6144721660188
3520,15,1,1,37.2523205210483,11.4913705429419,0.168908549243426,-0.543919123043923,36.1854596875817,40.1854596875817,4,1,1,40.1854596875817
3521,15,1,1,43.2799052257308,11.24801979998,-1.7539058964468,-0.584704783653815,30.0868063227305,34.0868063227305,4,0,0,30.0868063227305
3522,15,0,1,44.1041363291237,10.2134951356445,-0.332419680869167,-0.975196041672408,39.8455175368788,43.8455175368788,4,1,1,43.8455175368788
3523,15,0,0,49.7504004701096,15.2816810231448,2.34281967984718,-0.387999403634324,54.0619976829678,58.0619976829678,4,1,1,58.0619976829678
3524,15,0,0,48.890502107601,12.4085762779629,-2.49265045860243,1.33823428735315,41.3145490276924,45.3145490276924,4,1,1,45.3145490276924
3525,15,0,1,49.1944895439961,10.8924353453011,-0.0579256735022616,1.2535447377494,45.0422933178574,49.0422933178574,4,1,1,49.0422933178574
3526,15,1,0,48.2249207281117,10.8189467607624,0.0843062789630144,0.574540267406835,47.2680400420041,51.2680400420041,4,1,1,51.2680400420041
3527,15,0,1,57.1781018448775,10.7710525678145,-0.398506170191521,-0.488503702271397,45.9639469818295,49.9639469818295,4,1,1,49.9639469818295
3528,15,1,1,38.3619110981253,11.2005863166697,-0.0120621727778237,-0.799522152264929,44.5418798510241,48.5418798510241,4,0,0,44.5418798510241
3529,15,0,1,40.256629656056,12.4425917809516,0.0743407984507543,-0.15310943388309,38.8752959341176,42.8752959341176,4,1,1,42.8752959341176
3530,15,0,0,42.9944459478623,11.1308437013036,0.217522955877057,-0.995176037832332,40.6835253317577,44.6835253317577,4,0,0,40.6835253317577
3531,15,0,1,52.0611025081322,13.5567338698035,0.0467473351896832,0.3888230159913,40.3926924614,44.3926924614,4,1,1,44.3926924614
3532,15,1,0,50.2665142246867,11.1868026586044,-0.867559845352586,-0.878986761588339,35.2616406162288,39.2616406162288,4,0,0,35.2616406162288
3533,15,1,0,33.7986878183446,11.1290501684349,0.862498466502158,-1.03769483197623,39.2892590535692,43.2892590535692,4,1,1,43.2892590535692
3534,15,1,1,36.488808776792,12.0326235717453,-1.23852241202215,-0.277458714428417,35.0640974398447,39.0640974398447,4,1,1,39.0640974398447
3535,15,1,0,57.9137822281706,14.2536022497431,0.54722617609874,1.49836219136109,53.4037486228815,57.4037486228815,4,1,1,57.4037486228815
3536,15,1,1,47.28042152469,11.7722683287872,0.072238675675106,0.409503141687773,52.7032885633513,56.7032885633513,4,1,1,56.7032885633513
3537,15,1,0,48.1573660115339,11.8072772090605,-0.53753235174577,0.130657158473073,46.0215133487899,50.0215133487899,4,1,1,50.0215133487899
3538,15,1,0,53.5184901884332,12.5028794898264,-1.37842159605255,-0.157010473570508,45.5615475711642,49.5615475711642,4,0,0,45.5615475711642
3539,15,1,0,53.5848062308533,12.915063803164,-0.615802805037454,1.28375043325982,51.2267469388075,55.2267469388075,4,0,0,51.2267469388075
3540,15,1,0,43.9862612829315,17.0142837950741,-0.583192966315671,0.841984582328889,49.3860019467787,53.3860019467787,4,1,1,53.3860019467787
3541,15,0,0,49.8849093575555,9.92293238291213,-0.73331937053174,0.936940509306487,45.3694638285306,49.3694638285306,4,1,1,49.3694638285306
3542,15,0,1,37.8443404867912,11.8948562786932,0.166981806562319,-0.286963459457686,35.458785701027,39.458785701027,4,1,1,39.458785701027
3543,15,1,0,44.0750650998752,16.0667694169946,0.877966175358898,1.85636610112893,53.9073422598338,57.9073422598338,4,0,0,53.9073422598338
3544,15,1,0,51.8004842142453,9.57892801568616,-0.580300273023075,-0.556682248550467,35.3126401492466,39.3126401492466,4,0,0,35.3126401492466
3545,15,1,0,55.495988406799,11.6774317989611,-1.15614759293025,0.859192347585729,48.4645751615319,52.4645751615319,4,0,0,48.4645751615319
3546,15,0,1,53.0753259803197,11.6259259978678,-1.10976192075634,0.352644814389675,30.9019879381346,34.9019879381346,4,0,0,30.9019879381346
3547,15,1,1,52.4488657134605,9.99084296779155,0.258689598772853,-0.162249881261694,46.8358431854328,50.8358431854328,4,1,1,50.8358431854328
3548,15,0,1,45.6716170850214,8.75107200100896,-1.61236013856031,-0.265780423347403,38.2315068359871,42.2315068359871,4,0,0,38.2315068359871
3549,15,1,0,67.9622463034747,15.7265961456471,0.333003837657059,1.78448049067442,63.0343172062359,67.0343172062359,4,1,1,67.0343172062359
3550,15,1,0,62.9960068612323,8.62528496860703,1.25988517919991,0.686634350027003,52.6848303513902,56.6848303513902,4,0,0,52.6848303513902
3551,15,1,0,50.548890359944,15.2924554580581,0.318169505435729,-1.14770099816819,50.7281569426463,54.7281569426463,4,1,1,54.7281569426463
3552,15,0,1,44.564992758587,9.77079616192114,-1.34327432775902,0.289406511684827,35.1097012270849,39.1097012270849,4,1,1,39.1097012270849
3553,15,1,1,48.258697540361,9.81728308671056,-1.00408523521261,0.15342916368851,36.702229065703,40.702229065703,4,1,1,40.702229065703
3554,15,0,0,66.5427327959998,12.0684920468766,-0.242430767179056,1.56343919698645,58.3156134962714,62.3156134962714,4,0,0,58.3156134962714
3555,15,1,0,50.4499624279415,13.413924151188,0.32718983015467,0.751461106339882,48.1869373379202,52.1869373379202,4,0,0,48.1869373379202
3556,15,1,0,52.2106154868078,11.2951767309175,0.686657324222932,1.15076009802048,52.5929638185045,56.5929638185045,4,0,0,52.5929638185045
3557,15,0,0,37.5576019470434,12.1279603609385,1.46800727038009,1.16285997620735,45.1811637983455,49.1811637983455,4,1,1,49.1811637983455
3558,15,1,0,44.2557377242777,11.0991307476631,-0.374481410749634,0.31067285848648,49.1775630731066,53.1775630731066,4,1,1,53.1775630731066
3559,15,0,0,50.7827889060749,15.5597674775456,0.353325278031903,0.502546567645527,51.3667445964951,55.3667445964951,4,0,0,51.3667445964951
3560,15,1,1,62.1193233685884,12.8817333735691,0.305265638011041,0.794626155373054,57.0950803194962,61.0950803194962,4,1,1,61.0950803194962
3561,15,1,0,38.9668049989344,13.8432223741548,-1.21611089463956,0.0920797281627535,42.8995456344454,46.8995456344454,4,0,0,42.8995456344454
3562,15,1,1,29.8222551395239,11.780577784129,1.00014572534858,-1.0064143767748,38.0240250141368,42.0240250141368,4,1,1,42.0240250141368
3563,15,0,0,51.0930974765913,10.8870825875951,-1.30148308611201,1.48147081919178,44.4919501204479,48.4919501204479,4,0,0,44.4919501204479
3564,15,0,0,53.1558218091974,16.1270968380405,0.592549403333348,0.581940628976267,56.9566832651138,60.9566832651138,4,1,1,60.9566832651138
3565,15,1,0,32.6262364398818,13.6834658157617,-0.681479518205663,0.675354606480964,39.509099560577,43.509099560577,4,0,0,39.509099560577
3566,15,0,0,40.3878908437908,11.4421997421107,-0.211349361581115,-2.62769489585333,26.3271315879869,30.3271315879869,4,0,0,26.3271315879869
3567,15,1,0,54.7497606212709,17.5129911027907,0.143491009585476,-0.109557676742424,58.4212864174538,62.4212864174538,4,0,0,58.4212864174538
3568,15,1,0,40.1760757394167,11.1862626302213,-0.810935295138576,-1.42736778121637,35.5790251620817,39.5790251620817,4,1,1,39.5790251620817
3569,15,1,0,51.1252658455953,10.1713014304959,0.256864195538045,1.07163447247168,50.3180763048561,54.3180763048561,4,0,0,50.3180763048561
3570,15,0,0,46.2962356032877,10.611074802699,-0.764329410411075,0.348555653891827,42.7369326682506,46.7369326682506,4,0,0,42.7369326682506
3571,15,0,1,41.6964913489624,12.0434854600522,-0.531159924048168,0.0923494373011829,45.1087860948311,49.1087860948311,4,1,1,49.1087860948311
3572,15,1,0,58.7320994071429,18.0260905532881,0.18836277053749,-0.177090141754589,56.6236047901046,60.6236047901046,4,0,0,56.6236047901046
3573,15,0,0,44.5342164076504,13.2045544687111,0.979542869446415,-1.95103730475116,44.1204553582927,48.1204553582927,4,1,1,48.1204553582927
3574,15,0,0,37.6166725737216,12.010881337725,-1.3227503680249,-0.967983231507331,32.4643971408401,36.4643971408401,4,0,0,32.4643971408401
3575,15,1,1,44.531136641385,12.0825135450554,-1.13226358250769,0.465552988691456,35.1501980748152,39.1501980748152,4,1,1,39.1501980748152
3576,15,1,0,60.4767880361891,7.49651455482933,-0.973254954974803,-0.331975754757106,45.2640453072392,49.2640453072392,4,0,0,45.2640453072392
3577,15,1,0,64.7602250220112,14.6626288573202,-0.726053970947057,0.424349185553477,52.5851627716642,56.5851627716642,4,1,1,56.5851627716642
3578,15,0,0,41.9142057599644,9.36608846898747,-1.00658330262821,0.315187692838893,39.7459924394687,43.7459924394687,4,1,1,43.7459924394687
3579,15,0,0,47.7178584292845,15.8199640494346,1.24546948228152,0.0122819284377154,54.601131895965,58.601131895965,4,1,1,58.601131895965
3580,15,1,1,58.884636895829,16.389776252045,2.73350344997895,0.384163856197755,59.3355209687676,63.3355209687676,4,1,1,63.3355209687676
3581,15,1,1,30.9044918711958,12.212059054863,-0.725199400645702,-0.44142381726728,33.4598184260608,37.4598184260608,4,0,0,33.4598184260608
3582,15,1,1,55.0175962944826,11.1734595250031,0.471059561320699,0.236521422045217,53.0626422553898,57.0626422553898,4,0,0,53.0626422553898
3583,15,0,0,37.6760658896651,8.94474238098608,-0.620218254453802,-1.63936713163329,35.3582132854273,39.3582132854273,4,0,0,35.3582132854273
3584,15,1,0,41.2221767840855,12.0569347676722,-0.856599835845327,1.58721460841945,41.2375000101706,45.2375000101706,4,0,0,41.2375000101706
3585,15,1,0,47.7717157507854,13.1140596182947,1.75889402429552,0.312928918992192,53.7467040747627,57.7467040747627,4,1,1,57.7467040747627
3586,15,0,0,46.1386114557726,8.43263393322714,-0.241626333133682,-0.968553783579351,44.5344912609166,48.5344912609166,4,0,0,44.5344912609166
3587,15,1,1,38.8100299972428,8.89982093594672,-1.01165204488377,-0.651435679903837,32.115451056606,36.115451056606,4,0,0,32.115451056606
3588,15,1,0,48.6493864787461,15.2190563572557,1.65737140272846,0.919282718025651,52.7871598736871,56.7871598736871,4,0,0,52.7871598736871
3589,15,1,0,39.6237206352209,9.25574778079546,-0.0192689360442012,1.66718932019904,46.9712511002505,50.9712511002505,4,1,1,50.9712511002505
3590,15,0,0,58.2305439318151,10.6635757702874,-0.395987422040505,0.959561413995008,49.7511155921547,53.7511155921547,4,1,1,53.7511155921547
3591,15,1,0,37.8795726438788,12.0545673332741,0.0349993927176636,0.626709210504311,42.723677375687,46.723677375687,4,1,1,46.723677375687
3592,15,0,0,43.711708454099,10.2614133357748,-0.654510894382518,-0.244542020219669,37.2067041847034,41.2067041847034,4,1,1,41.2067041847034
3593,15,0,0,53.1320704252562,12.0588549690437,-0.633333636663048,0.763205243338445,53.0023520776351,57.0023520776351,4,1,1,57.0023520776351
3594,15,1,0,48.816225692981,13.3180104524916,0.288717579096052,0.870551777243443,54.8360214529193,58.8360214529193,4,0,0,54.8360214529193
3595,15,1,0,58.7668829726653,12.1311336413621,-1.22295659578269,-0.312501715579846,48.0131721839849,52.0131721839849,4,0,0,48.0131721839849
3596,15,0,0,57.8321059767815,17.5283920363741,0.344875505596579,0.589243336518961,51.6914483994786,55.6914483994786,4,0,0,51.6914483994786
3597,15,0,0,57.464271578836,13.7645104362518,-0.806726734790813,-0.0424118407478166,50.502623775467,54.502623775467,4,1,1,54.502623775467
3598,15,1,0,47.6828178289993,13.541623887859,-1.83627747490871,-0.67548982168474,43.6720592159602,47.6720592159602,4,1,1,47.6720592159602
3599,15,1,1,54.0668245012592,10.6771378486252,-1.95454730768147,-0.0166738692814033,45.7670110833723,49.7670110833723,4,0,0,45.7670110833723
3600,15,0,0,46.3992663457726,14.5381240139504,1.09861929612012,0.514107604406129,48.9759948733646,52.9759948733646,4,1,1,52.9759948733646
3601,15,0,1,48.3447376024215,13.8701202190078,-1.31234124264213,-0.874971084503261,31.2006987499215,35.2006987499215,4,1,1,35.2006987499215
3602,15,0,0,61.0348320773839,12.192832121465,1.06383658958273,1.27636104271752,56.9423447120473,60.9423447120473,4,1,1,60.9423447120473
3603,15,0,0,56.1589076189336,12.7915378101156,0.443392512427703,1.09351330087019,57.4308968796659,61.4308968796659,4,0,0,57.4308968796659
3604,15,0,0,54.2708031227116,11.8794733238284,-0.46692340782912,-1.03214105079363,46.9009353023825,50.9009353023825,4,1,1,50.9009353023825
3605,15,1,0,58.1011076987178,12.4983908285149,0.586712789698854,-1.96196068297429,49.1295779634221,53.1295779634221,4,0,0,49.1295779634221
3606,15,0,1,31.1122788881805,8.14778215039507,-1.01560729696558,-1.17768157841091,23.2688583841703,27.2688583841703,4,1,1,27.2688583841703
3607,15,0,0,58.0599598029864,15.5613253080417,-0.358963958086463,0.315356853491288,51.0122303251096,55.0122303251096,4,0,0,51.0122303251096
3608,15,1,0,50.925698548682,12.360205411104,-0.204852594307159,1.14942888533645,54.5416000101018,58.5416000101018,4,0,0,54.5416000101018
3609,15,1,1,39.664895200578,12.3010211349692,1.82232451336917,-0.00459085726633399,45.7332347408357,49.7332347408357,4,0,0,45.7332347408357
3610,15,0,0,51.7585269549833,12.4126557915192,-0.0579866255461956,-0.481589456078996,47.6564617771688,51.6564617771688,4,1,1,51.6564617771688
3611,15,0,1,45.956556403639,12.1685775928789,-0.027931980748176,1.36495626767893,41.8610511644964,45.8610511644964,4,1,1,45.8610511644964
3612,15,0,1,45.7580597215934,13.7509007379814,0.24033055734314,-0.498459670914289,38.5707853726522,42.5707853726522,4,1,1,42.5707853726522
3613,15,1,1,32.4028804939713,10.6779477129139,-0.777177078698428,-0.756245744123324,38.0650996731157,42.0650996731157,4,0,0,38.0650996731157
3614,15,1,0,35.7970712440252,11.8161773783153,-2.16129562703917,-1.53043237329167,31.0388902306144,35.0388902306144,4,0,0,31.0388902306144
3615,15,0,0,44.2828548663169,11.9534561111206,1.5033380825296,0.847680148319451,53.0639222966315,57.0639222966315,4,1,1,57.0639222966315
3616,15,1,0,65.1778691511041,11.6826956026205,-0.974765820992194,2.05615502292472,50.6182265515409,54.6182265515409,4,0,0,50.6182265515409
3617,15,1,0,30.5678002285234,14.0041748644824,0.746060788580484,-0.615193421637482,40.7367106370968,44.7367106370968,4,1,1,44.7367106370968
3618,15,0,1,40.7429982285861,8.50322428259607,-1.66318480837481,0.503971155754439,32.0507170206592,36.0507170206592,4,0,0,32.0507170206592
3619,15,0,0,42.4566905515881,14.1204696248175,-0.875894420100704,-2.32525991000114,35.2294303628887,39.2294303628887,4,0,0,35.2294303628887
3620,15,1,0,47.9411655200788,13.3335343893335,-0.777296031241007,-0.480704694656058,43.7425431646008,47.7425431646008,4,0,0,43.7425431646008
3621,15,0,1,46.0898127537554,10.3262230710376,0.71886458878886,-0.184606626311157,44.6497672808732,48.6497672808732,4,0,0,44.6497672808732
3622,15,1,1,45.6635922605606,7.79815711048658,-2.3761104913792,1.19412384319917,31.2373764665889,35.2373764665889,4,0,0,31.2373764665889
3623,15,0,0,35.5534624467628,14.8322038960748,0.784428097719984,1.38388209622029,38.5116814967848,42.5116814967848,4,1,1,42.5116814967848
3624,15,0,1,53.4768731535364,13.4064362676806,0.379003695785057,-0.0705239057927354,37.7192251984099,41.7192251984099,4,1,1,41.7192251984099
3625,15,0,0,56.7041304215299,16.843002038475,1.46522626102978,2.20598665932377,64.1777550579116,68.1777550579116,4,0,0,64.1777550579116
3626,15,0,0,42.7795243703618,13.9483544474519,0.7345748235298,-0.586726361799203,43.3305983398128,47.3305983398128,4,1,1,47.3305983398128
3627,15,0,0,33.5258377181222,11.307959714944,-0.917397811197963,0.304695257610015,30.5595767383761,34.5595767383761,4,1,1,34.5595767383761
3628,15,1,1,43.9615172344327,13.1580178451183,1.21335885998813,0.102860491723579,47.275786541736,51.275786541736,4,0,0,47.275786541736
3629,15,1,0,51.9025935761453,10.8817796350287,-1.41343456675633,0.526435802466894,46.0359675928683,50.0359675928683,4,0,0,46.0359675928683
3630,15,1,1,60.1325252670032,10.7548830339293,0.480817506028539,-0.970745625396656,52.6687312825386,56.6687312825386,4,1,1,56.6687312825386
3631,15,1,0,45.6140263582229,9.80514662021091,0.0414456012545158,-0.267042963763042,40.8215126828492,44.8215126828492,4,0,0,40.8215126828492
3632,15,1,0,60.7748224776616,13.3960302484775,0.303431565706066,-0.0429835979698012,60.9128231024741,64.9128231024741,4,0,0,60.9128231024741
3633,15,1,0,59.65266437404,9.79540483278821,0.569209385419156,-1.22083969492675,52.1698179675677,56.1698179675677,4,1,1,56.1698179675677
3634,15,0,1,43.1871731310444,11.0754684576572,-0.363356291121497,-0.428056707444414,38.6444047007639,42.6444047007639,4,1,1,42.6444047007639
3635,15,0,1,50.7731131363978,13.5999982396682,-0.059288354641944,0.736122934256557,44.7619870510242,48.7619870510242,4,0,0,44.7619870510242
3636,15,1,0,51.6413889428876,14.6931458715614,1.21176894701682,0.0264549181597979,56.1891760793079,60.1891760793079,4,1,1,60.1891760793079
3637,15,0,1,49.4408807165413,11.5998153272387,-0.042857954805015,-0.995894445965512,42.9003374707769,46.9003374707769,4,1,1,46.9003374707769
3638,15,0,0,53.7351253823784,13.6192115674091,0.166606249532166,0.0529135082794849,44.3397439161236,48.3397439161236,4,0,0,44.3397439161236
3639,15,1,0,42.9303421619489,16.0354240449367,0.0965307782549617,-2.3531966192664,43.0711481758771,47.0711481758771,4,0,0,43.0711481758771
3640,15,1,0,47.3423024319595,13.9046312391079,-0.255460505997904,0.882015054184848,41.6748648738632,45.6748648738632,4,1,1,45.6748648738632
3641,15,0,0,56.3172546674183,12.5377356026267,-0.322781034159012,0.674623230912859,45.1127977529391,49.1127977529391,4,0,0,45.1127977529391
3642,15,1,1,37.6754301617435,12.3115552760281,-1.30920026642876,0.651799205284114,41.6350119562656,45.6350119562656,4,1,1,45.6350119562656
3643,15,1,0,60.7714070759715,11.2358488152286,-0.926628332403305,0.24106453073067,41.7205379444046,45.7205379444046,4,1,1,45.7205379444046
3644,15,1,0,41.0820671970616,13.4648332246226,-0.300069884375433,-2.75747657064559,29.7138954704474,33.7138954704474,4,1,1,33.7138954704474
3645,15,1,0,47.3328229545578,13.1131510407474,-0.0690541299837702,0.00631500177471616,44.5889144902266,48.5889144902266,4,0,0,44.5889144902266
3646,15,1,0,60.63155901344,11.9393179123733,1.01635561798655,0.0879475685548453,57.2829596918854,61.2829596918854,4,0,0,57.2829596918854
3647,15,0,1,42.6898870688224,12.6894281328552,1.04837633642394,-1.72536557276249,38.7245567834275,42.7245567834275,4,1,1,42.7245567834275
3648,15,0,0,51.5704380662382,14.7314574677256,0.988464068909099,-1.27364893562393,50.6348463723468,54.6348463723468,4,0,0,50.6348463723468
3649,15,0,0,45.064928598679,17.3662410552795,2.1565013956082,-0.22928530599335,45.7807530006424,49.7807530006424,4,1,1,49.7807530006424
3650,15,1,0,56.1175323106236,6.97996247351131,-0.627797257158983,0.0738134059866953,49.0978354623402,53.0978354623402,4,1,1,53.0978354623402
3651,15,0,1,38.5128749130051,9.86089598200175,-0.0354641001113999,1.56310369530588,38.6706071053181,42.6706071053181,4,0,0,38.6706071053181
3652,15,1,1,57.2219234177519,9.51669293366296,-0.214334390496015,-0.537087584532909,54.2030891748406,58.2030891748406,4,1,1,58.2030891748406
3653,15,1,0,41.0602129443354,13.845002580688,1.09878017509142,1.13467837161407,50.4987709114669,54.4987709114669,4,0,0,50.4987709114669
3654,15,0,1,42.834953402837,17.2119611437253,0.274681761344067,0.299674787896433,45.4531068849882,49.4531068849882,4,0,0,45.4531068849882
3655,15,1,0,38.0197272447511,6.610409117287,-1.58856218554991,-1.29640596056095,35.6810224367708,39.6810224367708,4,1,1,39.6810224367708
3656,15,1,0,34.1613008570936,13.2773422826768,0.319708053005709,-2.14753307480572,34.3485029755939,38.3485029755939,4,0,0,34.3485029755939
3657,15,1,0,44.9076791107563,14.6168347949961,-0.446115994971273,0.33413673590264,42.359223527611,46.359223527611,4,0,0,42.359223527611
3658,15,1,1,42.0566862516282,12.6877171738603,1.60418094644835,-1.96865304452508,44.6240868288032,48.6240868288032,4,0,0,44.6240868288032
3659,15,1,0,32.400210987648,10.5824592113112,-0.14641854065367,-0.833318118546618,32.1268773226555,36.1268773226555,4,0,0,32.1268773226555
3660,15,1,0,44.3761951227072,10.9115397709782,-0.136816664456649,0.648008742057469,41.630466464971,45.630466464971,4,0,0,41.630466464971
3661,15,0,0,44.8195616960312,12.5609622754508,0.510387089856505,0.428054588395034,46.0973128262054,50.0973128262054,4,1,1,50.0973128262054
3662,15,0,1,41.0091006586155,12.7865517666453,0.167017388656715,-0.305717541181748,42.3421954598886,46.3421954598886,4,0,0,42.3421954598886
3663,15,1,1,50.2784137958335,12.2430406284615,0.0954046312375736,-0.0917534042372854,41.4934013369396,45.4934013369396,4,1,1,45.4934013369396
3664,15,1,1,29.3131221821281,10.6581067207916,0.105477186213495,-1.03344332742097,36.2486626924497,40.2486626924497,4,0,0,36.2486626924497
3665,15,1,0,54.1873283265736,8.25746289634492,-0.081698143406804,0.855137147989683,49.2519824235363,53.2519824235363,4,0,0,49.2519824235363
3666,15,1,0,43.2538835167898,14.4071557580063,0.845754843333728,-1.10024765791934,33.198902037311,37.198902037311,4,0,0,33.198902037311
3667,15,0,0,45.3997692341608,14.483864650136,0.125339527017938,-0.765300266309625,39.4006427363982,43.4006427363982,4,1,1,43.4006427363982
3668,15,0,0,44.2676194421054,6,-1.05139265520309,0.34342434436958,27.3046170044851,31.3046170044851,4,0,0,27.3046170044851
3669,15,1,0,55.5485786763572,13.8836421333199,1.12064509986407,-0.937651889197917,60.477654299606,64.477654299606,4,0,0,60.477654299606
3670,15,0,0,40.8045868846934,12.6951030494311,-1.20749505057519,0.325503994703652,38.2284113215317,42.2284113215317,4,1,1,42.2284113215317
3671,15,1,0,54.6096718197462,10.3041766073617,-1.07916993188994,0.388963064093857,39.854740726096,43.854740726096,4,0,0,39.854740726096
3672,15,0,0,49.2055645447365,12.3670788475471,1.13421083639375,0.603165424892237,50.6500728537913,54.6500728537913,4,0,0,50.6500728537913
3673,15,1,0,43.2510170876025,9.96905246630897,0.484172115601289,0.666378231227198,46.1664382132334,50.1664382132334,4,1,1,50.1664382132334
3674,15,1,0,61.0877084516597,9.5973043306406,-0.0809119133505366,1.83719625011871,56.3663385624318,60.3663385624318,4,1,1,60.3663385624318
3675,15,1,1,51.4537828339679,14.4818937189679,1.11865347998223,2.47223595535789,52.1749123428103,56.1749123428103,4,1,1,56.1749123428103
3676,15,1,1,39.9562091274676,14.3221339238186,-0.106935550881948,-0.610283394971811,40.6464289082788,44.6464289082788,4,1,1,44.6464289082788
3677,15,1,1,43.8381176563394,14.945154325069,0.22802483717761,-0.348369830687717,50.3667114927269,54.3667114927269,4,1,1,54.3667114927269
3678,15,0,0,52.4551772206688,13.1028940756526,-1.02336946185696,-0.0271637659381505,44.135040050164,48.135040050164,4,1,1,48.135040050164
3679,15,0,0,57.3537936791743,15.7572752362176,0.779207658593428,0.0550363394568597,51.9073313780986,55.9073313780986,4,1,1,55.9073313780986
3680,15,0,0,55.8854461344412,9.81846850940929,-0.313107764816197,1.23789090204374,40.4596058599571,44.4596058599571,4,0,0,40.4596058599571
3681,15,1,0,53.5789280177329,15.4942968383672,0.371597469802368,0.778659471127503,54.2509972977816,58.2509972977816,4,1,1,58.2509972977816
3682,15,1,0,31.9429442361673,8.24715043424099,-0.250331991411622,-0.787691808026192,33.0031510564039,37.0031510564039,4,1,1,37.0031510564039
3683,15,1,0,66.7387864308711,14.4510110355682,1.28967946405769,0.0616716742611617,61.4696332137768,65.4696332137768,4,1,1,65.4696332137768
3684,15,1,0,61.5095282409515,14.5359158271452,-0.0166873909104036,2.24112622143489,61.4502186513666,65.4502186513666,4,0,0,61.4502186513666
3685,15,0,1,56.0510327553404,13.736060069916,-0.431391380990272,1.46042823748264,43.8643678969177,47.8643678969177,4,1,1,47.8643678969177
3686,15,1,0,45.145383123537,12.6768216472953,0.164203694087766,0.726330549929561,44.0584058704327,48.0584058704327,4,1,1,48.0584058704327
3687,15,1,0,36.7839761965418,10.1754587486938,-1.32719104130467,0.444249328339951,37.2730696333919,41.2730696333919,4,0,0,37.2730696333919
3688,15,1,1,38.4654754208633,9.85461860174928,0.0462447318152391,0.612532476882007,31.5466058504032,35.5466058504032,4,0,0,31.5466058504032
3689,15,0,1,46.6117276846685,12.2368274128994,1.18193721966264,1.64327802663682,41.5694528967615,45.5694528967615,4,0,0,41.5694528967615
3690,15,0,0,44.924518992119,11.0119821079174,0.0451051244774664,-0.452672569860638,35.6822331685046,39.6822331685046,4,0,0,35.6822331685046
3691,15,0,1,36.6526198707892,10.288639962793,1.09839973751731,-0.932260768235885,39.6099355499514,43.6099355499514,4,1,1,43.6099355499514
3692,15,1,0,39.2731486613526,11.4864248069021,-1.53275404639081,-1.03612721854312,30.4072304944122,34.4072304944122,4,0,0,30.4072304944122
3693,15,0,1,39.2011214800483,12.9384636058646,-0.127917438185941,-0.590146027202663,43.1494188796528,47.1494188796528,4,0,0,43.1494188796528
3694,15,1,1,51.2231504047262,12.933031548427,1.98484904574782,0.992347005967101,59.1369052398951,63.1369052398951,4,1,1,63.1369052398951
3695,15,0,0,42.6738458564341,9.92743129408194,-0.748049629050038,0.177147055263967,33.7577721057813,37.7577721057813,4,1,1,37.7577721057813
3696,15,0,1,49.4050868665804,16.6189227014644,0.282275892644494,0.944308538510878,47.3122086323286,51.3122086323286,4,1,1,51.3122086323286
3697,15,0,0,40.430631878034,15.9872270415489,1.64924241231531,-0.0715379846593489,40.9403917296355,44.9403917296355,4,1,1,44.9403917296355
3698,15,1,1,44.8544945432814,9.85127211046459,-0.331865356044031,2.42017964955191,50.8258622931396,54.8258622931396,4,0,0,50.8258622931396
3699,15,1,1,57.1649644338075,12.9626580107891,1.07366395085173,0.856745991235684,52.1052266587589,56.1052266587589,4,0,0,52.1052266587589
3700,15,0,0,47.311334740369,9.35328004214664,0.321635630167447,1.05653504866115,46.6534741184354,50.6534741184354,4,0,0,46.6534741184354
3701,15,0,0,37.2397598054375,12.2229031869466,-0.102072744042154,0.90271758799057,45.0087012646338,49.0087012646338,4,0,0,45.0087012646338
3702,15,1,0,50.4218396137484,10.6062750063698,0.423968048858206,-0.425345157811995,45.2871646370152,49.2871646370152,4,0,0,45.2871646370152
3703,15,0,0,46.2671169317606,10.7076807802387,-0.240239998959109,-0.0751796837051108,35.4572374691101,39.4572374691101,4,0,0,35.4572374691101
3704,15,1,0,37.5177454592081,6.34187566114194,-0.856342320264716,-0.575669499054963,34.8742238091439,38.8742238091439,4,0,0,34.8742238091439
3705,15,1,1,31.8052372144949,10.7676594606229,-0.360315895959318,-0.837235533407491,27.9636494812626,31.9636494812626,4,1,1,31.9636494812626
3706,15,1,0,36.7084059563204,8.1033698603393,-1.01321105369986,-0.573309073548401,31.2393912999655,35.2393912999655,4,1,1,35.2393912999655
3707,15,0,0,46.3900816205733,9.60648768738615,-1.21142047650157,0.23371528617802,35.6127375802273,39.6127375802273,4,1,1,39.6127375802273
3708,15,1,0,60.9024277753225,16.2765428666974,1.21461306442653,1.20451574413313,58.8287086925883,62.8287086925883,4,1,1,62.8287086925883
3709,15,1,0,50.7821674682831,12.6581256682813,-0.341729760552467,0.81478416685879,45.6687206181604,49.6687206181604,4,0,0,45.6687206181604
3710,15,0,0,46.0627119721788,10.5442613220377,0.138206739946058,-0.871088261508552,42.513400299849,46.513400299849,4,1,1,46.513400299849
3711,15,0,1,34.3363773395021,7.79508637838024,-1.29101469055931,1.63678289538605,32.8777363360127,36.8777363360127,4,1,1,36.8777363360127
3712,15,0,1,55.428313971037,11.7197369364221,0.513626556837823,-0.168676227243388,49.5196869231383,53.5196869231383,4,1,1,53.5196869231383
3713,15,1,0,53.5661511252805,12.3389703055592,1.49085592968194,0.138030204040386,47.2653821145632,51.2653821145632,4,0,0,47.2653821145632
3714,15,0,0,44.5097510317219,11.8286951582346,-0.000495519698679685,-0.3930759072458,38.0360272186481,42.0360272186481,4,0,0,38.0360272186481
3715,15,0,0,34.8432137440042,11.175445866208,-0.0789974148647555,-2.86992627572166,29.8873460743425,33.8873460743425,4,0,0,29.8873460743425
3716,15,0,0,61.9585746417,17.8216538309957,3.01304303613943,-0.765552448052267,63.7586231108043,67.7586231108043,4,1,1,67.7586231108043
3717,15,1,0,43.6916929153792,8.86152478823723,0.115217625301951,0.0487188513876771,39.0900892692975,43.0900892692975,4,1,1,43.0900892692975
3718,15,0,1,53.3868145492611,14.5172549281693,1.91057867365948,0.229825166373384,42.8400691413587,46.8400691413587,4,1,1,46.8400691413587
3719,15,0,0,36.1723325324371,12.4961678963392,0.472369672678515,-0.299627541481203,43.5047956025304,47.5047956025304,4,0,0,43.5047956025304
3720,15,0,1,45.876778523094,7.80660494577849,-0.612007976598356,0.142104590025616,42.4091822821038,46.4091822821038,4,1,1,46.4091822821038
3721,15,1,1,41.8632491169877,7.7464678447643,-0.80437111589849,-0.808844363933206,32.8301420932615,36.8301420932615,4,1,1,36.8301420932615
3722,15,1,0,40.5231729173613,10.942549728751,-1.24012869752627,1.60870789392588,37.9001495966781,41.9001495966781,4,1,1,41.9001495966781
3723,15,1,0,32.7105778009413,9.8683152932452,-0.646028408865761,0.259616736395179,41.8595179603365,45.8595179603365,4,0,0,41.8595179603365
3724,15,1,1,41.2113797852513,12.8528822676551,-0.768298699033888,0.332234459190622,35.4237493422614,39.4237493422614,4,1,1,39.4237493422614
3725,15,0,0,55.0463283601401,16.4974142267905,0.621351988419003,-0.0125912132644162,52.1664365135501,56.1664365135501,4,0,0,52.1664365135501
3726,15,0,0,61.2536416319633,10.2449132437363,1.04417132251036,2.60925429260318,64.0296103062989,68.0296103062989,4,0,0,64.0296103062989
3727,15,0,1,63.139038563399,11.8179414156612,-0.221751536497473,0.228596641953506,52.5116281703886,56.5116281703886,4,0,0,52.5116281703886
3728,15,0,0,39.7201692430616,9.00092444136385,-0.134344678594307,-0.226616847087873,36.5953396388508,40.5953396388508,4,0,0,36.5953396388508
3729,15,1,1,44.764634238274,13.4343843409902,1.13494915580818,-0.993996444307765,39.4086108276131,43.4086108276131,4,1,1,43.4086108276131
3730,15,1,1,27.7879940307841,15.928402236968,1.93978874536665,-1.98870043913843,38.7989182898601,42.7989182898601,4,0,0,38.7989182898601
3731,15,1,0,53.6817894157079,6.54443075065928,0.243851927818595,1.19390268090124,49.9790267451223,53.9790267451223,4,0,0,49.9790267451223
3732,15,1,1,58.1850695286413,9.58110472189277,0.261803281903878,2.03612516424574,50.2432778157508,54.2432778157508,4,0,0,50.2432778157508
3733,15,1,0,57.5576641731359,20,1.78012257721955,0.566109953090483,59.9794875913597,63.9794875913597,4,1,1,63.9794875913597
3734,15,0,1,45.1319517492814,12.3416986468769,-0.699875913800495,-1.55566614492569,37.1601488702643,41.1601488702643,4,0,0,37.1601488702643
3735,15,0,0,39.1663604141412,8.98128072242439,-1.2492960898187,-0.462271204676861,39.2023113831999,43.2023113831999,4,0,0,39.2023113831999
3736,15,0,0,50.296563124973,11.2253651364271,-0.655784371083337,0.862653057809689,41.1515111169547,45.1515111169547,4,0,0,41.1515111169547
3737,15,1,1,39.5925616492234,9.89694228691428,0.761799543824335,0.327993521528718,41.6986215355129,45.6986215355129,4,0,0,41.6986215355129
3738,15,1,1,43.1246181585574,13.1884737325128,0.507450208657183,0.202389382633676,46.2783475786625,50.2783475786625,4,1,1,50.2783475786625
3739,15,0,0,46.8721128141613,10.6485845268197,-0.717832304975077,1.3059291105894,34.5825805978964,38.5825805978964,4,1,1,38.5825805978964
3740,15,0,1,46.615082005722,11.1802208873027,0.348664050840194,1.34957175514431,43.9354737865007,47.9354737865007,4,0,0,43.9354737865007
3741,15,1,0,47.3933115660872,10.9386425878179,-2.21043219960243,-0.589306224681367,32.7400937412471,36.7400937412471,4,1,1,36.7400937412471
3742,15,0,0,49.3639001629813,8.46159704918278,0.780805731122701,1.25919207247813,51.10004991602,55.10004991602,4,1,1,55.10004991602
3743,15,1,0,53.6113396880942,11.0390208990837,-0.817316205585013,1.77790648237902,51.2606343220889,55.2606343220889,4,1,1,55.2606343220889
3744,15,1,1,57.290953365225,15.6228569015183,2.64704434482132,0.450086109090979,68.0338254145361,72.0338254145361,4,0,0,68.0338254145361
3745,15,1,0,52.2344697095191,9.1766262122017,-0.431233527127724,-0.557485741565027,44.5295705754282,48.5295705754282,4,0,0,44.5295705754282
3746,15,1,0,36.7864371381902,14.8883927700691,-0.167914694381342,-0.727061749082523,46.1382157301177,50.1382157301177,4,1,1,50.1382157301177
3747,15,0,0,45.6985905982354,7.74654265658503,-1.47218499608308,-1.4570531239139,33.6900140076724,37.6900140076724,4,0,0,33.6900140076724
3748,15,1,0,60.5844753591984,13.3264609877935,0.486400756976327,0.943963844314605,51.1740625716268,55.1740625716268,4,1,1,55.1740625716268
3749,15,1,0,48.9135848780333,9.88279464969304,0.0161161418982775,-0.731435093368343,46.0822461991005,50.0822461991005,4,0,0,46.0822461991005
3750,15,0,1,43.9946428087104,10.3304080966591,0.711741692952235,-1.39669008119972,30.7799313308324,34.7799313308324,4,1,1,34.7799313308324
3751,16,1,1,42.9921254277061,13.1783294764714,0.519336187499102,0.301597168021391,47.2690256975131,51.2690256975131,4,1,1,51.2690256975131
3752,16,1,0,55.2447203137869,15.1680053552488,-0.477906485322557,-1.64467948973059,48.078584225414,52.078584225414,4,0,0,48.078584225414
3753,16,0,0,59.7331523791382,11.3320175711556,-0.0948683495323671,-0.777066950720369,51.4311641756262,55.4311641756262,4,0,0,51.4311641756262
3754,16,1,1,57.8304468248432,10.5369347129642,-0.774915394122012,0.794388831480588,51.2561898523578,55.2561898523578,4,1,1,55.2561898523578
3755,16,0,0,58.1554287532891,11.8461986657827,-0.57558931505052,0.974646272559567,60.4173023776027,64.4173023776027,4,0,0,60.4173023776027
3756,16,1,0,45.9906510680233,11.6158806996298,0.722128563155891,-0.191996686662871,52.6195027962231,56.6195027962231,4,0,0,52.6195027962231
3757,16,0,1,45.0242616332281,13.8968205913256,-0.0135025257177843,1.01336695326154,40.6800423902637,44.6800423902637,4,1,1,44.6800423902637
3758,16,0,0,47.3414800987175,11.8104388567809,-0.3023301187776,-0.479628317198625,43.2151667652474,47.2151667652474,4,1,1,47.2151667652474
3759,16,1,0,53.7734420679285,14.8057608555525,0.315949082717275,0.16911734465787,56.9330254725147,60.9330254725147,4,1,1,60.9330254725147
3760,16,1,0,61.1708932034854,8.88974833190821,-0.865692842024365,0.896082267823322,63.5017231480775,67.5017231480775,4,0,0,63.5017231480775
3761,16,0,0,44.5907606034148,9.43261364980199,0.343675411574954,-0.908182915519814,41.5918163609498,45.5918163609498,4,1,1,45.5918163609498
3762,16,1,0,39.5399833746009,10.9943145550079,-1.0690766099012,0.0798027665226764,42.943167312943,46.943167312943,4,0,0,42.943167312943
3763,16,0,0,62.5897347115291,15.3800992857267,0.139328579021331,-0.436538776099028,55.3523301641477,59.3523301641477,4,0,0,55.3523301641477
3764,16,1,1,54.3938200811696,10.9734963483885,-0.609095649975351,0.545117630147018,46.7842243228117,50.7842243228117,4,0,0,46.7842243228117
3765,16,0,0,57.5008871544599,10.3294395310276,-0.323479918477689,1.18039746993804,55.5237433585329,59.5237433585329,4,0,0,55.5237433585329
3766,16,0,0,48.507177704893,12.1968254506966,-0.618462726383884,1.30847381308312,50.5612555479495,54.5612555479495,4,0,0,50.5612555479495
3767,16,0,1,52.0592377652084,14.8374110205099,-0.297187967263318,-0.291658344281865,54.7402854825836,58.7402854825836,4,1,1,58.7402854825836
3768,16,0,0,52.8155517401025,10.2988823651482,-0.601378595776742,0.791380301543874,49.1442055854459,53.1442055854459,4,0,0,49.1442055854459
3769,16,0,0,62.1670735230788,15.7804387837976,0.756344752716566,0.769728335796484,68.0342657177392,72.0342657177392,4,1,1,72.0342657177392
3770,16,1,0,48.099984910001,13.4561267325307,-0.374692557935599,-0.073592887966982,54.0152347068729,58.0152347068729,4,0,0,54.0152347068729
3771,16,1,0,59.4484360020225,14.4956110626885,1.37239637384063,0.87945563099543,61.7534019869767,65.7534019869767,4,1,1,65.7534019869767
3772,16,1,0,64.5076339882442,8.01736737387098,-0.639638362169146,0.588046709379124,56.4640366372129,60.4640366372129,4,1,1,60.4640366372129
3773,16,1,0,56.9219961964778,10.1916376343088,0.1308401047942,-0.160442947301438,52.1034530587005,56.1034530587005,4,0,0,52.1034530587005
3774,16,1,1,42.7468171220556,14.8396677657147,1.29228260291724,-0.575219484694638,49.0065948246363,53.0065948246363,4,1,1,53.0065948246363
3775,16,1,0,47.6689731106321,10.9820813343338,-0.179179935146478,1.33675503876253,60.9489198465215,64.9489198465215,4,0,0,60.9489198465215
3776,16,0,1,54.1436846153842,8.88753375858056,-1.13568812020439,0.89761277061222,42.3850802065593,46.3850802065593,4,1,1,46.3850802065593
3777,16,1,0,52.2664515355432,9.1550281303054,-0.989688837277298,1.42250491225672,52.5662714632156,56.5662714632156,4,0,0,52.5662714632156
3778,16,1,0,51.0420715316272,12.1382966681055,0.450710855141208,0.764181704354145,51.2809975912629,55.2809975912629,4,0,0,51.2809975912629
3779,16,1,0,35.2984453152892,14.4706591482072,0.693705119536399,-0.973754987824326,46.2519610166976,50.2519610166976,4,0,0,46.2519610166976
3780,16,0,0,62.3486187663351,10.292547231407,-0.0757578193631957,0.954554134304324,52.2581141483394,56.2581141483394,4,0,0,52.2581141483394
3781,16,0,0,64.8286933809318,15.0019305747278,0.720214625745333,1.44010894753069,67.0691452731564,71.0691452731564,4,1,1,71.0691452731564
3782,16,0,1,53.4684647554916,13.9267205769737,-1.08630425797703,-1.24550401246877,43.8714376343643,47.8714376343643,4,0,0,43.8714376343643
3783,16,1,0,63.043623257718,14.6743491452517,0.438501436698966,0.00505530617514072,69.2314689883398,73.2314689883398,4,0,0,69.2314689883398
3784,16,0,0,58.2639349423561,12.6892944101899,1.08583041184861,-0.0195243968355916,57.5938516188435,61.5938516188435,4,0,0,57.5938516188435
3785,16,0,0,54.5900660575374,8.67730784811531,-1.35976659846627,1.36795743200687,60.5830761517082,64.5830761517082,4,0,0,60.5830761517082
3786,16,1,0,47.7584791745176,12.1949386172457,0.421841764898327,0.719275805737802,59.1990068216182,63.1990068216182,4,1,1,63.1990068216182
3787,16,0,1,55.0195565942839,8.67908290816806,-0.804202890819764,0.153271813139879,44.7067888404179,48.7067888404179,4,1,1,48.7067888404179
3788,16,0,0,49.2240708490646,8.6574408263436,1.47894456373076,0.339649574809297,55.2002471395187,59.2002471395187,4,0,0,55.2002471395187
3789,16,0,0,57.9845033974453,13.37238418083,0.30763840793702,0.569382283140548,57.8414983301821,61.8414983301821,4,0,0,57.8414983301821
3790,16,0,0,55.618276757166,12.026634650878,-0.693120465141386,0.626574659983345,49.5982177867548,53.5982177867548,4,1,1,53.5982177867548
3791,16,0,1,46.4503909326996,9.70731245245545,-0.266457088928592,-1.12351796188359,43.3299184777777,47.3299184777777,4,1,1,47.3299184777777
3792,16,1,0,62.2191625192858,16.3550366729485,0.188123098464394,-0.47887287794488,54.1338222425277,58.1338222425277,4,0,0,54.1338222425277
3793,16,0,1,51.6101185770608,14.9076384539162,0.25947659461671,-0.332506962977315,57.6317765765938,61.6317765765938,4,0,0,57.6317765765938
3794,16,0,0,53.3568875869738,15.1128442126242,2.3738806568806,-1.48523703733849,66.6843606004173,70.6843606004173,4,0,0,66.6843606004173
3795,16,0,0,54.1204538616687,8.24399763330541,1.83060309661886,-0.0208637889574473,51.017051867505,55.017051867505,4,1,1,55.017051867505
3796,16,0,0,45.9522981603507,11.0065278313213,0.224661233372556,-0.386762916359981,52.9613830227825,56.9613830227825,4,0,0,52.9613830227825
3797,16,0,0,68.0919763235626,15.9809312603753,1.28802698948774,1.781955954566,75.838565325001,79.838565325001,4,0,0,75.838565325001
3798,16,0,0,43.9890254252887,11.9039026467061,-0.392460619474254,-0.32304685271683,50.1128841678012,54.1128841678012,4,0,0,50.1128841678012
3799,16,1,1,41.4310989163581,14.9342101965462,0.843396436159443,0.916881170123469,52.2583321097168,56.2583321097168,4,1,1,56.2583321097168
3800,16,0,0,63.5078150784629,16.2199986589033,1.47877738514273,-1.23307920911149,65.2208611389546,69.2208611389546,4,1,1,69.2208611389546
3801,16,1,0,56.8820817636372,13.2139637177892,0.259147947122687,0.0974286540187764,56.541549291296,60.541549291296,4,1,1,60.541549291296
3802,16,1,0,52.9358672997782,13.0735142517421,0.437465656438837,1.52771001841141,56.3664679770597,60.3664679770597,4,0,0,56.3664679770597
3803,16,1,1,42.8362177042151,13.466541420698,-0.0940074702409403,0.50025615013175,50.2908351985061,54.2908351985061,4,0,0,50.2908351985061
3804,16,1,0,60.5728687196097,15.904492849339,0.618851170823001,0.559547073259813,59.837308568747,63.837308568747,4,1,1,63.837308568747
3805,16,1,0,69.355732746711,17.7631526105753,1.71948493507842,1.5870997636778,76.5969104585608,80.5969104585608,4,0,0,76.5969104585608
3806,16,0,1,43.1275888013781,11.5128118702912,-0.1275500820785,-0.540488910957872,41.8212627222411,45.8212627222411,4,0,0,41.8212627222411
3807,16,1,0,51.7649392810204,11.1728658787569,0.863056548160039,-0.597950433207045,48.7207939851365,52.7207939851365,4,1,1,52.7207939851365
3808,16,0,0,47.6489826091714,8.23059229029779,1.75155812015145,0.643358729459739,53.2379539922876,57.2379539922876,4,1,1,57.2379539922876
3809,16,1,1,52.7487007469622,9.25379160441657,-1.19224807113766,0.419067217492667,40.8259297918891,44.8259297918891,4,0,0,40.8259297918891
3810,16,1,0,53.1612492355591,11.5968881212493,-0.0152692713572537,0.569809592742654,50.9909033946565,54.9909033946565,4,0,0,50.9909033946565
3811,16,1,0,42.1484388733077,6,-0.593610060606653,-1.04606699064271,36.2046557446549,40.2046557446549,4,0,0,36.2046557446549
3812,16,1,0,51.6798256059631,11.0156161727274,-0.831126123881202,-0.0827374537210609,48.1492828328306,52.1492828328306,4,1,1,52.1492828328306
3813,16,1,0,46.2169787295904,9.17918431557167,-1.12779737011374,0.280616320371033,45.0245498553777,49.0245498553777,4,0,0,45.0245498553777
3814,16,1,1,46.3372392630418,9.45810271513737,0.152610523720079,0.873787020293693,43.2490537216243,47.2490537216243,4,1,1,47.2490537216243
3815,16,0,0,50.336651835124,10.4836818361681,-2.08656288749153,0.854781466372046,44.2044509259751,48.2044509259751,4,1,1,48.2044509259751
3816,16,0,1,51.8780726268307,10.9199835446452,-1.08351457084182,0.0249280803285586,43.7798752634123,47.7798752634123,4,1,1,47.7798752634123
3817,16,0,1,39.0053770703497,8.40914108226236,-0.634038016722447,0.806105130020839,36.1221173323459,40.1221173323459,4,0,0,36.1221173323459
3818,16,1,1,51.7738322394572,15.5340504040931,1.77545820810134,-0.658019923568765,52.1677151338412,56.1677151338412,4,0,0,52.1677151338412
3819,16,1,0,48.3718822259365,14.2439938770454,0.490909251227628,0.617998312436985,52.9462772740201,56.9462772740201,4,0,0,52.9462772740201
3820,16,0,1,43.5811097561066,13.8339575363775,3.52964602697394,1.72115038385865,56.558222949567,60.558222949567,4,1,1,60.558222949567
3821,16,1,1,54.1545114073676,14.3825936822945,2.13185598351347,0.423860172426749,53.6351342140141,57.6351342140141,4,0,0,53.6351342140141
3822,16,1,0,46.3385899807011,11.2181599668983,0.181952603591122,0.425360070545027,52.7270900342036,56.7270900342036,4,0,0,52.7270900342036
3823,16,0,0,48.7429966705286,7.58832527878161,-1.831311946168,-1.2342199492054,38.9639866601541,42.9639866601541,4,0,0,38.9639866601541
3824,16,1,0,39.4159364026633,10.4145049161084,-0.778914883517507,-1.38695356428368,36.4409289847075,40.4409289847075,4,1,1,40.4409289847075
3825,16,0,0,48.009168055713,11.5181898481418,-1.6234139528667,0.267130199983047,49.7054667747615,53.7054667747615,4,0,0,49.7054667747615
3826,16,1,1,49.6159110391421,11.7132549783862,-0.342976357114412,-0.49158415795069,50.6244991167788,54.6244991167788,4,1,1,54.6244991167788
3827,16,1,1,58.8894648366127,14.6674786073377,0.953854346154316,0.00948877915860022,58.1786418981631,62.1786418981631,4,1,1,62.1786418981631
3828,16,1,1,45.856396341702,14.7564799964567,0.95262804943566,-0.211949141453949,46.7502257321524,50.7502257321524,4,1,1,50.7502257321524
3829,16,1,1,56.8596773638429,11.7534127775161,0.935291285840702,0.193492910606739,60.979203531449,64.979203531449,4,0,0,60.979203531449
3830,16,1,1,43.5037095626948,9.42812476004027,-0.383550957343314,0.133098183901967,41.2272602542543,45.2272602542543,4,0,0,41.2272602542543
3831,16,1,0,56.9627885285675,11.9162394937544,0.744930831571711,-0.482699224570348,53.2991149157738,57.2991149157738,4,0,0,53.2991149157738
3832,16,1,1,57.8501528303788,13.9089916125268,0.197002722642245,2.32643692349404,65.6827505726418,69.6827505726418,4,1,1,69.6827505726418
3833,16,0,0,50.997963515817,14.016397614055,-0.284187833918523,0.667054182620538,51.5150784581753,55.5150784581753,4,1,1,55.5150784581753
3834,16,1,0,36.7727904265662,12.8347563662199,-1.52105498898098,-0.741792628252604,37.6243568323197,41.6243568323197,4,1,1,41.6243568323197
3835,16,1,1,50.319948301806,9.15272910885563,-0.228678002087138,1.24600645550898,47.8706773568155,51.8706773568155,4,1,1,51.8706773568155
3836,16,1,0,48.7622728816981,13.0935514490303,0.0456087651627602,0.458591451798715,50.3524571611103,54.3524571611103,4,0,0,50.3524571611103
3837,16,0,1,46.214407655302,12.5992457035377,0.173677374590656,1.41558476769568,47.5229055288807,51.5229055288807,4,1,1,51.5229055288807
3838,16,1,0,53.8407367117844,11.5573664830853,1.15269325554889,0.743456143350724,55.4006452031096,59.4006452031096,4,1,1,59.4006452031096
3839,16,0,0,46.2941155050172,12.6753464245025,-1.19724842364914,-2.18645404457127,37.0054999855625,41.0054999855625,4,1,1,41.0054999855625
3840,16,0,0,49.493637560649,11.8452707194987,-0.39169457722576,0.663392173819192,50.0418197358085,54.0418197358085,4,0,0,50.0418197358085
3841,16,0,1,45.3233263912125,9.9897269031297,-0.83485070080993,-0.698101241820799,46.1778126313936,50.1778126313936,4,1,1,50.1778126313936
3842,16,1,0,54.4306143134014,11.6310607539231,0.31797757995915,0.217685485644017,58.8440093613739,62.8440093613739,4,0,0,58.8440093613739
3843,16,0,1,47.6886022507688,7.54088696098121,-0.718103143840519,1.40629098525155,43.4213999934421,47.4213999934421,4,1,1,47.4213999934421
3844,16,1,1,40.0750702139714,13.6177017570664,1.3450740367303,-0.128776372606835,47.2163777591945,51.2163777591945,4,1,1,51.2163777591945
3845,16,0,1,45.0474815344646,11.2439539454324,1.55692277219212,-0.793412091087361,44.4222866404453,48.4222866404453,4,1,1,48.4222866404453
3846,16,0,1,52.7097997337569,11.7598184538712,-0.10125225157341,1.17044020701906,52.5334426960718,56.5334426960718,4,0,0,52.5334426960718
3847,16,0,0,51.1213978951061,15.0497923972307,0.591969978579365,-0.717372151292903,54.9711786912002,58.9711786912002,4,1,1,58.9711786912002
3848,16,0,0,55.3853155974332,12.8964973865828,-0.504765667477705,-0.943660692020634,54.6134735525953,58.6134735525953,4,0,0,54.6134735525953
3849,16,0,1,34.898567400431,14.8185900589395,0.609543159269221,-1.09196675748372,42.6232140021726,46.6232140021726,4,0,0,42.6232140021726
3850,16,0,1,46.5123669839912,9.69179224121284,0.18865603018554,-0.789997794670917,47.4193287554103,51.4193287554103,4,1,1,51.4193287554103
3851,16,0,0,59.5174818968877,10.796607178998,0.546392869557889,-1.58229773627991,57.8092137819062,61.8092137819062,4,0,0,57.8092137819062
3852,16,1,0,46.4990722054768,8.60271129341164,-0.0190082401620067,1.12090181415406,54.1497193664721,58.1497193664721,4,1,1,58.1497193664721
3853,16,0,0,71.3556960398575,12.0012089600567,0.945027823712721,-0.486339145935108,68.2790546286234,72.2790546286234,4,1,1,72.2790546286234
3854,16,0,1,64.6771282795804,9.46922393706415,0.0464656906679693,0.620455573716505,55.7665087712748,59.7665087712748,4,1,1,59.7665087712748
3855,16,1,0,41.1960143592602,14.1433776193374,0.620870112421098,-2.65297569857892,46.030536274641,50.030536274641,4,1,1,50.030536274641
3856,16,0,1,37.9089875372195,12.3875847835142,1.10946404071535,-2.95056485101579,39.9556236825199,43.9556236825199,4,0,0,39.9556236825199
3857,16,0,0,47.2314246629883,8.26598995810393,-1.28839244455933,0.11151754155996,43.7934041714467,47.7934041714467,4,0,0,43.7934041714467
3858,16,1,0,66.1723602900211,11.4656724792858,0.775683208386826,1.33767225375666,67.4586302125086,71.4586302125086,4,0,0,67.4586302125086
3859,16,1,0,53.7433651885891,11.4593120234092,-1.09620162007669,-1.03308639364017,55.001189705593,59.001189705593,4,0,0,55.001189705593
3860,16,1,0,49.5529809688055,10.8135621767525,-1.06964820852501,1.12281442013087,50.643399966986,54.643399966986,4,0,0,50.643399966986
3861,16,1,0,47.8343043499346,8.8803776428211,-2.00009410145493,-0.184813855543236,42.5178381992593,46.5178381992593,4,0,0,42.5178381992593
3862,16,0,0,56.2686245703626,15.2522803591414,0.752778490928081,-1.67680196557723,57.6999617899813,61.6999617899813,4,1,1,61.6999617899813
3863,16,1,0,66.5792017761625,12.031313694293,-0.182654126476245,-0.339795240618785,62.7217499962638,66.7217499962638,4,0,0,62.7217499962638
3864,16,0,1,44.9796019286677,9.65845278844448,-1.59987029968082,-1.53496250003288,40.3565568488111,44.3565568488111,4,0,0,40.3565568488111
3865,16,1,1,48.9363925844606,16.8263057592207,2.26514134075803,-0.154400835787064,64.466387111108,68.466387111108,4,0,0,64.466387111108
3866,16,0,0,58.7712277327732,12.8492897174467,0.240687144910406,0.128319268273838,54.3881586869068,58.3881586869068,4,0,0,54.3881586869068
3867,16,1,1,20.135837634023,9.30909364134859,-0.643242481158201,-0.207292530664103,33.2569127575727,37.2569127575727,4,0,0,33.2569127575727
3868,16,1,1,60.286774598876,9.38643908965263,0.33584818452451,0.105547012747653,53.4876235910265,57.4876235910265,4,1,1,57.4876235910265
3869,16,0,1,45.4624196221404,12.2985832846196,0.0904530304189984,-1.35251420524988,42.5596730018028,46.5596730018028,4,1,1,46.5596730018028
3870,16,0,1,51.8684927415592,9.33387752054184,-0.11738416201288,0.0159564057046223,47.193914629375,51.193914629375,4,0,0,47.193914629375
3871,16,0,0,61.1337176444169,13.1702896264596,-1.10871194429888,-0.536823363791575,51.289131731624,55.289131731624,4,1,1,55.289131731624
3872,16,0,1,41.5619515839179,9.44706259968041,-0.0220156336450251,1.57606778708758,50.164844417048,54.164844417048,4,0,0,50.164844417048
3873,16,0,1,48.5002874560391,11.6367562307798,-0.105457376272276,1.12374641435548,48.4875825100022,52.4875825100022,4,1,1,52.4875825100022
3874,16,0,0,61.6884227654657,13.1653879974736,0.556597852875816,0.978607766268279,56.5858662960399,60.5858662960399,4,1,1,60.5858662960399
3875,16,0,1,45.7383462127156,11.353538952313,-1.1892814822369,1.07951820634887,44.0277881781775,48.0277881781775,4,0,0,44.0277881781775
3876,16,1,0,52.994598976408,12.5264871637635,1.0069994740702,-0.895214711139729,54.8860707271128,58.8860707271128,4,1,1,58.8860707271128
3877,16,0,0,59.0537055095984,13.2687238580502,-0.182777676634518,0.743705433334823,55.8836201588525,59.8836201588525,4,0,0,55.8836201588525
3878,16,1,0,57.3437243440713,11.2774299007963,0.87583159778627,0.958770128951276,59.0701088148828,63.0701088148828,4,1,1,63.0701088148828
3879,16,1,0,48.0746279192763,12.461915953957,1.78396698250268,2.14991973193183,56.8122886107383,60.8122886107383,4,1,1,60.8122886107383
3880,16,0,1,42.996362118701,10.4392669172248,0.0275784507185018,-0.769916881820094,38.0513910756928,42.0513910756928,4,0,0,38.0513910756928
3881,16,1,1,42.2025219603374,12.1555198811323,-0.558013605538423,0.313186217347294,46.5885542412657,50.5885542412657,4,0,0,46.5885542412657
3882,16,0,0,55.884188900392,13.3932615148618,1.35794737140824,-0.527664363801673,56.4079472847051,60.4079472847051,4,1,1,60.4079472847051
3883,16,1,0,63.3598911264055,10.9244102969044,-0.350333091926542,0.707963066594407,59.2810416704731,63.2810416704731,4,1,1,63.2810416704731
3884,16,0,1,50.2850983007831,13.3645952270607,0.250379328586902,-0.2101761175585,52.9253465567549,56.9253465567549,4,0,0,52.9253465567549
3885,16,1,1,49.3205959610694,10.3399847809457,-0.704541056569813,-1.85302794405276,35.8310689422634,39.8310689422634,4,0,0,35.8310689422634
3886,16,1,0,51.7694430084925,12.2271480622574,-1.23770118649703,-0.154061238672388,54.2356502249842,58.2356502249842,4,1,1,58.2356502249842
3887,16,0,0,52.9949941858023,9.52008273834431,-0.639333670720158,0.136826726780391,46.1099844981102,50.1099844981102,4,1,1,50.1099844981102
3888,16,0,0,56.9317806799262,18.3912480606558,1.9667758254518,0.998823740553851,64.9089656066811,68.9089656066811,4,1,1,68.9089656066811
3889,16,0,0,42.792637095862,9.40820391942822,-1.89520650657013,1.75956657087394,43.1715325720098,47.1715325720098,4,1,1,47.1715325720098
3890,16,1,1,62.3307599169011,13.2415555984125,1.06596085684539,2.06645235615474,71.5463819581762,75.5463819581762,4,0,0,71.5463819581762
3891,16,1,1,44.5089942731346,12.1697296858667,-0.025640883920911,0.0741837694163845,57.4482505623672,61.4482505623672,4,0,0,57.4482505623672
3892,16,1,0,53.2166340046137,13.6121529159655,-0.177565402885385,-0.504095974621065,60.4715997665341,64.4715997665341,4,1,1,64.4715997665341
3893,16,1,0,56.9816264361429,11.526223226161,-0.0575656487529557,-0.699109522576069,55.7865335996223,59.7865335996223,4,0,0,55.7865335996223
3894,16,1,0,53.9587628878961,16.0359451359665,1.27725225852868,-0.928242278832146,52.4355284011155,56.4355284011155,4,0,0,52.4355284011155
3895,16,0,0,48.2162341738423,8.27990816369161,-0.282338215688861,0.962147364268386,51.8066994181546,55.8066994181546,4,0,0,51.8066994181546
3896,16,0,0,44.7361487978974,8.97912800332685,-1.10528552699221,-1.81584733145616,35.2189418264977,39.2189418264977,4,0,0,35.2189418264977
3897,16,0,0,52.5922954404784,12.5745418123774,-0.658069037379032,-0.579954433727571,49.7085557972146,53.7085557972146,4,1,1,53.7085557972146
3898,16,1,0,56.2099167804388,13.8111838926578,-0.459967038610162,-0.383768781371591,52.5855200801229,56.5855200801229,4,1,1,56.5855200801229
3899,16,1,0,55.2710856239292,10.7995961834603,-1.58431670495991,0.789425807890663,52.0484891838588,56.0484891838588,4,1,1,56.0484891838588
3900,16,1,0,54.8918147939504,9.55873954684502,0.221616311352344,1.03395300621535,59.1119741599298,63.1119741599298,4,0,0,59.1119741599298
3901,16,1,0,59.9296968789568,12.2979346001871,1.78509186066416,-0.320821474918859,65.9942806701057,69.9942806701057,4,0,0,65.9942806701057
3902,16,1,1,61.5305321246301,15.329942023794,0.665765833442263,-0.628695218853535,62.2881105433205,66.2881105433205,4,1,1,66.2881105433205
3903,16,1,0,46.3989495946914,9.74486005865979,-1.23276275172679,-0.524984451806974,42.1896752889759,46.1896752889759,4,0,0,42.1896752889759
3904,16,1,0,66.7681572694335,14.2315113489438,0.517046512245024,0.0727172100608893,61.7796209270384,65.7796209270384,4,1,1,65.7796209270384
3905,16,1,0,67.7293960761242,10.0969648443361,0.119822513122121,-0.280225126082337,63.6517182035868,67.6517182035868,4,1,1,67.6517182035868
3906,16,1,0,47.2116270993449,17.4598565163014,1.374932241334,0.345633308584422,49.6376421396669,53.6376421396669,4,1,1,53.6376421396669
3907,16,0,0,47.199059722778,6.51564882781825,-0.927279278790507,0.459055712646064,53.4383778273404,57.4383778273404,4,1,1,57.4383778273404
3908,16,1,0,57.4906561375459,13.3281147390381,-0.162001067620194,0.233058324197455,58.1352328388983,62.1352328388983,4,0,0,58.1352328388983
3909,16,0,1,54.7751214986397,10.7916617255732,-0.864578124488575,0.356807206411504,41.9470666761017,45.9470666761017,4,1,1,45.9470666761017
3910,16,0,0,54.7757082917048,9.0535711397966,-1.58798919764057,0.53692955969033,44.608646922306,48.608646922306,4,1,1,48.608646922306
3911,16,0,0,48.2150496963152,9.51581253291853,-1.20619037842522,0.456866931656496,47.7305270469672,51.7305270469672,4,0,0,47.7305270469672
3912,16,0,1,42.6436878938257,15.4240881756979,0.966469989880851,1.70167147321956,52.6739060663992,56.6739060663992,4,1,1,56.6739060663992
3913,16,1,0,60.1125577710526,15.4241232345721,-0.696183881211147,-0.718160804973457,55.1001740242771,59.1001740242771,4,1,1,59.1001740242771
3914,16,0,1,49.0101677828406,11.3499785380823,-0.0947749905508425,0.370549665844381,44.4319363177021,48.4319363177021,4,1,1,48.4319363177021
3915,16,0,0,53.528260303963,11.2862168509329,0.411277672210555,0.798466517350658,51.5855831628252,55.5855831628252,4,0,0,51.5855831628252
3916,16,1,1,41.9491100594784,14.3257569072606,1.13296581108043,-0.603383927991385,46.6986907618217,50.6986907618217,4,0,0,46.6986907618217
3917,16,1,1,46.4625748241527,15.0957686204797,3.46005968239025,-0.796636215521018,60.8470410060142,64.8470410060142,4,1,1,64.8470410060142
3918,16,1,1,53.3398848739032,8.44012949747502,-0.731035393735539,-0.189855110847146,42.3789370255329,46.3789370255329,4,1,1,46.3789370255329
3919,16,1,0,66.2347775030426,15.2676839894474,0.150008017904676,1.26288539505043,60.9875776594206,64.9875776594206,4,1,1,64.9875776594206
3920,16,0,0,39.1350277447186,9.12805824282637,-0.458961186599294,-0.836935885637338,34.0819416841385,38.0819416841385,4,0,0,34.0819416841385
3921,16,0,0,61.1506256878147,15.4933602343976,0.589842792989331,0.279197034953312,65.8768270742583,69.8768270742583,4,1,1,69.8768270742583
3922,16,0,0,43.9665679773248,16.8324944625094,1.06341715632345,0.76959429072324,53.4066444365046,57.4066444365046,4,0,0,53.4066444365046
3923,16,1,1,44.8763019036116,12.469524742778,0.258261774330336,-0.803234035366541,44.45760852838,48.45760852838,4,1,1,48.45760852838
3924,16,0,1,43.4202258872431,10.1737539474029,-0.259165511770493,-0.00141743141011044,45.5056306931588,49.5056306931588,4,0,0,45.5056306931588
3925,16,1,0,58.0213905350748,15.2414060062391,-0.324055510307603,1.25939559823629,59.240618772121,63.240618772121,4,1,1,63.240618772121
3926,16,0,1,36.4826189811585,7.58874867047982,-0.553733837855253,-0.313440937156554,38.9268806382329,42.9268806382329,4,0,0,38.9268806382329
3927,16,1,0,47.174452744815,11.7020717431706,0.314339383078677,-0.746687473242321,46.9475530762504,50.9475530762504,4,1,1,50.9475530762504
3928,16,1,0,54.346454742207,7.38416606950623,-1.20157725675641,0.140563295212017,44.8099733141039,48.8099733141039,4,1,1,48.8099733141039
3929,16,0,0,64.9969640202902,13.9816641206313,1.58093516757541,0.599916823798297,68.260448565894,72.260448565894,4,0,0,68.260448565894
3930,16,0,0,53.595438255146,17.0741747749561,0.804779908127489,-0.11011912472879,61.0596570387129,65.0596570387129,4,0,0,61.0596570387129
3931,16,0,0,62.8622862246811,12.4290644984856,0.925048993983564,0.73927631548083,67.697661931614,71.697661931614,4,0,0,67.697661931614
3932,16,1,1,46.1582694324325,17.5365464210804,1.79481760149381,-1.23261422822053,56.9988692337295,60.9988692337295,4,0,0,56.9988692337295
3933,16,1,1,57.0762870173922,10.1747809799875,-1.11051197398781,0.244143817211505,49.9745282758306,53.9745282758306,4,0,0,49.9745282758306
3934,16,1,1,47.7873583257829,15.790439410432,0.401834885310204,-0.954786853632085,49.377770547905,53.377770547905,4,0,0,49.377770547905
3935,16,1,0,57.6290732982579,12.9493724056841,0.198177513804079,-0.117820558231011,52.9424983866408,56.9424983866408,4,1,1,56.9424983866408
3936,16,1,0,39.4869106124737,15.0323608975882,0.37323374417486,-1.02935427032562,49.8820652131885,53.8820652131885,4,1,1,53.8820652131885
3937,16,0,0,50.675780013034,9.73408720771564,0.555705024128762,-0.856915963675367,42.209448007254,46.209448007254,4,1,1,46.209448007254
3938,16,1,0,47.618020512006,13.0945612877725,1.36725534496513,-0.695528171535858,56.8371212544192,60.8371212544192,4,0,0,56.8371212544192
3939,16,0,0,53.6981971863981,8.86894501825235,0.216371709782296,0.633368133888557,47.0747981810533,51.0747981810533,4,1,1,51.0747981810533
3940,16,1,1,47.2837798415046,10.4851796321029,1.00821708863839,0.0289064883805081,52.2123310679271,56.2123310679271,4,1,1,56.2123310679271
3941,16,1,0,43.5897077772024,10.3452150575215,-0.765566499853788,-1.34750832609761,44.7557651826188,48.7557651826188,4,0,0,44.7557651826188
3942,16,1,0,50.9102425885857,12.123843850537,-0.225717225603386,-1.61635027506563,47.7138048777263,51.7138048777263,4,1,1,51.7138048777263
3943,16,0,0,54.3771400678925,10.4934990836046,0.137972192547792,-0.946511037083747,55.1969078658318,59.1969078658318,4,0,0,55.1969078658318
3944,16,0,0,46.5645922929627,14.535076842992,0.600283086358112,-0.023387775155231,54.3605707874966,58.3605707874966,4,1,1,58.3605707874966
3945,16,0,0,58.3790513562426,11.7447589371388,0.185406869114296,-0.779240206850597,59.4931849355321,63.4931849355321,4,0,0,59.4931849355321
3946,16,1,0,57.7597205882598,12.7417849517854,-1.87381628660408,0.269545898340597,53.9709610010423,57.9709610010423,4,1,1,57.9709610010423
3947,16,0,0,63.9134659547701,15.8142233454935,2.27409111385209,0.376427747108296,71.4135272931167,75.4135272931167,4,1,1,75.4135272931167
3948,16,0,0,55.5817999965965,13.463542072527,-0.0618750808548719,0.553268231902502,59.1025490681787,63.1025490681787,4,1,1,63.1025490681787
3949,16,1,0,54.5776964611612,10.4097450098057,0.587047868966767,0.870026990247805,58.3202338477266,62.3202338477266,4,1,1,62.3202338477266
3950,16,0,0,48.4973456861124,9.98187644189037,-0.0772765694362388,0.477465439294249,53.7080629078002,57.7080629078002,4,1,1,57.7080629078002
3951,16,0,0,58.5359010147135,11.882699466723,-0.11169464456426,1.8553828318872,61.1121040160964,65.1121040160964,4,1,1,65.1121040160964
3952,16,1,1,53.6845580892697,14.6396457560048,-0.00834897299769734,0.0798837823871852,49.6593653645857,53.6593653645857,4,1,1,53.6593653645857
3953,16,1,0,50.6872823686677,9.46310504396546,-0.453170215208294,-1.41855073738681,40.0295113939837,44.0295113939837,4,1,1,44.0295113939837
3954,16,1,1,33.927488511718,10.1529323458212,-0.975784563747302,-2.05178192376503,36.8831972070651,40.8831972070651,4,1,1,40.8831972070651
3955,16,1,0,49.9947909459251,10.2302192363423,-0.989396057352309,0.804071322138051,57.773484334971,61.773484334971,4,1,1,61.773484334971
3956,16,0,0,52.5775541817719,12.5911926059393,-0.146192436381724,0.228680826683841,51.73493413047,55.73493413047,4,0,0,51.73493413047
3957,16,0,0,51.7283402454134,13.2336277026183,0.610094082891812,-1.55580867880438,65.5102910519382,69.5102910519382,4,1,1,69.5102910519382
3958,16,0,0,61.5201798425085,7.11897547260074,-1.52015242669248,0.665196436641216,59.6794568339189,63.6794568339189,4,1,1,63.6794568339189
3959,16,1,0,51.6411878387869,12.9849242365696,0.884981029108617,-1.48470462721888,52.10118988255,56.10118988255,4,1,1,56.10118988255
3960,16,0,0,57.2713665192776,12.5755163994394,0.0717734859445878,0.979990879776148,61.6919162843955,65.6919162843955,4,0,0,61.6919162843955
3961,16,1,1,51.0119660297745,16.6893896247857,-0.689348235569175,-0.708277310786311,48.7813684821127,52.7813684821127,4,1,1,52.7813684821127
3962,16,1,0,56.5172494487885,14.6194988258391,-0.515519591419022,-1.02273784207021,50.194121470703,54.194121470703,4,1,1,54.194121470703
3963,16,0,0,49.9214573688844,14.9342557210752,-0.1816488193728,-1.30616745267368,49.418584143739,53.418584143739,4,0,0,49.418584143739
3964,16,1,1,56.9799840461084,13.4229370178929,1.07058665341632,1.49402306329484,58.5773376043351,62.5773376043351,4,1,1,62.5773376043351
3965,16,1,0,46.3533100396541,11.211146100611,-0.9403965459908,-0.913321060325167,46.892179927247,50.892179927247,4,0,0,46.892179927247
3966,16,1,0,34.4215481938292,8.98391292632578,-0.395252404349419,-0.200464626780447,33.031500353106,37.031500353106,4,0,0,33.031500353106
3967,16,0,1,41.4335028781782,16.1744349011137,1.23821030606697,-0.263586195196831,47.3477227588259,51.3477227588259,4,0,0,47.3477227588259
3968,16,0,0,48.0263148572705,7.59775283853796,-1.9189813748505,-0.608289860513179,38.3477370908647,42.3477370908647,4,1,1,42.3477370908647
3969,16,1,1,61.6560251010158,11.1864679531946,0.829828495885002,1.46028174026851,58.978489730594,62.978489730594,4,1,1,62.978489730594
3970,16,0,1,47.5322471796163,11.8526367682797,1.60147823778651,-0.471690658536708,53.1681335065885,57.1681335065885,4,1,1,57.1681335065885
3971,16,1,1,32.8333456860405,10.8425373311254,1.11365196893746,-1.98428414628201,42.0814888640947,46.0814888640947,4,0,0,42.0814888640947
3972,16,1,0,71.3946943294986,13.8712804288696,0.975665236443828,1.50904218480954,74.5238757917101,78.5238757917101,4,0,0,74.5238757917101
3973,16,1,1,45.6013865920925,11.7186531515112,-0.196824742196726,0.502116674438775,47.4926751879534,51.4926751879534,4,1,1,51.4926751879534
3974,16,0,0,55.5561049085595,11.7055448895198,0.121268134876497,0.713449636055663,52.8890238511111,56.8890238511111,4,1,1,56.8890238511111
3975,16,0,0,42.0561009371958,13.3062957471818,0.867420583475145,-1.20125729465594,50.4970144959033,54.4970144959033,4,0,0,50.4970144959033
3976,16,1,0,60.7940833368496,12.5649415717299,0.610845247183829,0.637685649050697,64.8958738473967,68.8958738473967,4,1,1,68.8958738473967
3977,16,1,1,60.9241370816752,11.54751380222,-1.1334728482976,0.548171680199834,49.5145322542541,53.5145322542541,4,1,1,53.5145322542541
3978,16,0,1,56.728809977862,12.8588424588404,-0.339432043406458,0.315832015196617,55.8721486492343,59.8721486492343,4,0,0,55.8721486492343
3979,16,0,0,53.0409459647234,15.6584647459535,0.142557838675803,0.0879366819297081,53.8071106902137,57.8071106902137,4,0,0,53.8071106902137
3980,16,1,1,64.2170986984153,6.32678422652092,-0.221422005825196,0.00729695299595942,56.7773011097423,60.7773011097423,4,0,0,56.7773011097423
3981,16,1,0,60.57382273645,8.37273197605005,-0.879216692346672,1.24998896953053,56.499084285102,60.499084285102,4,0,0,56.499084285102
3982,16,0,0,59.5812901764478,18.1104202252702,1.74885937292329,0.344319486911059,68.798291836246,72.798291836246,4,0,0,68.798291836246
3983,16,0,0,66.1619179213445,12.6537128231949,0.952714301414119,-1.10750369639074,57.0736344839754,61.0736344839754,4,0,0,57.0736344839754
3984,16,0,0,60.6077278078007,10.616665474868,1.24606452375754,-0.277820677169827,59.1969438555708,63.1969438555708,4,0,0,59.1969438555708
3985,16,1,0,63.9608137082185,8.90400086649738,0.367898206314309,0.816251250796554,50.5184206722018,54.5184206722018,4,1,1,54.5184206722018
3986,16,1,0,39.111560716633,10.6867539027627,0.0628372331605282,1.05216261082196,37.9295260872217,41.9295260872217,4,1,1,41.9295260872217
3987,16,0,1,44.823136833255,6.8216196221393,-1.35245193109987,-0.393818991225328,36.3417873583222,40.3417873583222,4,0,0,36.3417873583222
3988,16,1,0,41.9454019800251,10.4856917147985,-0.146134437751835,0.0562351505890314,38.6306758654875,42.6306758654875,4,1,1,42.6306758654875
3989,16,0,0,51.2439334023968,12.205179362136,0.430167894494665,-0.937640496766778,54.5520413339407,58.5520413339407,4,1,1,58.5520413339407
3990,16,1,1,61.0508585908402,12.5555590838658,-1.33673190059785,-0.480931893373914,49.7733905049464,53.7733905049464,4,1,1,53.7733905049464
3991,16,0,0,63.6516521676271,14.7625869927322,0.658274523282911,1.45671482552488,61.9156455026613,65.9156455026612,4,0,0,61.9156455026613
3992,16,0,0,49.7165083188484,10.0085950594461,-0.0861329290836437,0.89272258701625,50.3531564080893,54.3531564080893,4,0,0,50.3531564080893
3993,16,1,0,55.6002109377714,11.2274888702409,-1.07206615044502,-0.144875401413518,53.4713392361943,57.4713392361943,4,0,0,53.4713392361943
3994,16,0,1,38.914480819723,12.4499298546804,-0.8927806954982,-1.19809768961638,32.0048362185512,36.0048362185512,4,1,1,36.0048362185512
3995,16,0,0,63.0388114278762,12.6884366259334,0.233572006541547,0.822982703787849,65.2416537750326,69.2416537750326,4,0,0,65.2416537750326
3996,16,1,1,58.4189390983913,13.6035657516243,0.352396284472273,-0.868818260605705,59.0831048490009,63.0831048490009,4,0,0,59.0831048490009
3997,16,0,0,51.5405777402072,12.1791093817509,-0.604139561741117,0.174314863457084,46.9244456290235,50.9244456290235,4,0,0,46.9244456290235
3998,16,1,0,65.9585208956703,12.7903181129109,0.537098865877141,1.26064572754217,62.8570394600412,66.8570394600412,4,1,1,66.8570394600412
3999,16,1,0,44.8550356596072,10.5028639767719,-0.455612834402108,0.645211979667698,49.9923737807865,53.9923737807865,4,1,1,53.9923737807865
4000,16,0,0,51.9754586033701,13.4256603611395,0.630199336133827,-0.847958806453131,61.7445616611483,65.7445616611483,4,0,0,61.7445616611483
4001,17,0,1,56.5370005801456,10.5325279908552,0.0577227445632906,0.221758052490478,42.6737716808681,46.6737716808681,4,1,1,46.6737716808681
4002,17,0,0,39.0018414566456,14.1905717628847,-0.574164065495346,0.714359541407634,47.3205466365126,51.3205466365126,4,0,0,47.3205466365126
4003,17,0,0,53.9802492891375,10.2089428430166,0.0329948685629689,-0.668931605233084,46.8498267853814,50.8498267853814,4,1,1,50.8498267853814
4004,17,1,0,56.2441218803332,14.0492883358479,0.289190600554104,0.30292305192199,59.3054446169525,63.3054446169525,4,0,0,59.3054446169525
4005,17,0,0,46.9480218204976,10.2050939835722,0.0103623970551711,-0.577197146532166,49.6892381907835,53.6892381907835,4,1,1,53.6892381907835
4006,17,0,0,40.6012363737668,9.7154132753614,-1.77157439013515,0.225991923414884,37.5415532337843,41.5415532337843,4,0,0,37.5415532337843
4007,17,1,0,41.4685427678937,11.2961724227683,-1.2913584097047,-1.70885082565974,34.9406249023904,38.9406249023904,4,0,0,34.9406249023904
4008,17,1,1,31.0576583093058,10.2564651848564,-1.39625176466115,1.06057204285336,23.6124637831046,27.6124637831046,4,0,0,23.6124637831046
4009,17,1,1,57.5668101763027,14.4418928607259,-0.240046929705833,-0.221367713759491,48.5618773321724,52.5618773321724,4,0,0,48.5618773321724
4010,17,1,1,53.7023075818172,10.7640557522385,-0.472970103559303,0.31726621608064,50.0167111038569,54.0167111038569,4,0,0,50.0167111038569
4011,17,0,0,33.629198877632,8.88883094902698,1.23657643620465,-1.13560273957823,31.330290359191,35.330290359191,4,1,1,35.330290359191
4012,17,0,1,46.681786463367,14.712123658744,-0.662323231348497,-0.808194135990192,37.7692662277081,41.7692662277081,4,0,0,37.7692662277081
4013,17,1,0,50.9641468637078,8.69645899224806,2.86051503972425,0.232300640455738,57.2614941471255,61.2614941471255,4,0,0,57.2614941471255
4014,17,1,0,42.4506561761741,18.4586536686619,1.12342716352814,-0.400524594731391,50.8990674465446,54.8990674465446,4,1,1,54.8990674465446
4015,17,1,1,25.1849076451809,11.7531655704218,-1.59666266536082,-0.383721334022235,33.2919595631459,37.2919595631459,4,1,1,37.2919595631459
4016,17,1,0,48.7723688194748,12.8942278188279,0.48600679329216,0.36187450499431,49.7864913173199,53.7864913173199,4,1,1,53.7864913173199
4017,17,1,0,51.4151870179352,17.2673787763319,0.247836450407998,-0.938910623810294,45.5092930375578,49.5092930375578,4,0,0,45.5092930375578
4018,17,1,0,48.8631108505856,11.9257240655962,1.67949740322033,0.324561105978595,45.3962806283549,49.3962806283549,4,0,0,45.3962806283549
4019,17,0,0,48.2679784081267,15.3673850680488,-0.247111373752808,-1.10530698592955,45.436013795168,49.436013795168,4,0,0,45.436013795168
4020,17,1,0,53.286827264146,13.2685680595732,0.441939862611941,1.75692408218053,47.087843450837,51.087843450837,4,0,0,47.087843450837
4021,17,0,0,66.0481971960749,15.7312245259836,-0.0702285045862793,1.44073041134618,63.9813708132758,67.9813708132758,4,0,0,63.9813708132758
4022,17,0,0,44.6671688785281,14.9014600981577,0.383227236549021,0.104955040492073,49.9605897574834,53.9605897574834,4,0,0,49.9605897574834
4023,17,1,1,42.118639946546,13.4465010027032,-0.978608312292637,-0.276701078288832,38.6200597086047,42.6200597086047,4,0,0,38.6200597086047
4024,17,1,0,56.9906428119241,14.4877241614494,0.11635315748276,-0.139850729847112,54.3994096365748,58.3994096365748,4,0,0,54.3994096365748
4025,17,0,0,60.9427801008584,8.69653232411037,-0.632591710368873,0.714218945058773,48.4874870300135,52.4874870300135,4,1,1,52.4874870300135
4026,17,1,0,60.0044617849997,14.8713192388409,-0.100064671900128,0.637178440881493,60.4717950069751,64.4717950069751,4,1,1,64.4717950069751
4027,17,0,0,68.4627169768644,16.7670220916273,1.33577558451574,0.221912668262329,73.2126650452909,77.2126650452909,4,1,1,77.2126650452909
4028,17,1,1,39.9457265394355,10.7261019187875,0.408847025920729,0.810542060385242,42.8630111274604,46.8630111274604,4,0,0,42.8630111274604
4029,17,1,0,59.8569810011202,12.6633309858057,-0.229518179564178,-0.0668831433290364,51.1526509954615,55.1526509954615,4,1,1,55.1526509954615
4030,17,0,1,42.6927351158118,13.4603291792243,1.38920436713051,0.944659934386131,42.4119289812871,46.4119289812871,4,0,0,42.4119289812871
4031,17,1,0,58.3259054851179,7.82492993517378,0.631876990071541,1.22484062278607,48.0742290392332,52.0742290392332,4,1,1,52.0742290392332
4032,17,1,0,56.9997615985696,11.5655281681299,-0.483756126144755,0.873137876976128,45.892968047423,49.892968047423,4,1,1,49.892968047423
4033,17,0,1,45.4343495836365,8.91185797710193,-1.31117315187432,0.606365237370148,34.3660677711793,38.3660677711793,4,0,0,34.3660677711793
4034,17,1,0,49.8637678126185,15.1744284238358,-0.538364656741083,0.0452760315819761,56.7393261305663,60.7393261305663,4,1,1,60.7393261305663
4035,17,0,0,58.4824964763008,12.0284634805929,-0.61785585266028,-0.423049686543881,60.0682030575073,64.0682030575073,4,0,0,60.0682030575073
4036,17,1,0,54.1747290194989,14.4250938795576,0.269820625343947,1.54147754996458,51.9746466239486,55.9746466239486,4,1,1,55.9746466239486
4037,17,1,0,53.7628643963013,13.7961838939234,1.08133976419698,0.122604188535809,53.2174184410309,57.2174184410309,4,1,1,57.2174184410309
4038,17,0,1,43.5581403627755,14.2286251624075,1.01342898533253,-0.778392406100241,38.7019488961197,42.7019488961197,4,0,0,38.7019488961197
4039,17,1,1,44.9729822366715,7.89670187142026,-0.505400025332973,1.46365856760163,40.3329625409856,44.3329625409856,4,0,0,40.3329625409856
4040,17,1,1,36.7059764470956,11.0715465234422,0.121695219053539,1.19361809322653,42.8534004621267,46.8534004621267,4,0,0,42.8534004621267
4041,17,0,0,52.5723444125765,13.728315050725,0.271623693642709,0.919316618621778,53.5170681329194,57.5170681329194,4,1,1,57.5170681329194
4042,17,1,0,63.1532642165422,15.1513269879235,2.9596544974526,1.47126364437715,62.1031504923322,66.1031504923322,4,1,1,66.1031504923322
4043,17,0,0,47.2708815649959,12.7698606747833,1.29046569879936,0.373819800807088,53.4451031279634,57.4451031279634,4,0,0,53.4451031279634
4044,17,0,0,60.3042133661504,11.8320178175867,-0.372223665838132,-0.301776845999541,52.5019450580133,56.5019450580133,4,0,0,52.5019450580133
4045,17,1,0,63.015315185644,13.6411922051016,0.851982749997967,0.198020918408408,60.0850593347609,64.0850593347609,4,1,1,64.0850593347609
4046,17,1,1,45.3162518236245,11.1900038358717,-0.864148224434402,-1.13556835087956,35.1259877732089,39.1259877732089,4,1,1,39.1259877732089
4047,17,1,0,63.779919976013,12.6482168789224,0.895315986664778,-0.371923554423404,65.6413530872963,69.6413530872963,4,0,0,65.6413530872963
4048,17,1,1,43.2494653666714,12.6953248589599,-1.00757669440518,-0.0884894982175271,39.911657863824,43.911657863824,4,0,0,39.911657863824
4049,17,1,1,52.7340712871702,11.4007651692557,-0.402896384947032,1.81869513953551,45.0113513114098,49.0113513114098,4,0,0,45.0113513114098
4050,17,1,1,36.3251043641272,11.248572057801,0.280421982516019,-0.970363409433244,33.2769047430605,37.2769047430605,4,0,0,33.2769047430605
4051,17,1,0,45.3345890487929,12.3071301354492,0.690989699536646,0.125777367569308,50.4254585938755,54.4254585938755,4,0,0,50.4254585938755
4052,17,1,0,42.3327296564433,12.5998554576713,-1.25507804907267,1.33539393882425,48.0776391904449,52.0776391904449,4,0,0,48.0776391904449
4053,17,1,0,48.2455450898734,16.1859785761498,0.120882506696588,-1.17247793578584,43.3842267539946,47.3842267539946,4,0,0,43.3842267539946
4054,17,1,1,49.9967320049401,10.9814291761485,-0.841807085969838,0.496205621173786,49.4164715067673,53.4164715067673,4,0,0,49.4164715067673
4055,17,0,0,42.8051578194244,7.49362211528458,-1.65771476941975,0.441239370264086,35.7509177645746,39.7509177645746,4,0,0,35.7509177645746
4056,17,0,0,41.3261089595582,12.4753950034896,-0.344261271737897,1.36260451803372,47.5646082417511,51.5646082417511,4,1,1,51.5646082417511
4057,17,0,0,43.6549603043426,14.8145233532875,0.649251736944326,-0.899171866846082,35.4765409891787,39.4765409891787,4,1,1,39.4765409891787
4058,17,1,0,41.5746193377588,15.0544297421345,-0.49435259265121,-0.301877834251219,41.5897473461774,45.5897473461774,4,1,1,45.5897473461774
4059,17,1,1,53.9414532372411,6.71476898145665,-1.87864845935475,-0.217880320108,38.4402576998595,42.4402576998595,4,0,0,38.4402576998595
4060,17,0,1,44.4588341893678,9.79579707486712,-0.913350575193549,0.385268694854357,35.8104884061663,39.8104884061663,4,0,0,35.8104884061663
4061,17,1,0,50.650993525572,15.5264027396984,2.33201039384232,-0.864302871493208,55.0331470644918,59.0331470644918,4,1,1,59.0331470644918
4062,17,0,1,51.7548460781918,12.4031981584142,2.0308967677762,0.640872368623752,53.1442342809403,57.1442342809403,4,0,0,53.1442342809403
4063,17,1,0,53.2939819331742,15.3138777412508,1.58185707367635,-1.14928323606934,54.2268857631333,58.2268857631333,4,1,1,58.2268857631333
4064,17,1,1,49.7720362855155,11.808746638253,1.00225607046084,-2.0970952354242,44.3294523189526,48.3294523189526,4,0,0,44.3294523189526
4065,17,1,1,40.6099001906605,6,-3.11183376388055,0.715418016001429,33.1577988486588,37.1577988486588,4,1,1,37.1577988486588
4066,17,1,0,38.1277076004829,13.8305840939822,0.407502290512999,-0.531261389025232,49.9754051583674,53.9754051583674,4,1,1,53.9754051583674
4067,17,1,1,58.7114237202268,12.3107944418193,-0.412766175258185,-0.0486814760830668,48.1676959050856,52.1676959050856,4,1,1,52.1676959050856
4068,17,1,1,34.1441805430727,6,-0.946434398599767,0.143082589411172,25.9919353273496,29.9919353273496,4,0,0,25.9919353273496
4069,17,0,0,47.0446482052127,10.975537306053,1.28296808787663,0.431467754643387,48.4065513341268,52.4065513341268,4,0,0,48.4065513341268
4070,17,0,0,44.4837428448316,7.1983283713558,-0.288399642513762,0.104410373515664,40.8307188305261,44.8307188305261,4,0,0,40.8307188305261
4071,17,1,1,47.7201780057799,7.84840634531657,-0.0679236052109406,0.744528333992806,36.8185135340966,40.8185135340966,4,1,1,40.8185135340966
4072,17,1,1,60.6031457505955,13.4854141871723,0.690640208791679,0.786066619946317,58.6648637819584,62.6648637819584,4,1,1,62.6648637819584
4073,17,0,1,42.1150988523676,15.9012060126939,1.23246164002727,0.0725403199888427,41.2018866843098,45.2018866843098,4,1,1,45.2018866843098
4074,17,0,0,48.7908014023204,12.1412375541404,1.66786726954699,0.165292173442517,47.4287125196985,51.4287125196985,4,1,1,51.4287125196985
4075,17,1,1,44.5771606522494,13.2961533240593,-2.17599009704025,-1.25316290758384,38.6579906899199,42.6579906899199,4,1,1,42.6579906899199
4076,17,0,0,45.985139276351,13.9701828822,0.0388089232859192,-1.50829642928282,46.2950647605414,50.2950647605414,4,0,0,46.2950647605414
4077,17,0,0,64.9931167103597,11.5246636058925,-0.18348344856724,-0.286498390436419,51.8334333676898,55.8334333676898,4,1,1,55.8334333676898
4078,17,0,1,46.8662226289251,12.3990568540458,1.58113378941733,1.44900746568976,50.7528392911881,54.7528392911881,4,1,1,54.7528392911881
4079,17,1,0,47.3795459299023,7.96698746600456,-2.24329849092497,-0.193281292232444,34.5121046670326,38.5121046670326,4,1,1,38.5121046670326
4080,17,1,1,31.4529175204557,12.1588870896736,0.119296986729764,-0.917245656052036,31.8948295513074,35.8948295513074,4,0,0,31.8948295513074
4081,17,0,0,57.6591770712761,11.3810475217535,-0.580250356831129,1.5661928232852,52.1049153687249,56.1049153687249,4,1,1,56.1049153687249
4082,17,1,0,57.7135208112914,13.9390820436736,1.47713435585165,-0.204453203404986,50.7755353088238,54.7755353088238,4,0,0,50.7755353088238
4083,17,1,1,37.4307315184641,13.6508302427142,-1.82776371696444,1.16777397416847,42.106611407109,46.106611407109,4,0,0,42.106611407109
4084,17,0,0,59.0437081286165,13.9759607832174,1.82310899063292,-0.928525314196054,54.5488911087996,58.5488911087996,4,0,0,54.5488911087996
4085,17,0,0,36.3378196864686,13.8415078460783,-0.441861845386871,-1.37694146211907,33.2447830293569,37.2447830293569,4,1,1,37.2447830293569
4086,17,1,0,44.8102843289604,10.1119261559457,-0.773623776999425,-1.29855890158049,43.3204596390283,47.3204596390283,4,1,1,47.3204596390283
4087,17,1,0,51.7694751700081,9.47117845003342,-1.14919121007826,0.876142845563471,46.4668170233148,50.4668170233148,4,0,0,46.4668170233148
4088,17,0,1,41.5005732715464,6,-3.12934884822225,-0.642406008504835,20.9186310241025,24.9186310241025,4,0,0,20.9186310241025
4089,17,0,0,37.4809358789757,11.1383213617614,-0.16456109114041,-1.4176336342386,37.8251346582179,41.8251346582179,4,1,1,41.8251346582179
4090,17,1,0,49.1376445373408,10.667674524642,-1.74541111594602,-0.323302579717667,37.0937658933028,41.0937658933028,4,1,1,41.0937658933028
4091,17,1,1,48.7024580498842,11.651426900898,-0.0440951897874855,1.78520808522528,54.4705669843727,58.4705669843727,4,0,0,54.4705669843727
4092,17,0,0,44.5601950308883,6,0.465299806976722,0.471629005295797,40.4951744774205,44.4951744774205,4,1,1,44.4951744774205
4093,17,1,0,37.8191446149514,11.6498523637702,-0.38634137537501,-0.350760046888423,33.3959465859961,37.3959465859961,4,0,0,33.3959465859961
4094,17,0,0,32.1996311893748,8.65515598788393,-1.61575960785305,-0.254151710603029,35.2016889125787,39.2016889125787,4,1,1,39.2016889125787
4095,17,1,0,57.5511895577075,15.9791221186247,0.506175559934185,-0.860965814484235,58.8121730224578,62.8121730224578,4,0,0,58.8121730224578
4096,17,0,1,39.711856845983,9.43164602115084,-0.820324178982852,-0.0713441265587486,37.0341251581977,41.0341251581977,4,1,1,41.0341251581977
4097,17,1,1,59.9944808053253,18.3657406034974,1.52612786754669,-0.645789763163615,57.0925822819506,61.0925822819506,4,1,1,61.0925822819506
4098,17,0,1,53.7553101352207,14.2667845474813,1.70318766202263,0.243942687842081,56.6312153072079,60.6312153072079,4,1,1,60.6312153072079
4099,17,1,1,41.2718121986689,10.0418455091206,0.392961690973192,0.76656959236627,39.2063526039678,43.2063526039678,4,1,1,43.2063526039678
4100,17,1,0,59.7656712583687,10.0637944957188,-0.226615156980336,-0.0426312039933469,53.9871419461912,57.9871419461912,4,1,1,57.9871419461912
4101,17,0,0,52.1039984683783,8.97197720617858,-0.586078960291386,1.49439124416708,45.4227329037904,49.4227329037904,4,1,1,49.4227329037904
4102,17,1,1,37.2928103319196,6.10700513032319,-1.68851989769208,-0.0205603383383432,38.1574407533083,42.1574407533083,4,0,0,38.1574407533083
4103,17,0,1,56.5906634749491,14.9703402831165,0.862722590995787,0.448204967316039,59.3435895359406,63.3435895359406,4,1,1,63.3435895359406
4104,17,0,0,51.1442795864713,12.5208720064222,-0.235990461328674,-1.18202518570352,45.8367957992733,49.8367957992733,4,0,0,45.8367957992733
4105,17,1,1,39.5229742542504,12.6525241470708,-0.252257576329267,1.40648143777935,37.5764744762345,41.5764744762345,4,0,0,37.5764744762345
4106,17,1,0,50.5589219059948,15.831814033187,-0.625766566957525,-0.292390659718314,41.9972576243959,45.9972576243959,4,1,1,45.9972576243959
4107,17,0,0,48.6176141890971,13.7103990354967,1.84381514995961,1.46662973533533,52.1634885370048,56.1634885370048,4,0,0,52.1634885370048
4108,17,0,0,45.0828936162335,14.3679870874931,0.662655793033824,0.717531235101114,46.1808749458004,50.1808749458004,4,0,0,46.1808749458004
4109,17,0,0,37.0746340080442,8.22193197650971,-2.38984899072014,0.714379891414319,34.9767281962103,38.9767281962103,4,0,0,34.9767281962103
4110,17,1,0,50.6732474788546,10.0031459610698,-0.505470389229252,2.03179209205969,53.0323498690107,57.0323498690107,4,0,0,53.0323498690107
4111,17,1,0,50.3707924743639,11.2312723889503,-0.712730906301822,-0.388774284013785,51.4096145950837,55.4096145950837,4,0,0,51.4096145950837
4112,17,1,0,44.3738250259475,11.0531420492712,-0.189364437231505,0.527596235888823,44.2717899548563,48.2717899548563,4,0,0,44.2717899548563
4113,17,1,0,48.846893358118,11.2885244716537,-1.02391522708137,-1.27269304335117,49.8401127502381,53.8401127502381,4,0,0,49.8401127502381
4114,17,0,0,62.7006011386215,15.3956245497864,1.63500123612456,0.60330061602466,60.2945747088896,64.2945747088896,4,1,1,64.2945747088896
4115,17,0,0,31.2784562583432,9.65373162480573,-0.217504999769247,-2.23324117658818,26.2273884963853,30.2273884963853,4,1,1,30.2273884963853
4116,17,1,0,45.0595425257886,14.2890490131251,0.414143469374612,0.276186345129895,52.620049042875,56.620049042875,4,1,1,56.620049042875
4117,17,0,0,48.1589572881161,9.72305163885315,-1.40566605541632,0.792442667199054,42.8599551075725,46.8599551075725,4,1,1,46.8599551075725
4118,17,0,0,48.7960454662553,14.0173310288618,0.278018667521849,-1.03652855760061,45.389779251608,49.389779251608,4,1,1,49.389779251608
4119,17,0,1,53.9064749830826,10.544611749602,1.39127127035054,2.09521851799774,56.5827740550137,60.5827740550137,4,1,1,60.5827740550137
4120,17,0,0,59.058639268741,12.2386077942647,2.73859183854661,-0.385798112396893,61.7644957233017,65.7644957233017,4,0,0,61.7644957233017
4121,17,0,1,38.6672923664466,6,-1.72437401403539,0.355842662188785,33.5525565851712,37.5525565851712,4,0,0,33.5525565851712
4122,17,1,0,37.3800394796649,12.862747599412,0.282121158800106,-0.0615305093525917,44.4197441312356,48.4197441312356,4,1,1,48.4197441312356
4123,17,0,0,58.1193689573749,13.0612064385751,-0.918959356567243,1.17864682320388,51.6212567544608,55.6212567544608,4,1,1,55.6212567544608
4124,17,0,0,59.7719561634875,12.1835677192857,0.313199866246962,0.279231495060663,59.8142280097627,63.8142280097627,4,1,1,63.8142280097627
4125,17,0,0,49.0289828093025,15.13367084477,-1.34238729544242,1.06106204343161,48.1277445246531,52.1277445246531,4,0,0,48.1277445246531
4126,17,1,0,56.1965782071369,9.82426519928045,-0.319153038176987,1.63803788238551,53.5142084512051,57.5142084512051,4,1,1,57.5142084512051
4127,17,0,1,34.9599618519347,13.3834003286693,0.366430405763088,0.459903339352777,38.3311203057469,42.3311203057469,4,0,0,38.3311203057469
4128,17,0,1,32.5681626861547,11.167285038287,0.899300532962677,-1.19694094976425,41.3492496839523,45.3492496839523,4,0,0,41.3492496839523
4129,17,0,1,64.5373298246377,15.5545682244239,0.341724550922774,2.29653063804987,59.5242003037187,63.5242003037187,4,0,0,59.5242003037187
4130,17,1,0,50.8256018739609,10.8196072833128,-0.831502130653053,-0.0275852825719807,41.5686418775873,45.5686418775873,4,1,1,45.5686418775873
4131,17,1,0,61.4988325454552,15.2684075410317,1.46981075666274,-0.75343110680705,66.75278206805,70.75278206805,4,1,1,70.75278206805
4132,17,0,0,47.4621703386607,9.7950399173008,1.27007899122168,-0.852526311115976,48.7605715432629,52.7605715432629,4,0,0,48.7605715432629
4133,17,0,0,61.7815764085392,15.2625712954819,-1.23697400005739,1.03328729476845,58.7776721634248,62.7776721634248,4,0,0,58.7776721634248
4134,17,0,0,51.0678016652785,11.8022203999546,-0.956375019658676,0.00297523818734875,46.4204349483191,50.4204349483191,4,1,1,50.4204349483191
4135,17,0,1,51.7834749572647,10.5899062475202,0.544670584476659,-1.12567072348466,53.4209053165556,57.4209053165556,4,0,0,53.4209053165556
4136,17,0,1,50.7190498671565,15.8956536155998,0.758282758391771,0.539271193821857,51.2014262504959,55.2014262504959,4,1,1,55.2014262504959
4137,17,0,0,48.5245821912071,16.1891233834624,1.01406437888234,-1.55315992347561,50.6781958264071,54.6781958264071,4,1,1,54.6781958264071
4138,17,0,1,50.674153126569,12.5774839502463,1.60789219385359,-0.101131663677435,41.4385010590123,45.4385010590123,4,0,0,41.4385010590123
4139,17,0,1,45.0406263401464,14.2070784747369,-1.46461662778777,1.19676032994653,40.590921146332,44.590921146332,4,1,1,44.590921146332
4140,17,0,0,52.2196414015122,12.5745548369937,0.337791589503833,0.399731215094758,43.3716480947364,47.3716480947364,4,1,1,47.3716480947364
4141,17,1,0,56.41253267793,12.2283632947074,-0.463396456098254,-0.471422272671566,48.692445969393,52.692445969393,4,1,1,52.692445969393
4142,17,0,1,43.923664540493,6,-1.13409070251871,0.820182103311508,34.5919528073978,38.5919528073978,4,0,0,34.5919528073978
4143,17,0,1,50.9390890292383,13.1793470186623,0.769853255911064,0.206312193985769,49.4022794710547,53.4022794710547,4,0,0,49.4022794710547
4144,17,1,1,49.4584906754718,9.87500446144123,-0.340519885053185,0.96586547676448,43.4901824131214,47.4901824131214,4,0,0,43.4901824131214
4145,17,1,0,47.014822793308,15.3577604884574,1.65265979786702,-2.8388629623036,47.9141898068531,51.9141898068531,4,1,1,51.9141898068531
4146,17,0,1,40.3848465512669,13.545464907495,-0.581517672480399,-2.51057168933305,30.4157883118402,34.4157883118402,4,1,1,34.4157883118402
4147,17,1,0,51.1971187313588,11.5178023764589,-1.18638190242642,-0.234561896065218,40.8252283549629,44.8252283549629,4,1,1,44.8252283549629
4148,17,1,1,45.6201031911743,12.2872266526318,0.447244330795946,-0.0702424315377529,43.365994023787,47.365994023787,4,1,1,47.365994023787
4149,17,1,1,44.1892704099751,16.1456969719175,-0.612351942261347,-0.00901160548175082,52.3422986785523,56.3422986785523,4,0,0,52.3422986785523
4150,17,0,1,52.8451838738095,13.8111934244112,-0.649404221777224,-0.0366943390152851,55.081915585987,59.081915585987,4,1,1,59.081915585987
4151,17,0,0,56.7535063038025,14.5859178373246,1.51354063013075,-1.41221131326409,55.4556196631986,59.4556196631986,4,1,1,59.4556196631986
4152,17,0,0,59.0683387893829,11.1118106024489,0.288791285524961,0.0936947823270081,48.0694262395894,52.0694262395894,4,1,1,52.0694262395894
4153,17,1,0,52.1943145185093,12.752756595565,0.0833078036854697,0.0958495477111688,50.6496388213449,54.6496388213449,4,0,0,50.6496388213449
4154,17,1,0,61.2147313432157,11.0808550971403,1.48069310643707,-0.233791089439997,58.2908665765531,62.2908665765531,4,1,1,62.2908665765531
4155,17,1,0,59.3922550026891,14.1461396099855,0.720297979821588,-0.353840249422232,56.3947515136182,60.3947515136182,4,1,1,60.3947515136182
4156,17,1,0,45.432677547418,10.1056042842443,-0.762134837222337,0.0795514910606161,36.2104841345793,40.2104841345793,4,0,0,36.2104841345793
4157,17,0,0,54.2592528524338,13.1425021502244,2.16549133131711,0.790308080444455,59.0816523605969,63.0816523605969,4,0,0,59.0816523605969
4158,17,1,0,46.9697258725653,9.68765774815456,-0.296406432568777,-0.423624408907272,42.6738733128629,46.6738733128629,4,1,1,46.6738733128629
4159,17,0,0,36.3820034165171,13.4664950223939,0.966031725762107,-1.17653287987046,37.2550790389672,41.2550790389672,4,0,0,37.2550790389672
4160,17,1,0,65.5051529588895,14.3232353532102,-0.666422459276223,0.963034267643169,56.1121930313406,60.1121930313406,4,1,1,60.1121930313406
4161,17,0,0,63.0776389970383,15.7039964260917,0.613417428812506,-1.51076320893579,55.8724537598952,59.8724537598952,4,0,0,55.8724537598952
4162,17,1,1,48.4183297182774,12.6840257690137,2.44210145663808,-0.43380632338015,48.6345091760462,52.6345091760462,4,1,1,52.6345091760462
4163,17,1,1,47.5346999483889,15.3827872454558,1.2601250328649,0.915645340842835,54.6312010351545,58.6312010351545,4,0,0,54.6312010351545
4164,17,1,0,43.686026677065,12.5917866200054,-0.540919608371,-1.55738604520655,42.1794152877063,46.1794152877063,4,0,0,42.1794152877063
4165,17,0,0,58.7311244440587,13.7409344895066,-0.936603341584788,-0.547744092803167,53.1965194649218,57.1965194649218,4,1,1,57.1965194649218
4166,17,1,0,29.6798117907405,9.02700757269722,-0.301661205248326,0.12934572039437,35.3971174448865,39.3971174448865,4,0,0,35.3971174448865
4167,17,0,1,28.164937777525,9.48312443352556,-0.104904148918117,-1.3340943108985,28.9810837876776,32.9810837876776,4,1,1,32.9810837876776
4168,17,0,1,45.6700829239956,8.62336723362214,0.412314686381373,-1.14291265012149,39.7106137822346,43.7106137822346,4,1,1,43.7106137822346
4169,17,1,0,57.8692316778535,14.1945265243646,1.91255796870089,1.26953604856787,57.7494565675833,61.7494565675833,4,0,0,57.7494565675833
4170,17,1,0,49.3319040194951,12.4136224775004,0.714420048515636,2.374132976329,58.1200172762267,62.1200172762267,4,1,1,62.1200172762267
4171,17,0,0,47.4384654840353,13.9275352163685,-0.41677422644822,0.942475772198593,48.8268544619181,52.8268544619181,4,0,0,48.8268544619181
4172,17,1,0,57.317628331238,11.6063771095061,-0.688811132506781,0.200240591543987,45.7655950969397,49.7655950969397,4,1,1,49.7655950969397
4173,17,1,0,47.059154452445,11.138869389259,0.869256881475185,0.29260108285912,51.6690290219027,55.6690290219027,4,1,1,55.6690290219027
4174,17,0,1,48.9402249858276,10.418728171078,-0.103539934526973,0.167109273501562,50.4120518859527,54.4120518859527,4,0,0,50.4120518859527
4175,17,1,0,54.8703009405538,11.8900123434269,0.119519916253816,0.83430493089155,51.4476271480529,55.4476271480529,4,1,1,55.4476271480529
4176,17,0,1,41.555986634419,10.8756433167022,-0.379868944651961,-0.783361401621649,36.3394374961128,40.3394374961128,4,1,1,40.3394374961128
4177,17,0,0,42.6769974232431,12.980368430973,0.42662073515841,-0.0035386147629285,36.0159270309298,40.0159270309298,4,0,0,36.0159270309298
4178,17,1,0,57.0396417281442,13.3500401775837,1.02435738574497,0.435811329064689,51.3550186629279,55.3550186629279,4,1,1,55.3550186629279
4179,17,1,0,39.9613638737419,6,-0.370375563127684,-1.18468772426632,33.2099810249817,37.2099810249817,4,0,0,33.2099810249817
4180,17,1,1,58.1207246877096,13.8693366422239,0.230721958291404,0.587150508390387,57.8989632331875,61.8989632331875,4,0,0,57.8989632331875
4181,17,1,0,54.5469334459909,14.2226767311692,-1.98098787672552,0.691766680885412,53.9957607871293,57.9957607871293,4,0,0,53.9957607871293
4182,17,0,0,54.8514421059341,11.1616400822849,0.849536088911456,-0.114327174892616,50.1632880721524,54.1632880721524,4,1,1,54.1632880721524
4183,17,1,0,59.441378131495,13.5948717185975,1.29719488223143,1.12227044058267,63.6620862726598,67.6620862726598,4,1,1,67.6620862726598
4184,17,0,1,52.4340372810992,17.0673489174714,1.64929679402143,0.230065100594703,50.9064951233564,54.9064951233564,4,0,0,50.9064951233564
4185,17,0,1,32.9634264430426,17.0468379531604,1.12720071096832,-1.22143346042188,39.9150603868336,43.9150603868336,4,1,1,43.9150603868336
4186,17,0,0,59.871138494888,11.2455603787849,-0.5143356138438,2.35022602577506,60.4435308691933,64.4435308691934,4,0,0,60.4435308691933
4187,17,0,0,51.5044715390021,9.99194427707694,0.182241104922523,2.14287624332364,55.7816387963681,59.7816387963681,4,0,0,55.7816387963681
4188,17,0,0,62.0717338272572,12.7000185144566,-0.38684052414669,1.42563554439068,62.1571940420717,66.1571940420717,4,0,0,62.1571940420717
4189,17,0,0,52.7469410046792,15.0717335912969,0.120362958236098,2.06392815275318,56.1502471041146,60.1502471041146,4,0,0,56.1502471041146
4190,17,0,1,44.0725999117057,11.7491968341077,0.189511405977238,-1.14518318191121,39.3746601665943,43.3746601665943,4,0,0,39.3746601665943
4191,17,1,0,51.6334653630423,12.2170336001818,-1.92230685433355,-0.412880846370139,50.9661861039236,54.9661861039236,4,0,0,50.9661861039236
4192,17,1,0,57.7049422466869,11.2915930792786,-0.317521094342559,-0.488203931899268,53.9107667425572,57.9107667425572,4,0,0,53.9107667425572
4193,17,1,0,41.4552532897872,15.4296826885225,-0.679173216328692,-0.590679154385723,34.8153974023093,38.8153974023093,4,0,0,34.8153974023093
4194,17,0,1,48.5150457683481,13.737358854787,0.552254670687026,1.57125486409036,48.8736450710969,52.8736450710969,4,1,1,52.8736450710969
4195,17,0,0,55.0449787989927,11.2003162300035,-0.148577948199944,0.226808209912283,41.5544689618397,45.5544689618397,4,1,1,45.5544689618397
4196,17,0,0,53.3638286149477,11.2465379935381,-0.00135368758942215,0.871665807576227,51.621535548842,55.621535548842,4,0,0,51.621535548842
4197,17,1,0,56.2162845035976,12.1096435755055,1.17521738369203,1.54465016373778,51.6430779304209,55.6430779304209,4,0,0,51.6430779304209
4198,17,0,0,40.9288828395429,14.5922448066689,-0.102439970779947,-0.663956521221441,43.9371936617967,47.9371936617967,4,1,1,47.9371936617967
4199,17,0,1,50.3873393964173,12.714329829168,0.162302238157493,1.05576048054553,52.2638493000918,56.2638493000918,4,0,0,52.2638493000918
4200,17,1,0,41.6978633728164,9.28308040434149,-0.657644434634448,-0.232492807820936,40.3710966289549,44.3710966289549,4,1,1,44.3710966289549
4201,17,0,0,53.8593149142032,13.7555112407849,-0.232846106503768,-0.69845719480453,44.4559581292358,48.4559581292358,4,0,0,44.4559581292358
4202,17,1,0,45.7601503211489,12.0605178766479,0.228748225701144,-0.756351925459937,46.4654757634026,50.4654757634026,4,1,1,50.4654757634026
4203,17,1,0,45.3378764345301,12.4937437386337,0.326200003366064,-1.70079648345248,37.9066835904948,41.9066835904948,4,0,0,37.9066835904948
4204,17,0,0,53.9892253921244,11.0400666660597,-0.388376629159588,0.720178568375511,51.2065349423447,55.2065349423447,4,1,1,55.2065349423447
4205,17,0,0,49.8721099192659,14.3203458553989,1.39597382713919,-0.155481453202,52.7455532684156,56.7455532684156,4,1,1,56.7455532684156
4206,17,0,0,46.7359501210559,12.212400074058,0.106029210327772,1.39785394024011,47.6615671720535,51.6615671720535,4,0,0,47.6615671720535
4207,17,0,1,42.303375076433,10.0330945378145,-0.633567150238243,0.87024895615849,32.429129591347,36.429129591347,4,0,0,32.429129591347
4208,17,1,1,56.1744465568376,14.0352959912337,0.769732704684155,0.749492619295328,47.9502217185067,51.9502217185067,4,0,0,47.9502217185067
4209,17,0,0,67.2696574550705,18.4638603885148,2.24771820967145,1.19676975193528,71.8423953611021,75.8423953611021,4,1,1,75.8423953611021
4210,17,0,1,49.787927892634,9.9261141907449,0.4107728555235,0.264242723113007,40.6040257761797,44.6040257761797,4,1,1,44.6040257761797
4211,17,0,1,41.9903973015796,12.219660697257,-0.0521483397473957,-0.762556200923539,44.6482340924014,48.6482340924014,4,0,0,44.6482340924014
4212,17,1,0,35.9556109662788,16.1087135564694,-1.09715806263684,0.163066537487261,40.178961942009,44.178961942009,4,0,0,40.178961942009
4213,17,0,0,56.3795632527656,13.9850793237024,0.311916527441845,0.0636005888749564,52.6529832006477,56.6529832006477,4,0,0,52.6529832006477
4214,17,0,0,56.2965238583724,11.3753432663612,0.750352245184554,0.20003641632152,50.2424267976793,54.2424267976793,4,1,1,54.2424267976793
4215,17,1,0,37.7169573174133,9.43823805298808,-0.961011502186539,-0.275952058764951,37.1428529375704,41.1428529375704,4,0,0,37.1428529375704
4216,17,0,0,48.329241216034,11.5423596312029,-0.637686749173341,0.231490283922506,44.9488916994931,48.9488916994931,4,0,0,44.9488916994931
4217,17,0,0,41.694379584466,7.39970779273586,-2.14489766366842,1.70502889512135,37.4780447396213,41.4780447396213,4,1,1,41.4780447396213
4218,17,0,0,50.0027436707988,10.6413709891045,-0.333916573613051,-0.617955367463554,48.1847227688106,52.1847227688106,4,1,1,52.1847227688106
4219,17,1,1,53.4626025647787,7.40767195274179,-0.55659146625895,0.288150510751112,46.1063993721122,50.1063993721122,4,1,1,50.1063993721122
4220,17,0,1,52.9431535429233,10.7608355875022,-0.308441041354424,-1.05823985445839,50.0345782308072,54.0345782308072,4,0,0,50.0345782308072
4221,17,0,0,44.5632429935644,6.56887001665566,0.753486855632686,0.782620030921352,43.0454166178438,47.0454166178438,4,1,1,47.0454166178438
4222,17,0,0,42.4106125152089,11.2135504035931,0.0385236820185134,0.445254371211452,42.5319834220449,46.5319834220449,4,1,1,46.5319834220449
4223,17,1,0,44.1845769267585,13.6027474912718,0.553959450485589,-1.08003385557934,38.1828887509149,42.1828887509149,4,0,0,38.1828887509149
4224,17,0,1,46.19295958621,12.2940889744377,1.05398445750793,-0.428880263840389,40.552841191203,44.552841191203,4,1,1,44.552841191203
4225,17,1,0,46.8078323969806,12.6105988752212,-0.0327863052547855,1.9862008651186,50.7959382838622,54.7959382838622,4,1,1,54.7959382838622
4226,17,0,0,59.9686413494001,11.0943659445451,0.697587796939885,1.99410170251156,48.5456108711097,52.5456108711097,4,1,1,52.5456108711097
4227,17,1,0,46.0849584422653,12.5822214747123,-0.597799014093484,0.981904890602321,43.4705993725792,47.4705993725792,4,0,0,43.4705993725792
4228,17,1,0,45.0521433596603,9.73470171175626,-0.665992819291596,-1.51078203220409,43.2671920135381,47.2671920135381,4,1,1,47.2671920135381
4229,17,1,0,34.7342290306174,15.4336546748209,0.309207340359261,-0.203002250993249,41.9270938106939,45.9270938106939,4,1,1,45.9270938106939
4230,17,0,0,53.2617633466324,13.5863761706853,1.04162879627959,0.151557199276551,47.6597251921982,51.6597251921982,4,0,0,47.6597251921982
4231,17,0,0,60.8139870911543,10.7728764445866,0.524117661509912,-0.947216677944193,52.712488286832,56.712488286832,4,1,1,56.712488286832
4232,17,0,0,65.1329389267178,12.4169999592081,0.441602468882182,0.0675156016118914,47.9659772121373,51.9659772121373,4,0,0,47.9659772121373
4233,17,1,0,38.129223112813,14.0929647915607,-1.15128562128508,-1.74502907028195,31.1731914187959,35.1731914187959,4,0,0,31.1731914187959
4234,17,0,1,52.778262434476,13.6181859240305,-0.26575849530125,0.36127392100092,46.0432710156533,50.0432710156533,4,0,0,46.0432710156533
4235,17,1,0,41.7021126975034,15.3280163936906,-0.793308938686784,0.114358599713501,44.4575907020827,48.4575907020827,4,1,1,48.4575907020827
4236,17,0,0,56.6446256481424,15.3287062680484,1.19233928155332,0.337632495602662,61.3941322630946,65.3941322630946,4,1,1,65.3941322630946
4237,17,1,0,44.9883485850097,12.6844280662074,0.387439078911167,-2.2797641178872,43.5457984560104,47.5457984560104,4,1,1,47.5457984560104
4238,17,1,1,56.068771648493,13.9334162565782,0.420511739531396,0.0663605883632207,47.1510687407848,51.1510687407848,4,1,1,51.1510687407848
4239,17,1,1,55.7769711828648,16.4962351600217,0.868265276442233,0.00557651498575919,53.1287732268287,57.1287732268287,4,0,0,53.1287732268287
4240,17,1,0,33.2928014864806,6,-1.34381421071766,-0.700932823240687,26.7227385081385,30.7227385081385,4,1,1,30.7227385081385
4241,17,0,1,50.2812933206205,14.8349109326029,2.53477564480192,-1.15784707812053,53.2253135959092,57.2253135959092,4,0,0,53.2253135959092
4242,17,0,0,47.037947153409,11.9753135271664,-0.491140012846994,0.511875777488548,41.7401397013675,45.7401397013675,4,1,1,45.7401397013675
4243,17,1,0,56.8878882129292,11.9544074348579,-0.899341710849323,0.983980447776669,48.9416158109014,52.9416158109014,4,1,1,52.9416158109014
4244,17,0,0,67.5328701726888,12.0150608661209,-0.631201366388394,1.06343323737997,50.2125825125997,54.2125825125997,4,1,1,54.2125825125997
4245,17,0,0,48.7277841446988,15.1206330159297,1.43549669830652,-1.04650388162457,50.6465581803334,54.6465581803334,4,0,0,50.6465581803334
4246,17,0,1,51.0184700655299,10.659149093368,-0.137389622732871,-1.95608873112523,41.3995339347416,45.3995339347416,4,0,0,41.3995339347416
4247,17,0,0,34.7850560332466,8.66620340474467,-1.4357410187964,-0.44125372586341,24.901365052209,28.901365052209,4,1,1,28.901365052209
4248,17,0,0,52.1359421827683,11.9904785758872,-0.204238844681154,1.56584649302193,43.6875240979478,47.6875240979478,4,0,0,43.6875240979478
4249,17,0,0,55.035657300935,13.453141545908,0.642748508106076,-0.358134244204903,54.8790865465017,58.8790865465017,4,1,1,58.8790865465017
4250,17,1,0,58.6994971570091,12.4967609985576,0.345432552452868,-0.480641857366265,61.2002501187475,65.2002501187475,4,1,1,65.2002501187475
4251,18,1,1,57.3792151346336,14.3209141664469,0.424188640248583,1.0113853445531,61.1691625909595,65.1691625909595,4,0,0,61.1691625909595
4252,18,0,1,48.5535133101259,11.848081517861,0.827584842798605,0.155609992123079,49.2711834328756,53.2711834328756,4,1,1,53.2711834328756
4253,18,0,0,72.9832115606661,16.2989586256194,-0.366510509507925,2.69790169473046,71.4468828314903,75.4468828314903,4,1,1,75.4468828314903
4254,18,1,0,46.3870636228249,11.3209485962054,-0.400313382531509,-0.633123791691922,52.4529346076474,56.4529346076474,4,1,1,56.4529346076474
4255,18,1,1,56.9617754942673,12.4045941672494,0.924239403856166,-0.424668028351827,52.9175278311266,56.9175278311266,4,1,1,56.9175278311266
4256,18,0,1,48.2105457756343,16.3763944511472,0.923072011540664,-0.362202752112625,46.2028385990652,50.2028385990652,4,0,0,46.2028385990652
4257,18,1,0,47.3927240790589,11.7311590627753,0.299780638348982,-0.245220058644328,46.3158334137807,50.3158334137807,4,0,0,46.3158334137807
4258,18,0,0,41.6218974585022,16.8346473616819,2.28746961599723,-2.24489418216861,46.3865400906091,50.3865400906091,4,0,0,46.3865400906091
4259,18,1,0,50.3821164991004,10.8291267072945,-0.718164255979006,-1.9715358638048,40.8824317955848,44.8824317955848,4,1,1,44.8824317955848
4260,18,1,0,52.0740418463368,11.4045623382725,0.582780780758661,0.778709337237318,44.9870963818254,48.9870963818254,4,1,1,48.9870963818254
4261,18,1,0,54.6623991935973,17.5766757074553,0.683498965211798,0.942787957297466,64.9788585058009,68.9788585058009,4,0,0,64.9788585058009
4262,18,0,1,55.5102565277727,16.5382489468195,0.119276842576037,0.843802253416106,59.5028525722815,63.5028525722815,4,1,1,63.5028525722815
4263,18,1,1,56.0353952309991,13.7433637569358,0.442688610971061,1.28299225460301,58.9088814631193,62.9088814631193,4,1,1,62.9088814631193
4264,18,0,1,43.9091118111638,9.29981989817861,0.941500660308008,-0.914841867461897,40.8934864638909,44.8934864638909,4,1,1,44.8934864638909
4265,18,1,0,47.0269738982666,14.106029973377,1.23867929402516,-0.134838240413499,49.1443497209702,53.1443497209702,4,1,1,53.1443497209702
4266,18,0,1,61.9376403965445,12.7276397946457,-0.818982395249456,1.85418625979235,52.2952084065173,56.2952084065173,4,1,1,56.2952084065173
4267,18,1,1,40.2236770371586,11.0129238484209,-0.465196485413975,0.510383662734252,45.7385921816448,49.7385921816448,4,1,1,49.7385921816448
4268,18,0,0,45.836456674274,11.4212056172773,1.05725543409565,0.963065068884245,48.7265040880979,52.7265040880979,4,1,1,52.7265040880979
4269,18,0,0,56.9571912417438,7.70036070317311,-0.59030167693219,0.728536090516282,54.5083037861805,58.5083037861805,4,1,1,58.5083037861805
4270,18,1,0,43.1364884790092,11.6497984654272,0.26461389995291,0.456994420826169,48.2811400871663,52.2811400871663,4,0,0,48.2811400871663
4271,18,0,1,38.6822814387721,11.8381298023995,-0.996480843093889,-0.958942549734809,31.2186331958477,35.2186331958477,4,0,0,31.2186331958477
4272,18,0,1,63.5544597364894,9.0852837213377,-1.56456821501541,1.64751389098157,49.2035700407141,53.2035700407141,4,1,1,53.2035700407141
4273,18,1,0,63.8802970882921,13.407749924784,0.855521822509983,-0.344561217021347,62.6787752248922,66.6787752248922,4,1,1,66.6787752248922
4274,18,0,0,41.9031607883583,11.3967614986649,-1.17855683914967,-0.772898594166369,39.0898413219683,43.0898413219683,4,1,1,43.0898413219683
4275,18,1,1,60.9092701650655,13.195704998148,-0.398321630274789,1.15401721514614,62.2399963785807,66.2399963785807,4,1,1,66.2399963785807
4276,18,0,0,33.9358775048332,10.9253151677734,-1.17321375712916,-2.3264363633117,27.2874552984666,31.2874552984666,4,1,1,31.2874552984666
4277,18,1,1,46.2018892832211,11.7579617350645,-0.31769197985002,-1.37412332187917,46.8117777054104,50.8117777054104,4,0,0,46.8117777054104
4278,18,0,0,56.8949049601947,12.8936776265276,0.485102603511597,0.180708330673997,50.6704763057249,54.6704763057249,4,1,1,54.6704763057249
4279,18,1,1,45.9646505204464,11.6094072939333,-1.08305417716411,-0.288857465227649,42.6426857906533,46.6426857906533,4,0,0,42.6426857906533
4280,18,1,0,49.432715817244,10.5024062408329,-0.851079043776017,-0.155121208549865,41.5382971655688,45.5382971655688,4,1,1,45.5382971655688
4281,18,1,0,51.4192823748329,15.8190608301355,0.713137942226658,-0.945022312550741,52.3237636750273,56.3237636750273,4,0,0,52.3237636750273
4282,18,0,0,56.623151300139,12.4853419744909,0.02026528436949,0.014986419387156,55.7730893285648,59.7730893285648,4,1,1,59.7730893285648
4283,18,1,0,51.3732812288309,10.9712378263224,0.0867239411381375,-0.459143949429289,49.1411646671107,53.1411646671107,4,0,0,49.1411646671107
4284,18,1,0,58.901346542436,9.28187015267149,-0.749268001608133,-0.275071850717242,55.0892200616264,59.0892200616264,4,0,0,55.0892200616264
4285,18,1,0,52.6551763620507,15.5760202769539,1.1651261306733,0.770679636711128,58.3868279624756,62.3868279624756,4,1,1,62.3868279624756
4286,18,0,0,43.9242074342543,12.6123482476625,-0.184242877593877,-0.295121473588414,41.3181133719623,45.3181133719623,4,0,0,41.3181133719623
4287,18,0,1,55.3115835517305,14.9733565506798,2.73517467595532,-0.236906194271763,54.467969308354,58.467969308354,4,1,1,58.467969308354
4288,18,1,0,56.6684875161027,12.4153016871914,0.00320813792007003,0.33502745578733,55.664009139156,59.664009139156,4,1,1,59.664009139156
4289,18,0,1,52.5620172461131,9.59474794655344,-1.08085132629378,-0.557044541003168,43.5626798481875,47.5626798481875,4,1,1,47.5626798481875
4290,18,0,0,41.9451378700873,8.76124868176129,-1.31403304825155,-0.15973253884387,34.2797387840442,38.2797387840442,4,1,1,38.2797387840442
4291,18,0,1,42.0298949212286,9.5785833594323,-0.351905547513515,-1.9743830652911,32.4497875459554,36.4497875459554,4,0,0,32.4497875459554
4292,18,0,0,54.3000009509608,12.8435418624523,-1.21576771559398,-1.03935731299229,44.0134581127244,48.0134581127244,4,0,0,44.0134581127244
4293,18,0,0,63.237940757253,14.5317396794425,0.241808191580074,1.83899157414466,61.8449185929693,65.8449185929693,4,0,0,61.8449185929693
4294,18,0,0,61.6312682410526,13.02032143796,0.116805843065308,2.01249672595909,59.4215513105658,63.4215513105658,4,0,0,59.4215513105658
4295,18,1,0,55.3631818338325,10.1229406237604,-0.112041402844697,0.27146626394662,51.6159362130499,55.6159362130499,4,0,0,51.6159362130499
4296,18,1,1,36.2801811228959,9.32565141813443,-0.335745913068668,0.640268383316725,33.095607625751,37.095607625751,4,1,1,37.095607625751
4297,18,1,0,54.8277768290985,13.6572885329953,-0.11225573259301,-0.612340785261027,50.7530964040005,54.7530964040005,4,1,1,54.7530964040005
4298,18,0,0,46.2972773707906,12.2468279469966,0.904164265222602,0.321148050117778,49.1135372679885,53.1135372679885,4,0,0,49.1135372679885
4299,18,1,0,42.0843902289309,8.77623662971512,-0.602739256977538,0.110356765738874,43.6110873462003,47.6110873462003,4,1,1,47.6110873462003
4300,18,1,0,64.7980948971719,12.4588601793116,-0.185499216530175,-1.75232467229699,57.0040348543543,61.0040348543543,4,1,1,61.0040348543543
4301,18,1,0,46.0616104510969,8.46530163641301,-0.0798999390456901,1.20882908579744,47.5815751437296,51.5815751437296,4,1,1,51.5815751437296
4302,18,0,0,54.445820532435,12.4061544052993,1.61160149886687,-0.0374040062603009,54.3885983700982,58.3885983700982,4,1,1,58.3885983700982
4303,18,1,1,45.8047420232538,10.8799774164011,-1.24414480208316,-0.619524255741307,35.8008929594739,39.8008929594739,4,0,0,35.8008929594739
4304,18,1,0,66.1847932419968,15.233859652392,1.11390162806382,1.52973448506449,69.256584026951,73.256584026951,4,1,1,73.256584026951
4305,18,0,0,44.61973054265,11.703450653355,-1.10295128546001,-0.578372980564502,47.3429596462152,51.3429596462152,4,0,0,47.3429596462152
4306,18,1,1,43.2498578478339,12.4928919373186,-0.890626042163684,0.0448140346376651,46.8302347928553,50.8302347928553,4,1,1,50.8302347928553
4307,18,1,0,52.9969511628151,11.8930985104762,-0.459598329470411,-0.929484561001615,48.5902766782611,52.5902766782611,4,0,0,48.5902766782611
4308,18,1,0,54.9166213710114,17.2146806628302,0.456776291767331,1.16796739133992,62.0478427837157,66.0478427837157,4,1,1,66.0478427837157
4309,18,1,1,39.830505946154,10.9407349192434,-0.0317661321535258,-0.564578207607056,34.940930620123,38.940930620123,4,0,0,34.940930620123
4310,18,1,0,60.0717111946989,16.4993151562638,0.670278889935265,0.304979349572918,61.9270723436178,65.9270723436178,4,0,0,61.9270723436178
4311,18,1,0,42.0450099171987,10.9551097315771,1.04725495293716,-2.84720090109824,42.2351449809391,46.2351449809391,4,1,1,46.2351449809391
4312,18,0,0,44.8171009400705,8.04395325037323,-1.42925842015653,0.609581349235376,44.3412809965644,48.3412809965644,4,0,0,44.3412809965644
4313,18,1,1,53.9958234880836,11.9015553482361,-0.701381738921128,2.29415016793184,46.5189814112595,50.5189814112595,4,1,1,50.5189814112595
4314,18,0,1,41.780326765935,11.0290390897802,0.451307261927904,0.975106336242853,43.2870821136177,47.2870821136177,4,1,1,47.2870821136177
4315,18,0,0,43.7870431285918,14.53675272224,0.682977193458696,0.309895170617104,54.4385447548113,58.4385447548113,4,0,0,54.4385447548113
4316,18,1,0,54.4954398383151,11.4035843939961,0.462499834680769,-0.372396411487852,45.4868612406769,49.4868612406769,4,0,0,45.4868612406769
4317,18,1,1,50.6754483149536,11.1396002303417,0.22563380265481,-0.34922105342364,49.2045094116719,53.2045094116719,4,0,0,49.2045094116719
4318,18,0,0,68.5896217059594,12.4858129475194,0.601388549589039,0.503634378036301,59.6458656670621,63.6458656670621,4,0,0,59.6458656670621
4319,18,1,1,60.5566117580254,10.8723419905169,0.685973549417974,2.10546604539311,69.3006371474006,73.3006371474006,4,0,0,69.3006371474006
4320,18,1,1,42.6128106845998,15.4172077864245,1.48041256519119,-0.915588531726412,50.7026050225817,54.7026050225817,4,0,0,50.7026050225817
4321,18,0,1,52.6421499371016,10.4492621331415,0.22522485340785,-0.768858415948766,48.1585787751719,52.1585787751719,4,0,0,48.1585787751719
4322,18,1,1,60.2288022235398,13.220643038005,1.04553553178987,-0.1832688241652,59.7938571177934,63.7938571177934,4,1,1,63.7938571177934
4323,18,0,0,48.4809806291833,10.2314324798964,-1.01599913659332,0.185135202220171,37.0018751411914,41.0018751411914,4,1,1,41.0018751411914
4324,18,0,0,53.7038026335626,13.5061632202042,-0.109284599980029,-1.18561642443863,49.5325486043372,53.5325486043372,4,1,1,53.5325486043372
4325,18,0,0,40.156481354663,13.6795876133431,0.575873744017673,0.353456579509946,44.9350421283475,48.9350421283475,4,1,1,48.9350421283475
4326,18,0,0,47.5010949350221,13.1236803055899,0.660509460041463,0.598781211406251,46.7223925951911,50.7223925951911,4,0,0,46.7223925951911
4327,18,1,0,38.7060706644299,11.6289750380954,-0.367076195441606,-1.62269405206612,35.7464093954613,39.7464093954613,4,1,1,39.7464093954613
4328,18,1,1,48.2341926699486,9.08035160116945,-0.457271316856771,2.28290168886939,48.2506365351554,52.2506365351554,4,0,0,48.2506365351554
4329,18,0,0,59.0500329320473,18.0315416251494,0.570145863761697,2.16786279065525,58.150298653923,62.150298653923,4,0,0,58.150298653923
4330,18,0,0,54.4782796798584,11.1224842849424,-1.0125985483559,-1.05658499205781,50.9634416285537,54.9634416285537,4,1,1,54.9634416285537
4331,18,1,0,51.428163276623,8.18172189788989,-1.95376917344399,0.39251429416246,40.6381320469132,44.6381320469132,4,0,0,40.6381320469132
4332,18,0,1,38.996066379162,12.7462625140217,-0.493482027530698,-0.939513947360419,34.6311126465155,38.6311126465155,4,0,0,34.6311126465155
4333,18,1,1,45.6288481690274,6,-0.315548289716247,0.00820504678968524,49.1921926524791,53.1921926524791,4,1,1,53.1921926524791
4334,18,1,1,51.9141090629551,9.80292491730668,-2.06070600939801,-0.136087226215378,36.284963774239,40.284963774239,4,0,0,36.284963774239
4335,18,1,0,56.376487279757,14.874280381347,-0.875744920529984,0.684454722739588,57.6561876908798,61.6561876908798,4,1,1,61.6561876908798
4336,18,1,0,49.8328917173005,8.598529304584,-0.210601871001404,-0.0623825820006049,50.5300390716742,54.5300390716742,4,1,1,54.5300390716742
4337,18,1,0,30.0963610172021,14.8105686033009,0.638427762410033,-1.26846554009972,42.4986175510573,46.4986175510573,4,0,0,42.4986175510573
4338,18,0,0,52.9875208513286,13.3570959300106,-0.372265213645449,0.0984483145040727,52.9661248794745,56.9661248794745,4,1,1,56.9661248794745
4339,18,0,1,35.6421568611599,10.8590504114921,-1.08082521800479,-0.953144269245311,37.1176368418055,41.1176368418055,4,0,0,37.1176368418055
4340,18,1,0,64.4948367872116,10.5583027465828,-1.31221485594395,1.12748192952018,61.3292935958312,65.3292935958312,4,0,0,61.3292935958312
4341,18,1,1,41.4547035608445,13.3872677687615,-1.03631473302819,-1.05797103763293,38.5799553532584,42.5799553532584,4,1,1,42.5799553532584
4342,18,1,0,42.1633733366452,14.5541597068138,-0.655122176196614,-0.790366285130854,50.0529836179588,54.0529836179588,4,1,1,54.0529836179588
4343,18,0,1,52.9845093329958,18.2401690160481,2.10483340713289,-0.562533394926369,57.6428219607424,61.6428219607424,4,1,1,61.6428219607424
4344,18,0,0,40.3300306552749,13.6422092259683,-0.864844615612439,-1.25244243549436,38.2573503354655,42.2573503354655,4,1,1,42.2573503354655
4345,18,1,0,40.9886942421029,12.0168602212541,-2.16796205328014,0.078497193810628,35.7539144478161,39.7539144478161,4,0,0,35.7539144478161
4346,18,1,0,52.3785538037805,13.4161394659326,-0.631347383382969,1.03587989512387,49.6781421864108,53.6781421864108,4,0,0,49.6781421864108
4347,18,0,1,46.2809083276729,16.1477236940017,0.289167299072565,-1.14489158907365,54.3972235215803,58.3972235215803,4,1,1,58.3972235215803
4348,18,0,0,46.6056691320022,15.0667124911983,0.402774490924441,0.941210363542468,65.1977132504003,69.1977132504003,4,0,0,65.1977132504003
4349,18,1,0,48.3444286381745,14.5850068581737,1.42117181316302,0.131715521866097,56.3508077065789,60.3508077065789,4,1,1,60.3508077065789
4350,18,1,0,67.2773604540024,11.0898160749662,-1.7380084815637,2.07559445721235,56.6696777333232,60.6696777333232,4,1,1,60.6696777333232
4351,18,0,0,49.8161348109373,8.02315635793982,-1.01652152563273,0.203520920614779,38.2988524748488,42.2988524748488,4,1,1,42.2988524748488
4352,18,1,0,47.8723015371881,11.7939486399046,0.449708963677419,0.28348420832329,49.4725297139259,53.4725297139259,4,0,0,49.4725297139259
4353,18,0,0,58.3582003753132,12.2298492379021,-0.337456599501406,-0.686028469177939,48.9929158115009,52.9929158115009,4,0,0,48.9929158115009
4354,18,1,1,72.9256583166012,13.5476823278319,0.45322279936769,0.963868180904072,64.3575955448613,68.3575955448613,4,1,1,68.3575955448613
4355,18,0,0,62.9402696176349,17.0369514128217,2.18181885414383,0.314780998531914,63.557997809851,67.557997809851,4,0,0,63.557997809851
4356,18,1,0,45.5347803208739,7.04292883082037,-1.69335749547493,-2.58939437779413,38.0523748457658,42.0523748457658,4,1,1,42.0523748457658
4357,18,1,1,51.8279009744815,8.50182830060349,-0.206524879131147,0.571828435098726,52.8758650309057,56.8758650309057,4,0,0,52.8758650309057
4358,18,0,1,35.4041584063219,13.8552626639012,0.826215548560496,-0.585013794953086,41.9780986603548,45.9780986603548,4,0,0,41.9780986603548
4359,18,1,1,48.793723373116,11.8043452131394,0.412287261633388,-1.09218830151399,49.5415819645661,53.5415819645661,4,0,0,49.5415819645661
4360,18,0,1,29.120505035531,8.59895614717564,0.359999000477195,-1.64871049325993,32.710228022436,36.710228022436,4,0,0,32.710228022436
4361,18,0,1,53.2504034986187,14.712496250419,-1.23559653141943,0.333188242642357,55.0132938057896,59.0132938057896,4,0,0,55.0132938057896
4362,18,1,0,55.0466895817599,13.0565353474887,0.292475791725544,0.158560585279692,53.8842241276085,57.8842241276085,4,1,1,57.8842241276085
4363,18,0,0,62.8662819068792,11.5935493690889,-0.0931316398860135,1.89964226756297,60.3549088247287,64.3549088247287,4,1,1,64.3549088247287
4364,18,0,1,60.8762253089086,11.6267337682618,-1.49496884776818,1.26351753470705,46.2607553068806,50.2607553068806,4,0,0,46.2607553068806
4365,18,0,0,54.8141984389797,7.82652816282136,-0.341582615005595,-1.62469784500149,43.4478685609137,47.4478685609137,4,0,0,43.4478685609137
4366,18,0,1,53.0106886468596,12.5296435348894,-0.295711282183983,2.83650320307355,59.2340851539133,63.2340851539133,4,1,1,63.2340851539133
4367,18,0,0,38.4131980383737,10.2486324469509,0.157756060753048,-2.04397086906542,35.623570152408,39.623570152408,4,0,0,35.623570152408
4368,18,0,0,62.02572669532,6.91372370052546,-0.756530039329143,-0.12781974135861,55.3307127148904,59.3307127148904,4,1,1,59.3307127148904
4369,18,1,0,50.4812830385236,9.32963053589137,-0.681160288605408,3.32779121639589,52.9018991547667,56.9018991547667,4,1,1,56.9018991547667
4370,18,0,0,51.3112362723732,12.9233079249679,-0.938114513603978,-1.55529527019945,45.0689050628505,49.0689050628505,4,1,1,49.0689050628505
4371,18,1,1,51.2730596025798,10.8417684809789,-1.05987177468045,0.0633307831017863,50.1837004369618,54.1837004369618,4,1,1,54.1837004369618
4372,18,1,0,59.2046839495989,13.9636962509684,0.947022279740281,1.11235913456994,63.4044655260713,67.4044655260713,4,0,0,63.4044655260713
4373,18,0,0,35.1968984983927,7.65601355305482,-1.61102156996752,-0.543646391429917,30.6426417264786,34.6426417264786,4,1,1,34.6426417264786
4374,18,1,1,46.5497663986689,13.1259324553288,-0.600601824506339,-0.437269383678404,44.4240605562901,48.4240605562901,4,1,1,48.4240605562901
4375,18,1,0,50.347620968474,11.108023889619,-0.688916992482342,-0.0197503650336421,50.6858184068347,54.6858184068347,4,0,0,50.6858184068347
4376,18,0,0,40.3146525508759,14.8426935864025,-0.523002801949065,-0.657761987828425,37.2600598367919,41.2600598367919,4,0,0,37.2600598367919
4377,18,1,0,44.1598254358043,15.4536656342277,0.344436568421591,-0.386145289743897,51.1033411801824,55.1033411801824,4,0,0,51.1033411801824
4378,18,1,0,47.5296137897638,15.8356914473097,0.972664386726208,-0.131582926046238,58.7113126054996,62.7113126054996,4,1,1,62.7113126054996
4379,18,1,1,48.489440166243,8.97461792882215,0.0198870799447135,0.161344374491247,44.4751896022796,48.4751896022796,4,1,1,48.4751896022796
4380,18,0,0,46.0630202492522,10.3888324754314,-0.996901002644727,-0.421353459747015,38.0072645105348,42.0072645105348,4,1,1,42.0072645105348
4381,18,0,1,61.9392122369652,8.82929552370873,-0.312668674563425,1.81870612239192,47.8989931772312,51.8989931772312,4,1,1,51.8989931772312
4382,18,1,1,46.5506642182611,17.3421357790714,0.193621673906358,-0.920555365584407,46.0360355535351,50.0360355535351,4,0,0,46.0360355535351
4383,18,0,1,51.8790877868286,15.4588086117762,2.16889718812489,0.894997627492049,54.1602776227016,58.1602776227016,4,0,0,54.1602776227016
4384,18,1,0,45.6927749685566,8.56368961406692,-0.442851906585907,1.21558212899825,41.9165318674775,45.9165318674775,4,1,1,45.9165318674775
4385,18,1,1,49.9342336241406,14.126009656142,-0.206712468051599,-1.17666738933104,45.6853420233103,49.6853420233103,4,0,0,45.6853420233103
4386,18,0,1,52.800905900783,15.401469533285,0.275349312304942,-1.71173452340989,46.7713457183128,50.7713457183128,4,1,1,50.7713457183128
4387,18,1,0,55.2769424391128,13.578797663578,0.286299715058248,-0.737035357775505,57.5991472638024,61.5991472638024,4,1,1,61.5991472638024
4388,18,1,1,36.2208272734615,10.7826478085443,0.321882223088059,-1.35233156146128,46.2687890816454,50.2687890816454,4,0,0,46.2687890816454
4389,18,1,0,52.9915391439002,6,-0.769137748298243,0.186630701599017,44.795840217661,48.795840217661,4,1,1,48.795840217661
4390,18,0,0,44.702479903432,12.5744432437498,0.790288063695783,-0.462610098906938,49.9394882963159,53.9394882963159,4,0,0,49.9394882963159
4391,18,0,1,48.4795436163138,10.6633981348774,0.0626813576402604,1.51099658062479,50.1005012345478,54.1005012345478,4,0,0,50.1005012345478
4392,18,1,0,59.6280605033799,12.5240037113736,0.848657538959258,-0.0966434254724531,54.566923292628,58.566923292628,4,0,0,54.566923292628
4393,18,0,0,64.1796246272108,10.3209299839246,0.801306420196631,0.33343862376131,54.5578755133955,58.5578755133955,4,1,1,58.5578755133955
4394,18,0,0,55.1174885098231,17.064704051379,-0.815722011167016,-0.850049824758633,50.8939344231202,54.8939344231202,4,1,1,54.8939344231202
4395,18,0,1,54.4542777944068,7.92144990200722,-1.6676849724617,1.25773801185597,44.3137475333885,48.3137475333885,4,0,0,44.3137475333885
4396,18,1,0,46.7844006309984,8.54975768333636,0.898311578776499,0.196122341193129,51.7482851394563,55.7482851394563,4,0,0,51.7482851394563
4397,18,1,0,62.4274153357922,16.8531677221082,-0.511310395224559,0.943890931821845,60.6096200058447,64.6096200058447,4,1,1,64.6096200058447
4398,18,1,0,37.6180501566658,9.27332203531003,-1.08078016969456,-1.1725072033801,37.9919532533811,41.9919532533811,4,1,1,41.9919532533811
4399,18,1,0,40.4796714702183,11.6566773505851,0.547041473477876,-0.94087043014792,47.7370677601288,51.7370677601288,4,1,1,51.7370677601288
4400,18,0,0,42.3928544418896,10.0902266679414,-1.30749460371828,-0.47380529325567,37.8347603156492,41.8347603156492,4,1,1,41.8347603156492
4401,18,1,1,45.7576814043568,13.9602344924875,1.20679031075661,-1.57019415724925,51.4190908740229,55.4190908740229,4,0,0,51.4190908740229
4402,18,1,0,53.546167867524,12.9239538332316,0.0508391049216795,-1.18771113033503,52.9025448688241,56.9025448688241,4,1,1,56.9025448688241
4403,18,1,0,63.2527067785666,11.2634274038387,-0.319472090669883,1.04780559927422,66.3148629505194,70.3148629505194,4,1,1,70.3148629505194
4404,18,1,0,68.5219223998631,15.1299129879873,1.94920738068928,1.76843933434317,64.0179156522607,68.0179156522607,4,1,1,68.0179156522607
4405,18,1,1,45.6771092874774,11.2890850398343,-1.93875847221568,-0.558538782065762,41.1525228011586,45.1525228011586,4,1,1,45.1525228011586
4406,18,1,0,64.3295735853657,7.80233057112591,-0.464850628770825,0.41796154184262,56.6355371999524,60.6355371999524,4,0,0,56.6355371999524
4407,18,0,0,44.2426343850911,8.03284115326478,-1.99692335364953,0.589335393231039,43.4332885968264,47.4332885968264,4,0,0,43.4332885968264
4408,18,0,1,46.2406674706884,12.0003646041275,-1.25246958003186,0.426398130499125,42.2742249088961,46.2742249088961,4,0,0,42.2742249088961
4409,18,1,0,49.545289937693,12.4034548520399,0.0912395156295078,0.312601450834317,48.9242272804573,52.9242272804573,4,1,1,52.9242272804573
4410,18,1,0,44.0387411233715,8.32128368358247,-1.76380260440559,-0.918925048807822,34.2812624584825,38.2812624584825,4,0,0,34.2812624584825
4411,18,1,0,60.692110864703,17.0724414260523,1.42430991835133,2.19664598240956,73.760862577274,77.760862577274,4,1,1,77.760862577274
4412,18,0,1,54.5814506108017,12.4007550607153,1.01694645227925,1.52868394855868,57.6675954078616,61.6675954078616,4,0,0,57.6675954078616
4413,18,0,0,43.3867684022625,14.403657057556,-0.00848232916182374,-0.549829654556343,43.878138937376,47.878138937376,4,0,0,43.878138937376
4414,18,1,0,51.1834586047299,9.6407976229492,-1.30025400973554,0.998248355425374,48.7347099598782,52.7347099598782,4,0,0,48.7347099598782
4415,18,0,0,51.0946476193113,11.1148017767828,-0.810919605945658,2.70749284827111,48.6928787448317,52.6928787448317,4,0,0,48.6928787448317
4416,18,0,0,49.9119183516831,10.0346452158257,1.73146727471077,-1.21940917609235,48.9905324378336,52.9905324378336,4,1,1,52.9905324378336
4417,18,0,1,53.2570548883922,14.6229055704351,0.94559126191639,0.168876270448776,57.4685767261127,61.4685767261127,4,1,1,61.4685767261127
4418,18,0,1,36.5788078094173,10.1512278932492,-1.10754394613228,-0.862132521191984,31.56761666082,35.56761666082,4,0,0,31.56761666082
4419,18,1,0,49.3853014037304,13.0848035716615,0.684710549943223,0.289945703758798,45.1576513259518,49.1576513259518,4,1,1,49.1576513259518
4420,18,0,1,42.7582085443609,13.9675297978332,-0.181796095960115,-0.989638666925984,39.9662935621004,43.9662935621004,4,0,0,39.9662935621004
4421,18,0,0,51.9864080843797,11.0439560028001,-0.887548673568443,-1.03202901133186,43.7565520117082,47.7565520117082,4,1,1,47.7565520117082
4422,18,1,0,59.6696231288545,11.4804362704544,-0.585707781712463,1.46038209159711,50.1586612911729,54.1586612911729,4,0,0,50.1586612911729
4423,18,1,0,54.3574845954067,9.67515331574641,-1.19652791650945,-0.408040241037222,45.5440542680454,49.5440542680454,4,0,0,45.5440542680454
4424,18,0,0,31.997245839115,9.47714666595651,-2.60648461048072,-1.8071888260749,23.3151594162882,27.3151594162882,4,0,0,23.3151594162882
4425,18,0,1,41.5608875514163,13.1990514177379,0.690884570035843,-1.95772921928534,39.5810786680183,43.5810786680183,4,1,1,43.5810786680183
4426,18,1,0,56.5374359766931,12.8207662738376,0.575840660052778,-0.270348389315456,50.8691893691734,54.8691893691734,4,0,0,50.8691893691734
4427,18,0,0,41.8352649325562,13.3145315489568,-0.825826050258577,-1.65894329510852,35.0668082929001,39.0668082929001,4,1,1,39.0668082929001
4428,18,0,1,48.4480947861247,11.9117091504888,-0.207225968452453,-0.4713886263117,41.9004580153261,45.9004580153261,4,0,0,41.9004580153261
4429,18,1,0,34.8312106962734,11.0063214305684,0.506597959464165,0.977480971371486,44.4862475081086,48.4862475081086,4,0,0,44.4862475081086
4430,18,1,1,53.4439080483202,12.6305522288128,0.0969215481279696,-0.313604451083765,45.7206571785523,49.7206571785523,4,1,1,49.7206571785523
4431,18,1,1,41.2065153271749,9.8200955246809,1.02357255142018,-0.0721710075871906,46.7598205682008,50.7598205682008,4,0,0,46.7598205682008
4432,18,1,1,30.4054492597412,8.30175109879801,-1.41917305505687,-1.99068184705766,26.8896694837191,30.8896694837191,4,1,1,30.8896694837191
4433,18,0,0,53.4333007469403,7.62648427949902,-0.00408694226463118,-0.633898132489175,49.9768421862961,53.9768421862961,4,0,0,49.9768421862961
4434,18,1,0,44.7531431394834,10.4042206268454,-1.49714428711971,-0.290465137447442,37.7064974860148,41.7064974860148,4,0,0,37.7064974860148
4435,18,1,0,46.125642255668,15.8214975245962,1.71387701793027,-0.450127297072619,46.4747036499257,50.4747036499257,4,1,1,50.4747036499257
4436,18,0,1,46.7887296848166,16.4925859036704,-0.295966116413799,0.605385253548204,53.1068857248313,57.1068857248313,4,1,1,57.1068857248313
4437,18,1,1,43.893073783205,10.0698303920537,-1.05877602949323,0.504955734344504,42.1693595910413,46.1693595910413,4,0,0,42.1693595910413
4438,18,0,0,55.7857838191609,16.2707877246137,0.299522987798725,1.42955829517308,61.0747779163652,65.0747779163652,4,1,1,65.0747779163652
4439,18,0,1,55.7710577545788,12.0443242843701,0.221501418428804,-0.2997790516968,51.7422675376736,55.7422675376736,4,0,0,51.7422675376736
4440,18,0,0,47.2054913484524,16.6137208748214,-0.000506458108273311,-0.774686972574893,44.2794757078863,48.2794757078863,4,1,1,48.2794757078863
4441,18,1,1,42.3495260037173,14.7203522699344,-1.10484580704512,-0.191151261100303,37.3446058276624,41.3446058276624,4,1,1,41.3446058276624
4442,18,1,1,49.0166958317301,11.7705339451125,-0.815130909022436,-0.128237372299318,42.2591040723185,46.2591040723185,4,1,1,46.2591040723185
4443,18,0,0,53.7999475746037,12.2832617937864,0.548661257716158,0.221845121875609,51.8849911363294,55.8849911363294,4,0,0,51.8849911363294
4444,18,1,0,48.2246472397473,12.4239295176252,0.666214074594066,-0.630458781059543,49.3267933640754,53.3267933640754,4,1,1,53.3267933640754
4445,18,0,0,61.7178409511015,8.87810754884658,-0.69429356196085,0.869761312261886,55.233614408758,59.233614408758,4,0,0,55.233614408758
4446,18,1,1,33.665973066436,11.5079422409234,0.0492231029547794,-0.846620762337966,39.5490577345865,43.5490577345865,4,1,1,43.5490577345865
4447,18,0,0,39.5163604196008,14.5524972300291,2.02271754138457,0.125387782366682,51.1596986779491,55.1596986779491,4,1,1,55.1596986779491
4448,18,1,0,39.7523049034864,10.581113962455,-0.556725431721803,0.139442120039844,41.8609351658242,45.8609351658242,4,0,0,41.8609351658242
4449,18,1,0,59.079794986485,14.9411113918939,0.773660553717232,1.47013833300329,64.4212248171801,68.4212248171801,4,0,0,64.4212248171801
4450,18,1,0,61.0700063235622,15.3091401855836,2.11421111169131,1.74207863771494,64.5017997508262,68.5017997508262,4,1,1,68.5017997508262
4451,18,0,0,46.0721619142183,9.45786884590992,-0.0936278408377871,0.146265110330683,41.2336539239709,45.2336539239709,4,0,0,41.2336539239709
4452,18,0,0,52.017920571688,13.7107443771174,1.2033237287142,0.470704520020555,53.9802670881606,57.9802670881606,4,0,0,53.9802670881606
4453,18,0,0,58.4159748074419,12.5692708761763,1.2261935424095,-0.206152128529825,60.169998354105,64.169998354105,4,1,1,64.169998354105
4454,18,1,0,65.2943670678761,17.8727487475325,1.8300810219719,1.9261867766102,63.5244772106532,67.5244772106532,4,1,1,67.5244772106532
4455,18,0,1,38.456290832077,8.64224323728144,-1.80942915345731,1.22055779991234,40.0973996511207,44.0973996511207,4,0,0,40.0973996511207
4456,18,1,0,34.6545573970365,13.2614706895883,0.244807839550082,-0.937447858882179,47.4037401637932,51.4037401637932,4,1,1,51.4037401637932
4457,18,0,1,47.5217241530441,8.73487847963702,-0.923598480283141,1.92096635125551,42.5532697255698,46.5532697255698,4,0,0,42.5532697255698
4458,18,0,1,45.6598810786896,6.44507457314836,-2.13285372498179,0.855739004191403,35.716321646454,39.716321646454,4,0,0,35.716321646454
4459,18,0,1,50.2305651287658,15.1090847214597,1.73784483687097,-0.233314347453186,47.1368618406598,51.1368618406598,4,0,0,47.1368618406598
4460,18,0,0,64.4720954978301,11.9188843458103,1.25965667119732,1.62650059445992,69.957784365278,73.957784365278,4,1,1,73.957784365278
4461,18,0,1,48.4586806820541,10.6736138983901,-0.813561630203336,1.45622119690362,41.3541908861715,45.3541908861715,4,1,1,45.3541908861715
4462,18,1,0,49.9259867319026,10.270763136262,-0.151676132163746,1.36403621645268,48.3986737018985,52.3986737018985,4,0,0,48.3986737018985
4463,18,0,0,45.2417392097756,9.0895808492661,-0.508801503913046,-0.0819241910783569,40.9160626756981,44.9160626756981,4,0,0,40.9160626756981
4464,18,1,0,50.1472926399781,13.0459709463622,1.70769728423796,-1.00499686278545,57.1937191669618,61.1937191669618,4,0,0,57.1937191669618
4465,18,1,0,42.9015948676967,10.3159014498094,-1.59440037588148,-0.799538154389937,38.6942268269622,42.6942268269622,4,1,1,42.6942268269622
4466,18,1,1,55.7599150569084,14.6087752722801,2.00695805933141,0.798966152024619,68.828711367933,72.828711367933,4,1,1,72.828711367933
4467,18,1,0,48.3615925084752,9.22622386028087,-0.841180303416019,1.44908406719396,47.1718573384655,51.1718573384655,4,0,0,47.1718573384655
4468,18,0,1,61.9677678620202,11.3637062163336,0.163873557291345,0.26304212592481,53.6806263422429,57.6806263422429,4,1,1,57.6806263422429
4469,18,1,0,52.9187760081333,10.2619486817784,-0.325367646189824,-0.731466698584453,50.5234338916735,54.5234338916735,4,0,0,50.5234338916735
4470,18,0,0,54.6378469661675,12.4667316805798,-0.886500343621122,0.137944377516208,55.7802262376464,59.7802262376464,4,0,0,55.7802262376464
4471,18,1,0,42.1743210549887,8.78527186007492,1.63523188643977,-1.14587593559881,42.8264752336794,46.8264752336794,4,0,0,42.8264752336794
4472,18,1,0,55.0559858029776,10.2913602585836,-1.38433336110937,0.0680627842408686,48.080354913649,52.080354913649,4,1,1,52.080354913649
4473,18,0,1,43.9610095065207,12.5616086223907,-0.504498066974987,-0.962975174714749,33.0113571199019,37.0113571199019,4,0,0,33.0113571199019
4474,18,0,0,50.2927092060121,8.40932279661882,0.485689124814035,-0.126760703979984,49.2979644889668,53.2979644889668,4,1,1,53.2979644889668
4475,18,1,0,48.5085982463524,10.4553015208245,0.361992897540297,1.31825366592843,53.7773890028664,57.7773890028664,4,1,1,57.7773890028664
4476,18,0,1,48.0136206277916,13.682816989763,0.666050969284893,-0.413929599275551,52.2722659050637,56.2722659050637,4,1,1,56.2722659050637
4477,18,1,0,58.3932594613281,14.6284916878982,0.296920814254075,-0.015984053373316,58.8545669648806,62.8545669648806,4,0,0,58.8545669648806
4478,18,1,0,52.6649698495267,8.53965832348861,-1.87544834204714,-0.178974141497987,39.4588884475574,43.4588884475574,4,1,1,43.4588884475574
4479,18,1,0,57.2021314624879,9.84364082927909,-0.783532180233595,1.85652272121949,56.045284452784,60.045284452784,4,0,0,56.045284452784
4480,18,1,0,46.9762437708076,15.2148758772226,0.787037586919721,-0.540821046201372,53.2098586224316,57.2098586224316,4,1,1,57.2098586224316
4481,18,1,1,48.9637683415688,12.8636367211326,0.678981510204092,0.846986388190913,46.8691472193095,50.8691472193095,4,0,0,46.8691472193095
4482,18,0,0,54.2811692875443,10.1512490720966,0.315262806805592,0.317903130638154,54.9701510611271,58.9701510611271,4,0,0,54.9701510611271
4483,18,1,0,44.3819192092422,18.0362940272719,1.41575366373904,-1.69997938084005,47.4910522699101,51.4910522699101,4,1,1,51.4910522699101
4484,18,1,0,56.4252528741406,12.628651650746,1.6503627259546,1.30938697003349,56.1049738080366,60.1049738080366,4,0,0,56.1049738080366
4485,18,1,1,35.284307783694,11.3850072125028,-0.820667546071915,-1.44016581078278,30.5593224905084,34.5593224905084,4,0,0,30.5593224905084
4486,18,1,0,53.818547693063,12.3532792444907,-1.62215719658566,0.662695352190875,44.0537705035763,48.0537705035763,4,0,0,44.0537705035763
4487,18,0,0,45.0667312977511,12.6848636116339,0.111054338010681,-0.891786121461758,47.0621284821892,51.0621284821892,4,1,1,51.0621284821892
4488,18,1,0,64.618263706938,11.1282785792066,1.27131586510225,0.469060819438645,69.4747520246844,73.4747520246844,4,1,1,73.4747520246844
4489,18,1,0,55.6023175875056,11.5288674613984,1.06892417500925,1.38749452918707,59.4981560823326,63.4981560823326,4,0,0,59.4981560823326
4490,18,0,1,52.0737235291523,10.1633461192149,-0.168233960850663,0.450427316974396,50.4173566457607,54.4173566457607,4,0,0,50.4173566457607
4491,18,1,1,49.3864446444875,12.2913747325285,-0.756581686426762,-0.00537593039393057,44.5713100187453,48.5713100187453,4,0,0,44.5713100187453
4492,18,1,1,55.7697768348353,9.66769767600178,-0.1076489055906,1.08614689403263,56.1190048014095,60.1190048014095,4,0,0,56.1190048014095
4493,18,1,0,41.5230918854724,12.847826656355,-0.325556404667003,0.0488641169179019,37.9583307020805,41.9583307020805,4,1,1,41.9583307020805
4494,18,0,0,51.085395837791,11.2231201538595,0.183137403908657,-0.908702354821457,58.940924545561,62.940924545561,4,0,0,58.940924545561
4495,18,1,0,55.3963794029668,15.2694896227788,0.920099399006875,0.128033037290486,57.4434438293755,61.4434438293755,4,0,0,57.4434438293755
4496,18,1,0,47.1817016974323,10.3506005648504,0.798692460864246,0.0597284911725366,51.6000577009408,55.6000577009408,4,0,0,51.6000577009408
4497,18,0,0,58.6768018615082,9.25686603207214,-0.3831563648222,0.232418913306498,53.0379679418113,57.0379679418113,4,0,0,53.0379679418113
4498,18,1,0,55.1433634788142,13.4779249944287,0.876004028616364,-0.0273965741470596,54.0775099466506,58.0775099466506,4,0,0,54.0775099466506
4499,18,1,0,45.7521009361992,6,-1.41991724253793,0.586971533963116,45.6616336273637,49.6616336273637,4,0,0,45.6616336273637
4500,18,1,0,54.727802179343,12.7904143946351,-0.936086762637863,-1.02842319720448,46.35432289256,50.35432289256,4,1,1,50.35432289256
4501,19,1,0,70.4841174343939,12.6642399623263,1.33875726900394,0.611674557191124,58.6420961921548,62.6420961921548,4,1,1,62.6420961921548
4502,19,1,0,56.1221964585209,13.8486708360595,1.42176896506786,0.389365178429515,51.3781798424197,55.3781798424197,4,0,0,51.3781798424197
4503,19,1,0,44.6793438077623,8.43196328710618,0.839742634366734,0.407962879895313,49.3781573364547,53.3781573364547,4,1,1,53.3781573364547
4504,19,1,1,34.0779545221848,17.255243830234,-0.189510119880279,-1.89661817710455,24.5720336595263,28.5720336595263,4,1,1,28.5720336595263
4505,19,0,0,49.3637125124149,11.0093477855448,-0.960963673064125,-1.15453624958426,37.0535322267722,41.0535322267722,4,0,0,37.0535322267722
4506,19,0,0,45.4198316488538,11.362019632388,0.340652677083649,-0.911430183637208,38.7577042152971,42.7577042152971,4,1,1,42.7577042152971
4507,19,0,0,44.5066156588838,8.76826517972892,-0.290321717169939,1.40725841911384,41.5308527447417,45.5308527447417,4,0,0,41.5308527447417
4508,19,1,1,51.56479780116,13.774518627428,0.939557508785083,0.82296643869957,54.600648524115,58.600648524115,4,1,1,58.600648524115
4509,19,0,0,65.3245829917432,9.8834799909739,0.451919816663676,1.42158532158258,52.6090258498326,56.6090258498326,4,0,0,52.6090258498326
4510,19,0,0,41.2898388143351,13.3858086489521,-0.693319573712887,-1.33007729177875,39.7773915171904,43.7773915171904,4,0,0,39.7773915171904
4511,19,1,1,38.1408716546343,8.75576169531545,0.279429048194792,-0.77203092808598,33.6670161941169,37.6670161941169,4,0,0,33.6670161941169
4512,19,1,0,37.6677327087695,8.37864401716056,0.229796091031345,-0.344681124336941,35.2936982545873,39.2936982545873,4,1,1,39.2936982545873
4513,19,0,0,48.6725873719351,15.2527984581974,1.75948253146093,0.617317277500259,44.8703083371104,48.8703083371104,4,0,0,44.8703083371104
4514,19,0,1,41.7898141292262,14.8403841866999,-0.336548184991638,-0.759752562630831,31.0342087688782,35.0342087688782,4,1,1,35.0342087688782
4515,19,0,1,50.5849979085566,9.47212709020367,-0.639431016910589,-0.794871247780612,37.6968831844928,41.6968831844928,4,1,1,41.6968831844928
4516,19,1,0,49.1410433810826,14.6780280107886,0.609918738995497,-0.769845728869562,44.5048454966966,48.5048454966966,4,0,0,44.5048454966966
4517,19,0,0,63.9860232158151,13.4371660548068,-0.0677401542727938,1.01773144137576,50.1826388523244,54.1826388523244,4,1,1,54.1826388523244
4518,19,0,0,53.2863839619972,13.7607687736274,1.14052181315236,-0.617050303921654,43.2266902291994,47.2266902291994,4,0,0,43.2266902291994
4519,19,1,0,48.9062417391483,11.2978412196044,-0.455911583692065,0.0318022697514969,48.5143103489003,52.5143103489003,4,0,0,48.5143103489003
4520,19,1,1,43.3205452723474,13.1222075306073,1.61043889532659,-1.97126222209665,36.3679425163227,40.3679425163227,4,1,1,40.3679425163227
4521,19,1,1,35.2086138259849,11.1890273966863,0.146736005206021,-0.492030863145085,32.5505070535501,36.5505070535501,4,0,0,32.5505070535501
4522,19,1,1,42.1751890643236,16.5982554920544,1.24282563331773,0.789728599347351,47.7622326273931,51.7622326273931,4,0,0,47.7622326273931
4523,19,0,0,49.9909174430507,10.2093841566075,-0.524211785274575,-0.201773965698101,33.2238881711739,37.2238881711739,4,1,1,37.2238881711739
4524,19,0,1,40.4878994468728,12.7869484174089,1.91420246476199,-0.437937466892451,36.8701986769326,40.8701986769326,4,1,1,40.8701986769326
4525,19,1,1,50.2988641207658,13.6544858733506,1.41932077144051,-0.0609491742246354,41.7201233524788,45.7201233524788,4,1,1,45.7201233524788
4526,19,0,0,41.9529422323007,14.3738452896106,1.74369762511991,-0.471999554490891,45.8961455151858,49.8961455151858,4,0,0,45.8961455151858
4527,19,0,0,57.0835519574105,13.9061862621595,0.861384004521823,1.46518609287754,49.9169442533965,53.9169442533965,4,0,0,49.9169442533965
4528,19,1,0,50.3457100653417,13.7958264943975,-0.0465082762341264,0.497364886038084,48.1044094433691,52.1044094433691,4,1,1,52.1044094433691
4529,19,1,0,49.0416760829781,12.1409999542721,-1.38225058382823,0.0555974047726094,40.5293672890286,44.5293672890286,4,0,0,40.5293672890286
4530,19,1,1,43.4966293869125,13.7940111966311,0.442415287345873,-0.818570473113071,35.098726933122,39.098726933122,4,1,1,39.098726933122
4531,19,0,1,48.9023578085017,14.0495457730447,1.07895533906145,-1.04427307852741,50.7593457570741,54.7593457570741,4,1,1,54.7593457570741
4532,19,1,0,54.3883145657127,13.6710978584106,-0.124928582706765,0.650331621997997,52.4245714163938,56.4245714163938,4,1,1,56.4245714163938
4533,19,1,1,55.3182826793305,13.7185660499424,1.33402674571285,1.30685407711721,62.7359716059463,66.7359716059463,4,1,1,66.7359716059463
4534,19,0,0,53.9271996265512,15.6368678487714,0.560650712271288,1.38688766184751,56.8318691295958,60.8318691295958,4,1,1,60.8318691295958
4535,19,1,1,37.1597947404881,13.8732289231354,0.387970859446595,-1.28856693193594,33.7070048151847,37.7070048151847,4,0,0,33.7070048151847
4536,19,0,0,38.9737003626846,6.81218008640118,-1.51309095133349,-1.0767438389154,31.0025045602259,35.0025045602259,4,0,0,31.0025045602259
4537,19,0,0,45.6328669774218,12.0718893319464,-0.267311454218034,-0.232638885689069,45.5941796590485,49.5941796590485,4,1,1,49.5941796590485
4538,19,0,0,44.1859187945446,8.02985952705067,-1.06332506602563,1.1179353244531,32.8234155124944,36.8234155124944,4,1,1,36.8234155124944
4539,19,0,1,56.8702361590893,13.587276739836,0.379657662302149,2.69096512291367,52.0122361968677,56.0122361968677,4,1,1,56.0122361968677
4540,19,1,0,42.529272496122,11.3054403639189,-0.659546466796509,-2.15557701028331,39.1111521155769,43.1111521155769,4,1,1,43.1111521155769
4541,19,1,1,36.3315994844376,12.0884035996806,-0.835882886120537,0.36804069007998,39.0186666126077,43.0186666126077,4,0,0,39.0186666126077
4542,19,1,0,37.9225244114026,9.63122271541124,-0.489891927759993,-0.432625593817102,36.1299055127758,40.1299055127758,4,0,0,36.1299055127758
4543,19,1,0,38.131675902651,10.8287952976167,-0.334497669232378,-0.792090209581939,33.7290535371872,37.7290535371872,4,0,0,33.7290535371872
4544,19,1,0,39.5059031553022,12.8086778902526,-1.37180406096474,-0.0536527199308397,42.3099389817317,46.3099389817317,4,1,1,46.3099389817317
4545,19,0,1,32.8175930394375,9.26950598728273,0.422837737229084,-0.453584028999774,30.002122707839,34.002122707839,4,0,0,30.002122707839
4546,19,0,1,34.6078764151818,8.73291695532824,0.851377032194923,-1.66083797083376,33.5347479484245,37.5347479484245,4,0,0,33.5347479484245
4547,19,1,0,45.272725010324,14.4776509134988,0.544345077047758,0.538805496983944,48.4672886068691,52.4672886068691,4,1,1,52.4672886068691
4548,19,1,0,43.3828087428788,11.3094642821156,-0.190052523828348,-0.292274840038959,38.7360117895445,42.7360117895445,4,0,0,38.7360117895445
4549,19,1,1,37.8402558481813,7.68931782780498,-1.5956144783625,0.134538746530141,30.3124467328867,34.3124467328867,4,1,1,34.3124467328867
4550,19,1,1,43.3288526287576,13.3392178057351,-0.856041743056518,0.0508232484830243,36.2097348404761,40.2097348404761,4,1,1,40.2097348404761
4551,19,1,1,35.8521769596205,11.5483291144209,-0.376670359985532,0.977607397000045,31.3721748197665,35.3721748197665,4,1,1,35.3721748197665
4552,19,0,1,45.3982846383216,14.2358603814451,1.95864333767998,-0.875890367233285,46.6053434342519,50.6053434342519,4,1,1,50.6053434342519
4553,19,1,1,46.6904831109256,10.7880429931302,-1.31965206776046,0.019852357754577,41.3442164383114,45.3442164383114,4,1,1,45.3442164383114
4554,19,1,0,48.3504088069386,11.8909617054267,-0.124605192993001,0.500887118059272,44.3497423896379,48.3497423896379,4,0,0,44.3497423896379
4555,19,0,0,42.8360425566463,11.8063765645204,0.929118349751626,-0.716471961620672,49.0305624038002,53.0305624038002,4,1,1,53.0305624038002
4556,19,0,1,38.6943022372489,11.5917086187218,0.0323041485323172,-0.582594281790179,32.8844913989803,36.8844913989803,4,0,0,32.8844913989803
4557,19,0,1,55.7761902800345,12.9998434032805,0.80480263449788,1.10598288244393,52.7648459438599,56.7648459438599,4,1,1,56.7648459438599
4558,19,1,1,45.4786661747472,11.3530885526811,1.13950440237525,0.853146996858211,45.3216204625455,49.3216204625455,4,0,0,45.3216204625455
4559,19,1,0,63.0352698124342,16.4802798531027,1.84170455895831,1.55640374333921,68.7908151218182,72.7908151218182,4,0,0,68.7908151218182
4560,19,1,0,57.3697392109501,13.8621256093823,0.22446823796728,1.32339209048507,53.4871457733458,57.4871457733458,4,0,0,53.4871457733458
4561,19,1,1,41.2583189320929,8.66320504075325,-0.689819759383835,1.16394012203447,40.9693700796709,44.9693700796709,4,1,1,44.9693700796709
4562,19,0,1,40.0608754186341,9.93443763960513,-0.459716284524883,-0.399117580297241,30.8147613658907,34.8147613658907,4,1,1,34.8147613658907
4563,19,0,1,44.4190607725566,17.0359087023678,1.96376108125792,0.67552489027832,44.6352324258374,48.6352324258374,4,1,1,48.6352324258374
4564,19,0,0,47.3678455781854,14.3687550200586,1.41774771314414,-0.784271958803637,52.5408676021921,56.5408676021921,4,1,1,56.5408676021921
4565,19,1,0,45.4455132190647,13.7246749662047,0.246493967352885,-0.439805365979208,52.2367617677402,56.2367617677402,4,0,0,52.2367617677402
4566,19,0,1,34.9465320773045,13.8064361855887,0.884905239741374,-0.756493286477809,39.0037640054446,43.0037640054446,4,0,0,39.0037640054446
4567,19,0,1,41.1898590626807,14.1387742879584,1.68557243553293,-0.697905849423694,32.8325453174101,36.8325453174101,4,1,1,36.8325453174101
4568,19,1,0,43.9918196121066,8.93640466652725,-0.43928318285363,-0.345157122430073,33.9686727515985,37.9686727515985,4,1,1,37.9686727515985
4569,19,0,1,39.2294381058734,13.6364590333265,-0.629458424342685,-0.951660668972814,27.9052266298451,31.9052266298451,4,1,1,31.9052266298451
4570,19,1,0,51.915850673436,11.2567020917133,0.948427106937703,0.55832872318794,55.1516457074157,59.1516457074157,4,0,0,55.1516457074157
4571,19,1,0,51.562917735627,12.6776587151322,0.813911042204232,1.18273053836668,51.9832092258672,55.9832092258672,4,1,1,55.9832092258672
4572,19,1,0,47.0656297861416,14.1213705005837,1.33195936212419,0.441135442286183,48.0793377387234,52.0793377387234,4,0,0,48.0793377387234
4573,19,1,1,35.2386463212304,14.2694071469505,0.374171220067341,1.56055918596067,36.6587698520843,40.6587698520843,4,1,1,40.6587698520843
4574,19,1,0,26.010145349843,8.30849881776309,0.204602878544479,-2.19591772599567,34.6598189628434,38.6598189628434,4,0,0,34.6598189628434
4575,19,0,1,41.169739776805,13.0453598253213,0.0282605091539113,0.014869413716155,39.8736410915325,43.8736410915325,4,1,1,43.8736410915325
4576,19,1,0,68.9881370113304,12.544659099692,0.589906404771486,-0.0656971502309417,64.3223652016534,68.3223652016534,4,1,1,68.3223652016534
4577,19,0,1,50.6080105338914,14.3117764442288,-0.191374737464291,-0.873014939915427,46.484658242409,50.484658242409,4,1,1,50.484658242409
4578,19,1,0,49.6720883686856,11.3028063085722,-0.739593315468199,0.752148271084052,40.0568662722667,44.0568662722667,4,0,0,40.0568662722667
4579,19,0,0,57.0921816325869,6.40806426447883,-0.896771567635302,1.83140003248405,42.4087653865759,46.4087653865759,4,0,0,42.4087653865759
4580,19,0,1,45.710003353672,11.3214032243922,0.188465544389177,0.572208639675027,45.0935451410845,49.0935451410845,4,1,1,49.0935451410845
4581,19,1,0,42.6441712639688,12.3607849745297,0.656436103220348,-0.763658689801193,46.5873004667004,50.5873004667004,4,0,0,46.5873004667004
4582,19,1,0,38.425909056649,12.4313875840834,-0.680303058280956,-0.311291890730832,30.0422376032644,34.0422376032644,4,0,0,30.0422376032644
4583,19,0,1,44.754720960009,10.2859376515804,0.165041720582803,-1.77045376589435,39.7141642039068,43.7141642039068,4,1,1,43.7141642039068
4584,19,0,0,39.1687511577731,9.51622979304024,-2.31188443422556,-0.0615660314266018,31.0763733496095,35.0763733496095,4,1,1,35.0763733496095
4585,19,0,0,42.4591777944066,13.1520443658493,0.198665264752782,-0.861640678443551,33.1233533653583,37.1233533653583,4,0,0,33.1233533653583
4586,19,1,0,49.9528899207943,10.6823605148567,-0.0232139682023118,-0.34878832741619,42.979151770061,46.979151770061,4,0,0,42.979151770061
4587,19,0,0,38.7993211699184,11.7056156069969,-0.357371217174274,-1.30240541878006,39.6747368197096,43.6747368197096,4,1,1,43.6747368197096
4588,19,1,0,39.9160586642219,13.8149396064618,0.388933309837453,-0.246142593246523,39.4589272337661,43.4589272337661,4,0,0,39.4589272337661
4589,19,1,0,53.003537314141,14.2141529281738,1.08997433401486,0.151472440730787,51.5530947915067,55.5530947915067,4,0,0,51.5530947915067
4590,19,1,0,49.1870606729873,6.89013657058522,-0.536182275231039,1.27836571973138,41.9817924940074,45.9817924940074,4,0,0,41.9817924940074
4591,19,1,0,49.5923885613943,13.1770527269183,-0.372235055720954,-0.305934478751022,53.1035944853613,57.1035944853613,4,1,1,57.1035944853613
4592,19,0,1,51.0424472341938,16.758783627433,1.19043229848549,1.26127571368813,50.066007663724,54.066007663724,4,0,0,50.066007663724
4593,19,0,1,47.9359082895608,13.9699171767606,1.78712599825186,-0.641252534018339,38.4571636595032,42.4571636595032,4,1,1,42.4571636595032
4594,19,1,0,43.5616920310593,11.3943720625604,-0.373604705400019,0.225735861199126,42.5448767383962,46.5448767383962,4,0,0,42.5448767383962
4595,19,0,1,31.1924734896655,12.6756671989546,0.394070356389947,-0.723689545763151,21.4607187947484,25.4607187947484,4,1,1,25.4607187947484
4596,19,0,0,41.2120324848165,14.673100402372,-0.064370043958055,-0.765266984571006,44.39850888496,48.39850888496,4,0,0,44.39850888496
4597,19,0,0,47.5160596816048,13.0379914291495,-1.29350362283294,-0.71256939872779,37.592625250712,41.592625250712,4,0,0,37.592625250712
4598,19,1,1,50.0119010204765,8.81595913794716,-0.19604501302237,0.650445703406654,48.4135176344422,52.4135176344422,4,0,0,48.4135176344422
4599,19,1,0,41.0686495393609,13.4728495450109,0.0489635545139055,0.694064848704888,49.9305588376672,53.9305588376672,4,1,1,53.9305588376672
4600,19,0,0,33.7829947489311,10.5068348423527,-0.118247410731779,0.0193486131315972,38.290233924654,42.290233924654,4,0,0,38.290233924654
4601,19,0,1,49.7938550805063,14.1462880057626,0.906222435655298,-0.344168578881973,44.4592646325803,48.4592646325803,4,1,1,48.4592646325803
4602,19,1,1,39.7046535278575,11.2862102231809,0.0749251169190669,-0.529592641823609,34.1885337045034,38.1885337045034,4,0,0,34.1885337045034
4603,19,0,0,46.9907785605989,9.41038413428621,-1.30456237800369,0.445741887669594,39.043053296575,43.043053296575,4,1,1,43.043053296575
4604,19,1,0,38.6656747477943,10.2321007556022,-0.863358996218799,-0.612648149885587,35.7445717950784,39.7445717950784,4,1,1,39.7445717950784
4605,19,0,0,51.1602256755508,10.6868299856356,-0.975845928409525,-0.453186117131185,46.644255870538,50.644255870538,4,0,0,46.644255870538
4606,19,0,0,48.0585519367071,9.02585105937539,0.465197561860563,0.0131191445234483,39.4350178211498,43.4350178211498,4,0,0,39.4350178211498
4607,19,0,0,46.5952336427713,10.561429594211,0.533599955789446,-0.718902368964241,35.0631230603311,39.0631230603311,4,0,0,35.0631230603311
4608,19,1,0,46.1924409076326,7.87749723651681,-1.04481996600521,-0.522843554057432,27.8854754379582,31.8854754379582,4,0,0,27.8854754379582
4609,19,0,0,41.5459487491057,12.1811081151479,0.197387241462599,-0.023530080204503,37.837630921085,41.837630921085,4,1,1,41.837630921085
4610,19,0,0,66.6930165467256,11.6486764125502,0.800285970564506,-0.23962177531746,57.1143293774327,61.1143293774327,4,0,0,57.1143293774327
4611,19,0,1,45.3990946296419,8.35503538265551,1.16563756523682,-1.67619431924334,40.742092595336,44.742092595336,4,0,0,40.742092595336
4612,19,1,0,50.7241270991713,8.84397720185985,-0.71245080330954,1.75757250791664,42.9366384085504,46.9366384085504,4,1,1,46.9366384085504
4613,19,1,1,38.2839420021837,12.0162842819786,0.0265017177720424,-0.163457748151822,37.3627521734106,41.3627521734106,4,1,1,41.3627521734106
4614,19,0,1,54.478829119204,11.9708028207062,1.5116820005023,-0.126275215385047,41.693191604286,45.693191604286,4,1,1,45.693191604286
4615,19,1,1,38.6184422031328,12.0001652298621,0.458022263339769,0.180086755196586,35.071551382906,39.071551382906,4,0,0,35.071551382906
4616,19,1,0,45.8625513448216,11.8045616516387,0.474497837503131,0.622433152420461,47.2643546544103,51.2643546544103,4,0,0,47.2643546544103
4617,19,1,0,61.5973308079994,14.6136509352173,-1.64354715109498,1.25983254624044,53.7323913791246,57.7323913791246,4,0,0,53.7323913791246
4618,19,0,0,33.6591164036444,8.51828918793549,-0.872642044246374,0.987522028204137,31.4664165687246,35.4664165687246,4,1,1,35.4664165687246
4619,19,1,1,50.8915842833702,10.1484495530599,-0.456797239999379,2.0371535464773,44.4761551996739,48.4761551996739,4,0,0,44.4761551996739
4620,19,0,0,55.7524877872513,13.0915870881034,-1.33495032849537,0.586128500061108,47.1161556021742,51.1161556021742,4,1,1,51.1161556021742
4621,19,1,1,45.7436970146405,9.3953433368329,0.315736383774215,0.0135532981870787,41.2127965790397,45.2127965790397,4,0,0,41.2127965790397
4622,19,1,0,46.2580994940663,10.5191358227246,0.508268144792159,-0.203805592194436,40.0047787896855,44.0047787896855,4,0,0,40.0047787896855
4623,19,1,1,47.4265016705273,11.1799993643873,-1.18380561288544,-0.113231760682822,30.6433903013466,34.6433903013466,4,1,1,34.6433903013466
4624,19,0,1,52.2585592613478,13.1730072241969,1.12134814069817,0.850803685810857,45.6792579384614,49.6792579384614,4,0,0,45.6792579384614
4625,19,1,0,41.3971778354825,14.0855863883925,1.05889056413111,-0.694999836539229,40.5991391664459,44.5991391664459,4,1,1,44.5991391664459
4626,19,0,0,50.9773856004873,10.9903383426293,-0.387462061441155,-0.641165885421412,42.6874163083092,46.6874163083092,4,1,1,46.6874163083092
4627,19,0,0,40.591016399674,7.1353057327413,-1.4835600219067,-0.459252020664211,27.4167939099246,31.4167939099246,4,0,0,27.4167939099246
4628,19,1,1,47.8461969670662,14.1628528411464,0.492050734464579,-0.869953382610163,42.8281590894807,46.8281590894807,4,0,0,42.8281590894807
4629,19,0,0,46.8342565101137,16.4628159425396,1.10701289490438,0.717188909431578,43.5743247681135,47.5743247681135,4,1,1,47.5743247681135
4630,19,0,0,39.466867075599,14.2111561389627,0.817220985920339,-1.54014592755514,34.7533845329573,38.7533845329573,4,1,1,38.7533845329573
4631,19,0,1,55.4685102369301,11.9426553275624,-0.231715337212326,2.11442595699301,51.052829023841,55.052829023841,4,1,1,55.052829023841
4632,19,1,1,48.2672121244058,12.5315055565256,1.96704207888348,1.69775997964747,49.0173728168874,53.0173728168874,4,1,1,53.0173728168874
4633,19,1,0,44.0614736835881,11.0189525326131,-0.550560883659976,0.280955078232232,34.6544306488721,38.6544306488721,4,0,0,34.6544306488721
4634,19,1,0,50.3690685354896,7.66152689017434,-1.37761218384626,1.08997079251128,40.7813802980318,44.7813802980318,4,0,0,40.7813802980318
4635,19,0,1,38.1480281378908,15.6241302892147,-0.796544552239761,0.779410102841264,39.7921047217002,43.7921047217002,4,1,1,43.7921047217002
4636,19,1,1,48.9988726197802,15.8288576083828,1.04650172144163,-0.649219056883346,44.0857850838264,48.0857850838264,4,0,0,44.0857850838264
4637,19,1,0,36.0234000518617,9.77448673495517,-0.675011033563679,0.289052510742893,35.2736646504351,39.2736646504351,4,1,1,39.2736646504351
4638,19,0,0,40.922707813626,10.991628797327,-1.67341229804052,-0.415866385325152,44.9411949756603,48.9411949756603,4,0,0,44.9411949756603
4639,19,1,0,58.6761404555866,12.5281076058149,0.309044343342581,1.10007759748545,47.8861507865896,51.8861507865896,4,1,1,51.8861507865896
4640,19,1,0,47.3174433804872,10.8278348598825,0.578768013405162,0.466680456451022,43.1200377475341,47.1200377475341,4,0,0,43.1200377475341
4641,19,0,0,36.2270526109902,7.82853157698431,-0.21644488108715,-1.93159368835742,24.9313993742114,28.9313993742114,4,1,1,28.9313993742114
4642,19,0,0,40.2259717194379,12.5885564555889,-1.03699618889672,-0.724853623563325,36.9091807083048,40.9091807083048,4,1,1,40.9091807083048
4643,19,1,1,36.2774191634573,12.9597822813052,0.211224674126141,0.808133168866103,39.0557708861935,43.0557708861935,4,0,0,39.0557708861935
4644,19,1,0,65.8940196141849,13.8951765832481,-0.743005750654625,-0.134294418973187,50.591640680346,54.591640680346,4,1,1,54.591640680346
4645,19,1,0,53.6039432153572,10.1741246466176,-0.547552587791771,0.63806546712371,44.4680081639745,48.4680081639745,4,0,0,44.4680081639745
4646,19,1,0,49.2017523441725,14.6348503929404,1.61130425463897,-0.0754655075767636,46.7668086513461,50.7668086513461,4,0,0,46.7668086513461
4647,19,1,0,54.7811317818406,16.880470427235,1.31685561109632,-0.497756073938206,60.4651125984481,64.4651125984481,4,0,0,60.4651125984481
4648,19,0,0,35.9451059390621,13.9607422864308,-1.16074386773321,-1.66332809759354,39.4502405596796,43.4502405596796,4,1,1,43.4502405596796
4649,19,1,1,42.9585918146611,8.60111657646984,-1.28306845972622,1.05983522618581,33.3302688432117,37.3302688432117,4,0,0,33.3302688432117
4650,19,0,0,59.0982766126546,9.94112257930499,-0.584556014506941,-0.0860224719359889,44.3542245505136,48.3542245505136,4,0,0,44.3542245505136
4651,19,0,1,46.8173467004984,10.3732875340451,-0.00723042280528641,-0.443987644264085,42.3367626474351,46.3367626474351,4,1,1,46.3367626474351
4652,19,0,0,43.9767331171769,9.26695875247314,0.403530907642969,-1.08929216706524,39.4236778049159,43.4236778049159,4,1,1,43.4236778049159
4653,19,1,0,67.7199411428821,14.5780341813051,1.47705015565043,0.0611380494572807,61.8095228353784,65.8095228353784,4,1,1,65.8095228353784
4654,19,0,0,40.6686341789963,9.35188039690931,-0.517174437862797,-0.0988327036213742,33.8154011050765,37.8154011050765,4,1,1,37.8154011050765
4655,19,1,1,51.2818005456792,11.2239315777071,0.777832303996988,1.09175019755414,38.7495230650927,42.7495230650927,4,1,1,42.7495230650927
4656,19,0,0,66.6574093288817,11.3381332548094,-0.350767698010165,-1.76401009815487,51.2109196291664,55.2109196291664,4,0,0,51.2109196291664
4657,19,1,0,62.7052169024035,12.9706967317675,-0.116852327262259,0.445185264172284,46.0106686327665,50.0106686327665,4,1,1,50.0106686327665
4658,19,1,1,36.3530455495255,12.6041177737362,0.88083682575554,0.158549034312997,39.7080330014297,43.7080330014297,4,0,0,39.7080330014297
4659,19,0,0,45.4247565866899,11.6862734374917,-0.98343606396433,1.48286634623744,41.4164600785523,45.4164600785523,4,0,0,41.4164600785523
4660,19,1,0,57.8687112361634,12.9738675380902,-0.961187852739791,0.64885058455031,55.0596946918634,59.0596946918634,4,1,1,59.0596946918634
4661,19,1,0,45.6452246296769,10.6553024187762,-1.09778011161592,-0.343741124670916,31.1527218690632,35.1527218690632,4,1,1,35.1527218690632
4662,19,0,0,30.9531131271633,8.21279387447994,-1.0221516975502,-0.121834766742778,32.3623077015395,36.3623077015395,4,1,1,36.3623077015395
4663,19,0,0,53.4257077652252,10.8716162525686,-0.71633092969365,-0.874724465155155,40.8519423393799,44.8519423393799,4,0,0,40.8519423393799
4664,19,1,0,45.3651358316997,14.5015501573475,0.672069397328111,-0.0997030873803545,47.5398128755294,51.5398128755294,4,0,0,47.5398128755294
4665,19,1,0,66.6730407756874,11.9449056018555,0.816685513566068,0.198638996434767,60.762542170596,64.762542170596,4,0,0,60.762542170596
4666,19,0,1,23.1467930701654,13.6952165691862,0.729491518076618,-1.58385940993665,34.2728946934359,38.2728946934359,4,1,1,38.2728946934359
4667,19,0,1,46.8750736432918,8.30308773103964,-1.02129028594252,-0.865173454045899,29.3488910465766,33.3488910465766,4,1,1,33.3488910465766
4668,19,0,0,65.4373506019363,16.1331833141702,0.885964909736919,1.31539465767557,59.4031154765909,63.4031154765909,4,0,0,59.4031154765909
4669,19,1,0,33.3811640345034,10.7279759979569,-0.765449398914294,-0.0962277186661761,32.603066538664,36.603066538664,4,0,0,32.603066538664
4670,19,0,1,61.5674866434756,15.2388821057518,1.54884043471951,0.648929051256038,55.6394633379454,59.6394633379454,4,0,0,55.6394633379454
4671,19,1,0,51.3134107864315,15.3367782611252,-0.629492245991445,0.798656718158274,48.8727179687254,52.8727179687254,4,0,0,48.8727179687254
4672,19,1,0,56.7139026824662,14.6033747406815,-1.05602599900727,0.279695529288286,47.833313245285,51.833313245285,4,0,0,47.833313245285
4673,19,1,1,44.4736152865533,11.5467157802464,-1.57104866552335,1.31271661467773,38.8043667715604,42.8043667715604,4,1,1,42.8043667715604
4674,19,0,0,33.7869729415699,7.01824240130565,-1.56329359066294,-0.765739999115399,32.1251350446734,36.1251350446734,4,0,0,32.1251350446734
4675,19,0,1,50.6946229935477,9.94084431207942,-0.702580588614934,-0.319561278952502,31.8315797520671,35.8315797520671,4,0,0,31.8315797520671
4676,19,1,0,44.5929230480626,10.9069619699014,-1.24612379886354,-0.857104136327775,30.3237930240891,34.3237930240891,4,0,0,30.3237930240891
4677,19,0,1,36.5457907755423,8.45089284634056,-1.57813186531125,-0.509946519073513,19.3342441522922,23.3342441522922,4,1,1,23.3342441522922
4678,19,1,0,46.726176279138,11.8520490445649,1.36689875264833,-1.82961365461166,47.802854890178,51.802854890178,4,1,1,51.802854890178
4679,19,1,0,52.5257297714436,16.6577685571254,-0.410636664479035,-1.00290599595891,47.9199749241578,51.9199749241578,4,1,1,51.9199749241578
4680,19,0,1,46.8895836899095,12.0918976867414,-0.712030937242762,0.487696285354135,41.6769222875677,45.6769222875677,4,1,1,45.6769222875677
4681,19,0,0,58.6497812422949,15.0385896016036,0.464807894723035,0.67006313171141,52.5018331376449,56.5018331376449,4,0,0,52.5018331376449
4682,19,0,0,34.5521995784799,11.8833795372195,0.513402441462227,-1.60358048226317,32.4581436825513,36.4581436825513,4,1,1,36.4581436825513
4683,19,0,0,48.2413055099214,10.6932385048279,-1.40690789958937,1.21343832268118,34.5284009143615,38.5284009143615,4,0,0,34.5284009143615
4684,19,1,0,56.2007468220023,14.1515720628906,1.2196645992792,-0.232827269408176,54.0768228191775,58.0768228191775,4,0,0,54.0768228191775
4685,19,1,1,39.8781508121211,13.863993397784,-0.390608775906354,-0.371000067531571,45.0829364210342,49.0829364210342,4,0,0,45.0829364210342
4686,19,1,1,45.7105832860085,9.29191998336708,-1.12183728533509,-0.0471165934442916,38.9029584505945,42.9029584505945,4,1,1,42.9029584505945
4687,19,0,0,45.4836682220892,7.78174728433348,-1.70878828265186,0.602716493096635,37.8311634892564,41.8311634892564,4,0,0,37.8311634892564
4688,19,1,1,40.2442940327613,6.86991299238285,-0.825855402509517,0.408011870156534,35.203830486655,39.203830486655,4,0,0,35.203830486655
4689,19,1,0,49.2130726774431,9.38449775658976,-0.539377197118808,-0.519265848077052,34.9820846210518,38.9820846210518,4,1,1,38.9820846210518
4690,19,0,0,53.0701193716028,11.0704757447807,-1.06775784405509,-0.77244619003831,50.3054203049118,54.3054203049118,4,0,0,50.3054203049118
4691,19,0,0,53.8026248329834,12.9385031562351,1.40617080959732,0.362178233601173,54.1759057276942,58.1759057276942,4,0,0,54.1759057276942
4692,19,0,1,41.8656205405152,10.6459053781467,0.687619456253904,0.912016854738848,41.0043932633956,45.0043932633956,4,0,0,41.0043932633956
4693,19,0,1,44.3848134230068,6,-0.71890340420755,1.25139312073346,33.03168868135,37.03168868135,4,1,1,37.03168868135
4694,19,0,1,50.8816652231591,11.1903979465765,1.14697891382508,0.253816999571925,44.6919774206549,48.6919774206549,4,0,0,44.6919774206549
4695,19,0,0,52.0645085295692,16.5792007014264,0.264843474930537,0.897476549357744,53.5443387547583,57.5443387547583,4,0,0,53.5443387547583
4696,19,0,1,41.957285344906,8.1734656866334,-1.61307733779893,0.200205042346771,29.9821487002559,33.9821487002559,4,0,0,29.9821487002559
4697,19,1,0,45.1387027966743,9.52315297627584,-0.274460672500134,-0.202962567675732,39.5622250453587,43.5622250453587,4,1,1,43.5622250453587
4698,19,0,0,50.3289535011006,13.1294052249712,-0.662652432265347,1.69507771182756,50.7488501617494,54.7488501617494,4,1,1,54.7488501617494
4699,19,1,0,68.0147406001454,18.54911743095,2.40746448660641,0.79825153889649,74.3558881940782,78.3558881940782,4,1,1,78.3558881940782
4700,19,1,0,54.762103989915,14.2528098524891,0.58939328595757,0.251573841457745,52.2557586481538,56.2557586481538,4,0,0,52.2557586481538
4701,19,1,0,39.1594270287262,13.4078803335638,1.14667830526939,1.02165501121541,49.7105478201521,53.7105478201521,4,1,1,53.7105478201521
4702,19,0,0,54.8627345986433,13.2011315255778,1.8503921426508,1.41989173809026,62.9625407453546,66.9625407453546,4,1,1,66.9625407453546
4703,19,0,1,56.9538001237531,16.4121309247052,-0.617774379005703,-0.355672780495032,40.2440633292944,44.2440633292944,4,1,1,44.2440633292944
4704,19,0,1,41.9580068443602,12.9994180927454,1.28242388410614,1.3478086165791,46.7185388994354,50.7185388994354,4,1,1,50.7185388994354
4705,19,0,1,32.1145225671278,15.5743277862526,1.19075375189144,-2.39629030474159,36.1302035123761,40.1302035123761,4,0,0,36.1302035123761
4706,19,1,1,52.130720498858,12.841076052743,-0.908269958955637,0.719345527024774,46.8212107859163,50.8212107859163,4,0,0,46.8212107859163
4707,19,1,0,22.7190012364694,11.2882439650534,0.667837176904765,-0.752997468590836,31.608000568028,35.608000568028,4,1,1,35.608000568028
4708,19,0,1,34.2529335562772,11.6396072228264,-0.24632166588519,1.11840645599588,31.7001117862068,35.7001117862068,4,1,1,35.7001117862068
4709,19,0,1,64.8974173062935,13.4219959165845,0.658491669907999,0.605830479581859,54.3016904745793,58.3016904745793,4,1,1,58.3016904745793
4710,19,0,0,46.0732191600984,12.8889498183573,-0.264755725176996,1.38545332147443,39.1816455257945,43.1816455257945,4,1,1,43.1816455257945
4711,19,1,1,57.955923052793,11.9956002128445,0.498121930527619,0.236544579426906,56.0965905144859,60.0965905144859,4,1,1,60.0965905144859
4712,19,1,0,42.6815076444154,11.0587793491637,-0.0613060434722306,1.27013412823809,45.509559580465,49.509559580465,4,0,0,45.509559580465
4713,19,1,0,50.4603441468933,10.9302247794768,0.0946414273859321,-1.10870162743093,42.4240275138702,46.4240275138702,4,1,1,46.4240275138702
4714,19,1,1,45.2883729008724,16.1821870537206,0.0709315174628738,-0.534936909776129,38.9000903299129,42.9000903299129,4,1,1,42.9000903299129
4715,19,0,1,44.1637845897003,13.6124764542942,-1.08216741096298,0.088489373987854,45.2992337643081,49.2992337643081,4,0,0,45.2992337643081
4716,19,1,0,54.0195723056874,14.8353629183095,3.41839632718184,-1.14737428214473,59.8082766377938,63.8082766377938,4,0,0,59.8082766377938
4717,19,1,1,57.395327528382,9.89220826208895,-0.136649026380631,0.65502954215936,46.227365629889,50.227365629889,4,1,1,50.227365629889
4718,19,1,1,44.3707877162151,10.608558087578,0.424586317240707,1.01483113065949,37.5286109830224,41.5286109830224,4,0,0,37.5286109830224
4719,19,1,0,44.7332237911839,15.01362209991,-0.209537090107036,0.491079225739415,41.06353107433,45.06353107433,4,1,1,45.06353107433
4720,19,0,0,49.5230817231644,15.1657160335759,0.363494532612979,0.0561147108899914,48.4386981993098,52.4386981993098,4,1,1,52.4386981993098
4721,19,1,1,37.3098643322286,11.4055526868881,1.2001704489408,-0.889915954595497,39.00239743993,43.00239743993,4,1,1,43.00239743993
4722,19,1,1,40.1023885000073,12.5660165382543,0.75378763253522,-2.06535310310346,43.2643752347586,47.2643752347586,4,0,0,43.2643752347586
4723,19,0,1,55.8316162525462,12.0138024720632,-0.553862619777407,0.576737708847458,47.5953262774221,51.5953262774221,4,0,0,47.5953262774221
4724,19,0,0,45.8042547014125,11.0176990463643,0.151590401992456,-1.65139651969519,44.3878064137916,48.3878064137916,4,1,1,48.3878064137916
4725,19,1,1,46.1583754710774,12.850542291094,1.64388838944657,1.40837195544724,50.6608066908937,54.6608066908937,4,0,0,50.6608066908937
4726,19,0,0,55.3934792886926,11.8065624069976,0.814693888523309,3.28055886607282,64.416133346129,68.416133346129,4,1,1,68.416133346129
4727,19,0,1,48.1655846621001,12.023900531748,1.86567079118153,-0.968528476558114,46.7522344900518,50.7522344900518,4,0,0,46.7522344900518
4728,19,1,0,42.3657884733803,11.2644448624464,-1.04233552664783,0.123480596954124,44.142930856812,48.142930856812,4,0,0,44.142930856812
4729,19,0,0,65.2276666598436,6,-1.97373242773367,2.2426659488415,41.8486853048946,45.8486853048946,4,0,0,41.8486853048946
4730,19,1,1,31.1369411564675,14.7393788997864,0.282633309087391,-0.701521915101785,33.3096017665801,37.3096017665801,4,0,0,33.3096017665801
4731,19,0,1,39.0976550403497,10.94820513196,0.273754509019527,-0.622879112417513,38.5275638398874,42.5275638398874,4,0,0,38.5275638398874
4732,19,0,0,49.4282979278162,9.47384524432712,-0.877880249042462,0.388450708637603,39.2283670425896,43.2283670425896,4,0,0,39.2283670425896
4733,19,0,1,54.9925569498041,12.937073139749,0.97994240040837,1.08014314643892,51.2974102256314,55.2974102256314,4,1,1,55.2974102256314
4734,19,0,0,43.9263965593071,13.4654362174417,1.72096798213617,-0.236457288007063,45.3288298577023,49.3288298577023,4,1,1,49.3288298577023
4735,19,0,0,47.5892168326113,14.3980307335397,0.163509438819564,-0.0511006511155779,43.0826466882269,47.0826466882269,4,1,1,47.0826466882269
4736,19,0,0,52.1726728931184,13.5303061678991,1.33512642946619,0.442518089055673,48.3357418172714,52.3357418172714,4,0,0,48.3357418172714
4737,19,0,0,44.6703597222336,10.6432444636772,1.21617834505845,-0.342275763087013,39.0728534200053,43.0728534200053,4,1,1,43.0728534200053
4738,19,0,1,59.3039447270711,11.2104521106143,-1.55081865354515,1.99202995029136,45.3568882002933,49.3568882002933,4,0,0,45.3568882002933
4739,19,0,1,36.8995172154061,14.2966182303425,0.418613987458056,-0.809760089009077,38.1019343003795,42.1019343003795,4,1,1,42.1019343003795
4740,19,1,0,45.3783009204667,11.5533753511896,-1.23685556033504,-0.154148748728619,34.7557685045308,38.7557685045308,4,0,0,34.7557685045308
4741,19,1,1,46.0402020673468,13.6563680392048,0.467350111154181,0.0991247049708985,44.9230224691541,48.9230224691541,4,0,0,44.9230224691541
4742,19,0,1,48.2508703539999,15.2071958371314,1.18119665494478,-0.345832222807121,47.4555823171726,51.4555823171726,4,0,0,47.4555823171726
4743,19,1,0,54.7199293200862,14.4357945470579,0.858397957500978,0.0604176254753041,51.1289352910267,55.1289352910267,4,1,1,55.1289352910267
4744,19,1,0,56.9065201743635,11.5749538803798,0.656040804457991,0.727088774576297,57.2163631645543,61.2163631645543,4,0,0,57.2163631645543
4745,19,0,0,55.6016790140037,9.99873566412995,0.655462773858491,0.064912675060998,45.21373572847,49.21373572847,4,1,1,49.21373572847
4746,19,1,0,49.9056887550939,15.7804131588484,3.01345573565837,0.440434589646734,57.6045888489097,61.6045888489097,4,0,0,57.6045888489097
4747,19,0,1,34.7441445812862,9.08461254365446,1.05744044398519,-0.660774695496523,34.909618248557,38.909618248557,4,1,1,38.909618248557
4748,19,1,0,55.1551426070478,13.8674139172718,0.0836709332195713,1.50924813756442,56.3823759398261,60.3823759398261,4,0,0,56.3823759398261
4749,19,1,1,39.4041100977907,14.7576663729901,1.54114629804406,-0.25587932014101,40.5817293424048,44.5817293424048,4,1,1,44.5817293424048
4750,19,1,1,51.7970148160446,15.4766745719295,-1.3251063806192,0.505482450607604,42.4102665612125,46.4102665612125,4,1,1,46.4102665612125
4751,20,0,0,43.0116662754842,13.9704400501783,0.437396840451428,0.305266825658497,41.5372425576882,45.5372425576882,4,0,0,41.5372425576882
4752,20,0,1,40.2663825904278,11.00060890098,2.02964982140816,-1.11249533978638,36.7101065432096,40.7101065432096,4,1,1,40.7101065432096
4753,20,0,0,36.1366806496257,14.924441675177,-0.814719342584603,-2.44444582254265,38.4714354795404,42.4714354795404,4,0,0,38.4714354795404
4754,20,1,0,40.6140283684424,9.95868179487842,1.79677150889576,-0.531846858926377,51.0497364962755,55.0497364962755,4,1,1,55.0497364962755
4755,20,1,1,54.9892779379615,11.2405351777407,-0.956593229551224,2.08903538284377,50.4756534201758,54.4756534201758,4,1,1,54.4756534201758
4756,20,0,0,35.2901283546041,7.86787549246034,-1.19104648362305,-0.402959410435314,30.4553283588756,34.4553283588756,4,1,1,34.4553283588756
4757,20,1,1,41.6372394022815,8.36445422913643,-1.09506399018734,0.551162859408362,35.1009603087405,39.1009603087405,4,0,0,35.1009603087405
4758,20,0,0,50.5279925301862,12.580592611114,-0.289643805452457,-0.510859436697467,42.7571162408905,46.7571162408905,4,0,0,42.7571162408905
4759,20,0,0,55.9529478281737,9.64399375731865,0.385259862938569,0.715057120762053,51.6214607211758,55.6214607211758,4,1,1,55.6214607211758
4760,20,1,1,40.3779393354938,9.79786611205565,-0.319733875847507,-1.13363140733966,32.8738047966985,36.8738047966985,4,0,0,32.8738047966985
4761,20,0,1,49.0993207533154,10.224677383825,0.0746155769116938,-0.0885161836133215,38.8905092372787,42.8905092372787,4,0,0,38.8905092372787
4762,20,1,0,52.0621085336652,9.37461967533096,-0.597755819683978,1.12836541966735,44.5986192893623,48.5986192893623,4,0,0,44.5986192893623
4763,20,0,0,49.1692154109393,11.3713890012807,-0.948085325976104,0.400342428723649,44.3265706391967,48.3265706391967,4,0,0,44.3265706391967
4764,20,0,1,35.330940939788,12.1771459067577,0.892606544715324,0.356559841012998,40.85355821934,44.85355821934,4,1,1,44.85355821934
4765,20,0,1,40.5413317221988,10.770960596896,-0.821821646362585,-0.359873480954476,37.903203801077,41.903203801077,4,0,0,37.903203801077
4766,20,1,1,51.2387485319809,9.63335732473601,-0.908826888437475,2.15013577261959,43.503796175303,47.503796175303,4,0,0,43.503796175303
4767,20,1,1,41.762929410681,6,-1.60539085888164,1.65042686304528,29.4596180216895,33.4596180216895,4,0,0,29.4596180216895
4768,20,1,0,49.5474900385799,12.962076651469,0.646363236032655,1.29806279029674,44.1895930948237,48.1895930948237,4,1,1,48.1895930948237
4769,20,0,0,40.9712238197073,7.65000644704576,-2.3786399591513,-1.10369132176511,31.7969695757145,35.7969695757145,4,1,1,35.7969695757145
4770,20,0,1,52.2205028520034,11.8760531560557,-0.822796463202029,0.371108901617456,47.540437845027,51.540437845027,4,0,0,47.540437845027
4771,20,0,0,53.2332051555522,9.5153484228861,-1.25307946398724,1.98457082924549,47.610091201951,51.610091201951,4,1,1,51.610091201951
4772,20,0,1,50.0686126676518,16.5155061786533,0.761322212099389,0.610798587319099,46.9829603300003,50.9829603300003,4,0,0,46.9829603300003
4773,20,0,0,49.8757495691241,10.9548184723566,0.798994309276923,0.123478123049973,41.4559079657917,45.4559079657917,4,1,1,45.4559079657917
4774,20,0,0,58.9433052571464,15.6369869653411,0.863472209582951,0.837947750092337,63.0480944906483,67.0480944906483,4,0,0,63.0480944906483
4775,20,1,0,33.2601285093172,8.32980701588241,-0.104111035294555,-0.908404632197069,38.1492147857427,42.1492147857427,4,1,1,42.1492147857427
4776,20,0,0,54.8179971502378,12.0108142743271,0.0106536154403816,-0.165175007568109,49.9343447873535,53.9343447873535,4,0,0,49.9343447873535
4777,20,0,1,35.5313162407471,10.0373767933195,-0.152540948422315,-1.05311446240193,36.6237700413149,40.6237700413149,4,1,1,40.6237700413149
4778,20,1,0,58.2333990568321,7.43623587392552,-1.25771498047635,1.44567405194471,50.0541557510564,54.0541557510564,4,1,1,54.0541557510564
4779,20,1,1,39.8241346826384,17.6555684777168,1.73092223513116,-0.336022862111641,44.6776492487508,48.6776492487508,4,1,1,48.6776492487508
4780,20,0,1,39.3123792631638,13.6141308261844,1.53058690444008,-0.31916302228664,39.99449019355,43.99449019355,4,0,0,39.99449019355
4781,20,1,1,45.9349952691968,13.6957063856302,0.439009452254863,0.692499077061378,55.587932615987,59.587932615987,4,0,0,55.587932615987
4782,20,0,1,47.9875059868029,11.8611217798693,-0.099905498964811,0.958024209241552,39.9917794031044,43.9917794031044,4,0,0,39.9917794031044
4783,20,0,1,41.7716435775612,10.7184389898014,-0.491974913061577,-1.18628988549745,29.8700402768872,33.8700402768873,4,1,1,33.8700402768873
4784,20,1,0,39.8124306965654,6,-1.39614543859331,-0.212306437586494,28.1684129083485,32.1684129083485,4,1,1,32.1684129083485
4785,20,1,1,41.1141593524945,13.9824382988525,0.753982562326822,-0.354071011733189,41.172660756875,45.172660756875,4,1,1,45.172660756875
4786,20,0,0,43.0565350147377,9.80105656229619,0.51680962595411,-1.47017090282133,39.6337751891324,43.6337751891324,4,0,0,39.6337751891324
4787,20,0,1,44.9094919822517,9.84498368509645,-0.0278491927892693,0.890859430059936,42.2943130394286,46.2943130394286,4,1,1,46.2943130394286
4788,20,1,0,52.9732687911576,10.9141866061856,0.404559895673181,2.14651232329285,49.4839437793565,53.4839437793565,4,1,1,53.4839437793565
4789,20,1,0,49.5298454227055,13.5949194596378,1.9148673448056,-0.298480936658576,49.7785608810383,53.7785608810383,4,1,1,53.7785608810383
4790,20,0,1,48.195216473244,16.60347710186,0.446387393665098,0.641165053050226,52.7606115528448,56.7606115528448,4,0,0,52.7606115528448
4791,20,0,0,54.4990722825967,19.1780838906001,2.5634181271163,-0.32230057904758,62.2857543687153,66.2857543687153,4,0,0,62.2857543687153
4792,20,0,0,38.2310227709363,10.366141310535,-1.48415781126658,-1.80505907627084,34.3459661974078,38.3459661974078,4,0,0,34.3459661974078
4793,20,0,1,55.2433893547415,11.4209544908824,-0.861664709129098,1.19214650285105,49.0067020757208,53.0067020757208,4,0,0,49.0067020757208
4794,20,0,1,57.0353050619779,10.6151620570264,0.119432098117535,0.129975965630705,43.9761290295641,47.9761290295641,4,0,0,43.9761290295641
4795,20,1,0,41.572740416969,10.8451982270922,0.853678210630427,0.509223570280841,46.8526352599157,50.8526352599157,4,1,1,50.8526352599157
4796,20,1,0,44.3815781107951,11.8811903689373,0.128123248421073,-0.179572969404939,45.2147553073829,49.2147553073829,4,1,1,49.2147553073829
4797,20,1,0,57.4780074818534,11.7536136438122,0.173960281584814,1.14570871752655,55.218727826211,59.218727826211,4,1,1,59.218727826211
4798,20,1,0,47.5101149887623,11.0813929122552,-0.406639504478137,-0.384260153045045,49.0356742500197,53.0356742500197,4,0,0,49.0356742500197
4799,20,1,1,45.1026571891261,14.2195611636655,-1.71352854000365,-0.23119778930005,31.2745335695516,35.2745335695516,4,1,1,35.2745335695516
4800,20,1,0,57.7433448311516,7.80891689210736,-2.32829219320285,-0.0430054382297952,43.2835692103065,47.2835692103065,4,0,0,43.2835692103065
4801,20,1,0,49.5450008136151,16.9542986181336,1.41098308630145,-1.54393238572903,46.0100015071746,50.0100015071746,4,0,0,46.0100015071746
4802,20,0,1,41.0835758577284,8.71820549586515,-1.11947435260019,1.50198283336912,31.9055528932775,35.9055528932775,4,1,1,35.9055528932775
4803,20,1,0,44.7737893684513,10.7327075504505,-1.38916717974216,-0.171397567110835,36.0284556528964,40.0284556528964,4,0,0,36.0284556528964
4804,20,1,0,57.6545816114961,17.6787438127403,2.45911631607073,-0.917535015527078,58.4717618874302,62.4717618874302,4,0,0,58.4717618874302
4805,20,0,0,46.975945600615,9.03184063928911,-1.50618463206432,-0.0391308119973151,38.0365444268792,42.0365444268792,4,1,1,42.0365444268792
4806,20,1,0,44.8900458632826,6.85678578983106,-2.49923108474856,-0.0357772193052742,33.5756730921266,37.5756730921266,4,1,1,37.5756730921266
4807,20,1,1,45.7107008790916,11.5622419393407,0.762569728886653,-1.32299644646547,37.2252211719313,41.2252211719313,4,1,1,41.2252211719313
4808,20,0,1,49.0217414705869,10.7667225582859,1.171568224964,-0.404524784133376,48.7891041257467,52.7891041257467,4,1,1,52.7891041257467
4809,20,0,1,45.7177770992765,12.7355800108055,-1.43204063320111,-0.103970499427135,42.5569005383862,46.5569005383862,4,0,0,42.5569005383862
4810,20,1,0,48.4361024361418,13.2499894077421,-0.0237002684061134,-0.581973465530137,47.3262452531332,51.3262452531332,4,1,1,51.3262452531332
4811,20,0,0,59.415013407162,9.1551931748196,-0.866807995766851,0.169278715503649,48.9622239732595,52.9622239732595,4,1,1,52.9622239732595
4812,20,0,1,43.86170612242,7.78506509836665,0.653921748638801,0.509128530576353,41.6528701370298,45.6528701370298,4,0,0,41.6528701370298
4813,20,0,0,35.047533927614,16.0889505353392,-0.380866440691242,-0.290443337831392,42.1625653588395,46.1625653588395,4,1,1,46.1625653588395
4814,20,0,0,47.5202645214367,12.926361224233,-0.379523436635563,-0.189471065790981,49.2872769334987,53.2872769334987,4,0,0,49.2872769334987
4815,20,1,0,53.2697361290021,11.6382482686944,-0.215941684355584,-0.671877580066864,49.6946709026673,53.6946709026673,4,1,1,53.6946709026673
4816,20,0,0,39.4081442236193,11.5199042382503,-1.80856015987501,0.55146943641404,38.1030497491212,42.1030497491212,4,0,0,38.1030497491212
4817,20,0,1,49.767983409811,16.736183258178,0.739288336223666,0.222006229967595,48.787241760041,52.787241760041,4,0,0,48.787241760041
4818,20,1,0,51.422162093445,11.4731501235393,-0.934935067304275,0.0438518757441816,42.7120706827671,46.7120706827671,4,1,1,46.7120706827671
4819,20,0,0,47.1735778903668,11.6999630577538,-0.9451042530282,0.965219466735271,44.8434777975499,48.8434777975499,4,0,0,44.8434777975499
4820,20,0,0,61.5566920709186,15.4265937330029,0.888594378335488,1.07743337304773,61.6847676850726,65.6847676850726,4,1,1,65.6847676850726
4821,20,0,1,36.2889547310118,7.30577724812201,-0.0230698866982844,1.0690391256272,39.1901150983014,43.1901150983014,4,1,1,43.1901150983014
4822,20,1,0,41.3964299797379,12.6042431227298,-0.577069227305244,-0.28908196161524,45.06903327179,49.06903327179,4,1,1,49.06903327179
4823,20,0,0,48.6168365588226,13.0247539016921,0.26172325366556,-1.7426309805101,44.7942829655215,48.7942829655215,4,0,0,44.7942829655215
4824,20,0,1,60.4305511232944,16.5014318170073,0.90672725895435,0.80202337099814,60.2750066700151,64.2750066700151,4,1,1,64.2750066700151
4825,20,1,0,63.3294827996818,12.2418826194096,1.23335766857629,1.41351866645488,64.6043272758268,68.6043272758268,4,0,0,64.6043272758268
4826,20,0,0,47.6300122038185,6.78399233700855,1.17715534740665,-1.6555868838269,36.7361209670195,40.7361209670195,4,0,0,36.7361209670195
4827,20,1,1,30.2142774123516,9.1051240143413,-1.94913320478166,-0.617397871132121,27.9628017421387,31.9628017421387,4,0,0,27.9628017421387
4828,20,1,0,56.1922029391089,13.8321823702798,-0.114500174915238,2.04867593490495,62.1695495922599,66.1695495922599,4,0,0,62.1695495922599
4829,20,1,0,45.1012092613627,9.33007537265666,1.61917061155908,0.938997592994458,47.6634467800975,51.6634467800975,4,1,1,51.6634467800975
4830,20,1,0,43.3487178078505,7.31199149754568,-0.758426575044004,0.80565379055619,39.4079514231794,43.4079514231794,4,0,0,39.4079514231794
4831,20,1,1,40.8644032628102,11.5653312804045,-0.207276395728262,-0.20491552909852,38.7237287563871,42.7237287563871,4,0,0,38.7237287563871
4832,20,0,0,65.9527930768059,15.09496233256,1.49095757285922,1.57086134028065,67.218430247425,71.218430247425,4,0,0,67.218430247425
4833,20,0,0,48.4685967235796,15.2249306608044,-0.695480925417422,1.89998652029156,46.2238094776366,50.2238094776366,4,0,0,46.2238094776366
4834,20,1,0,42.7517110761381,15.0690247925314,-0.174219301755237,-0.349427414891023,48.2492165385403,52.2492165385403,4,0,0,48.2492165385403
4835,20,1,1,45.4546571013101,10.8217001575288,1.44209953847049,1.62539139813331,49.8504081975031,53.8504081975031,4,1,1,53.8504081975031
4836,20,0,1,34.2036954114869,10.0947303118877,1.10793481285869,-0.0831041645486889,38.4345030481636,42.4345030481636,4,0,0,38.4345030481636
4837,20,1,1,46.8748069772914,10.2239876413897,0.621834033528523,1.0558415530451,47.6990152558099,51.6990152558099,4,0,0,47.6990152558099
4838,20,1,1,44.8303817861473,10.409772375187,1.3481011909178,0.808947682755466,48.0343752149226,52.0343752149226,4,1,1,52.0343752149226
4839,20,0,0,46.6372997429956,14.8519084011796,1.707312515524,-0.0467313418403464,51.6544077200689,55.6544077200689,4,0,0,51.6544077200689
4840,20,0,1,44.8292409287941,13.3576588272022,0.355984386555121,-0.251967060660405,41.7790564701116,45.7790564701116,4,1,1,45.7790564701116
4841,20,1,1,56.7513900379201,12.7152679349843,0.72375805072838,1.54338873145154,59.5609977886695,63.5609977886695,4,1,1,63.5609977886695
4842,20,1,0,58.5373499790865,15.4205024023288,1.22559734258698,1.84953833382143,60.8714064147561,64.8714064147561,4,1,1,64.8714064147561
4843,20,1,0,49.1232412636482,15.2366082757245,0.147690724437904,0.435758102596345,44.9448023697123,48.9448023697123,4,0,0,44.9448023697123
4844,20,0,0,48.0687527380723,8.16898704744679,0.0307132330745698,-0.941330505324295,38.9945748297775,42.9945748297775,4,0,0,38.9945748297775
4845,20,0,1,56.0914771539873,13.0093995588111,0.359108961983016,0.115141363986698,51.2962531847491,55.2962531847491,4,1,1,55.2962531847491
4846,20,0,0,42.4671985253406,11.8634388896714,1.0335050358847,0.607984011822016,50.8238551245548,54.8238551245548,4,0,0,50.8238551245548
4847,20,0,0,56.7066887741747,10.7026895013459,-1.51651197590241,0.637836880382537,47.315337760162,51.315337760162,4,0,0,47.315337760162
4848,20,1,0,39.272209003204,9.51853902086667,-1.36116121762157,-0.769354860913958,36.6701212754924,40.6701212754924,4,0,0,36.6701212754924
4849,20,1,0,46.5320400822015,10.8552942265528,-0.281064919135362,-0.246025576874957,44.9730064931071,48.9730064931071,4,0,0,44.9730064931071
4850,20,0,1,41.1738137704462,10.5303164956544,0.396797352343373,-0.150135119509894,45.2932228621508,49.2932228621508,4,1,1,49.2932228621508
4851,20,0,1,42.8844794746381,10.462505075214,-0.706231289917062,1.35687989516444,37.1277813639159,41.1277813639159,4,1,1,41.1277813639159
4852,20,1,1,54.02987126017,12.5460621292508,0.261797023094422,0.146626390346587,49.6835544092012,53.6835544092012,4,1,1,53.6835544092012
4853,20,1,0,55.0735087606952,11.0790830433871,-1.03157280045132,-0.225330009977632,46.9913378232792,50.9913378232792,4,1,1,50.9913378232792
4854,20,0,0,50.100987574861,6.33468203541052,-0.827536658200918,0.843874378810131,36.1904928193358,40.1904928193358,4,1,1,40.1904928193358
4855,20,1,1,52.6520325096733,10.7541362014061,-0.105912830218788,2.58679078309307,52.5277935603159,56.5277935603159,4,1,1,56.5277935603159
4856,20,1,1,54.9439877071484,17.2510046805408,1.21329492855936,0.882785697672314,58.9358060826532,62.9358060826532,4,0,0,58.9358060826532
4857,20,0,0,37.8400250635041,14.844759597562,0.347586240568758,-1.88765393713604,39.5078306866063,43.5078306866063,4,1,1,43.5078306866063
4858,20,1,0,35.4301540524093,10.1976288891483,0.126305989993516,-0.212622381906418,41.1589770376961,45.1589770376961,4,1,1,45.1589770376961
4859,20,1,0,33.6483160487209,13.5488387307945,-0.204100553226596,0.0730387956392408,47.5559401518933,51.5559401518933,4,0,0,47.5559401518933
4860,20,0,0,52.4228792939289,15.1233164267984,0.503649581246336,-0.525141645689617,54.4859238076407,58.4859238076407,4,1,1,58.4859238076407
4861,20,0,0,59.4025312501625,13.6244579255168,1.12577502570785,2.05027856140873,57.8563512535778,61.8563512535778,4,0,0,57.8563512535778
4862,20,0,0,53.0484750877675,16.2513455244723,1.49211770377432,-1.68727098981045,48.4951884168779,52.4951884168779,4,1,1,52.4951884168779
4863,20,1,1,43.1374030977547,10.824902844978,0.118927879757736,-1.47329793927025,38.2925920151467,42.2925920151467,4,0,0,38.2925920151467
4864,20,0,1,47.5879471572594,13.7363429097531,0.916498625728202,0.0551267936307886,53.0160023502764,57.0160023502764,4,0,0,53.0160023502764
4865,20,0,0,70.5980267065958,11.7858309230687,0.817819190416163,-0.278458825673177,59.7280733378173,63.7280733378173,4,0,0,59.7280733378173
4866,20,0,0,43.0477382540829,10.0903444483423,0.453872259421314,-0.973036989210293,40.776333489944,44.776333489944,4,1,1,44.776333489944
4867,20,1,0,46.1725361086696,6.95429370238495,-0.0536322547004952,0.57632385360587,43.6606328558574,47.6606328558574,4,0,0,43.6606328558574
4868,20,0,0,48.2758611195442,12.5936597364649,-2.30193428358255,0.953213315701463,44.4371411880651,48.4371411880651,4,1,1,48.4371411880651
4869,20,1,1,39.1040963248051,10.1948288432854,-0.0173247617738771,0.271329731901918,36.2143954916899,40.2143954916899,4,1,1,40.2143954916899
4870,20,0,0,52.1930566752367,18.1842692198647,0.503134313984169,-1.83816891251693,47.430066400943,51.430066400943,4,1,1,51.430066400943
4871,20,0,0,42.5001360988087,8.81212922407235,-0.150608359736549,-0.926536211597259,40.3209888795608,44.3209888795608,4,1,1,44.3209888795608
4872,20,0,0,59.4600524840182,9.47053408137167,-1.26782767010297,0.378394858952422,51.2650120511127,55.2650120511127,4,0,0,51.2650120511127
4873,20,1,0,49.5170357249758,12.7374220789244,-0.546083370042293,0.895665659741988,48.9096329369681,52.9096329369681,4,0,0,48.9096329369681
4874,20,1,0,52.4197809002624,15.6830117699498,-0.126195002251728,-0.0468557153505719,51.5427517281459,55.5427517281459,4,1,1,55.5427517281459
4875,20,1,1,34.7405541028808,8.65766211754015,-1.01720556890614,0.20019561026399,33.3053814826924,37.3053814826924,4,0,0,33.3053814826924
4876,20,1,1,59.4067901233714,11.084599909882,-0.175659986637953,1.03484688431566,52.419763134468,56.419763134468,4,0,0,52.419763134468
4877,20,0,1,54.184783665724,10.2884922721234,1.04089152629955,-1.25243607925788,46.4714918889138,50.4714918889138,4,1,1,50.4714918889138
4878,20,1,1,56.5377128387082,10.0909004785134,-0.357141458888083,0.763243282195567,46.5019039475709,50.5019039475709,4,1,1,50.5019039475709
4879,20,0,0,62.9295351185695,14.9904517939834,0.47180077658568,1.1413832939987,62.2003397145996,66.2003397145996,4,0,0,62.2003397145996
4880,20,1,0,56.9653711437067,13.3311121150195,0.706002068179802,0.627448343721148,61.3252313403729,65.3252313403729,4,1,1,65.3252313403729
4881,20,0,0,48.9964841559629,12.6371728272375,0.113067053175387,1.08110505147205,38.0731317586701,42.0731317586701,4,0,0,38.0731317586701
4882,20,1,0,35.4509708531929,11.6076340159084,-0.17920749855732,-1.49318645857509,36.670053832142,40.670053832142,4,1,1,40.670053832142
4883,20,0,0,46.7495715617662,9.19165700996915,0.624149389104859,-0.177379267378186,47.0899825315181,51.0899825315181,4,0,0,47.0899825315181
4884,20,0,1,45.0127892641289,12.4829628810328,-0.0782465390749682,0.885679970553058,39.0210630708831,43.0210630708831,4,1,1,43.0210630708831
4885,20,0,1,45.5881480723979,14.2298216614103,1.11983879028237,-0.0440206154947495,56.5662307250733,60.5662307250733,4,0,0,56.5662307250733
4886,20,0,0,40.9789295003897,9.86639908576961,-0.318837438099691,-0.873499537649942,45.8483218364601,49.8483218364601,4,1,1,49.8483218364601
4887,20,0,0,56.3531368610213,8.48664404107316,0.37245374562391,1.1398063825452,60.9267075262377,64.9267075262377,4,1,1,64.9267075262377
4888,20,0,0,46.9589444793407,9.56001578853,-1.12629168919723,0.59381258309914,37.684493663653,41.684493663653,4,1,1,41.684493663653
4889,20,0,0,57.472869690565,11.1452005649657,0.234337233897542,0.677724150096005,44.2312904291237,48.2312904291237,4,1,1,48.2312904291237
4890,20,1,0,44.5627169998707,7.57716710735157,-0.158342084533988,-0.96234872137468,40.4331184670229,44.4331184670229,4,0,0,40.4331184670229
4891,20,0,1,44.3487388107023,15.0343756194995,0.72241720689026,-0.8713479045807,50.9772892385491,54.9772892385491,4,0,0,50.9772892385491
4892,20,0,0,60.4906128191706,10.2828976730486,-0.57118888332145,0.97857945125915,50.3892260306598,54.3892260306598,4,1,1,54.3892260306598
4893,20,0,0,42.6223311794229,10.7921035071704,-1.5388405554132,-1.0672100460126,35.0257197015044,39.0257197015044,4,1,1,39.0257197015044
4894,20,1,1,46.0865551869563,11.0316208542397,0.469924159959061,1.22355829668504,40.2094390463493,44.2094390463493,4,1,1,44.2094390463493
4895,20,0,0,34.3788346400511,8.90191814103045,0.273895477166796,-1.17820313149623,35.9713638281213,39.9713638281213,4,0,0,35.9713638281213
4896,20,1,0,49.1360894827774,13.3620363881063,-0.85431115549001,-0.774994977509627,47.5522542982338,51.5522542982338,4,0,0,47.5522542982338
4897,20,0,0,34.4672173441753,12.8030854978074,-0.454582936073029,-1.25697628139101,30.1096491837161,34.1096491837161,4,0,0,30.1096491837161
4898,20,1,0,39.6058102638086,13.544959778259,-0.677286570210098,-0.0482807669435502,41.3555011130589,45.3555011130589,4,0,0,41.3555011130589
4899,20,1,0,52.3436978928128,14.8958088923472,-0.00361807941555367,0.986322826160537,51.7077051900503,55.7077051900503,4,0,0,51.7077051900503
4900,20,1,0,48.249622539576,9.11116244399249,-0.299868672978932,0.877291791618556,39.4950625876124,43.4950625876124,4,1,1,43.4950625876124
4901,20,0,1,54.35538128421,13.6295198031282,1.11426434586468,-1.0146103500261,44.0062571066197,48.0062571066197,4,1,1,48.0062571066197
4902,20,0,0,43.6791873223726,10.1723833642054,-0.0569976645172208,-1.76408323465394,37.3001660208352,41.3001660208352,4,1,1,41.3001660208352
4903,20,0,0,48.6122020641839,13.5578309107386,-0.673214096764935,-1.5089172887276,38.6991321610782,42.6991321610782,4,1,1,42.6991321610782
4904,20,1,0,27.6740545017759,12.8847580993411,0.468722229999768,0.0557854484398537,32.1081631356051,36.1081631356051,4,0,0,32.1081631356051
4905,20,1,0,60.3104553449234,10.8422748315728,-2.58699861745111,-0.562264398174952,46.4598261057563,50.4598261057563,4,0,0,46.4598261057563
4906,20,0,0,44.6781256223631,11.9359738848458,-0.921932230284527,-0.365235104169161,48.4173785143188,52.4173785143188,4,1,1,52.4173785143188
4907,20,0,1,54.2482788697451,14.0348793320033,0.0305837298394241,0.398728820964264,46.4256362265357,50.4256362265357,4,0,0,46.4256362265357
4908,20,0,0,50.6908084502318,11.3203358931482,-0.479145714502899,0.316480338951948,47.1983750968344,51.1983750968344,4,1,1,51.1983750968344
4909,20,0,0,59.0707599592382,10.1863719497616,0.934093236169244,0.970875599228727,48.3652150971195,52.3652150971195,4,0,0,48.3652150971195
4910,20,0,0,55.3624131662319,12.7631959589041,0.950458215425916,0.539738353021513,54.4930088885092,58.4930088885092,4,0,0,54.4930088885092
4911,20,1,1,36.8675239500183,11.624535026773,0.0336323711500056,-0.565221719743057,28.1028661497465,32.1028661497465,4,0,0,28.1028661497465
4912,20,0,1,47.5258195695775,7.58893867541076,0.00730094810159338,0.847494279489862,44.204517637081,48.204517637081,4,0,0,44.204517637081
4913,20,1,0,53.3596039911955,14.0308588518496,-0.245999011235118,0.406894366024687,48.0280979946014,52.0280979946014,4,1,1,52.0280979946014
4914,20,1,0,52.0086059933485,10.7877845933372,2.00087104090739,0.55871537597565,51.4208583719592,55.4208583719592,4,0,0,51.4208583719592
4915,20,0,0,51.5848084775222,12.0887292645123,0.0900474028736733,0.472224118642526,56.1880313494778,60.1880313494778,4,1,1,60.1880313494778
4916,20,1,0,42.1976421060387,6.58043130678938,-0.421853644750064,-1.6016081291078,34.3469030416484,38.3469030416484,4,0,0,34.3469030416484
4917,20,1,0,56.0000626903778,8.90551981366235,-0.272051940368285,1.26558138480368,55.2416247314562,59.2416247314562,4,0,0,55.2416247314562
4918,20,0,0,34.5430139584035,9.33596700887606,-1.53551392763994,-0.27169133191094,26.3535591839945,30.3535591839945,4,1,1,30.3535591839945
4919,20,1,0,53.8047026487571,13.3131128506342,0.319815601780184,0.865575812942112,51.6536940039459,55.6536940039459,4,0,0,51.6536940039459
4920,20,0,0,49.7625924688235,14.9954113631876,0.39151829625748,-1.75185319439655,44.9908704966246,48.9908704966246,4,0,0,44.9908704966246
4921,20,0,1,43.1570056432679,14.8996798346231,-1.35009467167915,-0.587345725894935,38.145306079196,42.145306079196,4,0,0,38.145306079196
4922,20,0,0,55.1395381846783,13.5756060125099,0.956762819372013,-0.214491310056044,56.6056469815088,60.6056469815088,4,0,0,56.6056469815088
4923,20,1,1,54.8589480848522,9.3943197828539,-0.699346575003699,-0.410010147523577,44.7612691959541,48.7612691959541,4,0,0,44.7612691959541
4924,20,1,0,27.9562456511741,12.7148831240432,-0.179750635412119,-2.54067618031148,25.4783680608961,29.4783680608961,4,0,0,25.4783680608961
4925,20,0,0,38.6978016127952,11.6321359538315,-0.477327451677402,0.36295535452451,39.7621888994809,43.7621888994809,4,0,0,39.7621888994809
4926,20,1,1,39.8967725547303,9.75430629517831,-0.447687692659315,0.165644126107085,35.2008153046779,39.2008153046779,4,1,1,39.2008153046779
4927,20,0,1,45.9490763137373,13.3674582402596,-1.39217842544958,-0.566528479686063,42.8951688412917,46.8951688412917,4,0,0,42.8951688412917
4928,20,1,1,49.2149503152265,13.3486251469512,-0.0123152709568025,-0.604853232938441,42.0594214685925,46.0594214685925,4,0,0,42.0594214685925
4929,20,0,0,58.4499813959837,10.3998326061979,-1.74299650885008,1.3709214590853,50.8074460938964,54.8074460938964,4,1,1,54.8074460938964
4930,20,0,1,47.7513695088986,12.0993406567814,1.63223908940525,-0.703071066962399,45.3633042750601,49.3633042750601,4,1,1,49.3633042750601
4931,20,1,1,40.5719402746713,11.9609808186697,0.640534116960679,-1.06566051975858,37.4298326985919,41.4298326985919,4,1,1,41.4298326985919
4932,20,1,0,68.3146291911848,13.8819443702608,0.413975939165994,0.934491404487031,61.5459636368697,65.5459636368697,4,0,0,61.5459636368697
4933,20,1,1,47.1878462755248,12.4394504515752,-1.45039207042971,1.30326071558743,39.7955039979672,43.7955039979672,4,1,1,43.7955039979672
4934,20,1,1,52.7196774112351,17.1821200108469,0.737474084908646,0.260329396849713,55.3685612689808,59.3685612689808,4,0,0,55.3685612689808
4935,20,1,0,53.6365275479805,9.05887799910485,-0.0108358078223516,-1.26781900424558,45.2902771151348,49.2902771151348,4,0,0,45.2902771151348
4936,20,1,0,44.1233684292903,8.1993805909318,-0.164269996957206,-0.917340675968049,32.9134693402246,36.9134693402246,4,1,1,36.9134693402246
4937,20,0,1,43.6180042245727,7.16711491584576,-0.494091697893833,0.987423489153166,34.5636576333298,38.5636576333298,4,1,1,38.5636576333298
4938,20,0,1,45.4644691809838,9.83013184234094,-0.983436189781344,0.86868076816828,33.9233230275142,37.9233230275142,4,1,1,37.9233230275142
4939,20,1,0,46.3692820103562,8.46240211899616,-0.628115208046104,-0.895069488553287,39.8334173502133,43.8334173502133,4,1,1,43.8334173502133
4940,20,1,0,52.1585771272262,9.83687059541676,1.09527039242288,0.0106916306454285,55.1851271361984,59.1851271361984,4,1,1,59.1851271361984
4941,20,1,0,58.2052806613551,9.74928742251911,0.709052805305833,0.602931981055852,50.0350462177751,54.0350462177751,4,1,1,54.0350462177751
4942,20,1,1,42.7363533516802,13.8652823309047,1.03328574201044,0.156939256024509,37.7825652641197,41.7825652641197,4,1,1,41.7825652641197
4943,20,0,0,38.1595733420298,13.2892315985525,-0.0122796283047883,0.885741038966234,41.5371329541926,45.5371329541926,4,0,0,41.5371329541926
4944,20,0,1,51.3948614977956,10.3176573587257,-2.27178884056237,0.724884390694885,37.5798536666845,41.5798536666845,4,0,0,37.5798536666845
4945,20,0,0,39.4515704107627,9.39699095189851,-0.365439806716462,0.322897654233852,43.6925337741007,47.6925337741007,4,0,0,43.6925337741007
4946,20,0,0,43.5021225550078,17.7465315657724,-0.185233228867656,-0.0812619856203002,50.0071191426215,54.0071191426215,4,0,0,50.0071191426215
4947,20,0,0,39.3921059150259,12.6261254943711,-0.933775831125297,-1.48505931043752,36.5060841289937,40.5060841289937,4,0,0,36.5060841289937
4948,20,1,0,50.3743619416903,13.8594452913991,1.19075942692039,-1.52891442962538,49.7369581995119,53.7369581995119,4,0,0,49.7369581995119
4949,20,0,1,46.8107628917017,12.3028741069278,-0.36646048216279,-0.777458663196017,41.8273904068532,45.8273904068532,4,0,0,41.8273904068532
4950,20,0,0,32.7576266443769,9.54874569191434,-1.49527972960304,0.179775906860299,30.7447823622113,34.7447823622113,4,1,1,34.7447823622113
4951,20,0,0,57.789962864517,20,1.0391907088761,0.14112784218739,53.2909961895626,57.2909961895626,4,0,0,53.2909961895626
4952,20,1,0,48.9021542260661,12.485523490627,0.944528599161294,0.16239414687553,54.8193313449075,58.8193313449075,4,1,1,58.8193313449075
4953,20,1,1,40.1664579310579,12.6620771141023,1.85437922471861,-1.04775986965504,41.039023654424,45.039023654424,4,1,1,45.039023654424
4954,20,0,0,56.5907249983744,12.5611634847568,0.925374811781746,-0.778686002484167,53.7947536586979,57.7947536586979,4,1,1,57.7947536586979
4955,20,1,0,68.7388348612258,17.0423750755441,0.741209299173488,1.57316045231346,67.0238896860794,71.0238896860794,4,1,1,71.0238896860794
4956,20,1,1,46.3211074531613,12.2545964932101,0.434175263156599,0.329898228734697,49.8754582578615,53.8754582578615,4,0,0,49.8754582578615
4957,20,1,1,49.1616941830811,16.935142446819,0.463777114877989,0.914067868956281,52.6474434397098,56.6474434397098,4,0,0,52.6474434397098
4958,20,1,1,38.4590130928136,16.0350917246596,-1.21312060910423,0.282624590687905,38.27854284971,42.27854284971,4,0,0,38.27854284971
4959,20,1,1,50.3637832222329,14.9252089187128,2.3969667615,0.381573041924311,56.6075500475613,60.6075500475613,4,1,1,60.6075500475613
4960,20,0,1,48.645690896793,16.0722798907867,1.20883975512162,-0.230397996888224,44.6758834619822,48.6758834619822,4,0,0,44.6758834619822
4961,20,1,0,50.9162206343476,9.49459198277115,-0.971171470253361,0.553714410186699,45.1098557729482,49.1098557729482,4,1,1,49.1098557729482
4962,20,0,0,64.1099759693953,15.0832620313399,-0.652954825848897,0.371136962744113,51.2278910742928,55.2278910742928,4,0,0,51.2278910742928
4963,20,1,0,35.4115769905418,12.304419842337,1.01595420316551,-1.71646025831719,31.3630198604225,35.3630198604225,4,1,1,35.3630198604225
4964,20,1,1,48.6020172578062,14.0639533490373,-0.403004296331365,0.82717100605167,47.8740519812222,51.8740519812222,4,0,0,47.8740519812222
4965,20,0,0,53.7426918020807,12.9267433190213,0.192262351958117,-0.583872649226102,55.5533176552717,59.5533176552717,4,0,0,55.5533176552717
4966,20,0,1,36.4906313698329,7.35740659644338,-0.37469074521922,0.28367173803441,30.0190233265556,34.0190233265556,4,1,1,34.0190233265556
4967,20,1,0,60.8056884525486,10.7915248009977,1.21693032597674,0.1843814595058,55.9064751679326,59.9064751679326,4,0,0,55.9064751679326
4968,20,1,0,42.3407583358855,14.9935378310941,0.62215197763819,0.962537384153989,50.5819019095693,54.5819019095693,4,1,1,54.5819019095693
4969,20,1,0,35.9251927196631,12.7113356000969,-0.82059521725612,0.275942372550375,41.7026591824991,45.7026591824991,4,0,0,41.7026591824991
4970,20,0,1,52.4073156988605,11.9414902530613,-0.0773848643405053,0.233421604919238,51.0902787563341,55.0902787563341,4,1,1,55.0902787563341
4971,20,1,0,50.1266947789608,8.94771294820836,-1.80915651675563,-0.127977444671141,44.671104335795,48.671104335795,4,0,0,44.671104335795
4972,20,0,1,60.7522864987773,14.2143304415002,-0.086161927391965,1.47126861112914,53.8844441719916,57.8844441719916,4,1,1,57.8844441719916
4973,20,0,0,45.5970351716441,11.7732369183086,0.839684985701491,-0.733957205986698,44.6311930787165,48.6311930787165,4,1,1,48.6311930787165
4974,20,0,0,54.689679950207,15.1153813743881,0.611934687498899,1.54031163943115,62.5203308500053,66.5203308500053,4,0,0,62.5203308500053
4975,20,1,0,48.4361470953328,11.0262188263073,-0.436403774102322,1.10312920405028,42.7431494133515,46.7431494133515,4,1,1,46.7431494133515
4976,20,1,0,36.8835568035204,14.0944870714373,1.29707981313053,-1.59594519768613,37.5095406665696,41.5095406665696,4,0,0,37.5095406665696
4977,20,0,1,41.1508372175907,9.90640295204099,-2.0299532183546,0.625509990473068,27.3385323224153,31.3385323224153,4,1,1,31.3385323224153
4978,20,1,0,45.2360952773562,10.177112261361,0.403148235298221,0.298060028455642,48.3375312316134,52.3375312316134,4,0,0,48.3375312316134
4979,20,1,1,40.4760372352127,11.557258993219,1.25422645145073,-2.13702293289231,39.77459730911,43.77459730911,4,1,1,43.77459730911
4980,20,1,0,50.9373646093043,13.1659790709205,0.164221221624968,1.72875226648479,51.4222263420634,55.4222263420634,4,1,1,55.4222263420634
4981,20,0,1,49.1800106395051,7.80523390637927,1.16658937972753,-0.115401877445528,43.1610717252222,47.1610717252222,4,1,1,47.1610717252222
4982,20,1,1,38.3393032249276,14.5606717964187,0.336233096000511,-0.78756243419551,43.4573257882023,47.4573257882023,4,1,1,47.4573257882023
4983,20,0,0,50.6461824668358,12.0551897872518,0.00631369970974153,0.34769835976967,54.2107728504842,58.2107728504842,4,1,1,58.2107728504842
4984,20,1,0,55.7065827754654,12.7949598827775,0.906268880836116,-1.06139128272009,51.0256821433984,55.0256821433984,4,1,1,55.0256821433984
4985,20,0,1,45.8325988985634,12.1112411390365,0.179177255740621,1.52394634527809,44.8560233814579,48.8560233814579,4,1,1,48.8560233814579
4986,20,1,0,46.7634137868344,9.25096920969139,-0.211807530748819,1.00742656852983,40.8726690628649,44.8726690628649,4,1,1,44.8726690628649
4987,20,1,1,40.0152750403506,9.50905798031864,-2.0243519913415,-1.70004935206908,25.2747066215632,29.2747066215632,4,1,1,29.2747066215632
4988,20,0,0,45.0904503524976,11.6574144507629,0.495205969625297,-0.260306236303328,50.0789013904588,54.0789013904588,4,0,0,50.0789013904588
4989,20,1,0,47.4607946774223,12.8294452106924,-0.272909051280168,1.70088412920329,49.452916533722,53.452916533722,4,0,0,49.452916533722
4990,20,0,1,41.5313560282913,8.77996277382656,-1.15937623919049,-0.733655603995152,33.9665341852822,37.9665341852822,4,0,0,33.9665341852822
4991,20,1,0,50.5142610700466,10.8740875086011,0.0338161042759398,0.923825902690521,51.0877509471758,55.0877509471758,4,1,1,55.0877509471758
4992,20,0,1,44.4510540768671,11.3619416298506,-1.05394621150417,0.817656365134153,37.2436548037202,41.2436548037202,4,1,1,41.2436548037202
4993,20,0,0,58.4863824487029,12.7854716410033,0.753714504688725,-0.244260653667513,50.2917965614234,54.2917965614234,4,1,1,54.2917965614234
4994,20,0,0,48.3195698417588,13.6483335252625,1.16071945162196,1.19862264805725,52.8292652828111,56.8292652828111,4,1,1,56.8292652828111
4995,20,0,1,40.8721681871283,12.1943020549557,-0.638038277225839,0.301384333775248,39.7644191626024,43.7644191626024,4,0,0,39.7644191626024
4996,20,1,0,43.7106896625076,7.74957026825537,-1.22128273341303,1.37494615873718,40.363544734512,44.363544734512,4,0,0,40.363544734512
4997,20,0,0,51.2591598728421,7.04984730209165,-2.73925374253214,0.0397047282573212,31.4869075535077,35.4869075535077,4,0,0,31.4869075535077
4998,20,0,0,39.5332925592207,9.13609602898852,-1.85176485144519,0.910866309141182,35.7428261439278,39.7428261439278,4,1,1,39.7428261439278
4999,20,1,0,52.6468127419531,11.6824819024727,-0.250266185936357,-0.898778316032459,41.8892564575538,45.8892564575538,4,1,1,45.8892564575538
5000,20,0,1,41.0908628512809,7.02544427273945,-1.56658837771919,0.834990367099885,38.239596865994,42.239596865994,4,1,1,42.239596865994
