"municipality_id","year","area","population","population_log","population_log_squared","elderly_share","population_density","log_population_density","pm10","elderly_pm10","hospital","unobserved_risk","year_centered","ordinary_mortality","previous_year_mortality","true_pandemic_effect","reporting_shock","observed_mortality_ideal","observed_mortality_failure","historical_average_prediction","scenario","observed_mortality","selected_ml_method","mlcm_prediction","intuitive_excess","mlcm_excess","true_excess","non_pandemic_shock","intuitive_error","mlcm_error","true_no_pandemic_mortality"
1,2020,"South and Islands",10286,9.23849373967243,85.3497665779667,18.2357663832712,332.662443805042,5.80712829358997,20.6636287213983,376.817105994072,1,0.102202115299783,5,24.6982352397364,23.6287270575095,1.18503661239324,3,25.8832718521297,28.8832718521297,23.4669446157801,"Ideal: pandemic shock only",25.8832718521297,"Random forest",23.4836439992987,2.41632723634957,2.39962785283098,1.18503661239324,0,1.23129062395633,1.21459124043774,24.6982352397364
2,2020,"Center",14386,9.5740184656442,91.6618295804961,23.9070573168775,199.48993129326,5.29576376534831,21.2006829749451,506.845943038962,0,-0.102505265195586,5,28.4231608243064,26.9071927072636,4.84647241283822,1,33.2696332371446,34.2696332371446,26.1911690755809,"Ideal: pandemic shock only",33.2696332371446,"Random forest",27.1578638563079,7.07846416156368,6.11176938083667,4.84647241283822,0,2.23199174872546,1.26529696799846,28.4231608243064
3,2020,"North West",6884,8.83698100942289,78.0922333609007,29.3633249012393,100.850888839305,4.61364307783987,30.9091583116966,907.595657930187,1,-1.40259554374653,5,30.8687012397279,28.9789919091783,17.1262551206906,0,47.9949563604185,47.9949563604185,28.8890255692267,"Ideal: pandemic shock only",47.9949563604185,"Random forest",28.8546027844915,19.1059307911917,19.1403535759269,17.1262551206906,0,1.97967567050111,2.01409845523634,30.8687012397279
4,2020,"North West",3982,8.28942727418001,68.7146045339195,20.1177466372694,385.046606733733,5.9533643834123,33.7133579127027,678.236792779334,0,1.52125168619192,5,28.7859158559594,29.20411387194,16.3055354837244,0,45.0914513396838,45.0914513396838,28.178120481095,"Ideal: pandemic shock only",45.0914513396838,"Random forest",28.5803128838245,16.9133308585888,16.5111384558593,16.3055354837244,0,0.607795374864438,0.205602972134923,28.7859158559594
5,2020,"South and Islands",3587,8.18497332128901,66.9937882702129,23.8907750639684,256.764031206058,5.54815749660876,22.8290042469439,545.402605398117,1,-0.0343474656166524,5,27.4727447008122,27.4765471768368,1.95866385405813,3,29.4314085548703,32.4314085548703,26.0000961846205,"Ideal: pandemic shock only",29.4314085548703,"Random forest",27.2791935353811,3.43131237024977,2.15221501948923,1.95866385405813,0,1.47264851619164,0.1935511654311,27.4727447008122
6,2020,"North East",6299,8.74820815114058,76.5311458556824,25.9914775873801,103.278331287714,4.6374275892401,26.2223346338362,681.557222924133,0,0.342352276402927,5,29.5110435871732,27.6558310628478,10.4272742587159,0,39.9383178458891,39.9383178458891,28.2141653218007,"Ideal: pandemic shock only",39.9383178458891,"Random forest",28.1371860786906,11.7241525240884,11.8011317671985,10.4272742587159,0,1.2968782653725,1.37385750848261,29.5110435871732
7,2020,"South and Islands",4801,8.47649145982425,71.8509074684734,21.2940430517708,78.4633743319657,4.36263194689163,12,255.528516621249,0,-1.936613444441,5,22.5170090705947,21.4613357325205,0.914993035430316,3,23.4320021060251,26.4320021060251,20.8456419398421,"Ideal: pandemic shock only",23.4320021060251,"Random forest",21.2938840517209,2.58636016618293,2.13811805430411,0.914993035430316,0,1.67136713075262,1.2231250188738,22.5170090705947
8,2020,"South and Islands",1830,7.5118138441999,56.4273472299133,21.7363711877759,167.003260092106,5.11801333373583,21.3553858176639,464.188592990908,0,1.39367097976495,5,27.2786396565621,26.1408069593151,1.61852613762735,3,28.8971657941895,31.8971657941895,25.8805483465455,"Ideal: pandemic shock only",28.8971657941895,"Random forest",26.0701801256201,3.01661744764394,2.82698566856936,1.61852613762735,0,1.39809131001658,1.20845953094201,27.2786396565621
9,2020,"North East",1290,7.16218484888405,51.2968918095842,23.3533679380232,132.314383324117,4.88518078270303,25.8886651667357,604.587523063063,0,-0.157522735618335,5,26.6445229397462,26.4256304170177,10.1137253345896,0,36.7582482743358,36.7582482743358,26.6612641721932,"Ideal: pandemic shock only",36.7582482743358,"Random forest",26.9698964174094,10.0969841021425,9.78835185692639,10.1137253345896,0,-0.0167412324470497,-0.325373477663192,26.6445229397462
10,2020,"North East",2754,7.9207715144254,62.7386213837329,23.211262370144,67.7980992364357,4.21653415969253,36.6407212003251,850.477393212041,0,0.284345678893564,5,27.8804973548588,27.7629231618064,10.8507376444741,0,38.7312349993329,38.7312349993329,26.9858558854825,"Ideal: pandemic shock only",38.7312349993329,"Random forest",27.4719558874487,11.7453791138504,11.2592791118842,10.8507376444741,0,0.894641469376301,0.408541467410091,27.8804973548588
11,2020,"South and Islands",4848,8.48633727517333,72.0179203479963,21.5238464536095,223.44217233119,5.40915264380229,23.1413747201262,498.091396201437,0,-0.259634480914693,5,24.6487396301726,24.829923388856,1.72016764004141,3,26.368907270214,29.368907270214,24.3338070294692,"Ideal: pandemic shock only",26.368907270214,"Random forest",24.6729783457,2.03510024074473,1.69592892451398,1.72016764004141,0,0.314932600703317,-0.0242387155274331,24.6487396301726
12,2020,"Center",1294,7.16586168199184,51.3495736454389,20.6375578294386,225.10557686742,5.41656952267207,25.1788443701807,519.62985676804,0,1.24426604074983,5,27.9541393184479,27.3031650458502,4.76529876688643,1,32.7194380853344,33.7194380853344,26.7804329771759,"Ideal: pandemic shock only",32.7194380853344,"Random forest",26.8126209942568,5.93900510815843,5.90681709107755,4.76529876688643,0,1.173706341272,1.14151832419112,27.9541393184479
13,2020,"North West",7482,8.92020760247728,79.5701036712935,20.447922946792,261.879555042833,5.56788468448344,33.636038686689,687.78712730073,0,0.174944000493445,5,28.4960811005113,27.5755037438962,16.3364425319509,0,44.8325236324622,44.8325236324622,26.6550495902203,"Ideal: pandemic shock only",44.8325236324622,"Random forest",27.6652090501836,18.177474042242,17.1673145822786,16.3364425319509,0,1.84103151029108,0.830872050327713,28.4960811005113
14,2020,"North West",1005,6.91277249764589,47.7864236042094,27.328868627968,256.495065275403,5.54710942573337,27.0393474811807,738.954775099164,0,-0.012820598096498,5,30.2837905810738,30.6774365765926,16.6315781724947,0,46.9153687535685,46.9153687535685,29.6268020808238,"Ideal: pandemic shock only",46.9153687535685,"Random forest",30.1501919634414,17.2885666727447,16.765176790127,16.6315781724947,0,0.656988500250026,0.13359861763238,30.2837905810738
15,2020,"Center",719,6.57721184818334,43.2597156958833,18.7175132938513,70.6912453112666,4.25832173654017,34.4408466476493,644.64700497887,0,0.902773355888619,5,24.7292745194697,25.5305335153431,5.20243402739463,1,29.9317085468643,30.9317085468643,24.7849420520044,"Ideal: pandemic shock only",29.9317085468643,"Random forest",25.4485325852581,5.14676649485992,4.48317596160621,5.20243402739463,0,-0.055667532534704,-0.719258065788411,24.7292745194697
16,2020,"South and Islands",4172,8.33623312119931,69.4927826509803,17.2199381852919,65.0011395371597,4.17440480108288,26.0189371414685,448.044489223083,0,-0.874708957283175,5,21.8610452603894,20.8728141762534,1.44816710002044,3,23.3092123604099,26.3092123604099,21.0713409399273,"Ideal: pandemic shock only",23.3092123604099,"Random forest",21.2035936816501,2.23787142048254,2.10561867875976,1.44816710002044,0,0.789704320462101,0.657451578739324,21.8610452603894
17,2020,"Center",6628,8.79910823977861,77.4243058153399,31.633656954978,228.821698353811,5.4329430904715,27.5263100522006,870.757849427675,1,0.857702848510357,5,32.0925105248977,32.5089518206166,6.13919226843715,1,38.2317027933349,39.2317027933349,31.9495727658771,"Ideal: pandemic shock only",38.2317027933349,"Random forest",32.1606052342511,6.28213002745776,6.07109755908378,6.13919226843715,0,0.142937759020613,-0.0680947093533657,32.0925105248977
18,2020,"Center",9536,9.16284538768411,83.957735598604,21.6560360556492,107.322095596264,4.67583455198124,23.0590144434687,499.366848195495,1,0.190456751900787,5,27.6483854395657,26.8765062839497,4.72894327689976,1,32.3773287164655,33.3773287164655,26.2078486869263,"Ideal: pandemic shock only",32.3773287164655,"Random forest",26.7432854008288,6.1694800295392,5.63404331563662,4.72894327689976,0,1.44053675263945,0.905100038736865,27.6483854395657
19,2020,"North East",600,5.98467535142645,35.8163390619713,17.7943905018863,72.7233808011914,4.28666293945401,23.035829456374,409.908544881574,0,0.0605462911258852,5,24.297616675145,23.3304830776877,9.3025393168892,0,33.6001559920342,33.6001559920342,23.6898778749618,"Ideal: pandemic shock only",33.6001559920342,"Random forest",23.6173666920324,9.91027811707234,9.98278930000173,9.3025393168892,0,0.607738800183135,0.680249983112525,24.297616675145
20,2020,"North West",6085,8.7135303524629,75.9256112032922,25.7604526501476,620.454507927329,6.43045228677136,27.3097708223983,703.512058156774,0,-0.038340829443112,5,30.4594082930421,30.3351230932505,16.4779820488196,0,46.9373903418617,46.9373903418617,29.4406028230593,"Ideal: pandemic shock only",46.9373903418617,"Random forest",29.3469079079788,17.4967875188024,17.5904824338829,16.4779820488196,0,1.0188054699828,1.1125003850633,30.4594082930421
21,2020,"South and Islands",1562,7.35384027479482,54.0789667871944,23.6964633227008,144.237043000694,4.9714580781351,17.5637912557815,416.1997353002,0,-0.972043929353759,5,25.8179833261977,24.0317989601232,1.56872465313732,3,27.386707979335,30.386707979335,24.3186509872065,"Ideal: pandemic shock only",27.386707979335,"Random forest",25.0151749352983,3.06805699212855,2.37153304403675,1.56872465313732,0,1.49933233899123,0.802808390899421,25.8179833261977
22,2020,"North West",4644,8.4433875221435,71.2907928490886,24.4131054234423,163.897007989858,5.09923823048772,23.3468927456246,569.970153908735,0,-0.560667819054107,5,27.9396926161403,27.6674555299743,16.0523723885079,0,43.9920650046482,43.9920650046482,27.8565780322222,"Ideal: pandemic shock only",43.9920650046482,"Random forest",28.1006853906796,16.135486972426,15.8913796139686,16.0523723885079,0,0.0831145839180643,-0.160992774539306,27.9396926161403
23,2020,"South and Islands",1043,6.94962893508659,48.2973423353927,18.3975252630413,38.7365646257476,3.65678397634276,17.5004420113867,321.964824018875,0,-0.593287985774852,5,21.96472530098,22.0175716479654,0.981407019467138,3,22.9461323204471,25.9461323204471,22.1310122144321,"Ideal: pandemic shock only",22.9461323204471,"Random forest",22.2092874930029,0.815120106015016,0.736844827444187,0.981407019467138,0,-0.166286913452123,-0.244562192022951,21.96472530098
24,2020,"North West",600,6.3613747814852,40.4670891105159,22.5553625864567,135.745064317646,4.91077859953535,26.020059753315,586.891882257288,1,1.37586682080604,5,29.6591552367492,30.6256825927484,16.0351423669778,0,45.694297603727,45.694297603727,29.3890534997413,"Ideal: pandemic shock only",45.694297603727,"Random forest",29.9956879330241,16.3052441039857,15.6986096707029,16.0351423669778,0,0.270101737007906,-0.33653269627494,29.6591552367492
25,2020,"Center",2397,7.78191620176788,60.5582197713374,26.1461810896943,305.807035243869,5.72295429925999,24.2356869827863,633.670660685076,0,-0.0794079682069027,5,30.1806664727763,28.4201520762445,5.30522630839694,1,35.4858927811732,36.4858927811732,27.3533382704291,"Ideal: pandemic shock only",35.4858927811732,"Random forest",28.3384389364443,8.13255451074413,7.14745384472893,5.30522630839694,0,2.82732820234719,1.84222753633199,30.1806664727763
26,2020,"North East",600,6.32659865095325,40.0258504902435,23.9818184484714,199.988892091285,5.29826182546209,32.6616708352221,783.286260194031,1,-1.95852782318052,5,27.1429261533424,26.3764840958743,10.6569652875329,0,37.7998914408753,37.7998914408753,26.6460815267482,"Ideal: pandemic shock only",37.7998914408753,"Random forest",27.278820550833,11.1538099141271,10.5210708900423,10.6569652875329,0,0.496844626594138,-0.135894397490629,27.1429261533424
27,2020,"North West",4005,8.29534109131844,68.8126838213163,23.6846137987644,80.6529238334538,4.39015505727371,34.5068453646383,817.281305875141,0,-0.744339009798601,5,28.0617139517882,27.8511180682801,16.7534349931243,0,44.8151489449125,44.8151489449125,26.8206889538213,"Ideal: pandemic shock only",44.8151489449125,"Random forest",27.4930079537788,17.9944599910911,17.3221409911337,16.7534349931243,0,1.24102499796683,0.56870599800936,28.0617139517882
28,2020,"South and Islands",699,6.54961214141303,42.897419202945,24.0414938212618,184.853351824468,5.21956281789051,18.2378311089385,438.464703918761,1,1.57709601490865,5,29.534127011403,28.4950372503885,1.65386079770002,3,31.187987809103,34.187987809103,27.4868669650193,"Ideal: pandemic shock only",31.187987809103,"Random forest",27.876624096904,3.70112084408373,3.31136371219906,1.65386079770002,0,2.04726004638371,1.65750291449904,29.534127011403
29,2020,"North West",2781,7.93073657017128,62.8965825454522,26.8873376687386,134.452038775698,4.90120754642064,24.4214566643192,656.627951696018,0,0.231054267069112,5,28.5923084272468,28.646295523286,16.3997574097991,0,44.9920658370459,44.9920658370459,29.2938099573291,"Ideal: pandemic shock only",44.9920658370459,"Random forest",29.1462468937833,15.6982558797169,15.8458189432627,16.3997574097991,0,-0.701501530082261,-0.553938466536465,28.5923084272468
30,2020,"North East",1994,7.59795320098669,57.7288928443839,24.9156757595317,534.160736171553,6.28069679773414,33.1774610626878,826.638862362418,0,-0.655807374768553,5,29.873362128388,28.9576706670831,10.7957949076722,0,40.6691570360602,40.6691570360602,27.749656049087,"Ideal: pandemic shock only",40.6691570360602,"Random forest",28.8953899968194,12.9195009869732,11.7737670392409,10.7957949076722,0,2.12370607930107,0.977972131568691,29.873362128388
31,2020,"Center",14472,9.57998362827982,91.7760863181093,20.3697345111264,556.457784115451,6.3215913082073,18.1588653436054,369.891266072536,1,-1.32569984692357,5,24.7107460542715,23.4831039417736,4.24443967001181,1,28.9551857242833,29.9551857242833,24.1482434587029,"Ideal: pandemic shock only",28.9551857242833,"Random forest",24.0090155999352,4.80694226558038,4.94617012434807,4.24443967001181,0,0.562502595568566,0.701730454336256,24.7107460542715
32,2020,"North East",814,6.70250980529942,44.9236376901348,23.2168934875255,62.235919427723,4.13093231582695,33.8534623022005,785.972228454151,1,-1.16546688392993,5,26.8920769835591,27.5112145174626,10.6562489445174,0,37.5483259280765,37.5483259280765,26.5806155145597,"Ideal: pandemic shock only",37.5483259280765,"Random forest",27.3127985052973,10.9677104135167,10.2355274227792,10.6562489445174,0,0.311461468999367,-0.42072152173821,26.8920769835591
33,2020,"South and Islands",2521,7.83230789705924,61.3450469943365,21.272603350237,162.348653437373,5.08974620431903,25.3698605040185,539.68297955283,0,-0.214041581761554,5,25.2449703747174,25.1866561069625,1.8485249035429,3,27.0934952782603,30.0934952782603,24.4626466038811,"Ideal: pandemic shock only",27.0934952782603,"Random forest",25.181432074881,2.63084867437917,1.91206320337929,1.8485249035429,0,0.782323770836266,0.0635382998363867,25.2449703747174
34,2020,"Center",5757,8.65822041648686,74.9647807804699,26.547876526223,97.1997121899022,4.57676775045277,24.238281964256,643.474916794847,0,1.16858123468384,5,28.741987092674,29.1328654334536,5.34959445511799,1,34.091581547792,35.091581547792,28.1743313501414,"Ideal: pandemic shock only",34.091581547792,"Random forest",29.0102368643085,5.91725019765058,5.08134468348349,5.34959445511799,0,0.567655742532596,-0.268249771634499,28.741987092674
35,2020,"North West",6006,8.70043581923168,75.6975834445696,25.8806137425296,63.129211198238,4.14518359742167,29.9325296442137,774.67223805871,0,-0.995619376913875,5,27.4630262317772,27.2500557753151,16.6747928865087,0,44.137819118286,44.137819118286,26.8257495223851,"Ideal: pandemic shock only",44.137819118286,"Random forest",27.502117834311,17.3120695959008,16.635701283975,16.6747928865087,0,0.63727670939209,-0.0390916025337376,27.4630262317772
36,2020,"North East",2415,7.78956496381199,60.6773223254473,27.1005883443778,406.182203015424,6.00680183483201,26.1814960895672,709.533947763297,0,-0.571398288629317,5,29.3656982985087,28.3791566042879,10.5464177438868,0,39.9121160423955,39.9121160423955,28.8671592898681,"Ideal: pandemic shock only",39.9121160423955,"Random forest",29.2849520420622,11.0449567525274,10.6271640003332,10.5464177438868,0,0.498539008640611,0.0807462564464405,29.3656982985087
37,2020,"South and Islands",3361,8.11995854916113,65.9337268400949,25.172163606762,42.1954274267225,3.74231186035416,22.3363675654493,562.254698738261,1,0.151528772471403,5,26.0105385657513,26.9339253812973,2.0651320260608,3,28.0756705918121,31.0756705918121,26.1567478782746,"Ideal: pandemic shock only",28.0756705918121,"Random forest",26.8926117570155,1.91892271353746,1.18305883479661,2.0651320260608,0,-0.146209312523344,-0.882073191264191,26.0105385657513
38,2020,"Center",4615,8.43708166883491,71.1843470865901,24.8738330000967,76.5060385739012,4.33736967332379,18.3255887588546,455.827634416199,0,1.78961638049566,5,28.2362284890467,27.6468979584763,4.75156114286599,1,32.9877896319127,33.9877896319127,27.2026893933668,"Ideal: pandemic shock only",32.9877896319127,"Random forest",27.1112936475886,5.78510023854587,5.87649598432411,4.75156114286599,0,1.03353909567988,1.12493484145812,28.2362284890467
39,2020,"South and Islands",1546,7.3431083485808,53.9212402189971,22.2008359714137,45.0606622223964,3.80800963135408,14.9398538140329,331.677243962245,0,-0.186570669818089,5,24.4791838594324,23.7774063226948,1.22053002357335,3,25.6997138830057,28.6997138830057,23.5607897965004,"Ideal: pandemic shock only",25.6997138830057,"Random forest",23.8811159925774,2.1389240865053,1.81859789042836,1.22053002357335,0,0.918394062931952,0.598067866855015,24.4791838594324
40,2020,"North West",3039,8.01920759064866,64.3076903819171,28.1806931368305,41.8719615998538,3.73461642870325,28.6997512066927,808.778881859187,0,-0.205467851230267,5,29.4157582998561,29.5596685074581,16.8415071292554,0,46.2572654291115,46.2572654291115,28.3475826390881,"Ideal: pandemic shock only",46.2572654291115,"Random forest",29.6372167524214,17.9096827900234,16.62004867669,16.8415071292554,0,1.06817566076799,-0.221458452565336,29.4157582998561
41,2020,"North West",23817,10.0781556093553,101.56922048638,25.7867033484373,161.14082798388,5.08227869062479,27.0775278750602,698.24017872322,1,-1.36486111203693,5,27.7188190081461,27.4767000625557,16.4646126193179,0,44.183431627464,44.183431627464,27.4614628000065,"Ideal: pandemic shock only",44.183431627464,"Random forest",27.6893865370791,16.7219688274574,16.4940450903849,16.4646126193179,0,0.257356208139576,0.0294324710670146,27.7188190081461
42,2020,"Center",711,6.56638392919163,43.1173979055461,26.6908148938294,74.3092592255678,4.30823556341518,26.336941440211,702.954428850296,0,2.20923952263251,5,30.3742104851396,28.9922969810124,5.51222383887154,1,35.8864343240111,36.8864343240111,29.2364510550367,"Ideal: pandemic shock only",35.8864343240111,"Random forest",29.0691993840633,6.64998326897442,6.81723493994788,5.51222383887154,0,1.13775943010289,1.30501110107635,30.3742104851396
43,2020,"North East",7806,8.9626128566475,80.328429218143,29.2698032796982,425.996163325195,6.05443033994993,28.7845882144044,842.519234522737,0,0.519204036426713,5,32.0883075599193,30.4786372071201,10.9672478355106,0,43.05555539543,43.05555539543,30.0949649293387,"Ideal: pandemic shock only",43.05555539543,"Random forest",30.281673030089,12.9605904660912,12.773882365341,10.9672478355106,0,1.9933426305806,1.80663452983037,32.0883075599193
44,2020,"Center",1398,7.24311825541548,52.462762061933,20.1681130763592,40.5577994060289,3.70272810253564,25.8044523120853,520.427112103655,0,-0.612898951154699,5,23.6716185058151,23.379956541825,4.75745239998102,1,28.4290709057961,29.4290709057961,23.3592310492245,"Ideal: pandemic shock only",28.4290709057961,"Random forest",24.0075402721606,5.06983985657165,4.42153063363553,4.75745239998102,0,0.312387456590639,-0.335921766345488,23.6716185058151
45,2020,"Center",1280,7.154477941112,51.1865546098583,18.3651169361189,154.183157866144,5.03814123250605,23.0869178847309,423.993946647659,1,1.98373683378401,5,27.8542724038054,27.1519964053094,4.36889541463978,1,32.2231678184452,33.2231678184452,26.4775998227095,"Ideal: pandemic shock only",32.2231678184452,"Random forest",26.5919682727235,5.74556799573569,5.63119954572168,4.36889541463978,0,1.37667258109592,1.26230413108191,27.8542724038054
46,2020,"South and Islands",600,6.02291609341112,36.2755182682707,23.2112323232754,77.9598910942318,4.35619447769421,19.9932327367465,464.067569945938,0,-0.882707755644959,5,24.9888098891073,25.2517470135005,1.68541014686808,3,26.6742200359754,29.6742200359754,24.0320741286376,"Ideal: pandemic shock only",26.6742200359754,"Random forest",24.8528288044289,2.64214590733778,1.82139123154652,1.68541014686808,0,0.956735760469696,0.135981084678443,24.9888098891073
47,2020,"Center",946,6.85177719545865,46.9468507362072,22.9518277120063,108.294839757013,4.68485750519875,23.126067336656,530.785513167186,0,-0.368819052229961,5,24.2155445419809,25.6202173492539,4.87617406162215,1,29.0917186036031,30.0917186036031,25.2369127686596,"Ideal: pandemic shock only",29.0917186036031,"Random forest",25.6721949013591,3.85480583494344,3.41952370224391,4.87617406162215,0,-1.0213682266787,-1.45665035937824,24.2155445419809
48,2020,"South and Islands",1549,7.34544062429826,53.9554979650913,23.5884241246397,166.06552641667,5.11238244791803,21.6651585810655,511.04694933775,0,0.125708417881826,5,27.1602826018872,25.8243125813028,1.84393605412048,3,29.0042186560077,32.0042186560077,25.8703167177872,"Ideal: pandemic shock only",29.0042186560077,"Random forest",25.8438022637804,3.13390193822048,3.16041639222726,1.84393605412048,0,1.2899658841,1.31648033810678,27.1602826018872
49,2020,"North West",21015,9.9530071571072,99.0623514694272,21.6291554597878,227.640328659716,5.4277668775035,29.5843629390545,639.884785187595,1,-0.371633395853726,5,26.4996532352652,28.4322007940002,16.182760806046,0,42.6824140413112,42.6824140413112,27.4156146930293,"Ideal: pandemic shock only",42.6824140413112,"Random forest",28.3919676935808,15.2667993482819,14.2904463477304,16.182760806046,0,-0.91596145776407,-1.89231445831564,26.4996532352652
50,2020,"Center",2329,7.75336890546237,60.1147293841907,19.9421067462938,217.459710708841,5.38201359524977,17.0237400347994,339.489240995124,0,1.59698746022642,5,27.4224712410566,26.0567517282104,4.1179418442638,1,31.5404130853204,32.5404130853204,25.9766490278029,"Ideal: pandemic shock only",31.5404130853204,"Random forest",26.1485331651878,5.56376405751758,5.3918799201326,4.1179418442638,0,1.44582221325378,1.2739380758688,27.4224712410566
51,2020,"South and Islands",600,6.25708366843188,39.1510960337569,25.9541477517168,36.9637373074192,3.60993735928642,13.7323125503478,356.410468904481,0,1.38358002987268,5,26.1334189622093,28.5364321276968,1.54886643094873,3,27.682285393158,30.682285393158,27.0567569920581,"Ideal: pandemic shock only",27.682285393158,"Random forest",27.4600872754014,0.625528401099899,0.222198117756623,1.54886643094873,0,-0.923338029848828,-1.3266683131921,26.1334189622093
52,2020,"North East",2852,7.95568555902247,63.2929327140386,18.6978849140877,331.720744102729,5.80429348274559,29.9293199793274,559.614980530371,0,-0.560440940307086,5,25.1784472055885,24.7013745384658,9.8844680388381,0,35.0629152444266,35.0629152444266,24.6146809232954,"Ideal: pandemic shock only",35.0629152444266,"Random forest",24.7357506649082,10.4482343211312,10.3271645795184,9.8844680388381,0,0.563766282293075,0.442696540680339,25.1784472055885
53,2020,"North East",2512,7.82893614905459,61.2922412259738,28.2144555161654,157.793617030879,5.06128795785272,34.4910099078203,973.145064751817,0,0.84043896473449,5,31.2260710886649,30.7809769624119,11.2506091000611,0,42.4766801887261,42.4766801887261,30.0659623631074,"Ideal: pandemic shock only",42.4766801887261,"Random forest",30.8674068305225,12.4107178256187,11.6092733582036,11.2506091000611,0,1.16010872555754,0.358664258142452,31.2260710886649
54,2020,"North West",1046,6.95261453172059,48.3388488266923,22.0772527609066,201.533972949786,5.30595796742239,39.1199042449553,863.660013998341,0,0.404904204619336,5,29.2505024946008,29.9438320684154,16.8995394005821,0,46.1500418951829,46.1500418951829,28.2639062181886,"Ideal: pandemic shock only",46.1500418951829,"Random forest",29.6441521798141,17.8861356769944,16.5058897153689,16.8995394005821,0,0.986596276412246,-0.393649685213248,29.2505024946008
55,2020,"Center",10535,9.26249186167236,85.7937554875466,17.3736792688644,152.01907181741,5.02400598545822,14.2745918469729,248.002180443253,1,0.380948323989116,5,24.64387471159,23.9548302391794,3.64297444859871,1,28.2868491601887,29.2868491601887,23.8106386711803,"Ideal: pandemic shock only",28.2868491601887,"Random forest",24.2531533194204,4.47621048900844,4.03369584076832,3.64297444859871,0,0.833236040409723,0.390721392169607,24.64387471159
56,2020,"North West",3669,8.20778061879011,67.3676626861866,18.790174250878,295.177585043671,5.6875771584195,31.5193505485285,592.254089081359,0,1.47702146868386,5,28.839852721698,27.3932605907934,16.0059220057291,0,44.8457747274271,44.8457747274271,27.5713112246372,"Ideal: pandemic shock only",44.8457747274271,"Random forest",27.5157125998387,17.2744635027899,17.3300621275884,16.0059220057291,0,1.26854149706081,1.32414012185924,28.839852721698
57,2020,"South and Islands",3034,8.01761693581971,64.282181329543,15.8264240247109,90.7841463809841,4.50848467103464,12,189.917088296531,1,-0.570562651597994,5,22.162148998278,22.0245850778483,0.313554942453735,3,22.4757039407318,25.4757039407318,21.3686092682606,"Ideal: pandemic shock only",22.4757039407318,"Random forest",21.7296236771943,1.10709467247118,0.746080263537461,0.313554942453735,0,0.793539730017443,0.432525321083726,22.162148998278
58,2020,"Center",2469,7.8114198506094,61.0182800824945,27.7670459018779,323.680820452348,5.77975790818003,14.8655586822988,412.772650288451,1,-0.114063003985155,5,28.2455990689158,28.0534436041181,4.82761245670302,1,33.0732115256188,34.0732115256188,27.9749686036282,"Ideal: pandemic shock only",33.0732115256188,"Random forest",28.3213534749673,5.09824292199059,4.75185805065146,4.82761245670302,0,0.270630465287572,-0.0757544060515647,28.2455990689158
59,2020,"North East",4355,8.37898933795752,70.2074623256058,28.6680760796735,13.0502829523994,2.56880981570985,21.8629690917742,626.769261250531,0,1.36103702332733,5,30.7396661841932,29.5027158905327,10.4165445049238,0,41.156210689117,41.156210689117,28.4725964413366,"Ideal: pandemic shock only",41.156210689117,"Random forest",29.1698340429548,12.6836142477804,11.9863766461622,10.4165445049238,0,2.26706974285661,1.56983214123836,30.7396661841932
60,2020,"South and Islands",3224,8.07825944494832,65.2582756598967,22.0434631408639,226.651504818956,5.42341361676017,19.0566189928074,420.073878357435,0,0.819848812939287,5,26.0227014793724,25.594553693195,1.49139257472707,3,27.5140940540995,30.5140940540995,25.5586607337001,"Ideal: pandemic shock only",27.5140940540995,"Random forest",25.8296100744553,1.95543332039941,1.68448397964422,1.49139257472707,0,0.464040745672341,0.193091404917149,26.0227014793724
61,2020,"South and Islands",13537,9.51320723340575,90.5011118657234,23.715203285316,76.6701021654376,4.33951183010464,16.1807472828605,383.729711121361,0,0.215311372633384,5,24.6191262082141,24.2847785597476,1.47397297092052,3,26.0930991791346,29.0930991791346,23.8031227975768,"Ideal: pandemic shock only",26.0930991791346,"Random forest",24.4691396138637,2.2899763815578,1.62395956527092,1.47397297092052,0,0.816003410637279,0.149986594350398,24.6191262082141
62,2020,"North West",3865,8.25975577911217,68.2235655305768,21.8100333690739,188.809482305363,5.24073847652523,30.5734622641382,666.808232188975,1,0.0437958488982893,5,26.9992247316325,30.602991506199,16.2718943288233,0,43.2711190604559,43.2711190604559,28.6370343516411,"Ideal: pandemic shock only",43.2711190604559,"Random forest",29.6669318722301,14.6340847088147,13.6041871882258,16.2718943288233,0,-1.63780962000862,-2.66770714059753,26.9992247316325
63,2020,"North East",771,6.64758913097971,44.1904412543195,19.7149957813878,207.470320623291,5.33498829629977,29.6744847713571,585.03234208216,0,1.16916217446322,5,28.2117243642977,29.0911526686375,9.97851176968318,0,38.1902361339809,38.1902361339809,27.5190249889593,"Ideal: pandemic shock only",38.1902361339809,"Random forest",28.1159366202122,10.6712111450216,10.0742995137687,9.97851176968318,0,0.692699375338444,0.0957877440854862,28.2117243642977
64,2020,"South and Islands",5724,8.6524026195825,74.8640710913582,22.1139546805716,157.884954066028,5.06186662898253,22.2233874973054,491.446983964193,0,-0.550791462639458,5,26.0850247859955,25.4067462087718,1.72082043940979,3,27.8058452254052,30.8058452254052,24.6074250093702,"Ideal: pandemic shock only",27.8058452254052,"Random forest",25.2324168766949,3.19842021603509,2.57342834871029,1.72082043940979,0,1.4775997766253,0.852607909300505,26.0850247859955
65,2020,"Center",1228,7.11312634674559,50.5965664247663,27.874501500398,160.647375374226,5.07921174788858,21.3608879397566,595.424102926579,1,1.84985948343589,5,31.2973896303384,30.7212910196831,5.29410562056227,1,36.5914952509006,37.5914952509006,29.979480642668,"Ideal: pandemic shock only",36.5914952509006,"Random forest",30.0499453846864,6.61201460823262,6.54154986621418,5.29410562056227,0,1.31790898767035,1.24744424565191,31.2973896303384
66,2020,"North East",2454,7.80567453286042,60.9285549129458,19.9812530185692,243.529370313655,5.4952375525535,32.707460111643,653.536036085498,0,0.632497299166768,5,26.8293675539947,27.0080518578252,10.2201083395932,0,37.0494758935879,37.0494758935879,26.1642752488509,"Ideal: pandemic shock only",37.0494758935879,"Random forest",26.2712463680779,10.8852006447369,10.77822952551,10.2201083395932,0,0.665092305143787,0.558121185916821,26.8293675539947
67,2020,"North West",6013,8.7017478552855,75.7204157369658,23.8645921133391,51.5890389553216,3.943309226576,26.4083519491256,630.224547651387,1,0.38533510284832,5,29.1230627746477,28.4347869372522,16.2063380686416,0,45.3294008432893,45.3294008432893,27.8710401269467,"Ideal: pandemic shock only",45.3294008432893,"Random forest",28.3521120294912,17.4583607163426,16.9772888137981,16.2063380686416,0,1.25202264770098,0.770950745156515,29.1230627746477
68,2020,"North East",2203,7.69743854002891,59.2505600775225,23.307582430971,141.776630536706,4.95425279471004,24.1234731456225,562.259838862911,0,-2.06751230476916,5,24.669471035954,24.7739856843593,9.98512548733591,0,34.6545965232899,34.6545965232899,24.409135632048,"Ideal: pandemic shock only",34.6545965232899,"Random forest",25.3883791098861,10.2454608912419,9.26621741340381,9.98512548733591,0,0.260335403905945,-0.718908073932106,24.669471035954
69,2020,"Center",630,6.4449849189022,41.5378306048768,19.4416756992787,235.615132137208,5.46219967780152,26.2198956392826,509.758707887865,0,2.04533516688494,5,26.5610879101035,27.4884681009189,4.70662532140597,1,31.2677132315094,32.2677132315094,26.3086097111496,"Ideal: pandemic shock only",31.2677132315094,"Random forest",26.9310887385233,4.95910352035987,4.33662449298619,4.70662532140597,0,0.252478198953894,-0.370000828419784,26.5610879101035
70,2020,"North West",1064,6.96954796916057,48.5745988944302,19.9569040798752,280.507043049349,5.63659883355786,29.6134713290892,590.993206786767,0,-0.833468264216774,5,25.348649639587,26.0309737669929,16.000850741558,0,41.3495003811451,41.3495003811451,25.623329945942,"Ideal: pandemic shock only",41.3495003811451,"Random forest",26.0786757578997,15.7261704352031,15.2708246232454,16.000850741558,0,-0.274680306354927,-0.730026118312619,25.348649639587
71,2020,"North West",3684,8.21179052043495,67.4335035515052,19.3036294098065,146.002338094307,4.98362263592467,29.4027284409602,567.579373461473,0,-0.918339076825339,5,25.6187071789827,26.982487855588,15.9142385256815,0,41.5329457046642,41.5329457046642,25.2401526459637,"Ideal: pandemic shock only",41.5329457046642,"Random forest",26.8462240603803,16.2927930587005,14.6867216442839,15.9142385256815,0,0.378554533018994,-1.2275168813976,25.6187071789827
72,2020,"North West",3919,8.27354131106538,68.4514858259055,17.4880792584055,468.979495665764,6.1505590482278,25.3302604528473,442.977602435449,0,-0.212719909063773,5,25.2946268897448,25.7370433984267,15.4294552498595,0,40.7240821396042,40.7240821396042,25.4859388057493,"Ideal: pandemic shock only",40.7240821396042,"Random forest",25.7769452154443,15.2381433338549,14.94713692416,15.4294552498595,0,-0.191311916004535,-0.482318325699501,25.2946268897448
73,2020,"Center",2444,7.80145317039013,60.8626715697902,21.6178529510469,71.4823466231236,4.26945051883915,21.8431689498278,472.20241434225,0,-1.54277529769251,5,24.3150452688452,23.7377532809376,4.63963395083863,1,28.9546792196839,29.9546792196839,23.1709945481891,"Ideal: pandemic shock only",28.9546792196839,"Random forest",23.766781606623,5.78368467149479,5.18789761306088,4.63963395083863,0,1.14405072065616,0.548263662222243,24.3150452688452
74,2020,"South and Islands",3345,8.11533806876119,65.8587119702847,20.4956439218659,35.3378628375643,3.56495499074384,24.6206117551957,504.615291672996,1,-1.37071131340008,5,23.0806171042633,22.6191347463118,1.71061195400448,3,24.7912290582678,27.7912290582678,22.4676021242611,"Ideal: pandemic shock only",24.7912290582678,"Random forest",23.4204458333191,2.3236269340067,1.37078322494867,1.71061195400448,0,0.613014980002224,-0.339828729055802,23.0806171042633
75,2020,"North West",2927,7.98172878479618,63.7079943940439,26.1811691195106,179.280705844972,5.18895276659432,25.3278193291412,663.111921284656,0,0.491724138882028,5,29.2560882897743,28.7934202907618,16.3855242559216,0,45.6416125456958,45.6416125456958,28.7046634372649,"Ideal: pandemic shock only",45.6416125456958,"Random forest",28.8447695783458,16.9369491084309,16.79684296735,16.3855242559216,0,0.551424852509356,0.411318711428454,29.2560882897743
76,2020,"Center",1901,7.55029670594786,57.006980347847,26.9691994237883,182.53620928517,5.2069485603845,21.4043126727935,577.257177001688,1,0.414310307224211,5,30.8701812798311,28.6150443053242,5.1975621234478,1,36.0677434032789,37.0677434032789,28.8094554357205,"Ideal: pandemic shock only",36.0677434032789,"Random forest",28.9309522077934,7.25828796755842,7.13679119548555,5.1975621234478,0,2.06072584411063,1.93922907203775,30.8701812798311
77,2020,"South and Islands",4392,8.38747017455844,70.3496559291073,16.5132261609403,87.5853535775757,4.47261378736042,26.7837104535184,442.285468148091,0,-0.208993947885466,5,22.8738370523966,22.5491068942651,1.42396290918525,3,24.2977999615818,27.2977999615818,22.0760754984682,"Ideal: pandemic shock only",24.2977999615818,"Random forest",22.5596901227653,2.2217244631136,1.7381098388165,1.42396290918525,0,0.797761553928349,0.314146929631242,22.8738370523966
78,2020,"Center",1483,7.30152110011711,53.3122103754554,21.2773786888882,97.8004656031041,4.58292933779737,24.8402644020591,528.535712414721,0,-0.166371001415701,5,24.7595410591439,26.2551489322521,4.81197846365737,1,29.5715195228013,30.5715195228013,25.4952793513553,"Ideal: pandemic shock only",29.5715195228013,"Random forest",26.0322056741274,4.07624017144592,3.53931384867391,4.81197846365737,0,-0.735738292211447,-1.27266461498346,24.7595410591439
79,2020,"South and Islands",5328,8.580641379444,73.6274064826266,18.1036199932158,81.1794668635302,4.39666234405154,12,217.24343991859,1,-1.67079007932037,5,22.1221632777102,22.1978833477825,0.564046498989271,3,22.6862097766994,25.6862097766994,21.5216429567239,"Ideal: pandemic shock only",22.6862097766994,"Random forest",21.9996818279992,1.1645668199755,0.686527948700238,0.564046498989271,0,0.600520320986227,0.122481449710967,22.1221632777102
80,2020,"South and Islands",5023,8.5217408100472,72.6200664336239,19.9281635156287,437.722614488899,6.08158540950348,14.4756039602905,288.472202708152,0,-0.44134346076065,5,25.5262759324665,23.0255367239186,0.938038563675026,3,26.4643144961416,29.4643144961416,23.3423742759198,"Ideal: pandemic shock only",26.4643144961416,"Random forest",23.5118897991924,3.12194022022176,2.95242469694916,0.938038563675026,0,2.18390165654674,2.01438613327413,25.5262759324665
81,2020,"North West",8440,9.0407594456691,81.7353313544551,23.4970224739706,242.113800188598,5.48940786433763,34.8748367235962,819.454822270397,1,0.549626328216843,5,29.3382014501711,30.9432629592646,16.758559342524,0,46.0967607926951,46.0967607926951,29.7920773765048,"Ideal: pandemic shock only",46.0967607926951,"Random forest",30.4344897814333,16.3046834161903,15.6622710112618,16.758559342524,0,-0.453875926333698,-1.09628833126219,29.3382014501711
82,2020,"South and Islands",1832,7.51331324043667,56.449875848921,23.3282123057103,387.380987414528,5.95940867236672,13.4249680874202,313.180505740725,0,0.740570341199691,5,27.0975236697985,26.1488798114597,1.23849941948308,3,28.3360230892816,31.3360230892816,25.6854180208325,"Ideal: pandemic shock only",28.3360230892816,"Random forest",25.9660850768573,2.6506050684491,2.36993801242433,1.23849941948308,0,1.41210564896602,1.13143859294125,27.0975236697985
83,2020,"Center",3151,8.05540979335887,64.889626938942,21.3625165797272,87.771853543422,4.47474087456974,25.9828155641447,555.058328277034,0,-0.343087626172048,5,26.3227858182888,24.7231920963413,4.90132221299565,1,31.2241080312844,32.2241080312844,24.6742153815893,"Ideal: pandemic shock only",31.2241080312844,"Random forest",24.5574707545241,6.54989264969509,6.66663727676032,4.90132221299565,0,1.64857043669945,1.76531506376468,26.3227858182888
84,2020,"South and Islands",5431,8.59982054001394,73.9569133204456,15.320290370062,997.61770170704,6.90537013850174,22.5295778158071,345.159674053071,0,-0.109328714007815,5,23.6496394957219,22.5417519730781,0.994950687548845,3,24.6445901832707,27.6445901832707,21.6654636524899,"Ideal: pandemic shock only",24.6445901832707,"Random forest",22.0696185217155,2.97912653078084,2.57497166155528,0.994950687548845,0,1.98417584323199,1.58002097400643,23.6496394957219
85,2020,"South and Islands",1247,7.12815015259071,50.8105245978789,18.8574504539401,98.3602302022533,4.58863655775043,15.1483021084819,285.658356472013,0,0.106661794896626,5,23.8824781750647,22.8351665897411,0.867348997262675,3,24.7498271723274,27.7498271723274,22.6681750719557,"Ideal: pandemic shock only",24.7498271723274,"Random forest",23.284118463333,2.08165210037173,1.46570870899442,0.867348997262675,0,1.21430310310905,0.598359711731749,23.8824781750647
86,2020,"North West",4347,8.37713352687729,70.1763661271316,22.5996985995985,84.7346808813158,4.43952497335948,25.2799222206485,571.31862280795,1,-1.69445458594374,5,24.2009539266567,26.54706758794,15.9882097011368,0,40.1891636277935,40.1891636277935,25.5344308285742,"Ideal: pandemic shock only",40.1891636277935,"Random forest",26.5170234196366,14.6547327992192,13.6721402081568,15.9882097011368,0,-1.33347690191755,-2.31606949297995,24.2009539266567
87,2020,"South and Islands",3950,8.28140075149497,68.5815984068615,22.0198885358395,99.2017976535766,4.59715613563446,14.1834343706024,312.317643896059,0,0.489097046614514,5,25.7316097480705,24.9438345755616,1.14767644462005,3,26.8792861926906,29.8792861926906,24.8346236188129,"Ideal: pandemic shock only",26.8792861926906,"Random forest",25.0383328612269,2.04466257387768,1.84095333146366,1.14767644462005,0,0.896986129257634,0.693276886843617,25.7316097480705
88,2020,"North East",600,5.90634009989238,34.8848533755968,28.5925662035851,230.453504896511,5.44004912797475,19.2529466646055,550.491152121827,0,1.70764489690293,5,30.3460865665195,30.5023558841294,10.2255368486523,0,40.5716234151718,40.5716234151718,29.9523566276814,"Ideal: pandemic shock only",40.5716234151718,"Random forest",30.3161374684782,10.6192667874904,10.2554859466936,10.2255368486523,0,0.393729938838097,0.0299490980413122,30.3460865665195
89,2020,"Center",4290,8.36402878156594,69.9569774588634,24.6869162273504,134.303117934859,4.90009931945373,20.4863744869543,505.745410761569,1,-0.26747620973848,5,28.0343933179704,26.0434701753269,4.88225529883087,1,32.9166486168012,33.9166486168012,26.4578667177901,"Ideal: pandemic shock only",32.9166486168012,"Random forest",26.5461512742694,6.45878189901109,6.37049734253182,4.88225529883087,0,1.57652660018022,1.48824204370095,28.0343933179704
90,2020,"North East",1169,7.0638614469767,49.8981385420838,19.9386265510294,208.473946326149,5.33981407576264,24.7278779496974,493.039923838452,0,-0.39136925565971,5,26.1789742568646,23.3633878188426,9.65684867682759,0,35.8358229336922,35.8358229336922,24.5970354793295,"Ideal: pandemic shock only",35.8358229336922,"Random forest",24.2404391342533,11.2387874543627,11.5953837994389,9.65684867682759,0,1.58193877753516,1.93853512261134,26.1789742568646
91,2020,"North East",730,6.59317521738884,43.4699594471904,28.6124942221479,92.0220156378816,4.52202784883302,26.8438038844163,768.068183543333,0,0.190475308415779,5,30.4821375427476,30.4641866523422,10.7590889360809,0,41.2412264788285,41.2412264788285,29.5844140997294,"Ideal: pandemic shock only",41.2412264788285,"Random forest",30.0172486803002,11.6568123790991,11.2239777985283,10.7590889360809,0,0.89772344301818,0.464888862447353,30.4821375427476
92,2020,"North West",6228,8.73680428225238,76.3317490663836,19.9990775329573,905.145664052674,6.80809588550243,24.9917940654086,499.812827201808,0,0.268167210964247,5,27.8349189036678,27.7502522937202,15.6819724129394,0,43.5168913166073,43.5168913166073,26.5771344838605,"Ideal: pandemic shock only",43.5168913166073,"Random forest",27.4991777609439,16.9397568327468,16.0177135556634,15.6819724129394,0,1.25778441980737,0.335741142723926,27.8349189036678
93,2020,"South and Islands",3443,8.14420534280697,66.3280806658056,24.2310592654736,232.76844482547,5.45004416038771,20.0745934726885,486.428664167005,0,-0.469822651353866,5,26.6135067801873,25.6001169917944,1.80328636202582,3,28.4167931422131,31.4167931422131,25.0033825544057,"Ideal: pandemic shock only",28.4167931422131,"Random forest",25.7038862860598,3.41341058780738,2.71290685615329,1.80328636202582,0,1.61012422578156,0.909620494127465,26.6135067801873
94,2020,"South and Islands",600,6.25321207361196,39.1026612375664,19.0602965380906,143.787710172065,4.96833797690629,18.3888816043771,350.497536383268,0,-0.676139511128113,5,23.9594065968587,23.8832520217439,1.1165026312319,3,25.0759092280906,28.0759092280906,22.9448709274534,"Ideal: pandemic shock only",25.0759092280906,"Random forest",23.6331973522795,2.13103830063725,1.44271187581113,1.1165026312319,0,1.01453566940535,0.32620924457923,23.9594065968587
95,2020,"South and Islands",4192,8.34082293834713,69.5693272888576,21.8146868794554,63.0293316549707,4.14360019986688,24.296802692434,530.027142907355,1,0.0557047689443001,5,26.1050381255366,24.6831789537108,1.833040044946,3,27.9380781704826,30.9380781704826,25.1152550016428,"Ideal: pandemic shock only",27.9380781704826,"Random forest",25.0168378074205,2.82282316883984,2.92124036306218,1.833040044946,0,0.989783123893845,1.08820031811618,26.1050381255366
96,2020,"North West",5036,8.52430112702455,72.663709704192,23.1884565520054,45.9050471719048,3.82657507119354,25.3404936042969,587.606934949609,1,-0.768398867302175,5,26.6251863062548,27.0790927820146,16.0572130727569,0,42.6823993790117,42.6823993790117,26.1409339095229,"Ideal: pandemic shock only",42.6823993790117,"Random forest",27.0329902462476,16.5414654694888,15.649409132764,16.0572130727569,0,0.484252396731875,-0.407803939992856,26.6251863062548
97,2020,"South and Islands",6617,8.79735787529643,77.3935055860402,25.4387652801817,81.6469121781534,4.40240400092002,24.0524155561497,611.863753754282,1,-0.675771690102369,5,26.6330569719272,27.8535469374033,2.21458156948599,3,28.8476385414132,31.8476385414132,25.8829895534089,"Ideal: pandemic shock only",28.8476385414132,"Random forest",26.7771029674125,2.9646489880043,2.07053557400074,2.21458156948599,0,0.750067418518303,-0.144045995485253,26.6330569719272
98,2020,"South and Islands",4027,8.30068002126734,68.9012888154667,17.4525549287413,316.668811921635,5.7578564703929,12,209.430659144895,0,0.140732463622616,5,22.9807548603707,22.3784514152323,0.492429341897072,3,23.4731842022678,26.4731842022678,22.4302005884814,"Ideal: pandemic shock only",23.4731842022678,"Random forest",22.4317450872531,1.04298361378639,1.04143911501468,0.492429341897072,0,0.550554271889318,0.549009773117604,22.9807548603707
99,2020,"North East",6188,8.73037169184298,76.2193898777332,26.5866361963024,598.689319883856,6.39474279892779,38.6531745776661,1027.65789032857,1,0.87638162261798,5,30.8277730990751,32.7539317310275,11.3629005017654,0,42.1906736008405,42.1906736008405,31.4596175228398,"Ideal: pandemic shock only",42.1906736008405,"Random forest",32.091211766197,10.7310560780007,10.0994618346435,11.3629005017654,0,-0.631844423764745,-1.26343866712197,30.8277730990751
100,2020,"North West",4516,8.41543462424921,70.8195399150124,24.0470403300795,163.838376028595,5.09888042986717,28.7551798820769,691.476970322993,1,-1.31619186162962,5,28.6646124472576,28.5334583725135,16.3906853277897,0,45.0552977750473,45.0552977750473,27.2733190972231,"Ideal: pandemic shock only",45.0552977750473,"Random forest",28.3823677045139,17.7819786778242,16.6729300705334,16.3906853277897,0,1.3912933500345,0.282244742743742,28.6646124472576
101,2020,"South and Islands",8717,9.07303447096045,82.3199545112365,27.9996453177103,211.349532116832,5.35351331322673,26.3614812503748,738.112125059964,1,0.209190042978629,5,28.7808973086345,30.9742975667855,2.6579129722099,3,31.4388102808444,34.4388102808444,28.5366487280172,"Ideal: pandemic shock only",31.4388102808444,"Random forest",29.8839712457245,2.90216155282721,1.55483903511993,2.6579129722099,0,0.244248580617315,-1.10307393708997,28.7808973086345
102,2020,"North East",10104,9.22070515879031,85.0214036253422,23.2207446505199,128.738204004672,4.85778091596535,27.2983283987871,633.88751313427,0,0.0768094317327854,5,28.5801134440961,27.3202028412947,10.1978131992078,0,38.7779266433039,38.7779266433039,26.5114416257867,"Ideal: pandemic shock only",38.7779266433039,"Random forest",27.3119920674184,12.2664850175172,11.4659345758855,10.1978131992078,0,2.06867181830938,1.26812137667771,28.5801134440961
103,2020,"South and Islands",11906,9.38481716862429,88.0747932885053,23.7134518890151,383.62787215884,5.9496729998036,15.0731605973962,357.436668641754,0,0.5111967232026,5,26.9980917018439,26.0974855653724,1.39624924934493,3,28.3943409511888,31.3943409511888,25.5799284471673,"Ideal: pandemic shock only",28.3943409511888,"Random forest",25.7956791022754,2.81441250402152,2.59866184891343,1.39624924934493,0,1.41816325467659,1.20241259956849,26.9980917018439
104,2020,"South and Islands",2229,7.70928758853484,59.4331151227373,29.191906676813,133.091372145419,4.89103590095154,21.4837819864479,627.152558813382,1,0.595322512459295,5,28.9963031206656,28.5095832389039,2.44762277323631,3,31.4439258939019,34.4439258939019,28.6107764123173,"Ideal: pandemic shock only",31.4439258939019,"Random forest",28.8188908994867,2.83314948158458,2.62503499441522,2.44762277323631,0,0.385526708348267,0.177412221178913,28.9963031206656
105,2020,"Center",4733,8.4623512737381,71.6113890801368,22.3056085903915,721.746438260134,6.58167388366441,23.1709568948818,516.842295162065,0,-1.28873355776974,5,27.421676197393,27.2622634426606,4.80823222732031,1,32.2299084247133,33.2299084247133,25.6271425368985,"Ideal: pandemic shock only",32.2299084247133,"Random forest",26.5363734382542,6.60276588781485,5.69353498645916,4.80823222732031,0,1.79453366049454,0.885302759138844,27.421676197393
106,2020,"North West",4924,8.50177784310496,72.2802264935104,25.2197739156614,103.15865002442,4.63626809469662,29.9860436366916,756.241241142519,1,-1.07530950429748,5,27.8833152989915,28.8741821739981,16.6058464850267,0,44.4891617840182,44.4891617840182,28.059494631607,"Ideal: pandemic shock only",44.4891617840182,"Random forest",28.6335523514098,16.4296671524112,15.8556094326084,16.6058464850267,0,-0.176179332615519,-0.750237052418257,27.8833152989915
107,2020,"North East",9781,9.18824395987866,84.4238270662467,27.6501152452829,315.037347019158,5.7526911937633,18.3151604683247,506.416297685029,1,0.846638305634856,5,31.6618905354364,31.5875923649639,10.0562222094994,0,41.7181127449358,41.7181127449358,29.9920655299928,"Ideal: pandemic shock only",41.7181127449358,"Random forest",30.1671647970238,11.726047214943,11.550947947912,10.0562222094994,0,1.66982500544361,1.49472573841259,31.6618905354364
108,2020,"Center",2399,7.78283339726288,60.5724956895505,21.9020455816592,148.361439359357,4.99965145437641,16.9667254591263,371.605994377281,0,1.14065425253773,5,27.8870849857492,26.542341510406,4.32954409585688,1,32.216629081606,33.216629081606,26.625420115525,"Ideal: pandemic shock only",32.216629081606,"Random forest",26.579703291911,5.59120896608102,5.63692578969505,4.32954409585688,0,1.26166487022414,1.30738169383817,27.8870849857492
109,2020,"North West",13384,9.50183041074257,90.2847811545123,26.9975057885298,45.4066498908818,3.81565856768857,35.2296191772715,951.111847666089,1,0.940352376261914,5,29.4383974826516,31.4939004830247,17.1684472788828,0,46.6068447615344,46.6068447615344,30.8068368672799,"Ideal: pandemic shock only",46.6068447615344,"Random forest",31.295890563458,15.8000078942545,15.3109541980764,17.1684472788828,0,-1.36843938462831,-1.8574930808064,29.4383974826516
110,2020,"North West",46502,10.747260109,115.503599850503,27.4757160757597,853.32460064608,6.74914001513526,35.8987846192892,986.34481366444,0,1.86627629701237,5,34.2235841178627,33.1139651881733,17.2678919914193,0,51.4914761092821,51.4914761092821,32.4081773119172,"Ideal: pandemic shock only",51.4914761092821,"Random forest",32.6022475015729,19.0832987973649,18.8892286077091,17.2678919914193,0,1.81540680594552,1.62133661628979,34.2235841178627
111,2020,"North West",2418,7.79049691847451,60.6918422367608,23.8717644565466,104.436173941279,4.64857610912388,32.1691543740262,767.93447598304,1,0.689444650569614,5,30.370873600191,30.3238829339132,16.6103831961375,0,46.9812567963285,46.9812567963285,29.3253220847431,"Ideal: pandemic shock only",46.9812567963285,"Random forest",29.7749489395266,17.6559347115854,17.2063078568019,16.6103831961375,0,1.0455515154479,0.595924660664384,30.370873600191
112,2020,"South and Islands",2507,7.82685880580282,61.2597187659732,23.0224793053641,56.568202226091,4.03544702921584,21.1451962703365,486.814843541685,0,0.0208424012347026,5,25.8071613802871,25.6930664659797,1.74528476224914,3,27.5524461425362,30.5524461425362,24.6651301086866,"Ideal: pandemic shock only",27.5524461425362,"Random forest",24.8271257818731,2.8873160338496,2.72532036066312,1.74528476224914,0,1.14203127160046,0.980035598413977,25.8071613802871
113,2020,"North West",5009,8.51889920818224,72.5716437191679,28.8138866819661,256.993724385101,5.54905166586206,28.6323861961596,825.010331290433,0,-1.63621709863579,5,31.4364836459346,30.9817617906426,16.906442868483,0,48.3429265144175,48.3429265144175,28.7107819326978,"Ideal: pandemic shock only",48.3429265144175,"Random forest",30.1340206955933,19.6321445817197,18.2089058188243,16.906442868483,0,2.72570171323678,1.30246295034128,31.4364836459346
114,2020,"North East",3971,8.28670876610403,68.6695421742254,23.4231317527193,149.95936546843,5.01036436051994,27.6187041502837,646.916546151469,1,2.8458587097096,5,29.6983544245765,31.1800836057881,10.2425020830545,0,39.940856507631,39.940856507631,31.3047355432727,"Ideal: pandemic shock only",39.940856507631,"Random forest",30.9250420191496,8.63612096435827,9.01581448848136,10.2425020830545,0,-1.60638111869624,-1.22668759457315,29.6983544245765
115,2020,"North West",6156,8.72518422320872,76.1288397289303,21.2436980595929,70.2067912541502,4.25144504786472,34.8595837275514,740.546471191201,0,0.633133169702915,5,28.7892701196027,29.7717973135429,16.5096259472194,0,45.298896066822,45.298896066822,27.6723098539759,"Ideal: pandemic shock only",45.298896066822,"Random forest",28.9401199199595,17.6265862128461,16.3587761468625,16.5096259472194,0,1.11696026562672,-0.150849800356887,28.7892701196027
116,2020,"North East",1394,7.24022364473771,52.420838425819,26.3591381598577,45.8538624414485,3.82545943597118,25.258687402574,665.797230981104,1,-0.156591119070658,5,28.0989490715436,29.2022928692085,10.4002616155001,0,38.4992106870437,38.4992106870437,28.9185252583656,"Ideal: pandemic shock only",38.4992106870437,"Random forest",28.9488287080373,9.58068542867804,9.55038197900643,10.4002616155001,0,-0.819576186822019,-0.849879636493625,28.0989490715436
117,2020,"South and Islands",2834,7.94953665781213,63.1951330738988,22.3316186446649,270.941857882254,5.60190425130135,12,267.979423735978,1,0.0826906130926445,5,26.1477869690264,25.6392070938188,1.02912635064866,3,27.1769133196751,30.1769133196751,25.377856267378,"Ideal: pandemic shock only",27.1769133196751,"Random forest",26.2117571472088,1.79905705229712,0.965156172466312,1.02912635064866,0,0.769930701648454,-0.0639701781823527,26.1477869690264
118,2020,"North West",1979,7.5902684432804,57.6121750410582,24.6848498965324,284.643722114803,5.65123830040174,19.9272063618922,491.900097900534,0,-1.02135154764006,5,28.0083284638902,26.8403244206623,15.8428862336865,0,43.8512146975768,43.8512146975768,26.5571246275966,"Ideal: pandemic shock only",43.8512146975768,"Random forest",27.3691711515577,17.2940900699802,16.4820435460191,15.8428862336865,0,1.45120383629368,0.639157312332568,28.0083284638902
119,2020,"North West",1166,7.06094782719309,49.8569842183428,27.5707696562228,58.0484999284745,4.0612788667846,28.34960786082,781.620508174912,1,-0.616238766012751,5,28.0674021860595,30.975654600084,16.7499055121774,0,44.8173076982369,44.8173076982369,29.6127039404297,"Ideal: pandemic shock only",44.8173076982369,"Random forest",30.1098701301856,15.2046037578073,14.7074375680514,16.7499055121774,0,-1.54530175437019,-2.04246794412606,28.0674021860595
120,2020,"South and Islands",2629,7.87448565648082,62.0075243541221,17.0518337992346,210.697309876316,5.35042255317437,24.2997309289878,414.354973167221,1,0.635303209183185,5,26.5187938776743,24.8057155611324,1.30933118268048,3,27.8281250603548,30.8281250603548,23.6651500400622,"Ideal: pandemic shock only",27.8281250603548,"Random forest",24.2913129745461,4.16297502029255,3.53681208580864,1.30933118268048,0,2.85364383761206,2.22748090312816,26.5187938776743
121,2020,"North West",2677,7.89257311623279,62.2927103950806,21.3727706368747,240.942016545526,5.4845563092962,29.2426537598085,624.996531621929,0,0.297046672513099,5,28.044946341154,28.2548524410314,16.1306388329783,0,44.1755851741324,44.1755851741324,28.0817987628264,"Ideal: pandemic shock only",44.1755851741324,"Random forest",28.3652312080239,16.0937864113059,15.8103539661084,16.1306388329783,0,-0.0368524216724211,-0.320284866869919,28.044946341154
122,2020,"North East",3876,8.26244897898298,68.2680631302969,21.8314664422632,102.841689512596,4.63319081081774,27.9155735650592,609.437907502121,1,-0.0744896964789947,5,26.7110896650074,27.3733790503243,10.0881997579386,0,36.799289422946,36.799289422946,26.6172262639625,"Ideal: pandemic shock only",36.799289422946,"Random forest",26.8230992971336,10.1820631589835,9.97619012581241,10.0881997579386,0,0.0938634010448904,-0.112009632126219,26.7110896650074
123,2020,"North West",8408,9.03698401522032,81.6670800913477,26.5923543911067,518.14062772838,6.250246687516,26.8834089237376,714.893137341071,1,-1.94215633328767,5,30.797574227849,28.9576392486592,16.5396459074189,0,47.3372201352679,47.3372201352679,28.8921168765715,"Ideal: pandemic shock only",47.3372201352679,"Random forest",29.1301526961976,18.4451032586964,18.2070674390703,16.5396459074189,0,1.90545735127753,1.66742153165142,30.797574227849
124,2020,"Center",1990,7.59569078596107,57.6945185159339,20.0601836524665,91.4569203197428,4.51586804523506,26.7983999873119,537.580825337733,0,-0.984085430343316,5,24.236768425972,23.4228727219098,4.81515650061868,1,29.0519249265907,30.0519249265907,23.6209503920318,"Ideal: pandemic shock only",29.0519249265907,"Random forest",23.7605706741491,5.43097453455884,5.29135425244154,4.81515650061868,0,0.615818033940163,0.47619775182286,24.236768425972
125,2020,"South and Islands",9645,9.1741573985261,84.1651639729312,19.2346328615867,109.438898502892,4.69536638897428,19.2269044383756,369.822447936966,0,-0.0403944781594508,5,22.3855493622713,24.3291590773343,1.19434122519636,3,23.5798905874677,26.5798905874677,23.1427414398991,"Ideal: pandemic shock only",23.5798905874677,"Random forest",23.8155262439607,0.43714914756859,-0.23563565649296,1.19434122519636,0,-0.757192077627768,-1.42997688168932,22.3855493622713
126,2020,"North East",5484,8.60964783399261,74.1260358253737,21.1837378856792,76.6829877999687,4.33967988194585,34.368249550303,728.047990063229,0,-0.493012413904232,5,25.6248564845106,26.3543377308678,10.4686369356814,0,36.093493420192,36.093493420192,25.5713421294306,"Ideal: pandemic shock only",36.093493420192,"Random forest",26.1794241459344,10.5221512907615,9.91406927425759,10.4686369356814,0,0.0535143550800221,-0.55456766142386,25.6248564845106
127,2020,"North West",1605,7.38059748675412,54.4732192614813,30.5861246467046,1186.70342524964,7.07893451103218,33.4537683252763,1023.22112789888,0,-1.70638128926076,5,31.2640646802509,30.7147606885946,17.4388857936424,0,48.7029504738933,48.7029504738933,30.303316192897,"Ideal: pandemic shock only",48.7029504738933,"Random forest",30.9446473255365,18.3996342809962,17.7583031483568,17.4388857936424,0,0.960748487353854,0.319417354714371,31.2640646802509
128,2020,"North West",4148,8.3303591908641,69.3948842488139,23.022818439231,113.663466640437,4.73324203549568,27.5585317363569,634.47507261793,0,0.891922406751805,5,30.065626596695,28.1040030078482,16.1942555495959,0,46.2598821462909,46.2598821462909,28.0120327174697,"Ideal: pandemic shock only",46.2598821462909,"Random forest",28.1932508485737,18.2478494288212,18.0666312977172,16.1942555495959,0,2.05359387922526,1.87237574812131,30.065626596695
129,2020,"Center",750,6.62068988929403,43.8335346102002,29.0744246146772,229.752106410149,5.43700092946428,27.8611398273728,810.046609589932,1,-0.921459149057769,5,30.8566097465219,30.6785977710743,5.88111479526612,1,36.737724541788,37.737724541788,29.0196598517515,"Ideal: pandemic shock only",36.737724541788,"Random forest",30.1882295039108,7.71806469003649,6.54949503787723,5.88111479526612,0,1.83694989477037,0.668380242611112,30.8566097465219
130,2020,"North West",14654,9.59246654863166,92.0154144866175,20.9321632501284,336.851370657782,5.81964179644331,32.7598710971743,685.734969859215,0,1.01467100433184,5,28.8165604365195,28.0182432328305,16.3283772340519,0,45.1449376705714,45.1449376705714,27.8946243449378,"Ideal: pandemic shock only",45.1449376705714,"Random forest",28.1560391584792,17.2503133256336,16.9888985120922,16.3283772340519,0,0.92193609158176,0.660521278040306,28.8165604365195
131,2020,"South and Islands",5345,8.58391503305447,73.6835972946985,20.2474342155925,96.9483634281695,4.57417850097031,22.9493976264263,464.666418728541,0,0.53088651401795,5,24.4081975897353,24.839484011992,1.56632389730055,3,25.9745214870359,28.9745214870359,24.0442683185015,"Ideal: pandemic shock only",25.9745214870359,"Random forest",24.8600119415272,1.93025316853439,1.11450954550867,1.56632389730055,0,0.363929271233839,-0.451814351791875,24.4081975897353
132,2020,"North West",15177,9.62756857530282,92.6900766721583,21.5059498888704,120.217384858903,4.78930164441237,30.8234436572111,662.887434694401,1,1.35103761311015,5,28.84861554258,29.3411278030117,16.2559438435161,0,45.1045593860961,45.1045593860961,28.700335302407,"Ideal: pandemic shock only",45.1045593860961,"Random forest",28.8404984051135,16.4042240836891,16.2640609809826,16.2559438435161,0,0.148280240173033,0.00811713746652742,28.84861554258
133,2020,"South and Islands",9079,9.11372089300676,83.059908515628,23.7118934950843,49.1226107217122,3.89431943229847,22.1289924917237,524.720313117272,0,-0.893793824521516,5,24.7557781991403,25.2267325725578,1.88998605861546,3,26.6457642577558,29.6457642577558,24.4438610502244,"Ideal: pandemic shock only",26.6457642577558,"Random forest",25.3604392524459,2.20190320753139,1.2853250053099,1.88998605861546,0,0.311917148915925,-0.604661053305566,24.7557781991403
134,2020,"North West",2786,7.93232730146461,62.9218164175609,21.9860480119929,75.7270255960628,4.3271351059258,27.550683215591,605.730643941192,1,0.278274717135735,5,28.3425699136206,27.9621523984857,16.0796614061461,0,44.4222313197667,44.4222313197667,27.4174993136173,"Ideal: pandemic shock only",44.4222313197667,"Random forest",28.0790010118224,17.0047320061494,16.3432303079443,16.0796614061461,0,0.925070600003284,0.263568901798131,28.3425699136206
135,2020,"Center",1288,7.16050393632851,51.2728166221761,20.3473863934113,227.479537023647,5.42706028719671,17.9223517335234,364.673015800626,1,-0.659385377331466,5,24.2596070411911,24.6167135858857,4.22542542435742,1,28.4850324655485,29.4850324655485,24.6361097039635,"Ideal: pandemic shock only",28.4850324655485,"Random forest",24.8233501587348,3.84892276158496,3.66168230681372,4.22542542435742,0,-0.376502662772459,-0.563743117543697,24.2596070411911
136,2020,"North East",4234,8.35079244438363,69.7357344491748,18.3243501423213,57.8683428138775,4.05817047881625,22.9832873676008,421.153805145507,0,0.305439271663199,5,23.9781804946154,25.2083879336241,9.35715693112293,0,33.3353374257383,33.3353374257383,24.3077728058425,"Ideal: pandemic shock only",33.3353374257383,"Random forest",25.2743926823277,9.02756461989581,8.06094474341057,9.35715693112293,0,-0.329592311227122,-1.29621218771236,23.9781804946154
137,2020,"North East",1097,7.00074946061391,49.010493010286,20.2712286468552,235.144704487406,5.46020108841563,31.9211363710872,647.080654045756,0,-0.326516166041466,5,27.3274727749381,25.7664532353196,10.1969629968657,0,37.5244357718038,37.5244357718038,26.1573791911519,"Ideal: pandemic shock only",37.5244357718038,"Random forest",26.4101307754896,11.367056580652,11.1143049963142,10.1969629968657,0,1.17009358378626,0.917341999448478,27.3274727749381
138,2020,"South and Islands",5233,8.56278387047051,73.3212676123899,23.0278099377925,59.9377865220025,4.09330713297847,18.7194891755317,431.068838866707,0,0.572208043476274,5,25.8274669667256,25.7331495560353,1.57607163517992,3,27.4035386019055,30.4035386019055,24.6356415071926,"Ideal: pandemic shock only",27.4035386019055,"Random forest",25.232510785044,2.76789709471296,2.17102781686154,1.57607163517992,0,1.19182545953304,0.594956181681614,25.8274669667256
139,2020,"North West",5703,8.64877231813048,74.8012626108601,19.7926161367709,286.734693777673,5.65855737630294,25.4293014980232,503.312403176587,0,-0.853041254588744,5,25.5164863689479,25.4235604743069,15.689887179642,0,41.2063735485899,41.2063735485899,25.1183431908647,"Ideal: pandemic shock only",41.2063735485899,"Random forest",25.8599828023991,16.0880303577252,15.3463907461908,15.689887179642,0,0.398143178083245,-0.343496433451143,25.5164863689479
140,2020,"South and Islands",5231,8.56235254713284,73.3138811413923,19.3062811058808,134.288182583468,4.89998810698053,24.0337008313901,464.001384265457,1,0.00649630537470096,5,24.699044527723,23.6877306744626,1.53869827957972,3,26.2377428073027,29.2377428073027,23.7485205578226,"Ideal: pandemic shock only",26.2377428073027,"Random forest",23.7853391299698,2.48922224948012,2.45240367733298,1.53869827957972,0,0.9505239699004,0.913705397753259,24.699044527723
141,2020,"North West",3073,8.03027855577554,64.4853736833485,31.1629944906182,102.863046693034,4.63339845971206,31.4101765624701,978.8351591656,0,-0.232129853739978,5,31.0473938008384,31.0006414345436,17.3592900530764,0,48.4066838539148,48.4066838539148,30.8244898944344,"Ideal: pandemic shock only",48.4066838539148,"Random forest",30.9253275928364,17.5821939594805,17.4813562610785,17.3592900530764,0,0.222903906404042,0.12206620800205,31.0473938008384
142,2020,"South and Islands",6315,8.7507125363015,76.5749698929842,25.1605484142339,66.3285140027032,4.19461988019143,26.5276735232712,667.450813999256,0,1.018481423035,5,27.1302885271902,28.1606429270616,2.35724577193025,3,29.4875342991205,32.4875342991205,26.5007391435016,"Ideal: pandemic shock only",29.4875342991205,"Random forest",27.121801448241,2.98679515561884,2.36573285087951,2.35724577193025,0,0.62954938368859,0.00848707894926104,27.1302885271902
143,2020,"North West",7424,8.9124861623957,79.4324095948949,25.3359907747066,106.140797678309,4.66476649271265,31.2050303749124,790.61036170322,0,1.23846839254309,5,29.1285011831473,29.1203618413863,16.7039594111971,0,45.8324605943444,45.8324605943444,29.4685869451941,"Ideal: pandemic shock only",45.8324605943444,"Random forest",29.0930628420672,16.3638736491503,16.7393977522772,16.7039594111971,0,-0.340085762046851,0.0354383410800914,29.1285011831473
144,2020,"North West",7006,8.85446458431591,78.4015430749048,26.2082471210275,409.672947070534,6.01535915130246,31.8525349889953,834.799108422762,1,-0.717822753552813,5,29.0915973596949,28.8869110469876,16.8452329322782,0,45.9368302919731,45.9368302919731,29.5409373097293,"Ideal: pandemic shock only",45.9368302919731,"Random forest",29.6334673068036,16.3958929822438,16.3033629851695,16.8452329322782,0,-0.449339950034432,-0.541869947108726,29.0915973596949
145,2020,"Center",2637,7.87724248828792,62.0509492192884,28.1712346743704,165.823413189666,5.11092344617944,12.1411256169634,342.030498966486,0,-1.22570870499704,5,25.8054151288845,26.1475421726511,4.68136290710371,1,30.4867780359882,31.4867780359882,26.5237577889825,"Ideal: pandemic shock only",30.4867780359882,"Random forest",26.6721929600876,3.96302024700566,3.8145850759006,4.68136290710371,0,-0.718342660098052,-0.866777831203112,25.8054151288845
146,2020,"North East",3131,8.04913539847484,64.7885806629806,21.1802330502808,89.5881152559853,4.49522266895082,29.8006298099248,631.184284419352,0,-0.712528628256111,5,27.6781242686788,25.94439675945,10.1485180219612,0,37.82664229064,37.82664229064,24.8169105413783,"Ideal: pandemic shock only",37.82664229064,"Random forest",26.4483481261887,13.0097317492617,11.3782941644513,10.1485180219612,0,2.86121372730056,1.22977614249015,27.6781242686788
147,2020,"North East",3043,8.0206557492373,64.3309186477734,23.7266454943722,49.5805055636811,3.90359772348287,23.3098495807434,553.064537529439,0,1.67106718515678,5,28.2519610560632,28.7899281670117,9.97426877476851,0,38.2262298308317,38.2262298308317,27.7889533311576,"Ideal: pandemic shock only",38.2262298308317,"Random forest",28.3415306766546,10.437276499674,9.88469915417704,9.97426877476851,0,0.463007724905504,-0.0895696205914707,28.2519610560632
148,2020,"Center",2022,7.6118912236222,57.9408880002567,25.8429227362268,207.31330177047,5.33423118414855,18.2868885892069,472.58664889686,0,0.127746495102924,5,27.253029796892,27.4681487296294,4.85545200196496,1,32.108481798857,33.108481798857,26.7517808510282,"Ideal: pandemic shock only",32.108481798857,"Random forest",26.8908499808668,5.35670094782878,5.21763181799016,4.85545200196496,0,0.501248945863829,0.362179816025208,27.253029796892
149,2020,"North West",1344,7.20336402126172,51.8884532228078,27.7302037210873,124.995110952011,4.82827462415348,29.3932826168963,815.081714998026,0,0.574888871035653,5,29.2046483097937,28.4817975623241,16.8405004922379,0,46.0451488020316,46.0451488020316,29.8455728648509,"Ideal: pandemic shock only",46.0451488020316,"Random forest",29.7636003440342,16.1995759371807,16.2815484579974,16.8405004922379,0,-0.64092455505714,-0.558952034240495,29.2046483097937
150,2020,"Center",3130,8.04890419527072,64.7848587446467,21.3852973650936,57.63954501526,4.05420887754118,25.9131337246116,554.160070362255,0,-1.17554589348512,5,23.5968550273699,24.5339490757931,4.89895037061864,1,28.4958053979885,29.4958053979885,23.9341025834476,"Ideal: pandemic shock only",28.4958053979885,"Random forest",24.1586346499785,4.56170281454095,4.33717074800997,4.89895037061864,0,-0.337247556077689,-0.561779622608666,23.5968550273699
151,2020,"North East",12756,9.45372635026684,89.3729419057295,19.844246671313,323.1423570966,5.77809296017313,36.9964677067489,734.16703113999,0,-0.346141946230298,5,26.2412418815866,26.9230841843134,10.5052681730524,0,36.746510054639,36.746510054639,25.7566420625064,"Ideal: pandemic shock only",36.746510054639,"Random forest",26.9135176480086,10.9898679921325,9.83299240663031,10.5052681730524,0,0.484599819080145,-0.672275766422072,26.2412418815866
152,2020,"North West",4490,8.40971710400112,70.723341769329,24.8916085287092,303.787084453111,5.71632707593706,30.4341902225829,757.555948908802,0,-1.11010786922352,5,29.5856383099388,28.7302365255554,16.6011185534743,0,46.1867568634131,46.1867568634131,27.5757622930759,"Ideal: pandemic shock only",46.1867568634131,"Random forest",28.4758829931375,18.6109945703372,17.7108738702757,16.6011185534743,0,2.00987601686288,1.10975531680134,29.5856383099388
153,2020,"South and Islands",886,6.78667581969998,46.0589686817004,24.7650372652258,148.754486569277,5.00229720578114,19.0349331822113,471.400829598546,0,-1.25167805606941,5,24.7679099695324,24.4892055397878,1.78924772166516,3,26.5571576911976,29.5571576911976,23.9543529137848,"Ideal: pandemic shock only",26.5571576911976,"Random forest",24.4084560196483,2.60280477741276,2.14870167154932,1.78924772166516,0,0.813557055747601,0.359453949884158,24.7679099695324
154,2020,"South and Islands",13937,9.5422836440378,91.0551771432714,18.2268367894815,521.789808419972,6.25726484092885,17.1234126325683,312.105647332769,0,0.509450642378785,5,25.6634983814723,24.3271009588224,0.936239230858281,3,26.5997376123306,29.5997376123306,23.3972166852085,"Ideal: pandemic shock only",26.5997376123306,"Random forest",23.4729352884813,3.20252092712209,3.12680232384924,0.936239230858281,0,2.26628169626381,2.19056309299096,25.6634983814723
155,2020,"North East",1969,7.58540673385729,57.5383953180475,23.3082772004948,215.733900235475,5.37404570486386,27.601199856315,643.336417317248,0,-0.830752988205731,5,27.3366168315765,26.2605523365232,10.228642781732,0,37.5652596133086,37.5652596133086,26.4648950761335,"Ideal: pandemic shock only",37.5652596133086,"Random forest",26.866302108881,11.1003645371751,10.6989575044276,10.228642781732,0,0.871721755443055,0.470314722695594,27.3366168315765
156,2020,"North West",5779,8.66195094008477,75.0293940884355,29.0881864410609,82.5781314855352,4.41374489348284,25.9713218411802,755.458651837047,0,0.376629539744297,5,32.2058202151829,31.3260925318428,16.7503413371348,0,48.9561615523178,48.9561615523178,29.7895895670409,"Ideal: pandemic shock only",48.9561615523178,"Random forest",30.6401427913703,19.1665719852769,18.3160187609475,16.7503413371348,0,2.41623064814203,1.56567742381267,32.2058202151829
157,2020,"North West",6584,8.79247301199364,77.3075816666366,26.6395616362761,41.8170302932196,3.73330367983915,38.9743127337927,1038.25860630337,0,1.23307016353062,5,30.8201941354627,31.2535559643137,17.3912019710914,0,48.2113961065541,48.2113961065541,30.3244375890249,"Ideal: pandemic shock only",48.2113961065541,"Random forest",31.1397119419526,17.8869585175292,17.0716841646014,17.3912019710914,0,0.495756546437764,-0.319517806489962,30.8201941354627
158,2020,"North West",7210,8.88318953332268,78.9110562849337,25.8492874791406,564.681128450357,6.3362611974031,35.0414003289629,905.795230775016,1,0.619200640109591,5,31.9118171765565,31.9639925588732,17.0289679454684,0,48.9407851220249,48.9407851220249,31.6724545493469,"Ideal: pandemic shock only",48.9407851220249,"Random forest",32.1664325725326,17.268330572678,16.7743525494923,17.0289679454684,0,0.239362627209569,-0.254615395976092,31.9118171765565
159,2020,"South and Islands",703,6.55493688995938,42.9671976313504,19.4572812090189,282.120323897896,5.64233366042487,17.1277927276167,333.260279591027,1,0.347163578923165,5,24.8616307288731,26.0574483583922,1.07189472366078,3,25.9335254525338,28.9335254525338,24.6675797276118,"Ideal: pandemic shock only",25.9335254525338,"Random forest",25.806423951171,1.265945724922,0.127101501362873,1.07189472366078,0,0.194051001261218,-0.944793222297908,24.8616307288731
160,2020,"South and Islands",7107,8.86885082432277,78.6565149440906,18.9280418884138,109.508369123699,4.69600097668932,18.3235537665053,346.828993237015,0,-0.0494110008511605,5,22.9996162466955,23.5905755838501,1.09738167111642,3,24.096997917812,27.096997917812,23.3448623475806,"Ideal: pandemic shock only",24.096997917812,"Random forest",23.6349183497415,0.752135570231378,0.462079568070465,1.09738167111642,0,-0.345246100885044,-0.635302103045958,22.9996162466955
161,2020,"North East",4141,8.32870984882218,69.3674077458676,24.1163239604115,91.6909631289886,4.51842382619454,16.5759373084571,399.750674078223,1,-0.557222881365068,5,27.1063543724036,28.2183808572739,9.5457595469728,0,36.6521139193764,36.6521139193764,26.6522163252366,"Ideal: pandemic shock only",36.6521139193764,"Random forest",27.8550879801975,9.99989759413973,8.79702593917891,9.5457595469728,0,0.454138047166932,-0.748733607793888,27.1063543724036
162,2020,"North East",10226,9.23264891350767,85.2418059600943,24.9899253740585,214.112046029306,5.36649945757809,26.557466705578,663.669111096437,0,-2.07470349869189,5,27.575843971145,25.7766060847991,10.3405627602724,0,37.9164067314174,37.9164067314174,25.8662207938598,"Ideal: pandemic shock only",37.9164067314174,"Random forest",26.1389077840507,12.0501859375576,11.7774989473666,10.3405627602724,0,1.70962317728519,1.43693618709422,27.575843971145
163,2020,"Center",23184,10.0512370240252,101.027365713135,21.533478550102,177.927429341118,5.18137576682891,18.598727231516,400.495293899049,0,0.870233726548616,5,26.8659369172362,26.3860942795077,4.40324184645287,1,31.2691787636891,32.2691787636891,26.0629862751686,"Ideal: pandemic shock only",31.2691787636891,"Random forest",26.3503571278572,5.2061924885205,4.91882163583193,4.40324184645287,0,0.802950642067627,0.515579789379052,26.8659369172362
164,2020,"North East",1309,7.17713216096265,51.5112260559245,24.056721705133,330.237621155486,5.79981245944628,29.9312957145534,720.048851279052,1,-0.230118369038562,5,28.0268925936211,28.3908939094146,10.4740783873189,0,38.50097098094,38.50097098094,28.7266037022338,"Ideal: pandemic shock only",38.50097098094,"Random forest",28.8053853559494,9.77436727870612,9.69558562499055,10.4740783873189,0,-0.699711108612782,-0.778492762328348,28.0268925936211
165,2020,"South and Islands",5221,8.56046159855143,73.2815027802737,18.7735363071492,285.488838606928,5.65420293413547,15.4172764971223,289.436800076083,1,-0.398001418644214,5,23.8604028157633,22.6047335863062,0.876946648320503,3,24.7373494640838,27.7373494640838,23.2938041611601,"Ideal: pandemic shock only",24.7373494640838,"Random forest",23.3711292414699,1.44354530292366,1.36622022261389,0.876946648320503,0,0.56659865460316,0.48927357429339,23.8604028157633
166,2020,"North West",1888,7.54311704796342,56.8986147992764,24.7482312533743,351.112573906199,5.8611068954246,27.6719560960573,684.831968698448,0,-0.624806719180053,5,28.2731100740518,29.1484124163103,16.3919906643307,0,44.6651007383825,44.6651007383825,27.6045762450539,"Ideal: pandemic shock only",44.6651007383825,"Random forest",28.8097302670418,17.0605244933286,15.8553704713408,16.3919906643307,0,0.668533828997894,-0.53662019298995,28.2731100740518
167,2020,"South and Islands",4074,8.31233799422242,69.0949629301935,23.41699362737,119.6303059527,4.78440620367098,22.8979514712686,536.201183682524,1,1.31601931787156,5,28.3774007333758,26.0799680817596,1.91137420173503,3,30.2887749351108,33.2887749351108,26.4879203872649,"Ideal: pandemic shock only",30.2887749351108,"Random forest",26.3964402240769,3.80085454784596,3.89233471103393,1.91137420173503,0,1.88948034611093,1.9809605092989,28.3774007333758
168,2020,"North East",3119,8.04520585227801,64.7253372055283,19.1927788087284,50.8755394829532,3.92938224779407,33.7175325119617,647.133143478189,0,0.456362919431519,5,25.3830706228968,26.1997325954613,10.204081244533,0,35.5871518674298,35.5871518674298,26.1370770347335,"Ideal: pandemic shock only",35.5871518674298,"Random forest",26.1055180328184,9.45007483269626,9.48163383461138,10.204081244533,0,-0.754006411836716,-0.722447409921596,25.3830706228968
169,2020,"South and Islands",14262,9.56538674755751,91.4966236303489,23.5239892231081,80.0386114731342,4.38250916165319,20.0465775336187,471.575473861046,1,-1.82258278593168,5,25.756479332283,23.6135094097676,1.72354754163073,3,27.4800268739137,30.4800268739137,23.2196964026823,"Ideal: pandemic shock only",27.4800268739137,"Random forest",23.8882194920849,4.26033047123135,3.59180738182877,1.72354754163073,0,2.53678292960063,1.86825984019805,25.756479332283
170,2020,"Center",1389,7.23654744942077,52.3676189877182,25.0104829292856,78.9235229339617,4.36847931946325,20.8330893733468,521.045626136371,0,0.715911559686028,5,27.1938057121178,26.5131875010379,4.94211767809122,1,32.135923390209,33.135923390209,26.8684056908908,"Ideal: pandemic shock only",32.135923390209,"Random forest",26.833806579438,5.26751769931818,5.30211681077101,4.94211767809122,0,0.325400021226963,0.359999132679794,27.1938057121178
171,2020,"North East",2203,7.69763665384891,59.2536100546782,22.0607254758938,108.796194741283,4.68947635900583,30.8576449872993,680.742034897402,0,-0.575096474052088,5,26.5823010381927,26.4144496348915,10.3193632511948,0,36.9016642893875,36.9016642893875,25.6106931122536,"Ideal: pandemic shock only",36.9016642893875,"Random forest",26.6576192157825,11.2909711771339,10.244045073605,10.3193632511948,0,0.971607925939134,-0.0753181775897982,26.5823010381927
172,2020,"North East",8402,9.0361987821638,81.6528884307785,23.6693630149408,315.65699425616,5.75465616283255,25.4962847932369,603.48082030344,0,-1.38905593080166,5,27.3044599672565,27.6384586323554,10.1210181669056,0,37.4254781341621,37.4254781341621,26.4155333420624,"Ideal: pandemic shock only",37.4254781341621,"Random forest",27.5248055565977,11.0099447920997,9.90067257756443,10.1210181669056,0,0.888926625194125,-0.220345589341173,27.3044599672565
173,2020,"North West",642,6.46450158371027,41.7897807257926,17.8785993122565,364.928441960354,5.8997012849386,27.123193600867,484.924710458659,0,0.41240804911941,5,25.8520197880097,26.9301200981955,15.5979177761444,0,41.4499375641541,41.4499375641541,26.7023948574467,"Ideal: pandemic shock only",41.4499375641541,"Random forest",26.6393136408968,14.7475427067075,14.8106239232574,15.5979177761444,0,-0.850375069436954,-0.787293852887068,25.8520197880097
174,2020,"North East",653,6.48173044388455,42.0128295471798,24.9098214752966,178.795178419637,5.18624089604269,28.3580499329313,706.393961216864,0,0.914129191378566,5,28.9596427714394,29.0850433956007,10.4577921573233,0,39.4174349287627,39.4174349287627,28.5545025181867,"Ideal: pandemic shock only",39.4174349287627,"Random forest",28.9326834917705,10.862932410576,10.4847514369922,10.4577921573233,0,0.405140253252704,0.02695927966883,28.9596427714394
175,2020,"North West",12935,9.46771137221099,89.6375586274933,25.4530967655912,309.39504861297,5.73461893482077,26.4517320641675,673.278495846747,1,-0.282383289137288,5,31.0637347752839,29.3991500758365,16.3841101884423,0,47.4478449637262,47.4478449637262,29.028391030438,"Ideal: pandemic shock only",47.4478449637262,"Random forest",29.0972133402944,18.4194539332883,18.3506316234318,16.3841101884423,0,2.03534374484598,1.9665214349895,31.0637347752839
176,2020,"South and Islands",3254,8.0877670330968,65.4119755816475,26.8096711252702,241.914605157376,5.48858479263246,24.9373394241069,668.561868699539,0,-0.967965818993479,5,27.2422839313849,24.7387947028824,2.42732588320273,3,29.6696098145877,32.6696098145877,25.3668145288857,"Ideal: pandemic shock only",29.6696098145877,"Random forest",25.4518904118253,4.30279528570194,4.21771940276235,2.42732588320273,0,1.87546940249921,1.79039351955962,27.2422839313849
177,2020,"North East",13496,9.51013675924503,90.4427011795435,28.4955153383302,95.0311855343814,4.5542051065151,27.5317834402798,784.532357314078,1,-2.2344747405585,5,26.558340262419,28.6066501852352,10.7943798277714,0,37.3527200901904,37.3527200901904,26.5877550196116,"Ideal: pandemic shock only",37.3527200901904,"Random forest",29.1841914713293,10.7649650705789,8.16852861886109,10.7943798277714,0,-0.0294147571925798,-2.62585120891035,26.558340262419
178,2020,"North East",1121,7.02183034888553,49.3061014485299,26.2138469394153,229.154028826917,5.43439439241488,22.9627998262115,601.943319944741,0,-1.50425529931315,5,26.289809946494,27.0686989296407,10.223567450906,0,36.5133773974,36.5133773974,26.8152634837253,"Ideal: pandemic shock only",36.5133773974,"Random forest",27.4304219683962,9.69811391367466,9.08295542900381,10.223567450906,0,-0.525453537231359,-1.14061202190222,26.289809946494
179,2020,"Center",7596,8.93541111586085,79.8415718094497,21.9335143332344,140.593402573829,4.94587205490315,22.7476474631449,498.935851680254,0,-0.700011193075895,5,25.3493689076166,24.4605416757366,4.73767019881147,1,30.0870391064281,31.0870391064281,24.5940446489871,"Ideal: pandemic shock only",30.0870391064281,"Random forest",24.9611453263025,5.49299445744099,5.12589378012558,4.73767019881147,0,0.755324258629524,0.388223581314118,25.3493689076166
180,2020,"South and Islands",3380,8.1257597941172,66.0279722316916,24.6557809495184,351.671690054688,5.86269804165573,28.7065336247447,707.782004871691,0,2.52156540939064,5,29.7243575382604,31.3066262809348,2.45424155791469,3,32.1785990961751,35.1785990961751,29.3602401558707,"Ideal: pandemic shock only",32.1785990961751,"Random forest",30.154878612782,2.81835894030442,2.02372048339314,2.45424155791469,0,0.364117382389731,-0.430521074521548,29.7243575382604
181,2020,"North East",11688,9.36627757538556,87.7271556191705,24.2779324816379,118.275206304776,4.77301416579619,22.6166737187207,549.086077502335,1,0.609257500779211,5,27.7547123122909,27.9200995554845,9.98638803302615,0,37.741100345317,37.741100345317,28.4994103041495,"Ideal: pandemic shock only",37.741100345317,"Random forest",28.4989569002339,9.24169004116754,9.24214344508312,9.98638803302615,0,-0.744697991858608,-0.744244587943033,27.7547123122909
182,2020,"Center",2117,7.6576698767183,58.6399079407989,24.9008672990923,103.666511320693,4.64117912499578,23.6452872490293,588.788160036997,0,-0.576586765213279,5,25.8764460781019,26.415747976941,5.12691381006773,1,31.0033598881697,32.0033598881697,25.5149100447151,"Ideal: pandemic shock only",31.0033598881697,"Random forest",26.0674018615585,5.48844984345451,4.93595802661111,5.12691381006773,0,0.361536033386782,-0.190955783456621,25.8764460781019
183,2020,"South and Islands",2968,7.99578240650991,63.9325362922533,18.7687980756475,230.26255499164,5.43922020129983,19.3552238347435,363.274287863261,0,-6.97089267394287e-05,5,23.7674314459304,22.9236195477733,1.1520817564888,3,24.9195132024192,27.9195132024192,23.2443411318778,"Ideal: pandemic shock only",24.9195132024192,"Random forest",23.5021637508901,1.67517207054137,1.41734945152916,1.1520817564888,0,0.52309031405257,0.265267695040357,23.7674314459304
184,2020,"North East",861,6.75770435512279,45.6665681512455,18.6839678417482,133.784893148889,4.89623323510815,34.5724014115463,645.949636185342,0,-0.457170777980535,5,24.8130773370046,24.180868874161,10.2079528611361,0,35.0210301981407,35.0210301981407,24.2782189579993,"Ideal: pandemic shock only",35.0210301981407,"Random forest",24.701333620522,10.7428112401414,10.3196965776187,10.2079528611361,0,0.534858379005314,0.111743716482657,24.8130773370046
185,2020,"South and Islands",1688,7.43100383785547,55.2198180382228,22.082590168244,146.604313607897,4.9877372133573,21.7049061362044,479.300546846005,1,1.67333223124098,5,29.0216266118582,26.8528093179706,1.68107664777667,3,30.7027032596349,33.7027032596349,26.6456799429025,"Ideal: pandemic shock only",30.7027032596349,"Random forest",26.7755193455728,4.05702331673232,3.92718391406209,1.68107664777667,0,2.37594666895565,2.24610726628542,29.0216266118582
186,2020,"North East",5889,8.68081412661224,75.3565339007906,27.6299979781048,274.250305501068,5.61404121310574,25.9866444562064,718.010933782711,1,0.412324741752344,5,30.0461694649147,30.0809155207014,10.5910131892615,0,40.6371826541762,40.6371826541762,29.1332498421064,"Ideal: pandemic shock only",40.6371826541762,"Random forest",29.9051730505345,11.5039328120698,10.7320096036417,10.5910131892615,0,0.912919622808275,0.140996414380169,30.0461694649147
187,2020,"Center",815,6.70328053240818,44.9339698961625,23.1455791844714,49.0314178249851,3.89246127274423,23.5405923129216,544.860643428086,0,-0.86164030098008,5,23.7768741343709,25.3443892969215,4.9265034719319,1,28.7033776063028,29.7033776063028,24.42157708564,"Ideal: pandemic shock only",28.7033776063028,"Random forest",25.0408596946745,4.2818005206628,3.66251791162825,4.9265034719319,0,-0.644702951269103,-1.26398556030365,23.7768741343709
188,2020,"North East",11403,9.34165592918191,87.2665354992196,18.9715476495541,111.198770163588,4.71131932207536,28.7300609614149,545.053720504076,0,-0.425676591529575,5,25.3597502018484,23.299504741659,9.83062280848552,0,35.1903730103339,35.1903730103339,23.5974494186366,"Ideal: pandemic shock only",35.1903730103339,"Random forest",24.0023482817064,11.5929235916973,11.1880247286275,9.83062280848552,0,1.7623007832118,1.35740192014196,25.3597502018484
189,2020,"North West",2571,7.85223441378577,61.6575852890416,23.677631221251,141.790196496244,4.95434847557433,24.3897136643817,577.490645737137,1,0.710336329823387,5,27.9596623518698,30.9700981542165,16.0444676905799,0,44.0041300424497,44.0041300424497,29.5256081793928,"Ideal: pandemic shock only",44.0041300424497,"Random forest",30.2916533000012,14.4785218630569,13.7124767424485,16.0444676905799,0,-1.56594582752301,-2.33199094813134,27.9596623518698
190,2020,"South and Islands",5012,8.51968377877643,72.5850116903462,23.3950155228657,226.22193507703,5.42151653102753,25.6992160224026,601.233557769588,1,0.708989183627062,5,27.3524580624184,28.2007943497556,2.10504512881894,3,29.4575031912373,32.4575031912373,27.0025185146464,"Ideal: pandemic shock only",29.4575031912373,"Random forest",27.6592264302258,2.45498467659089,1.7982767610115,2.10504512881894,0,0.34993954777195,-0.306768367807447,27.3524580624184
191,2020,"North East",10499,9.2590416406028,85.7298521024165,22.0232015752187,52.4588365439446,3.96002879622757,25.4254292998584,559.949354607254,1,-0.849542137476995,5,26.0967852628263,28.4146315525531,9.93498052399968,0,36.0317657868259,36.0317657868259,25.9013080717766,"Ideal: pandemic shock only",36.0317657868259,"Random forest",27.6442662927719,10.1304577150493,8.387499494054,9.93498052399968,0,0.195477191049637,-1.54748102994567,26.0967852628263
192,2020,"North West",899,6.80108582865328,46.2547684487085,22.7282568248516,245.865618269229,5.50478511947582,28.8769349901064,656.322394769682,0,0.648812373577382,5,28.6127292874142,29.3812733789845,16.2541419997767,0,44.8668712871909,44.8668712871909,27.7534931121416,"Ideal: pandemic shock only",44.8668712871909,"Random forest",28.9843678834775,17.1133781750493,15.8825034037134,16.2541419997767,0,0.859236175272631,-0.371638596063271,28.6127292874142
193,2020,"North East",1215,7.10260191267559,50.4469539299429,20.7152906043684,86.4860872560793,4.45998356003136,21.892188803859,453.50305303764,0,-0.665796203110901,5,24.859911932815,24.4827698200972,9.54378348248619,0,34.4036954153012,34.4036954153012,24.5991883066902,"Ideal: pandemic shock only",34.4036954153012,"Random forest",24.3515585252496,9.80450710861097,10.0521368900516,9.54378348248619,0,0.260723626124785,0.508353407565407,24.859911932815
194,2020,"North West",1253,7.13313525091944,50.8816185079096,26.4642510608933,612.187172256854,6.41703807277472,30.1215448286997,797.144124688663,0,-0.249100681056305,5,30.1362081869855,32.146070605723,16.7522240544428,0,46.8884322414282,46.8884322414282,30.0234840013058,"Ideal: pandemic shock only",46.8884322414282,"Random forest",30.6090974269842,16.8649482401225,16.279334814444,16.7522240544428,0,0.112724185679699,-0.472889239998761,30.1362081869855
195,2020,"Center",3703,8.21687824560942,67.5170881031693,21.5404631077108,23.7388333954679,3.16711224709235,21.0153000011203,452.679294371607,1,-0.597068857102999,5,25.92716413361,24.1975862222625,4.57317024166214,1,30.5003343752722,31.5003343752722,24.2081992659564,"Ideal: pandemic shock only",30.5003343752722,"Random forest",24.4335491797398,6.29213510931575,6.06678519553238,4.57317024166214,0,1.71896486765361,1.49361495387024,25.92716413361
196,2020,"North West",2513,7.82926581363299,61.2974031805222,28.0267057311191,299.115569233563,5.70083001788719,32.7017870282974,916.523361923818,0,1.09786272015585,5,32.5534962405113,32.579136953053,17.1047110221394,0,49.6582072626507,49.6582072626507,31.4258188598666,"Ideal: pandemic shock only",49.6582072626507,"Random forest",31.8823742132714,18.2323884027842,17.7758330493794,17.1047110221394,0,1.12767738064471,0.671122027239917,32.5534962405113
197,2020,"North West",4461,8.40318290656904,70.6134829612541,23.6200163112496,425.767191917226,6.05389269903811,20.6222969006138,487.09898916793,0,-1.07384664367958,5,27.8663912547912,28.3296687322686,15.774410877016,0,43.6408021318072,43.6408021318072,26.5240736536877,"Ideal: pandemic shock only",43.6408021318072,"Random forest",27.9638576924531,17.1167284781195,15.6769444393541,15.774410877016,0,1.3423176011035,-0.0974664376618968,27.8663912547912
198,2020,"North West",6120,8.71926753015248,76.0256262623713,22.8195000625751,109.72665025793,4.69799227540588,42.0591711047443,959.769257656569,0,-0.455577936549153,5,28.7383894844225,27.5603414287392,17.1869352839509,0,45.9253247683734,45.9253247683734,27.2931468164574,"Ideal: pandemic shock only",45.9253247683734,"Random forest",27.8589964782023,18.632177951916,18.0663282901711,17.1869352839509,0,1.44524266796511,0.879393006220234,28.7383894844225
199,2020,"North West",4954,8.50800983779356,72.386231399992,21.2741580710568,160.524226448913,5.07844487478617,29.9735430051935,637.661891842107,1,1.43275632162331,5,29.2843853121131,29.2995527512971,16.1709536979153,0,45.4553390100284,45.4553390100284,29.165440473591,"Ideal: pandemic shock only",45.4553390100284,"Random forest",29.3006190463641,16.2898985364374,16.1547199636643,16.1709536979153,0,0.118944838522062,-0.0162337342510348,29.2843853121131
200,2020,"South and Islands",600,6.08243572483225,36.9960243467157,17.5413308858898,218.329757098685,5.38600656713231,20.3638968986278,357.209853624976,0,-0.468965270848023,5,22.454971948646,22.2235296617286,1.08766748008736,3,23.5426394287333,26.5426394287333,22.6150160615322,"Ideal: pandemic shock only",23.5426394287333,"Random forest",22.7821644488181,0.927623367201161,0.760474979915237,1.08766748008736,0,-0.160044112886198,-0.327192500172121,22.454971948646
201,2020,"North West",928,6.83345357735485,46.6960877938638,31.8288825683064,178.65978205423,5.1854833383817,34.6198422434441,1101.91089329987,0,-0.0293820444276718,5,31.5162586691012,32.5325803359517,17.6572143392903,0,49.1734730083915,49.1734730083915,31.7962393076257,"Ideal: pandemic shock only",49.1734730083915,"Random forest",32.0488901011107,17.3772337007658,17.1245829072808,17.6572143392903,0,-0.279980638524489,-0.532631432009488,31.5162586691012
202,2020,"South and Islands",1331,7.1935842898932,51.7476549357983,26.3751773025241,124.611437709615,4.82520039756268,18.2098748549225,480.288677955357,0,-0.632507798445637,5,25.8679427110126,26.4343979347221,1.90860904285776,3,27.7765517538703,30.7765517538703,26.033908488037,"Ideal: pandemic shock only",27.7765517538703,"Random forest",26.4605128361172,1.74264326583334,1.3160389177531,1.90860904285776,0,-0.165965777024423,-0.592570125104656,25.8679427110126
203,2020,"North West",1700,7.43817053909526,55.3263809686647,27.8754864450571,712.183663897789,6.56833583305995,32.7603782077343,913.211478664642,0,-0.890633363050874,5,29.9605498663396,30.2342878017326,17.0921782832332,0,47.0527281495728,47.0527281495728,29.8089854448663,"Ideal: pandemic shock only",47.0527281495728,"Random forest",30.2530448719995,17.2437427047065,16.7996832775733,17.0921782832332,0,0.151564421473264,-0.292495005659905,29.9605498663396
204,2020,"South and Islands",9372,9.14549313824118,83.6400447416165,19.1283634930871,76.7135195841423,4.34007795860479,28.0988586897046,537.485182757557,1,-0.954986626485922,5,25.1464622079444,23.6504865036243,1.80368839225443,3,26.9501506001989,29.9501506001989,23.0225515932637,"Ideal: pandemic shock only",26.9501506001989,"Random forest",23.7838615651932,3.92759900693522,3.1662890350057,1.80368839225443,0,2.12391061468079,1.36260064275127,25.1464622079444
205,2020,"South and Islands",4632,8.44071498605271,71.2456694757748,16.0164995400006,219.170050291483,5.38984791385695,22.9156373057209,367.028294365898,1,0.101835006313344,5,23.7875734965329,23.0997812677794,1.09855786053606,3,24.8861313570689,27.8861313570689,22.2729274096847,"Ideal: pandemic shock only",24.8861313570689,"Random forest",23.1229545821555,2.61320394738421,1.76317677491344,1.09855786053606,0,1.51464608684815,0.664618914377385,23.7875734965329
206,2020,"North West",2342,7.75865627031366,60.1967471208775,20.4027555903184,1061.69578378892,6.96762270482291,22.6698469226637,462.52734603304,0,-0.475933053713292,5,26.5252390802937,27.3287077437871,15.563840699257,0,42.0890797795507,42.0890797795507,26.353873341892,"Ideal: pandemic shock only",42.0890797795507,"Random forest",26.7854187939444,15.7352064376587,15.3036609856064,15.563840699257,0,0.171365738401711,-0.260179713650665,26.5252390802937
207,2020,"Center",2022,7.61204680923299,57.9432566259542,25.2862994940309,122.676602574043,4.80955164546548,19.110778977103,483.240880779255,1,-0.102285769721118,5,28.1373641948016,28.9419870584916,4.85189577247614,1,32.9892599672777,33.9892599672777,26.8613118201439,"Ideal: pandemic shock only",32.9892599672777,"Random forest",28.1697928735869,6.12794814713386,4.81946709369085,4.85189577247614,0,1.27605237465772,-0.0324286787852897,28.1373641948016
208,2020,"South and Islands",6474,8.77555363562978,77.0103416118151,27.8337336272084,167.440531169308,5.1206282504291,18.7326664654762,521.400048527405,1,-0.011535590522089,5,27.5049332279756,29.0543581561491,2.10564565131179,3,29.6105788792874,32.6105788792874,27.2670261469414,"Ideal: pandemic shock only",29.6105788792874,"Random forest",28.2566100680828,2.34355273234596,1.35396881120453,2.10564565131179,0,0.237907081034169,-0.751676840107262,27.5049332279756
209,2020,"North East",8729,9.07437183221604,82.3442241493159,27.6887073483143,113.584463748944,4.73254673416079,21.9856081369149,608.753069577752,0,1.54884996223385,5,30.7962330325652,30.1746866366895,10.3173986776341,0,41.1136317101994,41.1136317101994,29.2201352980382,"Ideal: pandemic shock only",41.1136317101994,"Random forest",29.3478093237727,11.8934964121612,11.7658223864267,10.3173986776341,0,1.57609773452703,1.44842370879254,30.7962330325652
210,2020,"North East",937,6.84281190383664,46.8240747512885,23.7228251776677,75.1068690871715,4.3189120204618,23.9922910296571,569.164925708281,0,-0.872397739462949,5,26.5155353157832,27.0748169869964,10.021619441355,0,36.5371547571382,36.5371547571382,25.9124617548088,"Ideal: pandemic shock only",36.5371547571382,"Random forest",26.9686549868457,10.6246930023294,9.56849977029253,10.021619441355,0,0.603073560974446,-0.453119671062447,26.5155353157832
211,2020,"North East",1105,7.00750473407896,49.105122598139,20.227102320784,492.81616429951,6.20013621261382,19.9907352430041,404.354647227947,0,-1.0783887171924,5,25.8006412752215,24.9026156033128,9.35698102203206,0,35.1576222972536,35.1576222972536,24.3986113695964,"Ideal: pandemic shock only",35.1576222972536,"Random forest",24.9907153383546,10.7590109276571,10.166906958899,9.35698102203206,0,1.40202990562506,0.809925936866946,25.8006412752215
212,2020,"South and Islands",2977,7.99853784267512,63.9766076207059,22.6462373617538,172.613092700339,5.1510526315102,26.2353945552273,594.13297237694,1,1.21810711665891,5,26.9511807430388,27.554537892998,2.06021202839436,3,29.0113927714332,32.0113927714332,26.8032532509305,"Ideal: pandemic shock only",29.0113927714332,"Random forest",27.4169856278074,2.20813952050269,1.59440714362583,2.06021202839436,0,0.147927492108335,-0.465804884768529,26.9511807430388
213,2020,"South and Islands",1535,7.33612210166984,53.8186874906088,16.6250446728298,117.533925653765,4.76672702087824,16.4615997029199,273.674830447286,0,0.143884030819516,5,22.5548113046753,21.8500223037856,0.713715192951209,3,23.2685264976265,26.2685264976265,22.4456879484965,"Ideal: pandemic shock only",23.2685264976265,"Random forest",22.8517699231704,0.822838549130047,0.416756574456123,0.713715192951209,0,0.109123356178838,-0.296958618495086,22.5548113046753
214,2020,"North East",2836,7.95023490617995,63.2062350634421,23.2634955551811,627.780563372616,6.44219068402514,30.2386668138702,703.45709101907,1,-0.393122123126167,5,29.0872001612598,26.365607379165,10.4083394877764,0,39.4955396490362,39.4955396490362,27.445572557554,"Ideal: pandemic shock only",39.4955396490362,"Random forest",27.618501156414,12.0499670914822,11.8770384926222,10.4083394877764,0,1.64162760370586,1.46869900484588,29.0872001612598
215,2020,"South and Islands",12564,9.43857849304564,89.0867639693837,21.6997584782476,472.187983749003,6.15737717695152,19.0349004820672,413.052743118338,1,-1.65546892370397,5,24.0247858294914,24.7254491706086,1.45206476608748,3,25.4768505955789,28.4768505955789,24.8181081772723,"Ideal: pandemic shock only",25.4768505955789,"Random forest",24.8682487376361,0.658742418306602,0.608601857942784,1.45206476608748,0,-0.793322347780873,-0.843462908144692,24.0247858294914
216,2020,"North West",6077,8.71229928454889,75.9041588235511,20.8430653222193,184.465018537999,5.2174598440839,28.7700311630214,599.655638853139,0,0.245915656631793,5,26.4042305628369,28.4844164098565,16.0392876665912,0,42.4435182294281,42.4435182294281,27.2121673658431,"Ideal: pandemic shock only",42.4435182294281,"Random forest",28.1206638987685,15.231350863585,14.3228543306595,16.0392876665912,0,-0.807936803006157,-1.71643333593161,26.4042305628369
217,2020,"South and Islands",4953,8.5078256064304,72.3830965494329,23.5810704865954,123.819287421912,4.81882314312308,23.223045098046,547.624263370408,1,1.35495653736557,5,27.0784178095048,27.3295451286142,1.95217921012425,3,29.0305970196291,32.0305970196291,27.0000698436513,"Ideal: pandemic shock only",29.0305970196291,"Random forest",27.2576192767243,2.03052717597778,1.77297774290476,1.95217921012425,0,0.0783479658535249,-0.179201467219488,27.0784178095048
218,2020,"South and Islands",1625,7.3931737663834,54.6590183399398,20.7416749719374,96.8771051401641,4.57344321791652,16.4345146634361,340.879361470532,1,-0.493672636767381,5,24.3125758419033,23.952192121355,1.16464857308918,3,25.4772244149924,28.4772244149924,24.0858690540773,"Ideal: pandemic shock only",25.4772244149924,"Random forest",24.2174598528273,1.3913553609152,1.25976456216511,1.16464857308918,0,0.226706787826017,0.0951159890759281,24.3125758419033
219,2020,"North East",2501,7.82455222429563,61.2236175107297,19.3410597953054,132.272265817351,4.88486241813506,27.4358184076702,530.637804355889,1,0.611106011592485,5,27.6458873318243,25.2897462649017,9.78067216575604,0,37.4265594975803,37.4265594975803,25.7877527894751,"Ideal: pandemic shock only",37.4265594975803,"Random forest",25.7533021339893,11.6388067081051,11.673257363591,9.78067216575604,0,1.8581345423491,1.89258519783494,27.6458873318243
220,2020,"Center",10260,9.23604136614563,85.3044601171533,30.1659579245385,44.1594403526188,3.78780672871414,21.0905541545442,636.216769231181,0,-1.30796383710108,5,27.3272617329953,25.3013016444688,5.52724246225286,1,32.8545041952482,33.8545041952482,26.5758481404826,"Ideal: pandemic shock only",32.8545041952482,"Random forest",26.696876589608,6.27865605476555,6.15762760564014,5.52724246225286,0,0.75141359251269,0.630385143387275,27.3272617329953
221,2020,"North East",21644,9.98247919712546,99.6498909210426,22.5778047928054,443.323171162597,6.09429901009534,27.5303410326684,621.574665714949,1,1.7585878673227,5,30.5279311570089,28.6431674479114,10.1433306992309,0,40.6712618562398,40.6712618562398,29.1848393452038,"Ideal: pandemic shock only",40.6712618562398,"Random forest",28.5669465040339,11.486422511036,12.1043153522059,10.1433306992309,0,1.34309181180505,1.96098465297502,30.5279311570089
222,2020,"North East",729,6.59211036254007,43.4559190319081,24.3057492580535,425.604342810598,6.05351014194764,24.9027054150802,605.278913666109,0,-0.985841364740524,5,28.1051084922215,27.7992379053166,10.149470097177,0,38.2545785893985,38.2545785893985,27.0865639035562,"Ideal: pandemic shock only",38.2545785893985,"Random forest",27.5908835714399,11.1680146858423,10.6636950179586,10.149470097177,0,1.01854458866529,0.514224920781588,28.1051084922215
223,2020,"North West",3539,8.17169424960016,66.7765869089484,16.9310586915684,125.007451825118,4.82837335012637,25.8538658945518,437.733320864595,1,-1.21041055168523,5,25.0462289541104,24.0943279742248,15.4048353684267,0,40.4510643225371,40.4510643225371,23.8272378010503,"Ideal: pandemic shock only",40.4510643225371,"Random forest",24.1873215799412,16.6238265214868,16.2637427425959,15.4048353684267,0,1.21899115306015,0.858907374169236,25.0462289541104
224,2020,"North East",2506,7.82661469419212,61.2558975713441,22.2685910482553,85.271336227197,4.44583836317412,25.4294614157817,566.27827684543,0,0.292402587083059,5,25.3485056655472,27.1790396530594,9.96225561414833,0,35.3107612796955,35.3107612796955,25.9322944051331,"Ideal: pandemic shock only",35.3107612796955,"Random forest",26.2372694736566,9.37846687456241,9.07349180603893,9.96225561414833,0,-0.58378873958592,-0.888763808109399,25.3485056655472
225,2020,"South and Islands",33236,10.4114015111743,108.397281426883,21.9327104887965,142.724452308893,4.96091586445562,16.0178835060948,351.315601582444,1,-0.0949734352796557,5,25.0846061981473,24.5509410190177,1.26649829892977,3,26.351104497077,29.351104497077,25.1578047888981,"Ideal: pandemic shock only",26.351104497077,"Random forest",25.0481989073663,1.19329970817893,1.30290558971077,1.26649829892977,0,-0.0731985907508408,0.0364072907809971,25.0846061981473
226,2020,"North East",7834,8.96623741384946,80.3934133615138,25.5102189918377,58.3935166348958,4.06720486714563,33.2644359074397,848.583044638737,0,1.82820609793919,5,29.395933527693,30.9086610126179,10.8672829023585,0,40.2632164300515,40.2632164300515,29.4112782444676,"Ideal: pandemic shock only",40.2632164300515,"Random forest",30.1256824392731,10.8519381855839,10.1375339907784,10.8672829023585,0,-0.0153447167745906,-0.729748911580034,29.395933527693
227,2020,"Center",1599,7.37721859256308,54.4233541624584,22.0286334508778,207.02765013882,5.3328523598948,30.9509736732946,681.807653996776,1,1.78688223923566,5,29.2133763855042,28.889161041548,5.32236613646271,1,34.535742521967,35.535742521967,27.974597306298,"Ideal: pandemic shock only",34.535742521967,"Random forest",27.5063198523396,6.56114521566894,7.0294226696274,5.32236613646271,0,1.23877907920623,1.70705653316468,29.2133763855042
228,2020,"Center",6879,8.83628327218729,78.079902066337,23.5488270194759,151.558461255738,5.02097143339193,26.5977891065635,626.346734770965,0,0.393992443883071,5,27.6071093036399,26.813799988591,5.18486450933733,1,32.7919738129773,33.7919738129773,26.6993542810918,"Ideal: pandemic shock only",32.7919738129773,"Random forest",27.0205098621495,6.0926195318855,5.77146395082771,5.18486450933733,0,0.907755022548175,0.586599441490387,27.6071093036399
229,2020,"Center",957,6.86396009303969,47.1139481588415,17.1346309383824,394.196378879494,5.97684920867819,22.8514589410331,391.5513153582,1,0.378877739816361,5,24.6065233016387,24.4041304966939,4.21705982882991,1,28.8235831304686,29.8235831304686,24.8389095845666,"Ideal: pandemic shock only",28.8235831304686,"Random forest",24.81998511355,3.98467354590203,4.00359801691861,4.21705982882991,0,-0.232386282927878,-0.213461811911303,24.6065233016387
230,2020,"South and Islands",5086,8.53430489354574,72.8343600159987,24.3454954261652,91.6889339134342,4.51840169491857,19.6750286212266,478.998319307741,0,0.984011908085173,5,27.9958112452695,26.9007058996178,1.78790480009956,3,29.7837160453691,32.783716045369,26.2209189667205,"Ideal: pandemic shock only",29.7837160453691,"Random forest",26.4795485303458,3.56279707864852,3.30416751502321,1.78790480009956,0,1.77489227854896,1.51626271492365,27.9958112452695
231,2020,"South and Islands",2260,7.7229965460833,59.6446756508146,18.7194560669326,131.829351072026,4.88150829129721,26.0992301769445,488.563392678074,1,-2.2397380632325,5,22.0265897570732,22.0014725203498,1.61873457948423,3,23.6453243365575,26.6453243365575,22.5760615693476,"Ideal: pandemic shock only",23.6453243365575,"Random forest",22.7937430551398,1.06926276720985,0.851581281417676,1.61873457948423,0,-0.549471812274377,-0.767153298066554,22.0265897570732
232,2020,"South and Islands",979,6.88698553107148,47.4305697051879,26.480629608868,94.1810239881299,4.54521871742704,16.4789407100841,436.372725290233,0,0.155034219309304,5,28.0617046815232,25.3459111208173,1.7990434064169,3,29.8607480879401,32.8607480879401,26.5769224474456,"Ideal: pandemic shock only",29.8607480879401,"Random forest",26.434920689728,3.28382564049454,3.42582739821214,1.7990434064169,0,1.48478223407764,1.62678399179524,28.0617046815232
233,2020,"South and Islands",3106,8.04109546833501,64.6592163308779,21.1759649137227,54.8117417361163,4.00390443626004,21.5824343552781,457.028872660093,0,1.30898406102647,5,25.6395279961029,24.5278529913036,1.57277484511449,3,27.2123028412174,30.2123028412174,24.7212461203687,"Ideal: pandemic shock only",27.2123028412174,"Random forest",24.7020299462956,2.49105672084871,2.51027289492182,1.57277484511449,0,0.918281875734212,0.93749804980732,25.6395279961029
234,2020,"North West",5634,8.63654305034675,74.5898758604928,22.7422881943328,216.286263875808,5.37660282597627,21.2769913963055,483.887470243119,1,-1.41096664378478,5,27.9758664323933,28.1728599498816,15.7236893988535,0,43.6995558312468,43.6995558312468,27.538726426124,"Ideal: pandemic shock only",43.6995558312468,"Random forest",27.8821223864227,16.1608294051228,15.8174334448241,15.7236893988535,0,0.437140006269271,0.093744045970606,27.9758664323933
235,2020,"South and Islands",4496,8.41096893601568,70.7443984426207,21.7851706003159,119.836693892923,4.78612993171249,12,261.422047203791,1,-0.114326071812829,5,24.7692825919791,24.0702786274821,0.969017065770283,3,25.7382996577494,28.7382996577494,24.1875440494423,"Ideal: pandemic shock only",25.7382996577494,"Random forest",24.8315291245777,1.55075560830705,0.906770533171702,0.969017065770283,0,0.58173854253677,-0.0622465325985807,24.7692825919791
236,2020,"North East",3095,8.03765810348319,64.603947788489,21.0069703443992,264.396841082397,5.57745116041144,23.7573156513104,499.069225349609,0,-0.0600266044493493,5,27.171018709098,26.6437590424609,9.70642713321117,0,36.8774458423092,36.8774458423092,26.1466569915772,"Ideal: pandemic shock only",36.8774458423092,"Random forest",26.393269954728,10.7307888507319,10.4841758875811,9.70642713321117,0,1.02436171752077,0.777748754369963,27.171018709098
237,2020,"South and Islands",14491,9.58131331472522,91.8015648349307,19.6593247714652,213.386291180067,5.36310409678574,23.4784881929839,461.571224528881,1,-0.326073057637612,5,24.6807077316637,24.2264383466641,1.53866819810557,3,26.2193759297693,29.2193759297693,24.2133657691114,"Ideal: pandemic shock only",26.2193759297693,"Random forest",24.0935887192358,2.00601016065782,2.12578721053352,1.53866819810557,0,0.467341962552249,0.587119012427947,24.6807077316637
238,2020,"North West",2143,7.67003504825636,58.8294376414809,21.1955149599155,66.7433321157213,4.20085439889325,32.660211045807,692.249991815399,0,0.0998688379668647,5,28.3978825922327,25.7276162862216,16.3503697185327,0,44.7482523107654,44.7482523107654,26.6368786104354,"Ideal: pandemic shock only",44.7482523107654,"Random forest",26.5023315510737,18.11137370033,18.2459207596917,16.3503697185327,0,1.76100398179726,1.89555104115896,28.3978825922327
239,2020,"South and Islands",15623,9.65647160197759,93.2474437997996,22.7590617844047,36.9081600618465,3.6084326664861,20.2489085325827,460.846160359809,0,-1.23212917425153,5,23.5299248267185,24.4980962314166,1.65356869330084,3,25.1834935200194,28.1834935200194,22.8766610481757,"Ideal: pandemic shock only",25.1834935200194,"Random forest",24.2001605032291,2.30683247184369,0.983333016790258,1.65356869330084,0,0.653263778542855,-0.670235676510578,23.5299248267185
240,2020,"Center",866,6.76413669760138,45.7535452638377,30.8002581571555,261.11444373734,5.56495879296992,17.0442045560088,524.965900408439,0,1.55525769814553,5,30.4474858970643,32.5235569147687,5.31377101594326,1,35.7612569130075,36.7612569130075,30.6236945182196,"Ideal: pandemic shock only",35.7612569130075,"Random forest",31.0379658589361,5.13756239478791,4.72329105407138,5.31377101594326,0,-0.176208621155346,-0.590479961871881,30.4474858970643
241,2020,"South and Islands",3932,8.27688735066006,68.5068642155164,21.8285096321536,133.505536104244,4.89414294592614,18.5077870191197,403.997407216702,1,0.375773482160205,5,23.9714559378807,25.1436253768257,1.42932945061081,3,25.4007853884915,28.4007853884915,24.9950219839104,"Ideal: pandemic shock only",25.4007853884915,"Random forest",25.3332214659593,0.405763404581066,0.0675639225321873,1.42932945061081,0,-1.02356604602974,-1.36176552807862,23.9714559378807
242,2020,"South and Islands",2753,7.92044020356727,62.7333730182847,26.9615807963997,134.580006537622,4.90215886633813,23.6204581834472,636.844891760993,0,-1.25322753350207,5,26.1415686879205,26.4461628171084,2.35185426018081,3,28.4934229481013,31.4934229481013,25.1385641215677,"Ideal: pandemic shock only",28.4934229481013,"Random forest",26.9763774878123,3.35485882653357,1.51704546028893,2.35185426018081,0,1.00300456635276,-0.834808799891877,26.1415686879205
243,2020,"Center",6916,8.84166251531435,78.1749960347149,19.8899567124314,146.25789466327,4.98537146525862,23.281264459016,463.063342300497,0,-0.630387297939961,5,22.0755010470601,23.9975342445103,4.55023205023411,1,26.6257330972942,27.6257330972942,24.1153270619369,"Ideal: pandemic shock only",26.6257330972942,"Random forest",24.0920069370601,2.51040603535731,2.53372616023405,4.55023205023411,0,-2.0398260148768,-2.01650589000006,22.0755010470601
244,2020,"North West",11705,9.36776819728033,87.7550809979768,22.2158997316515,47.1411858760628,3.85314705366299,27.6059690227736,613.291439805015,0,1.77873550700335,5,29.1500173085141,28.4464304580623,16.1088151018113,0,45.2588324103254,45.2588324103254,28.2602553268027,"Ideal: pandemic shock only",45.2588324103254,"Random forest",28.5451255138721,16.9985770835227,16.7137068964533,16.1088151018113,0,0.889761981711345,0.604891794641993,29.1500173085141
245,2020,"Center",3899,8.26848431898736,68.3678329333399,22.3285785159506,188.815801088918,5.24077194241765,19.945030382452,445.3441768976,1,0.466439185820012,5,27.8262454736646,26.7814136828432,4.58494406326174,1,32.4111895369263,33.4111895369263,26.6960316486633,"Ideal: pandemic shock only",32.4111895369263,"Random forest",27.3183504441344,5.71515788826306,5.09283909279191,4.58494406326174,0,1.13021382500132,0.507895029530175,27.8262454736646
246,2020,"North East",600,6.3776825726088,40.674834996958,30.5464424684231,586.85091539864,6.37477081039605,29.8994810761687,913.322778528891,0,0.782829975687686,5,32.2951859558733,32.0182730096686,11.1857206465939,0,43.4809066024672,43.4809066024672,31.8925419827054,"Ideal: pandemic shock only",43.4809066024672,"Random forest",31.9210077762039,11.5883646197618,11.5598988262633,11.1857206465939,0,0.402643973167953,0.374178179669384,32.2951859558733
247,2020,"North West",2165,7.68034259667508,58.9876624023018,24.7954452732637,172.52448902558,5.15053919176097,32.7144483189517,811.16931293758,1,0.297796471707598,5,31.2588483021616,30.9556146445554,16.7501586621212,0,48.0090069642827,48.0090069642827,29.5114572040484,"Ideal: pandemic shock only",48.0090069642827,"Random forest",30.3306938833342,18.4975497602343,17.6783130809485,16.7501586621212,0,1.74739109811313,0.928154418827379,31.2588483021616
248,2020,"South and Islands",1976,7.5886484684266,57.5875855773534,16.8044325525925,560.388483188025,6.32863026319533,24.458168257074,411.00563883596,1,-1.49727949558758,5,23.8607862362545,23.4208800062829,1.29320765851589,3,25.1539938947704,28.1539938947704,22.8246111005606,"Ideal: pandemic shock only",25.1539938947704,"Random forest",23.4571221530041,2.32938279420982,1.69687174176624,1.29320765851589,0,1.03617513569393,0.403664083250354,23.8607862362545
249,2020,"Center",2582,7.85632558950887,61.7218517683719,26.6255203453127,174.942534313711,5.1644575446463,23.0056262186964,612.536768942559,1,0.502686683360903,5,29.7539310510063,30.5792851503239,5.27184937302867,1,35.025780424035,36.025780424035,28.8392704146626,"Ideal: pandemic shock only",35.025780424035,"Random forest",29.5612439246739,6.18651000937239,5.4645364993611,5.27184937302867,0,0.91466063634372,0.192687126332427,29.7539310510063
250,2020,"Center",4145,8.32966129213178,69.3832572416384,17.3497310523191,85.8416036465759,4.452503779958,24.8288426075685,430.773741581675,1,1.22531415568705,5,26.5879187727657,26.7960980230729,4.37913769802043,1,30.9670564707861,31.9670564707861,25.3619824795675,"Ideal: pandemic shock only",30.9670564707861,"Random forest",25.9512277720023,5.60507399121865,5.01582869878384,4.37913769802043,0,1.22593629319822,0.636691000763411,26.5879187727657
251,2020,"North East",844,6.73855374466888,45.4081065697909,18.0319658763115,38.0756957475711,3.63957617169559,27.758335903147,500.537365788741,0,-0.0775211462829832,5,22.9604897611481,22.7764507240477,9.65924805935009,0,32.6197378204981,32.6197378204981,23.468821619295,"Ideal: pandemic shock only",32.6197378204981,"Random forest",23.735837703235,9.15091620120313,8.88390011726319,9.65924805935009,0,-0.508331858146956,-0.775347942086903,22.9604897611481
252,2020,"North West",3201,8.07129713284922,65.14583740674,22.7259237608568,279.91151556036,5.63447353736986,28.9801318464342,658.600266921643,0,-0.213910366667925,5,29.1265895282,29.4647595529375,16.2611091426802,0,45.3876986708802,45.3876986708802,27.9117865166367,"Ideal: pandemic shock only",45.3876986708802,"Random forest",28.7946481513165,17.4759121542435,16.5930505195636,16.2611091426802,0,1.21480301156328,0.331941376883435,29.1265895282
253,2020,"North West",2037,7.61909199640748,58.0505628497205,26.2172778335389,413.896765868885,6.02561658492586,38.7073459628567,1014.80124330712,1,-0.238850887345012,5,31.6069856409715,31.6639811231528,17.3260630788248,0,48.9330487197963,48.9330487197963,30.7693205249132,"Ideal: pandemic shock only",48.9330487197963,"Random forest",31.6101765315089,18.1637281948831,17.3228721882874,17.3260630788248,0,0.837665116058307,-0.00319089053735411,31.6069856409715
254,2020,"North West",9127,9.11897202978301,83.1556508799649,28.1684318678315,492.698061962252,6.19989653603752,33.4436946672006,942.0564346416,0,-1.65131455301521,5,29.895156483484,31.0144773744046,17.172234431901,0,47.0673909153851,47.0673909153851,29.4861282326176,"Ideal: pandemic shock only",47.0673909153851,"Random forest",30.5836260446715,17.5812626827675,16.4837648707136,17.172234431901,0,0.409028250866477,-0.688469561187421,29.895156483484
255,2020,"South and Islands",1554,7.34833642907783,53.9980482749124,19.4380926687887,104.735134677842,4.65143463634836,22.4270898188796,435.939850190628,0,-0.526773427898059,5,22.8306822673944,22.9978684488721,1.44073478062386,3,24.2714170480183,27.2714170480183,22.8345084311739,"Ideal: pandemic shock only",24.2714170480183,"Random forest",23.556696495864,1.43690861684435,0.714720552154244,1.44073478062386,0,-0.00382616377951139,-0.726014228469613,22.8306822673944
256,2020,"North West",1653,7.41053428763056,54.9160184281481,25.0625842598179,154.952717962934,5.04312002498301,23.9042279500387,599.101727163741,0,-0.177437622715379,5,29.150867755037,27.6744925948256,16.1628285248182,0,45.3136962798552,45.3136962798552,27.7463090822628,"Ideal: pandemic shock only",45.3136962798552,"Random forest",27.730272319308,17.5673871975924,17.5834239605472,16.1628285248182,0,1.4045586727742,1.42059543572898,29.150867755037
257,2020,"Center",3005,8.00815505706209,64.1305474179491,19.9535349212463,51.9879288092564,3.95101155334964,26.6188307184879,531.139768304092,0,-0.804376986765968,5,25.2054964107161,23.2444179131183,4.79085529136678,1,29.9963517020829,30.9963517020829,23.4136917614643,"Ideal: pandemic shock only",29.9963517020829,"Random forest",23.8968336478706,6.58265994061865,6.09951805421235,4.79085529136678,0,1.79180464925188,1.30866276284557,25.2054964107161
258,2020,"South and Islands",6598,8.79454539024944,77.3440286211577,16.6279544920817,40.4843107034205,3.70091450901859,19.9580192734341,331.861036230752,0,-0.916622201416699,5,20.198404392892,21.3470667696373,0.958784643004909,3,21.1571890358969,24.1571890358969,20.4011189282794,"Ideal: pandemic shock only",21.1571890358969,"Random forest",21.384776453028,0.756070107617507,-0.227587417131055,0.958784643004909,0,-0.202714535387402,-1.18637206013596,20.198404392892
259,2020,"South and Islands",9160,9.12265466097251,83.2228280633635,20.6445016864532,367.494238497639,5.90670764097255,16.1638627251271,333.694891288484,1,0.025493744755911,5,26.156161949169,26.0701342342276,1.13501387600428,3,27.2911758251733,30.2911758251733,24.4973607703782,"Ideal: pandemic shock only",27.2911758251733,"Random forest",25.7482544896361,2.79381505479507,1.54292133553718,1.13501387600428,0,1.65880117879079,0.407907459532902,26.156161949169
260,2020,"North West",3688,8.2127897135098,67.4499148783323,25.4492829436191,207.193168310259,5.33365153836618,27.2719039189415,694.050399244337,1,-0.955333971808193,5,30.2176104736497,28.2333559425289,16.4411026978595,0,46.6587131715092,46.6587131715092,28.1628935785599,"Ideal: pandemic shock only",46.6587131715092,"Random forest",28.3606689351108,18.4958195929493,18.2980442363984,16.4411026978595,0,2.05471689508975,1.85694153853891,30.2176104736497
261,2020,"North West",873,6.77225638209995,45.8634565048934,29.8218479642497,434.595263052853,6.07441516820668,35.1661683157719,1048.72012499816,0,-0.434952132051517,5,33.6006866839205,31.1526854952621,17.474683357907,0,51.0753700418275,51.0753700418275,30.2174077900571,"Ideal: pandemic shock only",51.0753700418275,"Random forest",31.1225951381798,20.8579622517704,19.9527749036477,17.474683357907,0,3.38327889386337,2.47809154574065,33.6006866839205
262,2020,"North East",1748,7.4661887604431,55.7439746065668,23.5768319691388,93.9869341589858,4.54315577430018,26.8827526256672,633.810141523281,1,0.336902946631222,5,27.8575945176574,28.7890918037761,10.2078925001375,0,38.0654870177949,38.0654870177949,27.8031780181164,"Ideal: pandemic shock only",38.0654870177949,"Random forest",28.5696228299273,10.2623089996785,9.49586418786755,10.2078925001375,0,0.0544164995410199,-0.712028312269958,27.8575945176574
263,2020,"South and Islands",1985,7.59331365360192,57.6584122419774,22.9852899217847,229.960175730524,5.43790614493346,21.6587281921209,497.83214683303,1,-1.97930117638623,5,24.0508854417435,23.2727341167442,1.77714116458031,3,25.8280266063238,28.8280266063238,24.2434238038813,"Ideal: pandemic shock only",25.8280266063238,"Random forest",25.0163262266305,1.58460280244254,0.811700379693285,1.77714116458031,0,-0.192538362137775,-0.965440784887025,24.0508854417435
264,2020,"Center",5438,8.60123526623285,73.9812481050877,25.5384709082662,475.02368965331,6.16336467574536,22.0725714363766,563.699723498532,1,-0.265392625427963,5,28.5536347836709,27.7826116552758,5.08696010019118,1,33.6405948838621,34.6405948838621,27.8013091304546,"Ideal: pandemic shock only",33.6405948838621,"Random forest",27.5747505173632,5.83928575340747,6.06584436649888,5.08696010019118,0,0.752325653216293,0.978884266307702,28.5536347836709
265,2020,"North West",4628,8.43979397096384,71.2301222723177,25.7838154267548,53.1663419635557,3.9734255262696,21.9851017402848,566.859805409929,0,-0.290836929797685,5,27.5354097353482,27.8939362775643,16.1078251184985,0,43.6432348538467,43.6432348538467,26.9240481133876,"Ideal: pandemic shock only",43.6432348538467,"Random forest",27.5533299969451,16.7191867404591,16.0899048569016,16.1078251184985,0,0.61136162196064,-0.017920261596867,27.5354097353482
266,2020,"North East",4865,8.48975433377831,72.0759286479076,19.293203674452,118.191173948983,4.77230343170165,26.2587500387983,506.61541273506,0,-0.1607921007917,5,25.0843615479148,24.8593834576665,9.69301320664113,0,34.777374754556,34.777374754556,25.6914334954896,"Ideal: pandemic shock only",34.777374754556,"Random forest",25.0817708070229,9.08594125906636,9.6956039475331,9.69301320664113,0,-0.607071947574774,0.00259074089196787,25.0843615479148
267,2020,"South and Islands",762,6.63643544096003,44.0422753620303,20.0664577409399,131.401946320574,4.87826091812174,23.5720931576218,473.008411212918,1,-0.492646698618837,5,26.5928362214083,23.8333563563295,1.59000517227245,3,28.1828413936808,31.1828413936808,23.724160599711,"Ideal: pandemic shock only",28.1828413936808,"Random forest",23.8839821411937,4.45868079396974,4.29885925248708,1.59000517227245,0,2.86867562169729,2.70885408021463,26.5928362214083
268,2020,"Center",10306,9.24048578189598,85.3865774854217,26.3061560879478,340.141481555472,5.82936165327734,19.40784532716,510.545808507019,1,0.666598150942646,5,28.8621111074426,29.5175951098878,4.98487464231099,1,33.8469857497536,34.8469857497536,28.4943628657635,"Ideal: pandemic shock only",33.8469857497536,"Random forest",28.7321104907667,5.35262288399004,5.11487525898684,4.98487464231099,0,0.367748241679054,0.130000616675852,28.8621111074426
269,2020,"North East",5372,8.5888631013186,73.7685693731922,24.9147011862186,47.1909810933227,3.85420279580238,31.1746685277015,776.707550947097,0,-1.26366336995496,5,26.2352379779106,27.1308010136944,10.6554922271587,0,36.8907302050693,36.8907302050693,26.0560675978855,"Ideal: pandemic shock only",36.8907302050693,"Random forest",27.192259763929,10.8346626071838,9.69847044114027,10.6554922271587,0,0.1791703800251,-0.957021786018418,26.2352379779106
270,2020,"North West",11526,9.35234073837175,87.4662772866078,20.0144176504684,168.044905664691,5.12423123930931,26.1694213812102,523.765729194638,1,-0.630574169541706,5,26.5248349916257,25.912553111687,15.7660937379718,0,42.2909287295974,42.2909287295974,25.8505081632126,"Ideal: pandemic shock only",42.2909287295974,"Random forest",26.3014814961054,16.4404205663849,15.989447233492,15.7660937379718,0,0.674326828413101,0.223353495520275,26.5248349916257
271,2020,"South and Islands",918,6.82251040007179,46.5466481590877,18.0531710452428,173.764780158654,5.15770254648834,25.6803750664405,463.612203580437,0,-1.46545147765269,5,22.5619314450556,21.4400029560603,1.51612336936307,3,24.0780548144187,27.0780548144187,21.3716846615763,"Ideal: pandemic shock only",24.0780548144187,"Random forest",21.7232993348395,2.70637015284238,2.35475547957914,1.51612336936307,0,1.19024678347931,0.838632110216068,22.5619314450556
272,2020,"Center",2257,7.7219408570103,59.628370599165,16.3100220015487,45.9964269183254,3.8285637177836,23.5634007225231,384.319584215661,0,0.253946241833614,5,23.846728743818,23.1971119116033,4.17618877048251,1,28.0229175143005,29.0229175143005,23.0773392916578,"Ideal: pandemic shock only",28.0229175143005,"Random forest",23.611715060972,4.94557822264271,4.41120245332855,4.17618877048251,0,0.769389452160202,0.235013682846046,23.846728743818
273,2020,"Center",665,6.49975712302167,42.2468426582709,25.1506869922538,211.193624206356,5.35277536295955,21.3842181665127,537.827777680028,1,0.792738388999834,5,28.0677016935831,29.0333442099252,4.99611914053934,1,33.0638208341225,34.0638208341225,28.1505966884587,"Ideal: pandemic shock only",33.0638208341225,"Random forest",28.6581192595638,4.91322414566377,4.40570157455866,4.99611914053934,0,-0.0828949948755682,-0.590417565980678,28.0677016935831
274,2020,"South and Islands",4783,8.47282405121195,71.7887474027957,20.1543525495621,82.9244984629578,4.41793053673473,14.2173941154581,286.542373339012,0,0.603146901596724,5,24.5763179338068,23.5383560713294,0.94484466826943,3,25.5211626020762,28.5211626020762,23.8188208533542,"Ideal: pandemic shock only",25.5211626020762,"Random forest",23.8040416892568,1.70234174872203,1.71712091281947,0.94484466826943,0,0.757497080452597,0.772276244550045,24.5763179338068
275,2020,"South and Islands",16354,9.7022093034077,94.132865367131,24.8606755788822,285.568214623712,5.65448093093752,12,298.328106946586,0,-1.38214490073846,5,25.4272235150478,24.2207054973265,1.30732261341257,3,26.7345461284604,29.7345461284604,23.7359815316663,"Ideal: pandemic shock only",26.7345461284604,"Random forest",23.9331803407134,2.99856459679411,2.80136578774698,1.30732261341257,0,1.69124198338153,1.49404317433441,25.4272235150478
276,2020,"North West",3525,8.16775976775715,66.7122996237924,32.8710496739317,139.277635840594,4.93646932116735,26.5599700782886,873.054095781563,0,0.331597315590395,5,32.2872397623324,32.2183780193159,17.2076616693482,0,49.4949014316806,49.4949014316806,31.9451462648882,"Ideal: pandemic shock only",49.4949014316806,"Random forest",31.832563312482,17.5497551667924,17.6623381191986,17.2076616693482,0,0.342093497444189,0.454676449850364,32.2872397623324
277,2020,"South and Islands",2947,7.98847864388527,63.8157910438111,20.1496189846557,1409.74507000668,7.25116416561197,20.7508912899557,418.122553084617,0,1.6076886548254,5,25.7724073316574,26.6932614033867,1.40166877834455,3,27.174076110002,30.174076110002,26.4020548814249,"Ideal: pandemic shock only",27.174076110002,"Random forest",26.0811207589764,0.772021228577067,1.09295535102562,1.40166877834455,0,-0.629647549767487,-0.308713427318938,25.7724073316574
278,2020,"South and Islands",1647,7.40673818244663,54.8597705033128,24.2714183099258,250.347317161872,5.52284922236891,22.2450174369957,539.918123524915,0,1.17684934701753,5,27.2095135628943,28.3736758983517,1.95965553441706,3,29.1691690973113,32.1691690973113,27.6307041595188,"Ideal: pandemic shock only",29.1691690973113,"Random forest",27.8089490897918,1.53846493779252,1.36022000751951,1.95965553441706,0,-0.421190596624549,-0.599435526897556,27.2095135628943
279,2020,"North West",2509,7.82771729453041,61.2731580430905,25.1393317357196,686.037576561046,6.53093240255377,24.9444148886165,627.085920838354,1,-0.180125399045931,5,30.6859421073155,30.7422239775025,16.2440838328678,0,46.9300259401833,46.9300259401833,29.742078568824,"Ideal: pandemic shock only",46.9300259401833,"Random forest",30.1496776887863,17.1879473713593,16.780348251397,16.2440838328678,0,0.943863538491474,0.536264418529164,30.6859421073155
280,2020,"Center",4568,8.42679054615558,71.0107989087771,22.5567480712421,199.630935437656,5.2964703390307,22.1134730803521,498.808041253695,1,0.32949342864715,5,26.7899750861226,26.2737266789469,4.7618337031968,1,31.5518087893194,32.5518087893194,26.9152882792493,"Ideal: pandemic shock only",31.5518087893194,"Random forest",26.6471415096529,4.63652051007008,4.9046672796665,4.7618337031968,0,-0.125313193126723,0.142833576469701,26.7899750861226
281,2020,"South and Islands",30571,10.3278002894729,106.663458819237,28.190519656624,84.0318715741706,4.43119615038245,25.3862751756837,715.652289348579,1,-0.081354565478345,5,28.5918775136213,28.1474033419457,2.61064472426203,3,31.2025222378833,34.2025222378833,27.4150196832101,"Ideal: pandemic shock only",31.2025222378833,"Random forest",27.875390486054,3.7875025546732,3.32713175182926,2.61064472426203,0,1.17685783041116,0.71648702756723,28.5918775136213
282,2020,"South and Islands",2995,8.00462875433872,64.0740814947863,26.0504407534012,448.089287739581,6.10499251554692,18.0925163703722,471.318025786324,1,0.526096766001481,5,28.2328607840886,28.543919131236,1.86467292853572,3,30.0975337126244,33.0975337126244,27.4463483737719,"Ideal: pandemic shock only",30.0975337126244,"Random forest",28.1526401329835,2.65118533885246,1.94489357964085,1.86467292853572,0,0.786512410316742,0.0802206511051295,28.2328607840886
283,2020,"North East",1413,7.25352138043048,52.6135724163621,27.6078315505969,482.691183937297,6.17937707843771,23.2028393478332,640.580080210541,0,1.09727462608851,5,28.7670874500453,30.5268222248079,10.3937085246495,0,39.1607959746948,39.1607959746948,29.75390241549,"Ideal: pandemic shock only",39.1607959746948,"Random forest",29.8587014251677,9.40689355920489,9.30209454952719,10.3937085246495,0,-0.986814965444628,-1.09161397512233,28.7670874500453
284,2020,"North East",1378,7.22826704714615,52.2478445048589,25.808430155204,376.38533547667,5.93061344700718,25.2621248094871,651.975783717692,0,-0.530757301307509,5,29.099438305799,27.1836865921624,10.3399243534721,0,39.4393626592711,39.4393626592711,27.9427306838039,"Ideal: pandemic shock only",39.4393626592711,"Random forest",27.5992820891367,11.4966319754672,11.8400805701344,10.3399243534721,0,1.15670762199512,1.50015621666232,29.099438305799
285,2020,"North East",991,6.89909850716658,47.5975602115882,24.1966798309703,418.355949145498,6.03633262313888,27.5668174646424,667.025456150752,1,-0.815346873050166,5,27.3083713353902,27.1679181264345,10.3239603036672,0,37.6323316390575,37.6323316390575,27.2125605356731,"Ideal: pandemic shock only",37.6323316390575,"Random forest",27.5506723693064,10.4197711033843,10.0816592697511,10.3239603036672,0,0.095810799717098,-0.242301033916169,27.3083713353902
286,2020,"North East",3368,8.12212086148731,65.9688472886074,22.7508841110908,37.3246476432334,3.61965390314582,21.2712320770327,483.939335884688,0,-0.713853825797606,5,24.5465561471372,24.7305594286352,9.72423179734781,0,34.270787944485,34.270787944485,24.2170212268417,"Ideal: pandemic shock only",34.270787944485,"Random forest",24.8868836208534,10.0537667176433,9.38390432363158,9.72423179734781,0,0.329534920295528,-0.340327473716231,24.5465561471372
287,2020,"North West",1595,7.37483174797819,54.388143310987,20.9054130666362,1254.88632533409,7.13480027004046,32.1010153513713,671.084985778845,0,0.550249240175623,5,30.0843587923007,29.1432620809761,16.2793148116615,0,46.3636736039622,46.3636736039622,28.3756220525558,"Ideal: pandemic shock only",46.3636736039622,"Random forest",28.6179554509138,17.9880515514064,17.7457181530483,16.2793148116615,0,1.70873673974489,1.46640334138684,30.0843587923007
288,2020,"South and Islands",5491,8.61090979026595,74.147767416098,22.1945699900907,287.150245185476,5.66000558116847,26.9728983559923,598.651880397673,0,-0.208572626947741,5,25.6729961273801,25.265803289433,2.06215388356497,3,27.7351500109451,30.7351500109451,24.399549095811,"Ideal: pandemic shock only",27.7351500109451,"Random forest",25.5328999883335,3.3356009151341,2.20225002261161,2.06215388356497,0,1.27344703156913,0.140096139046639,25.6729961273801
289,2020,"North West",2475,7.81417395724872,61.0613146341441,23.6026370618744,183.19749323911,5.21056476895379,30.5236455146945,720.438526888644,0,0.110416560878401,5,28.9325164348366,28.590620563974,16.4655935625703,0,45.3981099974069,45.3981099974069,27.9514071864765,"Ideal: pandemic shock only",45.3981099974069,"Random forest",28.191112239969,17.4467028109304,17.2069977574379,16.4655935625703,0,0.981109248360099,0.741404194867584,28.9325164348366
290,2020,"South and Islands",4486,8.40861341237888,70.704779518838,22.4694135753127,64.9097077537779,4.17299719270552,18.8417691512127,423.363503549167,0,0.196678038955492,5,24.9858612731372,24.9964890316923,1.52320763360482,3,26.509068906742,29.509068906742,24.5582728259519,"Ideal: pandemic shock only",26.509068906742,"Random forest",24.838487918062,1.9507960807901,1.67058098867997,1.52320763360482,0,0.427588447185275,0.147373355075152,24.9858612731372
291,2020,"North West",5633,8.6364367554934,74.5880398316373,24.2858031269803,53.5712525793141,3.98101259172356,29.5689616608424,718.105981564447,1,-0.937444784816671,5,29.2664520126454,28.3085135216452,16.4739139599623,0,45.7403659726077,45.7403659726077,27.296083373338,"Ideal: pandemic shock only",45.7403659726077,"Random forest",28.1437575830512,18.4442825992696,17.5966083895565,16.4739139599623,0,1.97036863930731,1.12269442959419,29.2664520126454
292,2020,"Center",3948,8.28097824602704,68.5746007111731,23.8182793191722,121.416216448255,4.79922444835576,26.0200569986175,619.752985493851,0,0.473385698737793,5,27.1117558139929,26.1835070943788,5.17406301474769,1,32.2858188287406,33.2858188287406,27.0587368480386,"Ideal: pandemic shock only",32.2858188287406,"Random forest",27.0520785191184,5.22708198070199,5.23374030962217,5.17406301474769,0,0.0530189659542968,0.0596772948744784,27.1117558139929
293,2020,"South and Islands",844,6.73837987932901,45.405763398146,18.2657186712644,302.694823961232,5.71272511631501,25.8337284677745,471.871616422202,0,-1.79740596057535,5,21.5262037172158,21.3770080198642,1.55023834631882,3,23.0764420635346,26.0764420635346,21.153094730706,"Ideal: pandemic shock only",23.0764420635346,"Random forest",21.5894978440608,1.92334733282862,1.48694421947386,1.55023834631882,0,0.373108986509791,-0.0632941268449623,21.5262037172158
294,2020,"South and Islands",1989,7.59524128944842,57.6876902449421,19.8257090297656,54.5483727360724,3.99908788114802,14.4760668530865,286.998289324727,0,-0.118747856670892,5,23.1154955634475,22.2683288112389,0.926800972725797,3,24.0422965361733,27.0422965361733,22.188202895362,"Ideal: pandemic shock only",24.0422965361733,"Random forest",22.5788136155336,1.85409364081131,1.4634829206397,0.926800972725797,0,0.927292668085513,0.536681947913898,23.1154955634475
295,2020,"South and Islands",752,6.62325268724475,43.8674761590948,22.8483211165893,157.867309669195,5.06175486796684,22.1624083612686,506.373822955249,1,0.386566927462717,5,26.6142485777854,27.5358509653241,1.79733220784916,3,28.4115807856346,31.4115807856346,25.8485044872066,"Ideal: pandemic shock only",28.4115807856346,"Random forest",27.0150810957127,2.56307629842803,1.39649968992186,1.79733220784916,0,0.765744090578877,-0.400832517927299,26.6142485777854
296,2020,"North West",800,6.68440998876631,44.6813368979189,26.4410490774224,222.925456832839,5.40683744128581,30.7075877603629,811.94083502101,0,1.04382384240132,5,30.9754006854647,30.2965087708559,16.7906948414774,0,47.7660955269421,47.7660955269421,30.2727621957377,"Ideal: pandemic shock only",47.7660955269421,"Random forest",30.3626544914507,17.4933333312044,17.4034410354915,16.7906948414774,0,0.702638489726997,0.612746194014075,30.9754006854647
297,2020,"South and Islands",3520,8.16622369662251,66.687209463279,23.0872314417866,185.094155938946,5.22086464662801,17.5208691116818,404.508360242649,1,-1.02772277705923,5,26.4603458097523,26.0253506630531,1.49870459614979,3,27.9590504059021,30.9590504059021,24.6042858156036,"Ideal: pandemic shock only",27.9590504059021,"Random forest",25.9743487408928,3.35476459029849,1.98470166500934,1.49870459614979,0,1.8560599941487,0.485997068859556,26.4603458097523
298,2020,"North East",600,6.18914207395574,38.3054796116092,15.7598627522302,534.04488633693,6.28047989223835,29.3976893888937,463.303550001658,0,0.106290437135441,5,25.5796181757459,25.3619333506792,9.52407145970341,0,35.1036896354493,35.1036896354493,24.6245539027347,"Ideal: pandemic shock only",35.1036896354493,"Random forest",24.9901747748565,10.4791357327147,10.1135148605928,9.52407145970341,0,0.955064273011283,0.58944340088942,25.5796181757459
299,2020,"South and Islands",854,6.75045884018,45.5686945529643,26.5210397644773,282.870875354424,5.6449905226876,19.8734186721608,527.063726860483,1,-0.635178405591151,5,26.7559679855728,26.4507278737219,2.04110198087929,3,28.7970699664521,31.7970699664521,26.1867993575218,"Ideal: pandemic shock only",28.7970699664521,"Random forest",27.1380800707763,2.61027060893031,1.6589898956758,2.04110198087929,0,0.569168628051021,-0.382112085203495,26.7559679855728
300,2020,"Center",2787,7.93270039400651,62.927735541071,19.1140602033695,146.113058304887,4.98438069398835,16.8089223042962,321.286752878079,1,1.25529497074727,5,25.0659412148348,26.8703865639391,4.01181948340691,1,29.0777606982417,30.0777606982417,25.8641316640187,"Ideal: pandemic shock only",29.0777606982417,"Random forest",25.9880631686214,3.21362903422303,3.08969752962033,4.01181948340691,0,-0.798190449183889,-0.92212195378658,25.0659412148348
301,2020,"Center",12959,9.46955919182975,89.6725512875673,23.6480653862791,85.0308287181654,4.44301388153585,19.0430871115609,450.332169170802,1,-2.21431321269366,5,23.7419610503104,23.9967988338641,4.6669515900355,1,28.4089126403459,29.4089126403459,23.6231987422289,"Ideal: pandemic shock only",28.4089126403459,"Random forest",24.1177764444869,4.78571389811701,4.29113619585903,4.6669515900355,0,0.118762308081512,-0.375815394176469,23.7419610503104
302,2020,"Center",1690,7.43268343126064,55.2447829893364,23.2861287099746,195.203549701973,5.27404285876228,19.6763122680533,458.185140011543,0,1.12468393039629,5,27.8589841817994,26.5152350850076,4.67146431659648,1,32.5304484983959,33.5304484983959,26.45508247201,"Ideal: pandemic shock only",32.5304484983959,"Random forest",26.6310743446934,6.0753660263859,5.89937415370246,4.67146431659648,0,1.40390170978942,1.22790983710598,27.8589841817994
303,2020,"South and Islands",7072,8.86394846538389,78.5695823969814,22.1827894035084,113.732947261353,4.7338531324069,20.2404097588874,448.988747122116,0,0.16641870104709,5,26.4099403535211,23.8809101179183,1.58958381724357,3,27.9995241707646,30.9995241707646,24.1139706625816,"Ideal: pandemic shock only",27.9995241707646,"Random forest",24.3586038553974,3.88555350818305,3.64092031536727,1.58958381724357,0,2.29596969093948,2.0513364981237,26.4099403535211
304,2020,"South and Islands",5242,8.5645204442674,73.3510104402742,27.7333394526529,54.1779160327033,3.9922733721428,21.4042350679396,593.610916863546,1,0.0344922354006611,5,28.040631406826,26.6826984997545,2.28161209428312,3,30.3222435011091,33.3222435011091,27.2874770485885,"Ideal: pandemic shock only",30.3222435011091,"Random forest",27.6020422422886,3.0347664525206,2.7202012588205,2.28161209428312,0,0.753154358237479,0.438589164537378,28.040631406826
305,2020,"North East",10726,9.2804348441601,86.1264708967008,20.1827745359869,193.833941736,5.26700182207846,22.7634766806887,459.430117501535,1,0.0557382778010369,5,26.2735676676131,25.9556708551143,9.5461968663423,0,35.8197645339554,35.8197645339554,26.1786631332436,"Ideal: pandemic shock only",35.8197645339554,"Random forest",26.3438464242366,9.64110140071173,9.47591810971874,9.5461968663423,0,0.0949045343694337,-0.0702787566235621,26.2735676676131
306,2020,"North East",600,6.37441032192416,40.6331069522533,25.4484992789207,486.939456076195,6.18813979518211,28.9224397382402,736.032686823233,0,-2.23347022452157,5,27.4126764569707,26.3881614136388,10.5565540020936,0,37.9692304590643,37.9692304590643,26.3016847294834,"Ideal: pandemic shock only",37.9692304590643,"Random forest",26.5209324846639,11.6675457295809,11.4482979744004,10.5565540020936,0,1.11099172748731,0.891743972306793,27.4126764569707
307,2020,"South and Islands",5512,8.6146351245289,74.211938328767,21.1691766605758,87.8331789529851,4.47543932166074,20.0356154906141,424.137483824178,0,1.13373091785263,5,25.0594788541592,25.8534845251484,1.46375081674185,3,26.5232296709011,29.5232296709011,24.8248033856981,"Ideal: pandemic shock only",26.5232296709011,"Random forest",25.5727491710977,1.69842628520301,0.950480499803351,1.46375081674185,0,0.234675468461162,-0.5132703169385,25.0594788541592
308,2020,"South and Islands",2205,7.69858832060587,59.2682621301692,18.6096920231578,380.853145993475,5.94241385723755,31.5913445349226,587.905192392381,0,-0.0102876616358904,5,26.038566875671,25.2213548079293,1.99110853972748,3,28.0296754153985,31.0296754153985,23.4754141705417,"Ideal: pandemic shock only",28.0296754153985,"Random forest",24.8535478868873,4.55426124485677,3.17612752851113,1.99110853972748,0,2.56315270512929,1.18501898878365,26.038566875671
309,2020,"North East",10007,9.21101237670449,84.8427490038033,24.7892331815733,272.184136104866,5.60647880822829,29.9435204864285,742.276911615293,1,0.111188687757507,5,30.6735431903141,28.1133392610634,10.5555103837586,0,41.2290535740727,41.2290535740727,29.0639565034693,"Ideal: pandemic shock only",41.2290535740727,"Random forest",29.0736258689964,12.1650970706033,12.1554277050762,10.5555103837586,0,1.60958668684473,1.59991732131764,30.6735431903141
310,2020,"South and Islands",6738,8.81547735732283,77.7126410374714,21.6221818171351,51.9096441093331,3.94950459389834,13.9322415027119,301.245458891872,0,-0.206285497144039,5,23.7299870763252,23.0780237646196,1.08634520481023,3,24.8163322811354,27.8163322811354,23.2453334291269,"Ideal: pandemic shock only",24.8163322811354,"Random forest",23.2989652969289,1.5709988520085,1.51736698420652,1.08634520481023,0,0.484653647198279,0.431021779396292,23.7299870763252
311,2020,"North East",4446,8.39967415832811,70.554525966085,19.3413084699967,90.5755234363679,4.50618401580245,28.7888119511762,556.813292432428,1,0.824672854147144,5,26.5764454047598,27.8955228108882,9.87540906801751,0,36.4518544727773,36.4518544727773,27.0546000827952,"Ideal: pandemic shock only",36.4518544727773,"Random forest",27.7446668843451,9.39725438998206,8.70718758843221,9.87540906801751,0,-0.478154678035452,-1.16822147958529,26.5764454047598
312,2020,"North East",6169,8.72721367661013,76.1642585572109,22.8940051594709,481.706673213017,6.17733536700299,26.4975195245785,606.634348708881,1,-1.54254638289273,5,27.0646341209234,26.3714740302314,10.1058152339978,0,37.1704493549212,37.1704493549212,26.5503492702851,"Ideal: pandemic shock only",37.1704493549212,"Random forest",26.87558665027,10.6201000846361,10.2948627046512,10.1058152339978,0,0.514284850638308,0.189047470653385,27.0646341209234
313,2020,"North West",3612,8.19201937285433,67.1091814052207,19.8137464043408,829.660192304184,6.72101621009834,29.6458065774682,587.394493478095,1,0.86292561665901,5,30.0113710669225,29.8385024875096,15.9873668646358,0,45.9987379315583,45.9987379315583,28.579615360765,"Ideal: pandemic shock only",45.9987379315583,"Random forest",29.2807793502072,17.4191225707933,16.717958581351,15.9873668646358,0,1.43175570615752,0.730591716715237,30.0113710669225
314,2020,"North East",1555,7.34893704145859,54.0068756393222,24.1447834075972,167.16502398374,5.11898149206789,26.9123990941253,649.79404710647,0,1.60358777505556,5,30.5859629850563,28.5051162008128,10.27244241116,0,40.8584053962163,40.8584053962163,28.8942543894374,"Ideal: pandemic shock only",40.8584053962163,"Random forest",28.5059273263129,11.9641510067789,12.3524780699034,10.27244241116,0,1.69170859561894,2.08003565874337,30.5859629850563
315,2020,"South and Islands",3670,8.20790739624119,67.3697438252708,21.9451848917509,73.7579261598673,4.30078846279921,18.9685340785531,416.267987479324,0,0.485973473731107,5,25.0413000541628,26.2655766023293,1.47441602332684,3,26.5157160774897,29.5157160774897,24.3275195394089,"Ideal: pandemic shock only",26.5157160774897,"Random forest",25.4082756046137,2.18819653808076,1.10744047287598,1.47441602332684,0,0.713780514753922,-0.366975550450866,25.0413000541628
316,2020,"Center",3256,8.0883086040027,65.4207360735841,25.9843153953215,239.995911014281,5.48062188575635,22.3821777748214,581.585566535116,0,-1.0155052463817,5,26.2037734145675,27.131048895345,5.1576754374584,1,31.3614488520259,32.3614488520259,26.7221720933085,"Ideal: pandemic shock only",31.3614488520259,"Random forest",27.295937260013,4.63927675871735,4.06551159201289,5.1576754374584,0,-0.51839867874105,-1.09216384544551,26.2037734145675
317,2020,"North East",3383,8.12642024990576,66.0387060780784,29.8826913541927,142.600836527425,4.96004937421422,23.3935760532075,699.063012868832,0,-1.33923050863797,5,27.3532584358961,27.3651971380593,10.6572946724213,0,38.0105531083173,38.0105531083173,27.6593689789951,"Ideal: pandemic shock only",38.0105531083173,"Random forest",27.9714934973388,10.3511841293222,10.0390596109786,10.6572946724213,0,-0.306110543099052,-0.618235061442679,27.3532584358961
318,2020,"South and Islands",2700,7.90093684277148,62.4248029934638,18.3600551708802,250.721268856432,5.52434183944538,25.1210224540545,461.22335820536,0,0.540479557518327,5,24.9346752720815,24.3227033218562,1.51072594031617,3,26.4454012123977,29.4454012123977,24.3519087920699,"Ideal: pandemic shock only",26.4454012123977,"Random forest",24.2505524285615,2.09349242032775,2.19484878383615,1.51072594031617,0,0.582766480011584,0.684122843519982,24.9346752720815
319,2020,"South and Islands",6986,8.85165652905509,78.3518233083635,21.1823830240492,143.523526417583,4.96649896892266,21.4887919450966,455.183821705139,1,1.16844826005396,5,25.9612297568774,27.9141108958581,1.5669258685377,3,27.5281556254151,30.5281556254151,26.1564879132135,"Ideal: pandemic shock only",27.5281556254151,"Random forest",26.6061886034596,1.37166771220161,0.921967021955556,1.5669258685377,0,-0.195258156336089,-0.644958846582147,25.9612297568774
320,2020,"North West",5639,8.63738987650406,74.6045038787348,22.0737732981458,186.040238662127,5.2259629872089,38.5954404846648,851.94700360057,0,-0.569355165018087,5,29.0717177118997,26.7304432356022,16.8624441964581,0,45.9341619083578,45.9341619083578,26.484040025175,"Ideal: pandemic shock only",45.9341619083578,"Random forest",26.9208894610536,19.4501218831828,19.0132724473043,16.8624441964581,0,2.58767768672468,2.15082825084615,29.0717177118997
321,2020,"Center",8050,8.99340855487985,80.8813974349861,25.0744186893837,245.465948850109,5.50315823639312,19.452498727965,487.760097659697,1,0.687755177533399,5,28.6235426368372,28.1481090930769,4.85250926652528,1,33.4760519033625,34.4760519033625,27.8844689119413,"Ideal: pandemic shock only",33.4760519033625,"Random forest",28.0225691602861,5.59158299142117,5.45348274307638,4.85250926652528,0,0.739073724895883,0.600973476551099,28.6235426368372
322,2020,"South and Islands",1779,7.4837332752499,56.0062637350826,18.0259320139843,112.582560980283,4.72368682786991,28.5337059872381,514.34664423297,0,0.654964352483794,5,24.4774291208743,23.8975503650354,1.71286024038047,3,26.1902893612548,29.1902893612548,23.441193590143,"Ideal: pandemic shock only",26.1902893612548,"Random forest",23.6918145407013,2.74909577111173,2.49847482055343,1.71286024038047,0,1.03623553073126,0.785614580172965,24.4774291208743
323,2020,"North West",3453,8.14712773944224,66.3756904027892,25.4336361378958,68.515190922869,4.22705548597925,35.7800246095936,910.016126925362,0,0.992768987565942,5,29.8359776521361,31.4004778121451,17.0349499975756,0,46.8709276497118,46.8709276497118,29.7508470745027,"Ideal: pandemic shock only",46.8709276497118,"Random forest",30.6610934236154,17.120080575209,16.2098342260963,17.0349499975756,0,0.0851305776333824,-0.82511577147929,29.8359776521361
324,2020,"South and Islands",2813,7.94210471938696,63.0770273737086,22.558753792784,400.518665801868,5.99276037166924,12.810566237682,288.990409702019,0,-1.29571449040782,5,23.584005645874,24.1753336843002,1.11085085357951,3,24.6948564994535,27.6948564994535,23.5495377062449,"Ideal: pandemic shock only",24.6948564994535,"Random forest",24.3004471977523,1.14531879320861,0.394409301701199,1.11085085357951,0,0.0344679396291014,-0.716441551878309,23.584005645874
325,2020,"South and Islands",2675,7.89162337732261,62.2777195295048,20.9173159970449,155.779398503296,5.04844089429097,12.4604314147913,260.638781362694,0,-1.48094728365748,5,21.5815861531454,20.9090418883031,0.905783258445858,3,22.4873694115912,25.4873694115912,21.7860717985353,"Ideal: pandemic shock only",22.4873694115912,"Random forest",22.1438875852088,0.701297613055988,0.343481826382487,0.905783258445858,0,-0.20448564538987,-0.562301432063371,21.5815861531454
326,2020,"South and Islands",3892,8.26666171777793,68.3376959561751,23.3806502571816,240.583841976747,5.48306864408155,18.2691911723804,427.145569283016,1,-0.184813517442624,5,27.0599009553654,25.8318750866225,1.58336321009214,3,28.6432641654575,31.6432641654575,25.566235105407,"Ideal: pandemic shock only",28.6432641654575,"Random forest",25.8183137684794,3.07702906005051,2.82495039697815,1.58336321009214,0,1.49366584995838,1.24158718688601,27.0599009553654
327,2020,"South and Islands",3361,8.11987579902591,65.9323829916066,23.1628378605331,440.300269687093,6.08745692526911,18.5750797865181,430.251561341586,0,0.531672604363002,5,26.522892908596,26.256240803408,1.58081604945044,3,28.1037089580464,31.1037089580464,25.8304398595791,"Ideal: pandemic shock only",28.1037089580464,"Random forest",26.061268207982,2.27326909846737,2.04244075006447,1.58081604945044,0,0.692453049016924,0.461624700614025,26.522892908596
328,2020,"South and Islands",2105,7.6521370568909,58.5552015374429,16.4329317851428,170.534410492284,5.13893709742956,16.9190537119174,278.029655517105,1,1.10557327132136,5,25.7041116907557,23.7762757582673,0.724604555935456,3,26.4287162466911,29.4287162466911,23.7411219664075,"Ideal: pandemic shock only",26.4287162466911,"Random forest",23.4621460648648,2.68759428028358,2.96657018182631,0.724604555935456,0,1.96298972434813,2.24196562589085,25.7041116907557
329,2020,"North East",5520,8.61616358756337,74.2382749676528,16.6476766460324,64.115060338567,4.16067928700971,27.6778582394633,460.772034225308,0,-0.437781121861492,5,22.745387838349,23.2916412097342,9.50134280756152,0,32.2467306459105,32.2467306459105,22.618890675714,"Ideal: pandemic shock only",32.2467306459105,"Random forest",23.4966917217962,9.62783997019648,8.75003892411424,9.50134280756152,0,0.126497162634958,-0.751303883447289,22.745387838349
330,2020,"North West",1511,7.32023682184404,53.5858671278814,23.3880004073538,434.852454963437,6.07500678956068,30.2414243557892,707.286445152157,0,0.884529455283194,5,30.4530497630397,30.0067637929899,16.4222280494497,0,46.8752778124894,46.8752778124894,29.7190806389498,"Ideal: pandemic shock only",46.8752778124894,"Random forest",29.6152490843368,17.1561971735395,17.2600287281526,16.4222280494497,0,0.733969124089839,0.837800678702912,30.4530497630397
331,2020,"North East",924,6.82825409769791,46.6250540227283,23.1880296328432,194.533724991513,5.27060554130018,36.6901703961649,850.772758380338,0,-0.432176033339707,5,27.4497049551759,28.0352390861763,10.8516434870798,0,38.3013484422557,38.3013484422557,26.880480260879,"Ideal: pandemic shock only",38.3013484422557,"Random forest",27.5155684611462,11.4208681813767,10.7857799811095,10.8516434870798,0,0.569224694296901,-0.0658635059703361,27.4497049551759
332,2020,"North West",2350,7.76225177228559,60.2525525763508,25.9605012757695,1151.39801413331,7.04873214749931,35.04646102275,909.823696092309,1,0.0544338639312764,5,32.7649476982582,30.6894933843418,17.0415557116627,0,49.8065034099209,49.8065034099209,30.4925355844707,"Ideal: pandemic shock only",49.8065034099209,"Random forest",31.02167211006,19.3139678254502,18.7848312998609,17.0415557116627,0,2.27241211378752,1.74327558819822,32.7649476982582
333,2020,"Center",3703,8.2168052553462,67.5158886042849,22.8532141441257,134.597448033336,4.90228845739743,27.6889074209136,632.780530707009,0,1.28429863526994,5,28.7917285829299,27.8459349383037,5.18472537505331,1,33.9764539579832,34.9764539579832,27.111530046627,"Ideal: pandemic shock only",33.9764539579832,"Random forest",27.1486268853473,6.86492391135617,6.82782707263587,5.18472537505331,0,1.68019853630286,1.64310169758257,28.7917285829299
334,2020,"South and Islands",2780,7.93016406546452,62.8875021051848,21.203270129923,375.216606078299,5.92750347542318,16.2039654851923,343.57705735848,0,1.05996801840899,5,25.1580674923385,26.5638942016182,1.19928559799052,3,26.357353090329,29.357353090329,25.6446119951443,"Ideal: pandemic shock only",26.357353090329,"Random forest",26.3144601598568,0.712741095184718,0.042892930472135,1.19928559799052,0,-0.486544502805799,-1.15639266751838,25.1580674923385
335,2020,"South and Islands",4507,8.41345554391241,70.7862341893905,20.7938087183886,161.08440305113,5.08192847017095,23.7490764946779,493.833753868712,0,-0.233806026206929,5,24.5838480843662,24.6723639466808,1.68240261338573,3,26.2662506977519,29.2662506977519,24.1025682974348,"Ideal: pandemic shock only",26.2662506977519,"Random forest",24.3642812014113,2.16368240031708,1.90196949634065,1.68240261338573,0,0.48127978693135,0.219566882954916,24.5838480843662
336,2020,"North East",3358,8.11901200392498,65.9183559198779,27.6180602976043,229.289354256515,5.43498476164485,17.6201038165689,486.633089656049,0,0.526265873359883,5,28.8971491601311,30.2773063398057,10.0040421996318,0,38.9011913597629,38.9011913597629,28.4852550240183,"Ideal: pandemic shock only",38.9011913597629,"Random forest",29.5609255520437,10.4159363357446,9.34026580771918,10.0040421996318,0,0.411894136112764,-0.663776391912652,28.8971491601311
337,2020,"Center",3204,8.0720282247303,65.1576396608426,23.6426974157681,15.4416789419043,2.73707027844553,23.6599792974308,559.385731392496,1,-0.712111843762252,5,26.1220459673561,25.3925356617534,4.98954356629019,1,31.1115895336463,32.1115895336463,24.9877222976547,"Ideal: pandemic shock only",31.1115895336463,"Random forest",25.5516622615266,6.12386723599161,5.5599272721197,4.98954356629019,0,1.13432366970142,0.570383705829514,26.1220459673561
338,2020,"South and Islands",4798,8.47604402950152,71.8433223900484,26.6556378535501,222.506636207911,5.40495692681505,17.7955927911796,474.352876830929,1,0.343541965922289,5,29.1052250679765,27.5654512085713,1.91045995900861,3,31.0156850269851,34.0156850269851,26.8249306285767,"Ideal: pandemic shock only",31.0156850269851,"Random forest",27.6503525314075,4.19075439840842,3.3653324955776,1.91045995900861,0,2.28029443939981,1.45487253656899,29.1052250679765
339,2020,"Center",1537,7.3374783402597,53.8385883937803,20.118523725347,338.179411163063,5.82357655691491,22.7812869356169,458.325861708145,1,0.780329637939005,5,28.4677516824108,29.1712065773144,4.54037599501688,1,33.0081276774277,34.0081276774277,26.8676652711389,"Ideal: pandemic shock only",33.0081276774277,"Random forest",27.6028709439391,6.14046240628886,5.40525673348863,4.54037599501688,0,1.60008641127198,0.864880738471746,28.4677516824108
340,2020,"South and Islands",7239,8.88720002403384,78.982324267187,23.092344559882,108.321010031147,4.68509913363256,16.3012017570867,376.432967714799,0,-0.423532537944644,5,24.4792901524535,24.7978055216619,1.41389032431862,3,25.8931804767721,28.8931804767721,24.0135880661077,"Ideal: pandemic shock only",25.8931804767721,"Random forest",24.8634167467151,1.87959241066439,1.029763730057,1.41389032431862,0,0.465702086345774,-0.384126594261621,24.4792901524535
341,2020,"South and Islands",1251,7.13155060321668,50.8590140062402,17.7550464259744,142.273862765524,4.95775381124356,24.313267574594,431.683194554054,0,-0.479715645775146,5,24.2535754112578,24.7660121941361,1.38763213681429,3,25.6412075480721,28.6412075480721,22.5870717171098,"Ideal: pandemic shock only",25.6412075480721,"Random forest",24.3318721037761,3.0541358309623,1.30933544429605,1.38763213681429,0,1.66650369414801,-0.0782966925182471,24.2535754112578
342,2020,"North West",12739,9.45238842436129,89.3476469249993,26.778364648823,51.2254503213831,3.93623648513333,33.8866466155739,907.428979797643,1,-0.819711872839678,5,29.9077929021282,29.4464239087915,17.0503336741962,0,46.9581265763244,46.9581265763244,28.8837674847367,"Ideal: pandemic shock only",46.9581265763244,"Random forest",29.6697862388817,18.0743590915877,17.2883403374427,17.0503336741962,0,1.02402541739146,0.238006663246448,29.9077929021282
343,2020,"North East",2006,7.60399149592991,57.8206866701744,22.4444588941882,216.155535363693,5.37599821968554,32.1472443282863,721.527503887645,0,0.683532832999075,5,28.9722030768823,26.4496543839025,10.4518458810763,0,39.4240489579586,39.4240489579586,27.1491243902857,"Ideal: pandemic shock only",39.4240489579586,"Random forest",27.5566279382816,12.2749245676729,11.867421019677,10.4518458810763,0,1.82307868659659,1.41557513860074,28.9722030768823
344,2020,"South and Islands",5296,8.57468628521017,73.5252448897714,23.5045372247596,61.8199116976533,4.12422550832465,24.1872451892367,568.510004914801,1,2.68533023612385,5,28.6544030283372,28.4167696401541,2.01125455770565,3,30.6656575860428,33.6656575860428,28.4260417842141,"Ideal: pandemic shock only",30.6656575860428,"Random forest",28.4130375682572,2.23961580182879,2.25262001778569,2.01125455770565,0,0.228361244123133,0.241365460080037,28.6544030283372
345,2020,"North East",2254,7.72060903037702,59.6078037999391,20.8752002889888,245.280816932158,5.50240374572852,28.0456750366459,585.459083629878,0,1.99052665952781,5,29.7217868482156,28.3040963224973,9.99211758408952,0,39.7139044323051,39.7139044323051,27.9986199287558,"Ideal: pandemic shock only",39.7139044323051,"Random forest",28.0621743603303,11.7152845035493,11.6517300719749,9.99211758408952,0,1.72316691945978,1.65961248788534,29.7217868482156
346,2020,"North West",4610,8.43594987743267,71.1652503345563,22.7006012523059,665.7256044546,6.50087758031945,25.8192094743414,586.111578926783,0,0.673393526846272,5,30.6561438919894,30.2871155476125,16.0370591006931,0,46.6932029926825,46.6932029926825,28.227496098645,"Ideal: pandemic shock only",46.6932029926825,"Random forest",29.4536077632117,18.4657068940375,17.2395952294708,16.0370591006931,0,2.42864779334446,1.20253612877774,30.6561438919894
347,2020,"North East",889,6.79014028364786,46.1060050716175,17.1408697895766,382.431624268883,5.94654987720575,24.8049236072566,425.177965692379,1,-0.40205383215381,5,24.6718385988058,26.297697233869,9.35448862909691,0,34.0263272279027,34.0263272279027,25.2765550851648,"Ideal: pandemic shock only",34.0263272279027,"Random forest",26.0673764102006,8.74977214273791,7.95895081770215,9.35448862909691,0,-0.604716486359006,-1.39553781139476,24.6718385988058
348,2020,"Center",2024,7.61307424655878,57.9588994836165,23.3414508432654,168.647153726668,5.12780868455924,16.6239020575685,388.025992699993,0,-0.233619976288718,5,26.1299058320399,26.6622343306362,4.46388103652452,1,30.5937868685644,31.5937868685644,26.0817817832372,"Ideal: pandemic shock only",30.5937868685644,"Random forest",26.5412970176861,4.51200508532716,4.05248985087831,4.46388103652452,0,0.048124048802646,-0.411391185646209,26.1299058320399
349,2020,"Center",7125,8.87133336809107,78.700555727806,19.7899821079826,230.65808265034,5.44093645231349,22.3461345849778,442.22960361928,1,-1.78723394108427,5,25.0471123872764,23.7797043583562,4.47377575256206,1,29.5208881398385,30.5208881398385,23.6979488024245,"Ideal: pandemic shock only",29.5208881398385,"Random forest",24.1975507454071,5.82293933741398,5.32333739443133,4.47377575256206,0,1.34916358485192,0.849561641869275,25.0471123872764
350,2020,"North East",6252,8.74073355760197,76.4004231249891,20.4297909266635,278.994675873593,5.63119269874894,27.6021434358248,563.906019521679,1,-2.37387164726525,5,23.8165394151997,25.4308649486511,9.91207534217625,0,33.7286147573759,33.7286147573759,24.6676736724143,"Ideal: pandemic shock only",33.7286147573759,"Random forest",25.6012459630469,9.06094108496167,8.12736879432907,9.91207534217625,0,-0.851134257214584,-1.78470654784718,23.8165394151997
351,2020,"North West",10046,9.21497913728982,84.9158405006867,23.5059647421428,444.975361169894,6.09801891247583,33.4686907032545,786.713863636381,1,-0.494609713983038,5,28.8573780778476,28.1132320711797,16.661112770599,0,45.5184908484466,45.5184908484466,28.6679032247864,"Ideal: pandemic shock only",45.5184908484466,"Random forest",28.9078582127652,16.8505876236603,16.6106326356814,16.661112770599,0,0.189474853061228,-0.050480134917624,28.8573780778476
352,2020,"North East",2478,7.8151708126717,61.0768948312357,21.2295257054597,98.0100322931269,4.58506984376912,22.1183299239027,469.561653681331,0,0.703450719910795,5,27.5042259701691,28.6673306646524,9.61617922200929,0,37.1204051921784,37.1204051921784,26.1134583330451,"Ideal: pandemic shock only",37.1204051921784,"Random forest",27.272415708944,11.0069468591334,9.84798948323445,9.61617922200929,0,1.39076763712407,0.231810261225162,27.5042259701691
353,2020,"North East",3837,8.25245892508116,68.1030783101517,18.4003557574966,142.873317871558,4.96195834861825,34.6312761016544,637.227800606532,1,0.876971645862871,5,27.1612510527669,26.390150000748,10.180876760176,0,37.3421278129428,37.3421278129428,26.3556546460475,"Ideal: pandemic shock only",37.3421278129428,"Random forest",26.633019343314,10.9864731668954,10.7091084696288,10.180876760176,0,0.805596406719395,0.52823170945285,27.1612510527669
354,2020,"South and Islands",4363,8.38100138360456,70.2411841919816,20.7216739429489,376.936121494889,5.932075734086,17.6484859429734,365.706171297012,1,-0.042656645769811,5,24.7680249034238,25.0665948652475,1.24742644946805,3,26.0154513528918,29.0154513528918,24.624797599734,"Ideal: pandemic shock only",26.0154513528918,"Random forest",25.17489964351,1.39065375315779,0.840551709381828,1.24742644946805,0,0.143227303689733,-0.406874740086224,24.7680249034238
355,2020,"South and Islands",1043,6.94997390722039,48.3021373110443,22.1046819142632,274.298571572381,5.6142171903922,22.1500090639312,489.618904756246,0,-0.434772662254064,5,25.4158896687109,24.7793085632282,1.71466394477967,3,27.1305536134905,30.1305536134905,24.7368872569453,"Ideal: pandemic shock only",27.1305536134905,"Random forest",25.1175222228664,2.39366635654521,2.01303139062414,1.71466394477967,0,0.679002411765541,0.298367445844469,25.4158896687109
356,2020,"North West",2580,7.85547675641938,61.7085150706452,25.1972237534622,82.2559301391171,4.40983548600231,26.2630012962098,661.754720098067,1,0.993778044825168,5,30.8431968208966,28.7423945030067,16.3427530033511,0,47.1859498242476,47.1859498242476,29.0008977393153,"Ideal: pandemic shock only",47.1859498242476,"Random forest",29.0950094181981,18.1850520849324,18.0909404060496,16.3427530033511,0,1.8422990815813,1.7481874026985,30.8431968208966
357,2020,"North East",10361,9.24579656304585,85.4847540852305,23.3898677906288,124.063593762994,4.82079428706829,26.2921921022716,614.970897197948,0,0.328187247718869,5,26.5775322533622,27.3605556139019,10.1459872038637,0,36.7235194572259,36.7235194572259,26.9634086505837,"Ideal: pandemic shock only",36.7235194572259,"Random forest",27.1282546718448,9.76011080664219,9.59526478538113,10.1459872038637,0,-0.385876397221523,-0.550722418482579,26.5775322533622
358,2020,"South and Islands",2507,7.82698034990255,61.2616213977606,21.7672204742357,256.164912887675,5.54582142804511,19.2892291594902,419.87290389268,0,0.378006214685051,5,24.2534904245217,26.7386838473794,1.47728859306577,3,25.7307790175875,28.7307790175875,25.2138552563491,"Ideal: pandemic shock only",25.7307790175875,"Random forest",25.7581637787468,0.516923761238413,-0.0273847611593574,1.47728859306577,0,-0.960364831827359,-1.50467335422513,24.2534904245217
359,2020,"Center",877,6.77650163382007,45.920974393166,23.8952486158466,59.8953537257743,4.09259893493052,18.960374309114,453.06285796579,0,-1.3086965139202,5,24.6078808326354,25.0168571305591,4.68835184911664,1,29.296232681752,30.296232681752,23.2134069124036,"Ideal: pandemic shock only",29.296232681752,"Random forest",25.6538862004722,6.08282576934847,3.6423464812798,4.68835184911664,0,1.39447392023184,-1.04600536783684,24.6078808326354
360,2020,"Center",3406,8.13343085696329,66.1526975050027,19.7461155873467,1354.20931059523,7.21097302837515,20.8036914700348,410.792096410806,0,-0.348174101943868,5,25.0529169873238,25.8840737395226,4.3609794172461,1,29.4138964045699,30.4138964045699,24.3749522225935,"Ideal: pandemic shock only",29.4138964045699,"Random forest",26.1000784141052,5.03894418197641,3.31381799046473,4.3609794172461,0,0.677964764730305,-1.04716142678137,25.0529169873238
361,2020,"Center",6692,8.8086991362604,77.5931804731546,20.5148850955915,1068.48867229894,6.97400047320458,24.1284490832891,494.992360478507,0,1.02051551371302,5,26.8837105367273,27.3099111797768,4.67827709608084,1,31.5619876328081,32.5619876328081,27.5544520808885,"Ideal: pandemic shock only",31.5619876328081,"Random forest",27.4280189464515,4.00753555191962,4.1339686863566,4.67827709608084,0,-0.67074154416122,-0.544308409724237,26.8837105367273
362,2020,"Center",5666,8.64221855080299,74.6879414798432,19.621834129268,559.015203644496,6.32617667071815,25.2872834366804,496.182881174329,1,0.80873496727985,5,26.7901706073511,28.9646990252532,4.66115989452264,1,31.4513305018738,32.4513305018738,26.6521497408075,"Ideal: pandemic shock only",31.4513305018738,"Random forest",27.6353136104546,4.79918076106625,3.8160168914192,4.66115989452264,0,0.13802086654361,-0.845143003103444,26.7901706073511
363,2020,"North East",4078,8.31331939619786,69.1112793831995,24.1594442869222,160.211978146651,5.07649780179325,13.3334207257106,322.128035176898,0,0.550117857334236,5,27.4226498872221,27.0516951393697,9.32352662209672,0,36.7461765093188,36.7461765093188,27.3958806869261,"Ideal: pandemic shock only",36.7461765093188,"Random forest",27.1356447084698,9.35029582239274,9.61053180084904,9.32352662209672,0,0.0267692002960249,0.287005178752318,27.4226498872221
364,2020,"South and Islands",1272,7.14831757552151,51.0984441605098,21.3078648691353,164.479074759382,5.10278335700403,22.5346118594373,480.164464379305,0,-1.14361944743648,5,25.3161952553857,22.2237053880826,1.65393626550103,3,26.9701315208867,29.9701315208867,22.8621468821857,"Ideal: pandemic shock only",26.9701315208867,"Random forest",22.8736781231896,4.10798463870104,4.0964533976971,1.65393626550103,0,2.45404837320001,2.44251713219607,25.3161952553857
365,2020,"North East",7467,8.91823624174201,79.5349376635207,23.1931159301962,103.257975775634,4.63723047607936,24.7109749019315,573.124505648665,0,-0.988273395081078,5,23.9476708018729,24.5370140278327,10.0136592951923,0,33.9613300970652,33.9613300970652,25.0973503074381,"Ideal: pandemic shock only",33.9613300970652,"Random forest",25.3283210904313,8.86397978962709,8.63300900663392,10.0136592951923,0,-1.14967950556522,-1.38065028855839,23.9476708018729
366,2020,"Center",6481,8.77662434793373,77.0291349447432,22.3139899289382,289.047077122916,5.66658957146531,25.7716382131703,575.068075540922,0,0.39785715900806,5,27.4377295098933,29.003599582164,4.99120186684066,1,32.428931376734,33.428931376734,27.380430226129,"Ideal: pandemic shock only",32.428931376734,"Random forest",27.8594192513332,5.04850115060501,4.56951212540078,4.99120186684066,0,0.0572992837643485,-0.421689741439873,27.4377295098933
367,2020,"North East",1581,7.36597387335456,54.257571102942,25.9506632591182,63.9194338289299,4.15762344392395,30.0079595088352,778.726452307036,0,-0.522669928779461,5,29.5068819477955,27.1083885913283,10.687778423857,0,40.1946603716525,40.1946603716525,26.7439301916653,"Ideal: pandemic shock only",40.1946603716525,"Random forest",27.2504294808267,13.4507301799873,12.9442308908258,10.687778423857,0,2.76295175613027,2.25645246696881,29.5068819477955
368,2020,"Center",26969,10.2024373604048,104.089728092983,20.3761883554248,241.40645750391,5.48648205852897,26.3645652895621,537.209348249011,0,0.492163966236171,5,26.1550182089923,24.7883194367981,4.8195485891016,1,30.9745667980939,31.9745667980939,25.2998108012432,"Ideal: pandemic shock only",30.9745667980939,"Random forest",25.4150367227918,5.67475599685073,5.5595300753021,4.8195485891016,0,0.855207407749131,0.739981486200492,26.1550182089923
369,2020,"South and Islands",3779,8.23724056651098,67.8521321505742,23.7755829098905,144.023498128832,4.96997646771358,21.8278858379088,518.970709486825,1,-0.651194854478078,5,25.547058171,25.690968608252,1.8759144284771,3,27.4229725994771,30.4229725994771,25.3442534197588,"Ideal: pandemic shock only",27.4229725994771,"Random forest",25.9127040442948,2.0787191797183,1.51026855518229,1.8759144284771,0,0.202804751241196,-0.36564587329481,25.547058171
370,2020,"North East",3772,8.2354664182579,67.8229071262536,24.9165910972049,89.7495211213517,4.49702269165891,26.1811984981383,652.346217412868,1,-2.07889674862361,5,27.6325410598896,26.1014205233638,10.3061572152978,0,37.9386982751873,37.9386982751873,25.8256560392315,"Ideal: pandemic shock only",37.9386982751873,"Random forest",26.7589223090982,12.1130422359558,11.1797759660891,10.3061572152978,0,1.80688502065805,0.873618750791341,27.6325410598896
371,2020,"South and Islands",8040,8.99220866417085,80.8598166599892,14.2349038002986,63.8293035809734,4.15621238868006,19.2791093651534,274.436267168395,0,0.880593853722933,5,21.296890600084,21.2828166801236,0.648025373329119,3,21.9449159734131,24.9449159734131,21.7200443886944,"Ideal: pandemic shock only",21.9449159734131,"Random forest",21.8366230711777,0.224871584718709,0.108292902235384,0.648025373329119,0,-0.42315378861041,-0.539732471093736,21.296890600084
372,2020,"North East",3830,8.25060535200273,68.072488674496,26.9839394493754,56.4248324625797,4.03290935349369,28.9646858412856,781.581328911432,1,0.69151781591167,5,30.3356469510609,31.4686418446694,10.7284096480568,0,41.0640565991177,41.0640565991177,29.711115631786,"Ideal: pandemic shock only",41.0640565991177,"Random forest",31.0200926584405,11.3529409673317,10.0439639406772,10.7284096480568,0,0.624531319274887,-0.684445707379627,30.3356469510609
373,2020,"North West",5230,8.56208813357513,73.3093532071081,25.3559259662714,150.582005576839,5.01450782334536,24.1736873502834,612.946226785575,0,0.619425367706826,5,28.8444104864942,30.2409193468416,16.2139582705452,0,45.0583687570395,45.0583687570395,29.4673719990406,"Ideal: pandemic shock only",45.0583687570395,"Random forest",29.1028569800217,15.5909967579989,15.9555117770178,16.2139582705452,0,-0.622961512546315,-0.258446493527455,28.8444104864942
374,2020,"Center",3255,8.08808443584001,65.4171098412775,22.6955550946518,140.911613121016,4.94813283652323,26.0180662993255,590.494457152645,0,-0.474181480247254,5,26.0863957303394,25.6662635963366,5.05042400110001,1,31.1368197314394,32.1368197314394,25.8369212478362,"Ideal: pandemic shock only",31.1368197314394,"Random forest",26.0492000201479,5.29989848360317,5.08761971129142,5.05042400110001,0,0.249474482503159,0.0371957101914031,26.0863957303394
375,2020,"South and Islands",3435,8.14178212750855,66.2886162118176,20.7444108117972,168.018851676647,5.12407618546892,17.147454359455,355.713837609078,0,0.63088431862177,5,26.4753429775617,24.6986609727131,1.21485529419507,3,27.6901982717568,30.6901982717568,24.559187614495,"Ideal: pandemic shock only",27.6901982717568,"Random forest",24.8010924769449,3.13101065726179,2.8891057948119,1.21485529419507,0,1.91615536306672,1.67425050061682,26.4753429775617
376,2020,"South and Islands",6330,8.75306284794285,76.6161092200374,27.7709222494757,34.4077768449598,3.53828260990355,18.679878342951,518.757449091758,0,-0.584854880356809,5,26.086543626423,27.5292658452569,2.09504123118443,3,28.1815848576075,31.1815848576075,25.2095800372381,"Ideal: pandemic shock only",28.1815848576075,"Random forest",27.0315125668505,2.97200482036937,1.15007229075696,2.09504123118443,0,0.87696358918494,-0.944968940427464,26.086543626423
377,2020,"Center",3976,8.28799393028634,68.6908433884632,26.553968475707,55.8189868898125,4.02211407835215,22.0709246337017,586.070636953021,1,1.09855763747222,5,28.3677482715126,28.9760838174117,5.19854955642242,1,33.566297827935,34.566297827935,29.6743264346787,"Ideal: pandemic shock only",33.566297827935,"Random forest",29.0598117934086,3.89197139325638,4.50648603452645,5.19854955642242,0,-1.30657816316604,-0.692063521895975,28.3677482715126
378,2020,"North West",1317,7.18300275818358,51.5955286240729,25.2798287955719,393.542614612418,5.97518935834051,40.539141837367,1024.82256516804,1,-0.791535162970479,5,30.3095963611767,30.755724569225,17.3511693958641,0,47.6607657570408,47.6607657570408,29.909124109097,"Ideal: pandemic shock only",47.6607657570408,"Random forest",30.7546607154086,17.7516416479439,16.9061050416323,17.3511693958641,0,0.400472252079762,-0.445064354231857,30.3095963611767
379,2020,"North East",3002,8.00712777146878,64.1140951486267,24.1395200912482,144.389024020983,4.97251121263473,26.9092454365055,649.576270854855,0,0.099744235908492,5,28.0295481843501,27.2771689032546,10.2716426903282,0,38.3011908746784,38.3011908746784,26.6530144175219,"Ideal: pandemic shock only",38.3011908746784,"Random forest",26.8485128243206,11.6481764571564,11.4526780503578,10.2716426903282,0,1.37653376682819,1.18103536002953,28.0295481843501
380,2020,"North East",1564,7.35520533796013,54.0990455635573,21.601608429466,145.934615317052,4.98315868110376,28.1746730440818,608.618254726486,0,-2.39968106499012,5,23.7919768824079,24.2388092482982,10.0810523400625,0,33.8730292224704,33.8730292224704,23.7238578462167,"Ideal: pandemic shock only",33.8730292224704,"Random forest",24.3504559004335,10.1491713762537,9.52257332203697,10.0810523400625,0,0.0681190361911632,-0.558479018025555,23.7919768824079
381,2020,"North East",2328,7.75293928844127,60.1080676102562,26.5275183475173,605.763918373901,6.40649033652536,27.7107792566266,735.098205154164,0,0.107736674508563,5,29.9135586998604,30.2003867359295,10.5904298659263,0,40.5039885657867,40.5039885657867,29.796197717842,"Ideal: pandemic shock only",40.5039885657867,"Random forest",30.1701800009026,10.7077908479447,10.3338085648841,10.5904298659263,0,0.11736098201842,-0.256621301042175,29.9135586998604
382,2020,"South and Islands",2477,7.81488839723637,61.0724806612596,23.7820884265415,217.989053333037,5.38444484745968,19.2691467589816,458.260552126106,0,-1.62893177814646,5,23.7659150895479,25.1896011264869,1.69751829978381,3,25.4634333893317,28.4634333893317,24.0549050451398,"Ideal: pandemic shock only",25.4634333893317,"Random forest",25.762675766919,1.40852834419197,-0.299242377587294,1.69751829978381,0,-0.288989955591838,-1.9967606773711,23.7659150895479
383,2020,"Center",5030,8.52316353783351,72.6443166926546,23.1076656304288,704.944881032043,6.55811961682255,26.0408357532838,601.742925323797,1,-0.59742870762175,5,27.6383549979132,27.1622844809869,5.09735002181256,1,32.7357050197258,33.7357050197258,27.1073049823575,"Ideal: pandemic shock only",32.7357050197258,"Random forest",27.3994833237935,5.62840003736826,5.33622169593224,5.09735002181256,0,0.531050015555692,0.238871674119679,27.6383549979132
384,2020,"Center",677,6.51834376107578,42.4888053875555,19.0527667539052,261.779746220714,5.56750348692584,18.9721621349888,361.472179975214,1,-1.0684745119896,5,25.9153812470887,25.4202322099086,4.15650399211432,1,30.0718852392031,31.0718852392031,23.8424473568939,"Ideal: pandemic shock only",30.0718852392031,"Random forest",25.2827547372868,6.2294378823092,4.7891305019163,4.15650399211432,0,2.07293389019488,0.632626509801983,25.9153812470887
385,2020,"North West",3503,8.16142473931583,66.6088537755165,20.8928818417711,64.3355820778641,4.16411285420408,31.8264275492925,664.945790233057,0,0.919580438280522,5,26.5004956529728,26.9315596576947,16.2587152307808,0,42.7592108837536,42.7592108837536,26.9086169411159,"Ideal: pandemic shock only",42.7592108837536,"Random forest",27.0336817246073,15.8505939426377,15.7255291591463,16.2587152307808,0,-0.408121288143168,-0.533186071634521,26.5004956529728
386,2020,"North West",13143,9.48364537349067,89.939529570131,21.8160004546991,122.926799542308,4.81158905254255,25.6426680391186,559.420457601111,1,-0.752057182984034,5,28.5903530754717,27.677966422619,15.9273951124907,0,44.5177481879625,44.5177481879625,26.6157181859348,"Ideal: pandemic shock only",44.5177481879625,"Random forest",27.2942627202983,17.9020300020277,17.2234854676642,15.9273951124907,0,1.97463488953693,1.29609035517348,28.5903530754717
387,2020,"Center",5729,8.65337460098748,74.8808919850153,21.2796008019023,113.51690873972,4.73195180150604,27.3432094158952,581.852581013066,0,0.737746711275487,5,26.718726847611,26.4458867537417,4.98742904705745,1,31.7061558946684,32.7061558946684,25.8364940805742,"Ideal: pandemic shock only",31.7061558946684,"Random forest",26.7532684815766,5.86966181409427,4.9528874130918,4.98742904705745,0,0.882232767036824,-0.0345416339656435,26.718726847611
388,2020,"Center",11201,9.32377359155856,86.9327539866448,16.2274665387201,328.733373137567,5.79524700620557,21.1796662518937,343.692325403865,0,0.0917968386427777,5,23.8547130641455,24.5100412883969,4.0002462566273,1,27.8549593207728,28.8549593207728,23.1017484887493,"Ideal: pandemic shock only",27.8549593207728,"Random forest",23.9548600449269,4.75321083202349,3.9000992758459,4.0002462566273,0,0.752964575396187,-0.100146980781404,23.8547130641455
389,2020,"Center",4440,8.39835580561125,70.5323802376442,24.1301404088138,31.6505507840447,3.45475555077825,15.9086278913773,383.877424730507,0,-0.358119725923537,5,26.6865373671511,24.3814783462021,4.50056769710147,1,31.1871050642526,32.1871050642526,24.2991128231312,"Ideal: pandemic shock only",31.1871050642526,"Random forest",24.7292082025555,6.88799224112137,6.45789686169712,4.50056769710147,0,2.38742454401991,1.95732916459565,26.6865373671511
390,2020,"North East",5657,8.64073174228203,74.6622450420802,30.5100369926964,242.569923908159,5.49129001482684,26.6571367659859,813.310228849596,0,-0.37710889459763,5,30.6174119303003,29.6575668328335,10.9547519425511,0,41.5721638728515,41.5721638728515,29.5059097536505,"Ideal: pandemic shock only",41.5721638728515,"Random forest",29.6655117976416,12.066254119201,11.9066520752098,10.9547519425511,0,1.11150217664984,0.951900132658668,30.6174119303003
391,2020,"South and Islands",9457,9.1545463421211,83.8057187300429,19.1579807527273,70.9487655491926,4.26195800457086,29.2153379652276,559.706882422252,1,-0.866217179396738,5,23.9159929217413,23.6793436381412,1.88509984010146,3,25.8010927618427,28.8010927618427,23.3931107806662,"Ideal: pandemic shock only",25.8010927618427,"Random forest",23.8748675960824,2.40798198117656,1.92622516576036,1.88509984010146,0,0.522882141075097,0.0411253256588959,23.9159929217413
392,2020,"North West",11656,9.36360564977467,87.6771107644921,22.1147210260937,186.287477459224,5.22729105827497,24.1095912799394,533.176885209,0,0.84434826818653,5,29.1319962814359,27.5011864877523,15.8529390022016,0,44.9849352836375,44.9849352836375,27.3087154614995,"Ideal: pandemic shock only",44.9849352836375,"Random forest",27.445333029536,17.676219822138,17.5396022541014,15.8529390022016,0,1.82328081993639,1.68666325189982,29.1319962814359
393,2020,"North West",8561,9.0549356184022,81.9918590534088,22.3798571469766,562.541858524717,6.33246554646496,23.03853206128,515.599056407486,1,0.723268974693434,5,30.2018827517776,29.7503508269944,15.8071298301926,0,46.0090125819702,46.0090125819702,28.4795521037237,"Ideal: pandemic shock only",46.0090125819702,"Random forest",29.6810243659134,17.5294604782465,16.3279882160568,15.8071298301926,0,1.72233064805397,0.520858385864202,30.2018827517776
394,2020,"North West",1580,7.36507117564892,54.2442734223745,25.1720414083213,94.8361976033484,4.55215116764092,32.3053051017451,813.190477729582,0,-1.06719592241769,5,28.8369595564843,29.7354387889113,16.762944211773,0,45.5999037682573,45.5999037682573,28.164834346833,"Ideal: pandemic shock only",45.5999037682573,"Random forest",29.8062652696134,17.4350694214243,15.7936384986439,16.762944211773,0,0.672125209651252,-0.969305713129156,28.8369595564843
395,2020,"North West",6092,8.71475700316637,75.9469896242373,24.3768359325287,197.222389129648,5.28433197086411,33.8524550775024,825.215743337573,0,-0.29036637812125,5,28.4279778514417,28.5342000625931,16.7837721077389,0,45.2117499591806,45.2117499591806,28.2710652178485,"Ideal: pandemic shock only",45.2117499591806,"Random forest",28.2945063818174,16.9406847413321,16.9172435773632,16.7837721077389,0,0.15691263359324,0.133471469624368,28.4279778514417
396,2020,"Center",3921,8.27414672802903,68.4615040769536,30.2249086385966,518.274621658445,6.25050525941736,23.5568492561711,712.003616580965,0,0.381722485057328,5,29.5641407397604,30.8703128464457,5.70636769791314,1,35.2705084376735,36.2705084376735,29.9118182462416,"Ideal: pandemic shock only",35.2705084376735,"Random forest",30.4986331706831,5.3586901914319,4.77187526699041,5.70636769791314,0,-0.347677506481243,-0.93449243092273,29.5641407397604
397,2020,"North West",5989,8.69761199506687,75.648454416731,28.4741150990439,134.700742370033,4.90305559468571,28.7910109623194,819.798559958915,0,-0.695495788751328,5,30.3314487667623,29.7250907200154,16.8801717279927,0,47.211620494755,47.211620494755,29.0641926482404,"Ideal: pandemic shock only",47.211620494755,"Random forest",29.5889068675782,18.1474278465147,17.6227136271769,16.8801717279927,0,1.26725611852197,0.742541899184143,30.3314487667623
398,2020,"Center",697,6.5462110224986,42.8528787510822,23.6430949690452,78.3811975125361,4.36158407094689,19.4765554253605,460.486049591669,0,1.21268978238382,5,26.0444839171352,26.9486154163389,4.69674762610573,1,30.7412315432409,31.7412315432409,26.8907174628828,"Ideal: pandemic shock only",30.7412315432409,"Random forest",26.8850066001598,3.85051408035809,3.85622494308112,4.69674762610573,0,-0.846233545747644,-0.840522683024616,26.0444839171352
399,2020,"South and Islands",6974,8.84996631052828,78.3219036974855,19.5334923135542,224.779177904975,5.41511848875171,20.5621020050951,401.649661467041,0,-0.130405578635591,5,24.5183473329585,23.3275037883031,1.32067959458314,3,25.8390269275416,28.8390269275416,23.816795214284,"Ideal: pandemic shock only",25.8390269275416,"Random forest",23.9089837884782,2.02223171325764,1.93004313906344,1.32067959458314,0,0.701552118674492,0.609363544480295,24.5183473329585
400,2020,"South and Islands",3821,8.24816683945791,68.032256211533,21.6623114916991,240.578894078287,5.48304807765739,18.2246420202523,394.787872267414,1,1.39636184820822,5,25.9315352912875,26.5933387526303,1.39122750524009,3,27.3227627965276,30.3227627965276,26.7594665104386,"Ideal: pandemic shock only",27.3227627965276,"Random forest",26.4648862067877,0.563296286088974,0.857876589739835,1.39122750524009,0,-0.827931219151116,-0.533350915500256,25.9315352912875
401,2020,"Center",14964,9.61341426772589,92.4177338829157,18.824283630103,444.944014012165,6.09794846304273,24.5682074587249,462.478905486249,0,-0.370961576330197,5,24.6462759899099,24.0014377312884,4.5230940211576,1,29.1693700110675,30.1693700110675,23.9055551889571,"Ideal: pandemic shock only",29.1693700110675,"Random forest",23.9097497695923,5.26381482211045,5.25962024147519,4.5230940211576,0,0.740720800952849,0.736526220317591,24.6462759899099
402,2020,"North West",1470,7.29274386929706,53.1841131431699,26.623370348126,481.606649994265,6.17712770202691,27.8068791783593,740.312842591053,0,0.252605101108832,5,29.9205295574248,29.1154357648326,16.6077005805145,0,46.5282301379393,46.5282301379393,30.5081633038565,"Ideal: pandemic shock only",46.5282301379393,"Random forest",29.8671577284174,16.0200668340828,16.6610724095219,16.6077005805145,0,-0.587633746431703,0.0533718290073786,29.9205295574248
403,2020,"South and Islands",1024,6.93170191746356,48.048491472568,14.710533577655,177.701368956632,5.18010443888238,22.0974720276065,325.065604243397,0,0.35975053780936,5,24.2718787869369,23.8008829037833,0.897630035210034,3,25.1695088221469,28.1695088221469,22.1927909443511,"Ideal: pandemic shock only",25.1695088221469,"Random forest",23.2238176747891,2.97671787779582,1.94569114735777,0.897630035210034,0,2.07908784258578,1.04806111214773,24.2718787869369
404,2020,"South and Islands",1689,7.43212385075058,55.2364649328956,24.6857657939484,151.044311688493,5.01757324865614,20.065353220648,495.328610177763,0,-1.64788182375074,5,23.6654749809915,24.2757855450856,1.85265726251521,3,25.5181322435067,28.5181322435067,24.5005383714511,"Ideal: pandemic shock only",25.5181322435067,"Random forest",24.7646248414556,1.01759387205554,0.753507402051056,1.85265726251521,0,-0.83506339045967,-1.09914986046415,23.6654749809915
405,2020,"North East",15839,9.67021848280206,93.5131255051265,25.2280990632841,819.293344075404,6.7084421931985,28.6295710008113,722.269653347794,1,0.926003707815791,5,31.7277404158929,29.9053844526986,10.5118091667536,0,42.2395495826465,42.2395495826465,30.0808627315973,"Ideal: pandemic shock only",42.2395495826465,"Random forest",29.956297603145,12.1586868510492,12.2832519795015,10.5118091667536,0,1.64687768429564,1.77144281274794,31.7277404158929
406,2020,"Center",4545,8.42184867855487,70.9275351644765,27.3281422414047,788.287371637143,6.66986270819524,26.8108558737364,732.690882931269,1,-0.35182526666767,5,30.3430476707333,30.7934490119138,5.6155038574516,1,35.9585515281849,36.9585515281849,29.4373887506316,"Ideal: pandemic shock only",35.9585515281849,"Random forest",29.9971199840699,6.52116277755329,5.96143154411502,5.6155038574516,0,0.905658920101694,0.345927686663427,30.3430476707333
407,2020,"North East",2515,7.83017025853349,61.3115662776225,27.9890368217639,52.8191630057499,3.96687406058194,23.5271827357897,658.503183904387,0,-0.0431069719422062,5,28.2265514917739,28.8283012943959,10.4583451416348,0,38.6848966334087,38.6848966334087,28.0356674213112,"Ideal: pandemic shock only",38.6848966334087,"Random forest",28.0966623526615,10.6492292120975,10.5882342807472,10.4583451416348,0,0.190884070462685,0.129889139112338,28.2265514917739
408,2020,"Center",5877,8.67888541905753,75.3230521171294,24.3530752704614,220.358195585807,5.39525438408763,26.2663906967953,639.667389722402,0,0.4886531880285,5,28.9993079493326,27.1976754128122,5.25013392826195,1,34.2494418775945,35.2494418775945,27.7008930291007,"Ideal: pandemic shock only",34.2494418775945,"Random forest",27.5461646384395,6.54854884849377,6.70327723915502,5.25013392826195,0,1.29841492023182,1.45314331089307,28.9993079493326
409,2020,"South and Islands",1813,7.50282587134199,56.2923960556787,27.1869451557508,255.097801101701,5.54164700536033,22.2351432029691,604.505618789386,1,0.413418835246598,5,29.5909878601409,28.5856976494041,2.27967229107596,3,31.8706601512169,34.8706601512169,27.9820577067033,"Ideal: pandemic shock only",31.8706601512169,"Random forest",28.6860451511289,3.88860244451358,3.18461500008804,2.27967229107596,0,1.60893015343762,0.904942709012087,29.5909878601409
410,2020,"North East",8844,9.08747434409503,82.5821899545855,22.509607721142,150.753709072432,5.01564743943352,28.3377789115038,637.872286986402,0,1.33641119813844,5,28.9545135571749,27.6485123784727,10.1923496728664,0,39.1468632300413,39.1468632300413,27.7107447015679,"Ideal: pandemic shock only",39.1468632300413,"Random forest",27.4646594047632,11.4361185284734,11.6822038252781,10.1923496728664,0,1.24376885560703,1.4898541524117,28.9545135571749
411,2020,"South and Islands",4170,8.33558770268484,69.4820223491507,14.0657367890644,79.7203671210793,4.37852510046544,12.5046645037003,175.887319544605,0,-0.650538296224929,5,19.4746187467115,21.1071142575957,0.155205861791637,3,19.6298246085032,22.6298246085032,19.2815840670647,"Ideal: pandemic shock only",19.6298246085032,"Random forest",20.7319753838989,0.34824054143844,-1.10215077539575,0.155205861791637,0,0.193034679646802,-1.25735663718739,19.4746187467115
412,2020,"North West",5427,8.5991886108246,73.9460447645355,22.7439432913155,88.7339118008664,4.48564213643994,27.2708705196911,620.247132604661,0,-0.259631291108157,5,27.5888300482003,26.6015482382361,16.1434429981586,0,43.732273046359,43.732273046359,26.3005601287139,"Ideal: pandemic shock only",43.732273046359,"Random forest",26.8611563920478,17.431712917645,16.8711166543111,16.1434429981586,0,1.28826991948643,0.727673656152511,27.5888300482003
413,2020,"North West",3176,8.06340630182084,65.018521188244,20.1475521302932,399.798805264615,5.9909614337292,28.8586608901513,581.431374694778,1,1.87544034727868,5,29.8493155908747,29.226200015333,15.9689852963784,0,45.8183008872531,45.8183008872531,29.7871549604746,"Ideal: pandemic shock only",45.8183008872531,"Random forest",29.5052563180492,16.0311459267785,16.3130445692039,15.9689852963784,0,0.0621606304001006,0.34405927282549,29.8493155908747
414,2020,"North West",4266,8.35840640063085,69.8629575581067,24.8197466547286,109.630853922935,4.69711884879171,23.1766521564908,575.23863482887,0,-1.05925631333247,5,28.7766307264206,28.1204709418071,16.08518608271,0,44.8618168091306,44.8618168091306,26.4285515278872,"Ideal: pandemic shock only",44.8618168091306,"Random forest",27.9302061963395,18.4332652812434,16.9316106127912,16.08518608271,0,2.34807919853334,0.846424530081119,28.7766307264206
415,2020,"South and Islands",3078,8.03192606767672,64.5118363566248,18.5071492040339,116.98171669124,4.76201765499046,22.4922607683956,416.267625976735,0,2.52881155987472,5,26.0947026643392,27.1384662622169,1.34289296596695,3,27.4375956303062,30.4375956303062,25.4653366852195,"Ideal: pandemic shock only",27.4375956303062,"Random forest",25.835876412671,1.97225894508665,1.6017192176352,1.34289296596695,0,0.629365979119697,0.258826251668246,26.0947026643392
416,2020,"North West",645,6.46956930113256,41.8553269421569,26.3085039673621,210.768099969334,5.35075847679719,27.4045754174093,720.973381092786,1,0.37309369946631,5,31.4789798505918,28.048065115304,16.544904015364,0,48.0238838659558,48.0238838659558,30.0800675012369,"Ideal: pandemic shock only",48.0238838659558,"Random forest",29.0808497645239,17.9438163647189,18.9430341014319,16.544904015364,0,1.39891234935493,2.39813008606792,31.4789798505918
417,2020,"South and Islands",1574,7.36151818747523,54.1919500245286,20.9056972433782,40.1361978445346,3.69227861652337,20.5774938038607,430.186855491002,0,0.149565714053333,5,25.533972798942,24.450631061408,1.47269956277738,3,27.0066723617194,30.0066723617194,23.9599678665296,"Ideal: pandemic shock only",27.0066723617194,"Random forest",24.1755006607736,3.04670449518976,2.83117170094575,1.47269956277738,0,1.57400493241238,1.35847213816837,25.533972798942
418,2020,"South and Islands",2267,7.72636519354877,59.6967191040819,23.8774615736087,121.727169751898,4.8017822269409,16.9134286300549,403.849742192109,0,0.821312092716945,5,26.7809048095325,26.924818802498,1.54310907693633,3,28.3240138864688,31.3240138864688,25.7215705013664,"Ideal: pandemic shock only",28.3240138864688,"Random forest",26.5614612924883,2.60244338510248,1.76255259398057,1.54310907693633,0,1.05933430816615,0.219443517044235,26.7809048095325
419,2020,"South and Islands",14242,9.56393913945738,91.4689318632448,21.4404004859046,59.7495681140106,4.0901619625681,18.1580181170243,389.315180459314,1,-0.10548020929013,5,25.9381441346367,25.4216228355304,1.36215362137674,3,27.3002977560135,30.3002977560135,24.37661336057,"Ideal: pandemic shock only",27.3002977560135,"Random forest",25.1273905626305,2.92368439544346,2.17290719338301,1.36215362137674,0,1.56153077406671,0.810753572006265,25.9381441346367
420,2020,"North East",11613,9.35990167901303,87.6077594407909,23.2962801048151,101.722873794839,4.62225219216859,23.3618585544882,544.244400654427,0,0.357282827203608,5,27.0930642712454,25.5536717869157,9.93056921007936,0,37.0236334813247,37.0236334813247,26.6311697992555,"Ideal: pandemic shock only",37.0236334813247,"Random forest",25.7248581781822,10.3924636820692,11.2987753031426,9.93056921007936,0,0.461894471989842,1.36820609306323,27.0930642712454
421,2020,"North West",8353,9.03043123539963,81.5486882972813,23.5327972363559,101.453985621879,4.61960535206374,22.8936946601478,538.752674428302,1,-0.9695887814575,5,27.7163851715325,26.519565909189,15.923814621945,0,43.6401997934775,43.6401997934775,27.1381039559952,"Ideal: pandemic shock only",43.6401997934775,"Random forest",27.1727064640265,16.5020958374823,16.467493329451,15.923814621945,0,0.578281215537281,0.543678707505986,27.7163851715325
422,2020,"South and Islands",1370,7.22244096110401,52.163653436633,18.5997163842831,169.578769663339,5.13331753665045,23.3786981886793,434.837155743188,0,-0.890040669895691,5,22.0617613878184,21.7480626201911,1.41512597521422,3,23.4768873630327,26.4768873630327,22.0689393328806,"Ideal: pandemic shock only",23.4768873630327,"Random forest",22.3753108911321,1.40794803015202,1.10157647190055,1.41512597521422,0,-0.00717794506220293,-0.313549503313677,22.0617613878184
423,2020,"South and Islands",2141,7.66883919693245,58.8110946284076,23.7415594567019,195.527399083482,5.27570051837011,18.8921368368347,448.528789975858,1,1.68699379513545,5,27.3599812244825,27.570689441197,1.66666941855116,3,29.0266506430336,32.0266506430336,26.7432478899755,"Ideal: pandemic shock only",29.0266506430336,"Random forest",27.5396962381898,2.28340275305809,1.48695440484386,1.66666941855116,0,0.616733334506928,-0.179715013707299,27.3599812244825
424,2020,"South and Islands",12370,9.42300802030649,88.7930801507605,24.8178142030073,326.276925634913,5.78774648591316,20.9873509108323,520.860175518351,0,-0.453556905975201,5,25.6798703625814,26.3865179049903,1.93172242582459,3,27.6115927884059,30.6115927884059,25.6133400418221,"Ideal: pandemic shock only",27.6115927884059,"Random forest",26.4102333246997,1.99825274658384,1.2013594637062,1.93172242582459,0,0.0665303207592491,-0.730362962118388,25.6798703625814
425,2020,"South and Islands",2071,7.63587170855327,58.3065367494842,20.8181091621892,63.0298979862601,4.14360918502871,18.0479548424755,375.724294064916,1,-0.656714370026694,5,25.2079697554395,25.8947173804041,1.28599714654963,3,26.4939669019891,29.4939669019891,23.9957014764729,"Ideal: pandemic shock only",26.4939669019891,"Random forest",25.2625670489084,2.49826542551616,1.23139985308068,1.28599714654963,0,1.21226827896654,-0.0545972934689416,25.2079697554395
426,2020,"Center",5971,8.69460160835325,75.596097127979,25.0299528327418,220.442357832421,5.39563624498587,25.3170206149984,633.683831858962,1,-1.0528080511745,5,27.8667284439878,28.4590972341152,5.25813455438702,1,33.1248629983748,34.1248629983748,26.5645380011115,"Ideal: pandemic shock only",33.1248629983748,"Random forest",27.7599042258335,6.56032499726334,5.36495877254134,5.25813455438702,0,1.30219044287632,0.106824218154316,27.8667284439878
427,2020,"North West",2106,7.65239663102969,58.5591741985945,25.5918082298285,261.203624474663,5.56530027354897,28.6642720708446,733.570553884685,1,1.82376057166056,5,31.7065129873014,31.8502384183257,16.5542462499758,0,48.2607592372772,48.2607592372772,31.108060517916,"Ideal: pandemic shock only",48.2607592372772,"Random forest",31.305063841229,17.1526987193612,16.9556953960482,16.5542462499758,0,0.5984524693854,0.401449146072405,31.7065129873014
428,2020,"North West",4599,8.43368197130157,71.1269915930572,27.2662503401941,690.458473068631,6.53735583066232,35.5157313145119,968.380821036553,0,-1.24844578351416,5,31.9044016232516,30.7783348403,17.2180370291727,0,49.1224386524243,49.1224386524243,29.6119548591379,"Ideal: pandemic shock only",49.1224386524243,"Random forest",30.9299657348823,19.5104837932865,18.1924729175421,17.2180370291727,0,2.29244676411374,0.974435888369342,31.9044016232516
429,2020,"North East",1820,7.50682201986049,56.3523768378624,22.2868131428807,198.524426513166,5.29091214803849,34.7913342334078,775.387965051467,0,0.361109684112993,5,28.4827120938087,28.5928452177786,10.619591141791,0,39.1023032355996,39.1023032355996,27.4066762136388,"Ideal: pandemic shock only",39.1023032355996,"Random forest",27.4954689572428,11.6956270219608,11.6068342783568,10.619591141791,0,1.07603588016984,0.987243136565867,28.4827120938087
430,2020,"North West",5036,8.52445011794966,72.666249813412,23.5070796365534,140.309272932197,4.94384907852517,32.1127745044433,754.877547626632,1,-0.651418522490696,5,28.2121116607949,28.7508273098744,16.5663212750674,0,44.7784329358624,44.7784329358624,27.8696870057073,"Ideal: pandemic shock only",44.7784329358624,"Random forest",28.5415467107761,16.9087459301551,16.2368862250862,16.5663212750674,0,0.342424655087665,-0.329435049981218,28.2121116607949
431,2020,"South and Islands",3037,8.01877487821739,64.3007505475302,26.3265505255482,123.245829368894,4.81418097355832,20.7537086630648,546.373559710683,0,1.6356036895722,5,27.2577422707385,28.5532541616834,2.08132846396037,3,29.3390707346988,32.3390707346989,27.52881862604,"Ideal: pandemic shock only",29.3390707346988,"Random forest",27.769487114543,1.81025210865887,1.56958362015589,2.08132846396037,0,-0.271076355301503,-0.511744843804479,27.2577422707385
432,2020,"Center",10427,9.2521442280374,85.6021728164057,28.822013735249,249.843815752971,5.52083598564466,27.1384168447288,782.183823051685,0,-1.12264418270175,5,27.7765206851226,27.9659529774275,5.80275898974393,1,33.5792796748665,34.5792796748665,27.8166160295149,"Ideal: pandemic shock only",33.5792796748665,"Random forest",28.1837772302876,5.76266364535158,5.39550244457891,5.80275898974393,0,-0.0400953443923582,-0.407256545165022,27.7765206851226
433,2020,"Center",4862,8.48924503064052,72.0672811902548,25.7880231183051,194.232780949335,5.2690573415572,18.3602970672511,473.475765229222,0,-0.935693139782908,5,26.3262175122758,25.9638062708426,4.85455163745667,1,31.1807691497324,32.1807691497324,25.5944670568633,"Ideal: pandemic shock only",31.1807691497324,"Random forest",26.1832892977943,5.58630209286914,4.99747985193815,4.85455163745667,0,0.731750455412463,0.142928214481476,26.3262175122758
434,2020,"South and Islands",3760,8.2322185148604,67.7694216764104,19.0353329506622,369.329246919712,5.9116885142811,25.1794894766405,479.299965715547,1,-1.54899032194812,5,22.5090014499537,23.3821454728738,1.58909918767321,3,24.0981006376269,27.0981006376269,22.9898565081295,"Ideal: pandemic shock only",24.0981006376269,"Random forest",23.8509144595163,1.10824412949738,0.24718617811055,1.58909918767321,0,-0.480855058175832,-1.34191300956266,22.5090014499537
435,2020,"North West",1623,7.3918767133459,54.6398413453054,23.3908216621353,80.6665064650414,4.39032345151604,29.7208933970967,695.196117090824,0,-1.77895460755173,5,24.823266238887,26.8757417893125,16.3861012203672,0,41.2093674592541,41.2093674592541,25.7035521275512,"Ideal: pandemic shock only",41.2093674592541,"Random forest",27.0358786341462,15.5058153317029,14.1734888251079,16.3861012203672,0,-0.880285888664254,-2.21261239525926,24.823266238887
436,2020,"North West",5488,8.61028603502996,74.1370256050319,25.2539301362667,100.476204594558,4.60992092926124,34.6573967759776,875.235476885412,1,0.37271886764261,5,30.0323953281712,30.4853661883549,16.9365983890433,0,46.9689937172145,46.9689937172145,30.2524662349333,"Ideal: pandemic shock only",46.9689937172145,"Random forest",30.3513544774773,16.7165274822811,16.6176392397372,16.9365983890433,0,-0.220070906762153,-0.318959149306078,30.0323953281712
437,2020,"North East",2141,7.66900177868013,58.813588281399,21.1372534677056,554.696686766938,6.31842145402539,28.7773089554426,608.273273509664,0,1.62421103314335,5,28.5364626545849,29.6396631551162,10.0721578080641,0,38.608620462649,38.608620462649,28.4504655636657,"Ideal: pandemic shock only",38.608620462649,"Random forest",29.0982935631118,10.1581548989833,9.51032689953721,10.0721578080641,0,0.0859970909191503,-0.561830908526918,28.5364626545849
438,2020,"Center",6811,8.82635956196085,77.9046231170178,25.452646998653,53.7116105829026,3.98362919011649,26.8786170717664,684.131952139639,1,-0.146064888274242,5,28.193461504156,26.9925256074272,5.41394266461101,1,33.607404168767,34.607404168767,26.853850922026,"Ideal: pandemic shock only",33.607404168767,"Random forest",27.2262465213611,6.753553246741,6.38115764740585,5.41394266461101,0,1.33961058212999,0.96721498279484,28.193461504156
439,2020,"South and Islands",2787,7.93274389340729,62.9284256783907,20.5204991812942,171.659357565495,5.14551203380081,22.6575615434006,464.944473101473,1,0.248552081243402,5,24.9234475383065,25.0168226186067,1.57593251771593,3,26.4993800560224,29.4993800560224,24.8778617198057,"Ideal: pandemic shock only",26.4993800560224,"Random forest",25.3035718541276,1.62151833621668,1.19580820189483,1.57593251771593,0,0.0455858185007538,-0.380124315821093,24.9234475383065
440,2020,"North East",11837,9.37901796382636,87.9659779657775,21.9422459975171,138.17792223253,4.92854214627464,27.2967553604919,598.952121053957,0,-1.64457986054076,5,24.8993988561733,24.8287969546989,10.0570682346968,0,34.9564670908701,34.9564670908701,24.9189396201674,"Ideal: pandemic shock only",34.9564670908701,"Random forest",25.2733541301392,10.0375274707027,9.68311296073095,10.0570682346968,0,-0.0195407639941312,-0.373955273965896,24.8993988561733
441,2020,"North West",7213,8.88366828345652,78.9195621704913,26.0699065762168,201.597907951784,5.30627515892008,30.4584957174754,794.050137806683,0,0.160025155570591,5,29.31824660918,28.5183190446661,16.7324327233427,0,46.0506793325226,46.0506793325226,28.3179336228601,"Ideal: pandemic shock only",46.0506793325226,"Random forest",28.718595166086,17.7327457096625,17.3320841664366,16.7324327233427,0,1.00031298631983,0.599651443093929,29.31824660918
442,2020,"South and Islands",5029,8.5230636780876,72.6426144607362,22.1440817696994,273.549652611114,5.61148315058073,17.7831840739762,393.792282259746,0,-1.19571703746125,5,24.1153857445475,23.1834788086128,1.4133201795808,3,25.5287059241283,28.5287059241283,22.6846319710369,"Ideal: pandemic shock only",25.5287059241283,"Random forest",23.5506840590247,2.84407395309141,1.97802186510361,1.4133201795808,0,1.43075377351061,0.56470168552281,24.1153857445475
443,2020,"South and Islands",2052,7.62633539095268,58.1609914952974,27.6609465053855,176.914750661152,5.17566798186783,25.4076753585425,702.800348918847,0,1.06655325214401,5,29.3213904144494,29.2636776765716,2.55388969042592,3,31.8752801048753,34.8752801048753,28.3986321884914,"Ideal: pandemic shock only",31.8752801048753,"Random forest",28.4901030118886,3.47664791638393,3.38517709298671,2.55388969042592,0,0.922758225958009,0.831287402560796,29.3213904144494
444,2020,"Center",6037,8.70566074386703,75.7885289873075,21.2642225523177,158.122634177061,5.06337089764376,13.7741603483765,292.896811119188,1,0.212003178463817,5,27.1979409475383,25.5631808054535,4.03590400487683,1,31.2338449524151,32.2338449524151,25.4601701414189,"Ideal: pandemic shock only",31.2338449524151,"Random forest",25.5651332225702,5.77367481099615,5.66871172984491,4.03590400487683,0,1.73777080611932,1.63280772496808,27.1979409475383
445,2020,"South and Islands",5312,8.57768217457964,73.5766314881012,23.515627263651,119.1285472172,4.78020313880029,12,282.187527163812,0,-0.733624275668149,5,24.164034688681,24.2237913630151,1.15936729873714,3,25.3234019874181,28.3234019874181,23.037486135138,"Ideal: pandemic shock only",25.3234019874181,"Random forest",24.1710034656563,2.28591585228009,1.15239852176181,1.15936729873714,0,1.12654855354295,-0.00696877697532816,24.164034688681
446,2020,"North West",8551,9.05379546882445,81.9712123913061,28.2142643730285,313.783229953576,5.74870239704032,29.4487892031571,830.875924043463,1,-0.593987907845405,5,29.9850807162008,31.9468957068912,16.8976326249897,0,46.8827133411905,46.8827133411905,30.123815884862,"Ideal: pandemic shock only",46.8827133411905,"Random forest",30.4367478233995,16.7588974563285,16.445965517791,16.8976326249897,0,-0.138735168661153,-0.451667107198684,29.9850807162008
447,2020,"North East",2316,7.74771976167698,60.02716150548,24.5406201472107,69.8745858286122,4.24670200413909,28.7050633655515,704.440056355614,0,-1.14805574443567,5,27.8653391416962,26.5954259564892,10.4414709515173,0,38.3068100932136,38.3068100932136,25.768663384865,"Ideal: pandemic shock only",38.3068100932136,"Random forest",26.4157667038761,12.5381467083485,11.8910433893375,10.4414709515173,0,2.0966757568312,1.44957243782017,27.8653391416962
448,2020,"Center",4428,8.39572396254622,70.4881808552728,21.7414744745701,231.488178986799,5.44452880953053,26.8898782570699,584.625601750381,1,-0.649168680535258,5,26.3538580066024,28.2164144108298,5.00650196993313,1,31.3603599765356,32.3603599765356,26.0863721214276,"Ideal: pandemic shock only",31.3603599765356,"Random forest",27.4630684424515,5.27398785510793,3.89729153408404,5.00650196993313,0,0.267485885174803,-1.10921043584909,26.3538580066024
449,2020,"South and Islands",3267,8.09166078471034,65.4749742548191,20.5612638986266,34.5713932016279,3.54302655400744,21.619678116647,444.527907159743,1,-0.675608043926399,5,24.0450052486604,24.8414097702272,1.50776479674975,3,25.5527700454102,28.5527700454102,24.0502569414982,"Ideal: pandemic shock only",25.5527700454102,"Random forest",24.7660345811054,1.50251310391199,0.786735464304737,1.50776479674975,0,-0.0052516928377655,-0.721029332445015,24.0450052486604
450,2020,"North East",1458,7.28481438788921,53.0685206659977,22.4407553837674,251.867789303533,5.52890430421585,38.6798046776495,868.004035063036,0,-0.711758674296524,5,27.5738062812137,27.8318814574047,10.9087177193854,0,38.4825240005991,38.4825240005991,27.496454387587,"Ideal: pandemic shock only",38.4825240005991,"Random forest",27.5542303797567,10.9860696130121,10.9282936208424,10.9087177193854,0,0.0773518936267301,0.0195759014570349,27.5738062812137
451,2020,"North West",2034,7.61784455340241,58.0315556398027,28.0872999950353,94.2298664915822,4.54573718538207,30.7944706451481,864.933535198581,1,-0.79059262173271,5,31.2584026970658,30.724567262582,16.9778642443498,0,48.2362669414156,48.2362669414156,30.3220442390852,"Ideal: pandemic shock only",48.2362669414156,"Random forest",30.5272123563413,17.9142227023304,17.7090545850742,16.9778642443498,0,0.936358457980599,0.73119034072446,31.2584026970658
452,2020,"Center",1270,7.14670141551296,51.0753411224949,21.8968912102311,154.057531578376,5.03732611432713,24.473177406437,535.886503237436,0,1.41350455725987,5,27.7933973616903,27.1562379374206,4.85442875131154,1,32.6478261130018,33.6478261130018,26.7157033724679,"Ideal: pandemic shock only",32.6478261130018,"Random forest",27.2169798852858,5.93212274053395,5.43084622771599,4.85442875131154,0,1.07769398922241,0.576417476404448,27.7933973616903
453,2020,"South and Islands",13538,9.51326230656766,90.502159713561,20.9317915447319,264.672449540997,5.57849302199145,25.8059099592146,540.163927888401,0,0.117885901684717,5,25.1624441824229,24.6774286721095,1.84155906680106,3,27.004003249224,30.004003249224,24.4042764283676,"Ideal: pandemic shock only",27.004003249224,"Random forest",25.1196281063845,2.59972682085639,1.88437514283946,1.84155906680106,0,0.758167754055326,0.042816076038396,25.1624441824229
454,2020,"North West",9696,9.17943964188566,84.2621121390219,21.9583240170519,128.251157466074,4.85399050908675,30.0593883650709,660.053789474627,1,0.4241378216516,5,29.1685528598103,29.2718346849204,16.2522211271662,0,45.4207739869765,45.4207739869765,27.9642505514281,"Ideal: pandemic shock only",45.4207739869765,"Random forest",29.040248041295,17.4565234355484,16.3805259456815,16.2522211271662,0,1.20430230838223,0.128304818515314,29.1685528598103
455,2020,"North East",4626,8.43951955113714,71.225490254026,24.8694253409964,200.659306903263,5.3016084794063,30.9391896336004,769.439866703755,0,-0.0291489297537219,5,28.2229890887037,26.7673359744881,10.6340283615972,0,38.8570174503008,38.8570174503008,27.7942149885488,"Ideal: pandemic shock only",38.8570174503008,"Random forest",27.7217100165489,11.062802461752,11.135307433752,10.6340283615972,0,0.42877410015484,0.501279072154787,28.2229890887037
456,2020,"South and Islands",3773,8.23549574759547,67.8233902086631,18.8711279431003,314.627232782539,5.75138855007722,21.9132677287626,413.52807896089,0,-0.128701223521185,5,23.0101863233364,24.1887971695709,1.34240111448995,3,24.3525874378264,27.3525874378264,23.5703285647681,"Ideal: pandemic shock only",24.3525874378264,"Random forest",24.1712540391216,0.78225887305825,0.181333398704755,1.34240111448995,0,-0.560142241431698,-1.16106771578519,23.0101863233364
457,2020,"North East",2554,7.84550640535975,61.5519707565409,23.9942886370876,149.412888229977,5.00671353557755,27.8687422034818,668.690644382927,0,-0.303832228636612,5,27.6001817627097,26.4961089702296,10.3228320040589,0,37.9230137667686,37.9230137667686,27.346295797066,"Ideal: pandemic shock only",37.9230137667686,"Random forest",27.2310692582341,10.5767179697026,10.6919445085344,10.3228320040589,0,0.253885965643713,0.369112504475551,27.6001817627097
458,2020,"North West",2302,7.74145564635658,59.9301355245062,21.8768165130411,114.591172961852,4.74137077654839,31.3300647894922,685.402078741409,0,-0.259317209286426,5,28.770687656705,26.9027670094277,16.3322026514345,0,45.1028903081395,45.1028903081395,26.2588883771551,"Ideal: pandemic shock only",45.1028903081395,"Random forest",27.076541284592,18.8440019309845,18.0263490235475,16.3322026514345,0,2.51179927954997,1.694146372113,28.770687656705
459,2020,"North East",2547,7.84262987105816,61.5068432944137,19.1123864206626,349.673167021557,5.85699890970284,37.5051195597917,716.812337779889,0,1.45878663165002,5,28.336218399498,27.8747645798753,10.4603691751938,0,38.7965875746918,38.7965875746918,27.1586386537408,"Ideal: pandemic shock only",38.7965875746918,"Random forest",27.5942612380032,11.637948920951,11.2023263366887,10.4603691751938,0,1.17757974575716,0.741957161494829,28.336218399498
460,2020,"North East",1649,7.40813565227635,54.880473842528,26.6719339955594,66.3273816273174,4.19460280781963,21.5548598500865,574.909799205041,0,-0.610474935133458,5,27.0085299192928,27.4746436164101,10.1754012287531,0,37.1839311480459,37.1839311480459,26.7382332902569,"Ideal: pandemic shock only",37.1839311480459,"Random forest",27.0805854012618,10.445697857789,10.1033457467841,10.1754012287531,0,0.270296629035901,-0.07205548196902,27.0085299192928
461,2020,"North East",1986,7.59392058297557,57.6676298205401,27.6108241146509,171.616732377718,5.14526369032892,24.3127504638458,671.295076800642,0,-1.36186473673944,5,28.7533467557613,26.6852836264243,10.4717314848163,0,39.2250782405777,39.2250782405777,27.2067885000364,"Ideal: pandemic shock only",39.2250782405777,"Random forest",27.4293767498775,12.0182897405413,11.7957014907002,10.4717314848163,0,1.54655825572496,1.32397000588388,28.7533467557613
462,2020,"South and Islands",2336,7.75633785492186,60.1607769196939,20.3726151910485,69.7941784685835,4.24555060326121,16.7306207368165,340.846498178539,0,-1.04436857190446,5,22.5112080626362,24.6601208898658,1.14477942232802,3,23.6559874849642,26.6559874849642,22.4592031936315,"Ideal: pandemic shock only",23.6559874849642,"Random forest",24.6056012238088,1.1967842913327,-0.949613738844633,1.14477942232802,0,0.0520048690046837,-2.09439316117265,22.5112080626362
463,2020,"North West",741,6.6077295860193,43.6620902819548,30.073951696771,103.34250844125,4.6380487962363,32.2292611850892,969.261244102987,0,1.03063540040413,5,32.8444611650487,31.3136615824284,17.2968312693366,0,50.1412924343852,50.1412924343852,31.3559014582167,"Ideal: pandemic shock only",50.1412924343852,"Random forest",31.7217495063047,18.7853909761686,18.4195429280805,17.2968312693366,0,1.48855970683199,1.12271165874394,32.8444611650487
464,2020,"North West",8969,9.10155671321542,82.8383346038767,19.2077695385494,182.51779710469,5.2068476866498,23.8495306214945,458.096287780244,1,-1.3371622679598,5,26.2605183170162,25.582873744172,15.5149700924806,0,41.7754884094968,41.7754884094968,24.7971977089371,"Ideal: pandemic shock only",41.7754884094968,"Random forest",25.648034667457,16.9782907005596,16.1274537420398,15.5149700924806,0,1.46332060807906,0.612483649559207,26.2605183170162
465,2020,"North East",925,6.8299993360394,46.6488909302987,19.0308448779505,311.695210949535,5.74202582236118,26.1675242463441,497.990094772183,0,1.04911247832628,5,27.5247971310607,25.5481508045902,9.65776793355418,0,37.1825650646148,37.1825650646148,26.3135629283388,"Ideal: pandemic shock only",37.1825650646148,"Random forest",25.6232165127489,10.869002136276,11.5593485518659,9.65776793355418,0,1.21123420272187,1.90158061831171,27.5247971310607
466,2020,"South and Islands",8486,9.04622739705055,81.834230119148,22.6064018387368,161.956586282898,5.08732831340971,17.3908954544949,393.145570979774,0,1.32358221483804,5,26.2764293243999,27.0616183441399,1.43671518381123,3,27.7131445082111,30.7131445082111,25.5360812196114,"Ideal: pandemic shock only",27.7131445082111,"Random forest",26.6352904936299,2.17706328859969,1.07785401458114,1.43671518381123,0,0.740348104788466,-0.358861169230086,26.2764293243999
467,2020,"South and Islands",13648,9.52138420253441,90.6567571322717,19.7239629499389,173.211796891317,5.1545151051906,13.9814040148671,275.768694777365,0,-0.23185657717326,5,22.5501977891868,25.0437070263502,0.880982505269506,3,23.4311802944563,26.4311802944563,23.3693528765026,"Ideal: pandemic shock only",23.4311802944563,"Random forest",24.5125208580845,0.0618274179536584,-1.08134056362823,0.880982505269506,0,-0.819155087315847,-1.96232306889773,22.5501977891868
468,2020,"South and Islands",2620,7.87092737790764,61.951497788296,27.6452256968999,58.1979099208141,4.06384944207904,18.5242647286672,512.107479293129,1,-0.0871711217297828,5,25.7895615275238,27.4270331313776,2.07032165740123,3,27.8598831849251,30.8598831849251,27.0578825130933,"Ideal: pandemic shock only",27.8598831849251,"Random forest",27.584587266491,0.802000671831784,0.275295918434026,2.07032165740123,0,-1.26832098556945,-1.79502573896721,25.7895615275238
469,2020,"North East",1251,7.13134118320015,50.8560270712066,25.0539332936997,26.6609636332996,3.28320045938239,29.582883703603,741.167594945347,1,-0.918179481733512,5,26.3426367116183,28.5149077143494,10.5593828212947,0,36.902019532913,36.902019532913,26.9003388244099,"Ideal: pandemic shock only",36.902019532913,"Random forest",28.2931528521263,10.0016807085032,8.60886668078671,10.5593828212947,0,-0.557702112791558,-1.950516140508,26.3426367116183
470,2020,"Center",600,6.25678068481365,39.1473045378572,22.7157189696995,149.419910645288,5.00676053453709,19.2031525013005,436.213415551825,0,-0.307249315877982,5,26.6228526604666,25.5928217329656,4.57559806149351,1,31.1984507219601,32.1984507219601,25.0346155669029,"Ideal: pandemic shock only",31.1984507219601,"Random forest",25.4813106515234,6.16383515505713,5.71714007043668,4.57559806149351,0,1.58823709356362,1.14154200894317,26.6228526604666
471,2020,"North East",7254,8.88926740864677,79.0190750624296,17.24846908714,67.8964317245966,4.21798348126323,21.7356776364828,374.907163800914,1,0.712199778480769,5,26.0860474039988,26.3203391035253,9.15147733387473,0,35.2375247378735,35.2375247378735,25.0857110640384,"Ideal: pandemic shock only",35.2375247378735,"Random forest",26.1072134038095,10.1518136738351,9.13031133406398,9.15147733387473,0,1.00033633996035,-0.0211659998107461,26.0860474039988
472,2020,"South and Islands",5029,8.5230624376284,72.6425933157121,24.4908363385082,584.093625162283,6.37006128703753,22.6094310724836,553.723876102978,1,0.622782417375555,5,28.584215143821,27.870470306146,2.00930047204528,3,30.5935156158663,33.5935156158663,27.888067387026,"Ideal: pandemic shock only",30.5935156158663,"Random forest",27.8338258760552,2.7054482288403,2.7596897398111,2.00930047204528,0,0.696147756795012,0.750389267765813,28.584215143821
473,2020,"South and Islands",1128,7.02827510690713,49.3966509783705,25.8379861126863,156.292084075903,5.0517265904373,14.6040697238819,377.339750714363,0,-1.92711631532358,5,24.1996579896978,24.1050282617768,1.59711165280276,3,25.7967696425006,28.7967696425006,24.3143158687903,"Ideal: pandemic shock only",25.7967696425006,"Random forest",24.8303588837975,1.48245377371034,0.96641075870307,1.59711165280276,0,-0.114657879092425,-0.630700894099691,24.1996579896978
474,2020,"North West",2332,7.75429775778779,60.1291337164328,24.7350772251579,187.902198739913,5.23592160800031,26.9782460127956,667.308998525809,1,-0.342840735433995,5,28.7501156847831,28.1495190858825,16.3419840153986,0,45.0920997001817,45.0920997001817,28.9860603340574,"Ideal: pandemic shock only",45.0920997001817,"Random forest",28.4550816892531,16.1060393661243,16.6370180109286,16.3419840153986,0,-0.235944649274344,0.295033995529987,28.7501156847831
475,2020,"Center",600,6.30382040044231,39.7381516410326,25.8203788891456,79.0348678495485,4.36988912027822,22.399023885582,578.35128347275,0,-0.518931909933603,5,27.9374924344959,27.3461599655511,5.14082164953229,1,33.0783140840282,34.0783140840282,26.543278235702,"Ideal: pandemic shock only",33.0783140840282,"Random forest",27.0656946954725,6.53503584832619,6.01261938855571,5.14082164953229,0,1.39421419879389,0.871797739023423,27.9374924344959
476,2020,"Center",5548,8.62114359778641,74.3241169336536,24.1357831314859,99.9889619667689,4.60505979956342,29.1245143772405,702.942962818921,1,0.292069152546354,5,28.2213378668911,26.1863193541072,5.42630045060582,1,33.647638317497,34.647638317497,27.4156703513948,"Ideal: pandemic shock only",33.647638317497,"Random forest",27.5106568128986,6.23196796610218,6.1369815045984,5.42630045060582,0,0.805667515496363,0.710681053992579,28.2213378668911
477,2020,"North East",3639,8.19934512289813,67.2292604443934,22.4328384381579,82.0370330491017,4.4071707678635,27.1096377620579,608.146124033231,0,1.14113672732958,5,28.1198175652136,27.2792565760313,10.097935171277,0,38.2177527364906,38.2177527364906,26.8224781753126,"Ideal: pandemic shock only",38.2177527364906,"Random forest",27.1036019511385,11.395274561178,11.1141507853521,10.097935171277,0,1.29733938990107,1.01621561407515,28.1198175652136
478,2020,"North West",5981,8.69634724864871,75.62645546908,16.9209138426826,187.876942606728,5.23578718790912,31.1145703263332,526.486963743973,0,0.683471299587869,5,26.9121148283366,25.5863052140514,15.7719687452739,0,42.6840835736105,42.6840835736105,25.6901332742781,"Ideal: pandemic shock only",42.6840835736105,"Random forest",26.1122253166821,16.9939502993324,16.5718582569284,15.7719687452739,0,1.22198155405845,0.799889511654458,26.9121148283366
479,2020,"Center",2388,7.77837891406012,60.503178530695,22.3321622681739,92.6753638756587,4.52910267539174,31.3592974191869,700.32091858121,0,-0.386213584370608,5,27.1638239068006,26.1470143406532,5.38433696857775,1,32.5481608753784,33.5481608753784,25.4395468851846,"Ideal: pandemic shock only",32.5481608753784,"Random forest",26.3609769253575,7.10861399019374,6.18718395002084,5.38433696857775,0,1.724277021616,0.802846981443092,27.1638239068006
480,2020,"North West",4499,8.41158629095012,70.7547839301,27.8212302742555,154.248335108922,5.03856386926807,27.787716591542,773.08846208904,1,0.779026071600271,5,31.4897241357647,32.0518648950099,16.7381237913116,0,48.2278479270763,48.2278479270763,30.7302913665118,"Ideal: pandemic shock only",48.2278479270763,"Random forest",31.0126752527495,17.4975565605645,17.2151726743268,16.7381237913116,0,0.75943276925295,0.477048883015243,31.4897241357647
481,2020,"South and Islands",2422,7.79238630649559,60.72128434966,20.6062929931953,1140.21909381981,7.03897571048411,23.6395493489409,487.123480111376,0,0.0571070971965823,5,25.6743482458704,26.294174284949,1.65410898341288,3,27.3284572292833,30.3284572292833,25.2902334386257,"Ideal: pandemic shock only",27.3284572292833,"Random forest",26.2402760482191,2.03822379065759,1.08818118106418,1.65410898341288,0,0.384114807244707,-0.5659278023487,25.6743482458704
482,2020,"North West",5576,8.62621965844693,74.4116655957763,22.9490360435356,74.8990257270942,4.31614088278963,32.8065850866957,752.879503619898,1,-1.09881033397931,5,28.6702097616343,27.8343753604496,16.5535032205932,0,45.2237129822275,45.2237129822275,26.8559065571728,"Ideal: pandemic shock only",45.2237129822275,"Random forest",27.2305021011295,18.3678064250547,17.993210881098,16.5535032205932,0,1.81430320446153,1.43970766050482,28.6702097616343
483,2020,"North East",5128,8.54246245441909,72.9736647851598,22.0587758047252,114.583570109305,4.74130442671902,26.9217268550269,593.860336971087,1,0.357877967261937,5,27.1971498215931,28.3949681823498,10.0436345181072,0,37.2407843397002,37.2407843397002,27.2723314472451,"Ideal: pandemic shock only",37.2407843397002,"Random forest",28.0038031615846,9.96845289245513,9.23698117811568,10.0436345181072,0,-0.0751816256520534,-0.806653339991506,27.1971498215931
484,2020,"Center",5024,8.52201954811168,72.6248171783975,25.1384354135862,45.801298830538,3.82431244946341,25.0441142345757,629.569848176355,0,0.0828031321869541,5,26.1141579348568,27.0780951909677,5.25096419165031,1,31.3651221265071,32.3651221265071,26.5411608876176,"Ideal: pandemic shock only",31.3651221265071,"Random forest",26.9904324466503,4.8239612388895,4.37468967985683,5.25096419165031,0,-0.427002952760812,-0.876274511793483,26.1141579348568
485,2020,"North West",3444,8.14432969708906,66.3301062148868,23.759066587886,132.732832502563,4.88833832974464,27.6564497642118,657.091431532432,0,0.624266741120967,5,26.8404315054405,27.0916187477025,16.2820971078978,0,43.1225286133384,43.1225286133384,27.7234816649353,"Ideal: pandemic shock only",43.1225286133384,"Random forest",27.5129903818629,15.399046948403,15.6095382314755,16.2820971078978,0,-0.883050159494779,-0.67255887642235,26.8404315054405
486,2020,"South and Islands",11843,9.37947922476908,87.9746305278748,19.1288004209763,63.9958264439225,4.15881786941958,15.87412637171,303.652995221796,0,0.0825658265874211,5,24.2008856830796,22.3102395002822,0.948005192062617,3,25.1488908751422,28.1488908751422,23.2022796669362,"Ideal: pandemic shock only",25.1488908751422,"Random forest",23.2218959645612,1.94661120820599,1.92699491058101,0.948005192062617,0,0.998606016143377,0.978989718518392,24.2008856830796
487,2020,"South and Islands",2416,7.78970411943168,60.6794902682908,25.0672814257331,52.413414835054,3.95916256686502,23.1097067883036,579.297523728582,0,0.745460248902926,5,27.5413247749235,26.3694459345933,2.10772873174743,3,29.649053506671,32.649053506671,26.5131162341768,"Ideal: pandemic shock only",29.649053506671,"Random forest",26.6205657788159,3.13593727249422,3.02848772785505,2.10772873174743,0,1.02820854074679,0.920758996107617,27.5413247749235
488,2020,"South and Islands",5575,8.62610952331161,74.4097655081673,21.5592917705287,103.956050641242,4.643968219837,12.7516098583615,274.915677480365,1,-0.0419484592693014,5,24.677906593669,25.9451580340618,0.996783084578992,3,25.6746896782479,28.6746896782479,24.2755096771571,"Ideal: pandemic shock only",25.6746896782479,"Random forest",25.3276041211763,1.39918000109084,0.347085557071608,0.996783084578992,0,0.402396916511845,-0.649697527507384,24.677906593669
489,2020,"Center",1484,7.30231091328479,53.3237446742782,26.2395228996619,173.599558616455,5.15675125969108,23.2609892327658,610.35725964195,1,-0.161401573207404,5,30.4489219311114,29.5790480329663,5.24726506499195,1,35.6961869961034,36.6961869961034,27.9113155542625,"Ideal: pandemic shock only",35.6961869961034,"Random forest",28.8911420436157,7.78487144184084,6.8050449524877,5.24726506499195,0,2.53760637684889,1.55777988749575,30.4489219311114
490,2020,"North West",1947,7.57385366702483,57.3632593695054,28.0551070580116,603.078188995913,6.40204685498108,36.9139520495351,1035.62487668401,1,0.102411443568081,5,32.9150475576727,33.3709744691232,17.4026867195843,0,50.3177342772569,50.3177342772569,32.0860207572564,"Ideal: pandemic shock only",50.3177342772569,"Random forest",32.5139607039977,18.2317135200006,17.8037735732592,17.4026867195843,0,0.829026800416294,0.401086853674983,32.9150475576727
491,2020,"North West",2334,7.75522109856555,60.1434542876362,29.6673551646853,851.664397004305,6.74719254900055,26.4431523470094,784.498392352609,0,-0.406236192595962,5,31.900419668673,32.4767453725048,16.8470780321416,0,48.7474977008145,48.7474977008145,30.4773021230171,"Ideal: pandemic shock only",48.7474977008145,"Random forest",31.0839071428184,18.2701955777974,17.6635905579962,16.8470780321416,0,1.42311754565584,0.816512525854584,31.900419668673
492,2020,"South and Islands",4439,8.39818549098205,70.5295195409415,26.8186083512908,49.4414423284672,3.90078898603432,17.0133825408065,456.27524309258,1,2.17565474163283,5,31.0854648640315,28.7022361998738,1.87363199623398,3,32.9590968602655,35.9590968602655,28.453214403939,"Ideal: pandemic shock only",32.9590968602655,"Random forest",28.7038375759217,4.5058824563265,4.25525928434378,1.87363199623398,0,2.63225046009252,2.3816272881098,31.0854648640315
493,2020,"Center",1066,6.97192387962255,48.6077225832512,23.8428423413989,544.55423892728,6.299967549767,20.5038924018746,488.871073922902,0,1.7226614375358,5,28.5276766947497,28.5980883816305,4.79063342542063,1,33.3183101201703,34.3183101201703,28.3641822489349,"Ideal: pandemic shock only",33.3183101201703,"Random forest",28.4136763741216,4.95412787123542,4.90463374604872,4.79063342542063,0,0.163494445814789,0.114000320628088,28.5276766947497
494,2020,"North West",3595,8.18729696393693,67.0318315756909,23.744574803214,138.611704057285,4.9316765280483,26.7311606250715,634.72004303874,0,0.689357914902456,5,29.8219932748931,29.4999332057163,16.2157327718441,0,46.0377260467372,46.0377260467372,28.4437228665495,"Ideal: pandemic shock only",46.0377260467372,"Random forest",28.9032333602017,17.5940031801877,17.1344926865355,16.2157327718441,0,1.37827040834357,0.918759914691382,29.8219932748931
495,2020,"South and Islands",6507,8.78069981630085,77.1006892639857,17.3919628879705,98.8118498760542,4.59321753557858,17.0803769267327,297.061281622284,1,-0.185181347774874,5,22.9976134895424,23.1800317445442,0.841390602283579,3,23.839004091826,26.839004091826,22.4215032942818,"Ideal: pandemic shock only",23.839004091826,"Random forest",22.7619635324647,1.41750079754424,1.07704055936135,0.841390602283579,0,0.57611019526066,0.235649957077767,22.9976134895424
496,2020,"South and Islands",2631,7.87496182067823,62.0150236771398,17.3993430452544,62.1289066668814,4.12921136641362,20.2550625920914,352.424782442899,0,-1.3596493049455,5,21.0669233010552,21.0306410803294,1.06443041615992,3,22.1313537172151,25.1313537172151,21.0130063293717,"Ideal: pandemic shock only",22.1313537172151,"Random forest",21.092475175164,1.1183473878434,1.0388785420511,1.06443041615992,0,0.0539169716834802,-0.0255518741088185,21.0669233010552
497,2020,"North East",1918,7.55900703212298,57.1385873116846,22.271942849886,396.522100643206,5.98273177884865,18.6618913970389,415.636578665629,1,1.08781153610977,5,29.0476725181205,28.8147930091114,9.48889441101571,0,38.5365669291362,38.5365669291362,28.263684667988,"Ideal: pandemic shock only",38.5365669291362,"Random forest",28.2032160395904,10.2728822611482,10.3333508895458,9.48889441101571,0,0.783987850132503,0.844456478530111,29.0476725181205
498,2020,"South and Islands",3839,8.25302858050932,68.1124807507037,21.6592192007873,245.746853190889,5.50430195402521,24.7385390368567,535.817439706512,1,-0.956208715781305,5,25.0589168853251,26.4473286705199,1.8468601444021,3,26.9057770297272,29.9057770297272,24.9019170304571,"Ideal: pandemic shock only",26.9057770297272,"Random forest",26.369040292487,2.00385999927008,0.536736737240201,1.8468601444021,0,0.156999854867985,-1.3101234071619,25.0589168853251
499,2020,"North East",1394,7.23961973973772,52.4120939760001,29.7726092719745,91.3697200178761,4.51491413273831,26.3019394458,783.077366214935,0,-0.00538899238849086,5,31.6360339136534,28.6019490636168,10.8487710808587,0,42.4848049945121,42.4848049945121,29.3398479756434,"Ideal: pandemic shock only",42.4848049945121,"Random forest",29.8034297496706,13.1449570188687,12.6813752448415,10.8487710808587,0,2.29618593801002,1.8326041639828,31.6360339136534
500,2020,"South and Islands",3717,8.22059391842923,67.5781643717156,23.3500773373962,81.2699432432734,4.39777624639245,29.1831323209463,681.428396641562,0,0.777753601413646,5,26.9192032301557,26.9285901252118,2.34397606931535,3,29.263179299471,32.263179299471,26.3061510081027,"Ideal: pandemic shock only",29.263179299471,"Random forest",26.697119038185,2.95702829136832,2.56606026128605,2.34397606931535,0,0.613052222052964,0.222084191970694,26.9192032301557
501,2020,"North West",835,6.7270300509149,45.2529333059121,28.1428164526682,142.438566004068,4.95891079099066,28.6449425410286,806.149360229392,0,0.486888893751362,5,30.3319840584367,30.92392832014,16.833504087401,0,47.1654881458377,47.1654881458377,30.1409277911164,"Ideal: pandemic shock only",47.1654881458377,"Random forest",30.1209736533013,17.0245603547213,17.0445144925364,16.833504087401,0,0.191056267320242,0.211010405135347,30.3319840584367
502,2020,"South and Islands",7033,8.85839147975668,78.4710996086258,20.6405052569758,164.309673426681,5.10175289991798,18.7075417649527,386.1331141446,0,-0.62498197913082,5,23.0051074963652,23.1119004344763,1.31263180154956,3,24.3177392979148,27.3177392979148,22.7383542052847,"Ideal: pandemic shock only",24.3177392979148,"Random forest",23.3413538119303,1.57938509263007,0.976385485984512,1.31263180154956,0,0.266753291080517,-0.336246315565044,23.0051074963652
503,2020,"Center",2021,7.61128826034766,57.9317089821062,21.526566337846,120.413947901971,4.79093537252693,30.7074055221276,661.025002035221,0,-1.42934457025625,5,25.6757924214779,24.5091527505151,5.25008898344753,1,30.9258814049255,31.9258814049255,23.7137764682487,"Ideal: pandemic shock only",30.9258814049255,"Random forest",24.6033888630645,7.21210493667672,6.32249254186093,5.25008898344753,0,1.96201595322919,1.0724035584134,25.6757924214779
504,2020,"South and Islands",3888,8.26558186529302,68.3198435718608,20.7426842458721,97.0345616012308,4.5750672202091,14.4055665225473,298.810117760104,0,0.280856205846249,5,24.5462370980735,24.4452741948966,1.02273322335977,3,25.5689703214333,28.5689703214333,23.2720771061902,"Ideal: pandemic shock only",25.5689703214333,"Random forest",24.340329371928,2.29689321524305,1.22864094950533,1.02273322335977,0,1.27415999188328,0.205907726145557,24.5462370980735
505,2020,"South and Islands",2803,7.93837042651787,63.0177250286135,27.4690633568125,71.2272736645013,4.26587580215599,20.6167856959516,566.323792495921,0,0.379029401342948,5,29.076771645842,26.7772565596801,2.19742026770152,3,31.2741919135436,34.2741919135436,26.6812373246819,"Ideal: pandemic shock only",31.2741919135436,"Random forest",26.9625091245012,4.59295458886165,4.31168278904236,2.19742026770152,0,2.39553432116013,2.11426252134084,29.076771645842
506,2020,"Center",4975,8.51216189847935,72.4569001859235,21.8735973838278,70.0581205836279,4.24932519159776,20.9297637008687,457.809224531455,1,-0.0888696549387477,5,27.3016879879558,24.3930678444818,4.6038274710174,1,31.9055154589732,32.9055154589732,25.1593004864052,"Ideal: pandemic shock only",31.9055154589732,"Random forest",25.1935810461604,6.74621497256804,6.71193441281281,4.6038274710174,0,2.14238750155065,2.10810694179541,27.3016879879558
507,2020,"South and Islands",20048,9.90586707004835,98.1262024094682,26.8597967847819,432.299135697911,6.06911779236072,19.3128401078152,518.738960632902,0,0.0263592273776231,5,27.8628624691101,27.9167872400339,2.03912475360861,3,29.9019872227187,32.9019872227187,26.4425096908899,"Ideal: pandemic shock only",29.9019872227187,"Random forest",27.586902170496,3.4594775318288,2.31508505222273,2.03912475360861,0,1.42035277822019,0.275960298614126,27.8628624691101
508,2020,"North East",3651,8.20280626649386,67.2860306456309,24.8036132968567,201.159969597832,5.30410046016949,25.2303615570821,625.804131401744,1,1.67258445986885,5,31.1167240074114,30.428627311169,10.2271710713855,0,41.3438950787969,41.3438950787969,30.1493493195671,"Ideal: pandemic shock only",41.3438950787969,"Random forest",29.9323632261202,11.1945457592298,11.4115318526767,10.2271710713855,0,0.967374687844263,1.18436078129116,31.1167240074114
509,2020,"North West",4454,8.4015364234194,70.5858142740428,22.5369432038815,163.903480219101,5.09927771931996,20.5897871622083,464.030863854697,1,-0.960666415909449,5,26.796994452522,27.6134592956578,15.6529971535171,0,42.449991606039,42.449991606039,26.5950110806062,"Ideal: pandemic shock only",42.449991606039,"Random forest",27.5095590307003,15.8549805254329,14.9404325753387,15.6529971535171,0,0.20198337191578,-0.712564578178373,26.796994452522
510,2020,"North East",4700,8.45525079366424,71.4912659837598,25.5600189245299,104.042078550031,4.64479541875488,35.9830864566811,919.728370795765,0,-0.032325244874819,5,29.8407505211963,27.3325600454627,11.0630664334015,0,40.9038169545978,40.9038169545978,28.01927880918,"Ideal: pandemic shock only",40.9038169545978,"Random forest",28.1404369465831,12.8845381454178,12.7633800080147,11.0630664334015,0,1.8214717120163,1.70031357461325,29.8407505211963
511,2020,"Center",4912,8.4994624068771,72.2408612059171,18.3979057195441,68.0330272313238,4.21999328184296,16.5719297770612,304.888801629277,1,0.159864742596571,5,23.2447439740163,23.8236645486759,3.91645301327967,1,27.161196987296,28.161196987296,23.0813623092001,"Ideal: pandemic shock only",27.161196987296,"Random forest",23.4345884135951,4.07983467809594,3.7266085737009,3.91645301327967,0,0.163381664816275,-0.189844439578763,23.2447439740163
512,2020,"South and Islands",4674,8.44977416127635,71.3986833765735,19.2389893844264,318.432739508377,5.76341127377322,19.6085936690957,377.249525443263,0,0.366369987476874,5,24.442419291203,23.8112081262043,1.22153868885914,3,25.6639579800621,28.6639579800621,23.3786835514686,"Ideal: pandemic shock only",25.6639579800621,"Random forest",23.4754670881254,2.28527442859353,2.1884908919367,1.22153868885914,0,1.06373573973439,0.966952203077566,24.442419291203
513,2020,"South and Islands",3601,8.18899738437159,67.0596781612448,18.2862044564582,23.8587937848813,3.17215286153108,17.6105371495016,322.029882903839,1,-0.186041376212716,5,22.7386259928088,23.1694307865948,0.976868390411047,3,23.7154943832199,26.7154943832199,22.2650572124412,"Ideal: pandemic shock only",23.7154943832199,"Random forest",23.105097343398,1.45043717077866,0.610397039821894,0.976868390411047,0,0.473568780367613,-0.366471350589153,22.7386259928088
514,2020,"South and Islands",9453,9.15412116852688,83.7979343680719,25.3711470751674,306.531896978941,5.72532181840831,22.7299811513106,576.685694805683,0,0.445266351488215,5,27.9032481930797,27.6240831448056,2.11457315859568,3,30.0178213516754,33.0178213516754,26.869837375578,"Ideal: pandemic shock only",30.0178213516754,"Random forest",27.6311135529979,3.14798397609738,2.38670779867752,2.11457315859568,0,1.0334108175017,0.272134640081835,27.9032481930797
515,2020,"Center",1904,7.55161043104551,57.0268201022753,18.8817323413305,57.0492450366772,4.04391484285816,21.6405088302489,408.610295462958,0,0.501747056750132,5,24.2240431854698,23.9802778458781,4.32447447539931,1,28.5485176608691,29.5485176608691,23.5904394598054,"Ideal: pandemic shock only",28.5485176608691,"Random forest",23.3991203946844,4.95807820106377,5.14939726618468,4.32447447539931,0,0.63360372566446,0.824922790785375,24.2240431854698
516,2020,"South and Islands",11511,9.35107105335917,87.4425298449718,23.8326300483158,88.2160816142766,4.47978927762005,17.4006531330332,414.703328718647,1,-0.560013544899437,5,25.7575674897507,26.2981435888179,1.57228332436259,3,27.3298508141133,30.3298508141133,25.1513059639917,"Ideal: pandemic shock only",27.3298508141133,"Random forest",26.2414516676615,2.17854485012156,1.08839914645172,1.57228332436259,0,0.606261525758974,-0.48388417791087,25.7575674897507
517,2020,"North East",3515,8.16469656700802,66.6622700313125,22.5475325384083,133.92120176166,4.89725158042895,22.7734701945352,513.485560223754,0,0.153182554296388,5,27.8620342272644,27.403371159818,9.80701979257791,0,37.6690540198423,37.6690540198423,26.7264110802484,"Ideal: pandemic shock only",37.6690540198423,"Random forest",26.988017144943,10.9426429395939,10.6810368748993,9.80701979257791,0,1.135623147016,0.874017082321407,27.8620342272644
518,2020,"South and Islands",947,6.85368109639683,46.9729445711073,18.8074491907692,791.570787705377,6.6740193101993,18.8551728339605,354.617705057883,0,-0.998481357301674,5,24.7710356880705,23.3230908230258,1.12132980909738,3,25.8923654971679,28.8923654971679,22.6488423030791,"Ideal: pandemic shock only",25.8923654971679,"Random forest",23.2377609394733,3.24352319408878,2.6546045576946,1.12132980909738,0,2.12219338499141,1.53327474859723,24.7710356880705
519,2020,"South and Islands",8997,9.10467271164988,82.895065186262,21.2774050714789,478.437860419512,6.17052633917794,24.414489491076,519.476982514988,0,0.520652441196038,5,25.5579206019164,25.6344258807917,1.78217712197353,3,27.3400977238899,30.3400977238899,25.0706362868616,"Ideal: pandemic shock only",27.3400977238899,"Random forest",25.5572329855888,2.26946143702829,1.78286473830113,1.78217712197353,0,0.487284315054768,0.000687616327605944,25.5579206019164
520,2020,"South and Islands",22539,10.0230166348084,100.460862461646,18.2474193626769,165.092604804963,5.10650655770582,29.97330614975,546.935487000393,1,2.10198471643891,5,27.4312735910479,26.0861861501168,1.8379958601125,3,29.2692694511604,32.2692694511604,26.2553354153029,"Ideal: pandemic shock only",29.2692694511604,"Random forest",26.5634528827095,3.0139340358575,2.70581656845084,1.8379958601125,0,1.175938175745,0.867820708338338,27.4312735910479
521,2020,"South and Islands",1017,6.92436283232534,47.9468006336886,25.3301782842569,274.725542453544,5.61577257186391,16.9129205894032,428.407293837062,0,1.23236030242916,5,28.2247520076992,28.75822972163,1.70287235226202,3,29.9276243599613,32.9276243599613,27.9894843633976,"Ideal: pandemic shock only",29.9276243599613,"Random forest",28.2374423461467,1.93813999656369,1.69018201381456,1.70287235226202,0,0.235267644301672,-0.0126903384474519,28.2247520076992
522,2020,"North West",2342,7.75882800542856,60.1994120178226,25.6521836210338,516.201461426983,6.246497118406,37.5773447792704,963.94094826874,1,0.325273956438789,5,31.596516213347,30.8448811677787,17.1848026325982,0,48.7813188459452,48.7813188459452,30.2680170055475,"Ideal: pandemic shock only",48.7813188459452,"Random forest",30.9137471949113,18.5133018403977,17.8675716510339,17.1848026325982,0,1.32849920779957,0.682769018435721,31.596516213347
523,2020,"Center",1253,7.13345319294794,50.8861544559792,16.4943428243158,131.7434946783,4.88085680994664,29.2670919833668,482.741448644436,0,2.09284718986868,5,24.4250743176867,27.0764937645364,4.59572244924594,1,29.0207967669327,30.0207967669327,25.8947180173355,"Ideal: pandemic shock only",29.0207967669327,"Random forest",26.1655243012639,3.12607874959719,2.85527246566878,4.59572244924594,0,-1.46964369964875,-1.74044998357717,24.4250743176867
524,2020,"North East",3665,8.20665005518426,67.3491051282558,28.66277692885,621.048377520284,6.43140898150838,21.4928795985689,616.045613492412,0,-0.222097781860535,5,29.1718114236443,28.1691583502043,10.3900553338089,0,39.5618667574531,39.5618667574531,28.7888186269588,"Ideal: pandemic shock only",39.5618667574531,"Random forest",28.7297572973213,10.7730481304943,10.8321094601318,10.3900553338089,0,0.382992796685471,0.442054126322937,29.1718114236443
525,2020,"North East",6117,8.71879940758851,76.0174631097657,20.4754128199216,201.190399369577,5.30425172023609,30.318716002467,620.788226320475,1,-0.264151423868314,5,27.1031125106811,26.6833753694117,10.1072538300996,0,37.2103663407807,37.2103663407807,26.4266853178424,"Ideal: pandemic shock only",37.2103663407807,"Random forest",26.533790277153,10.7836810229383,10.6765760636277,10.1072538300996,0,0.676427192838698,0.569322233528148,27.1031125106811
526,2020,"South and Islands",2541,7.84040423639104,61.4719385900185,20.9804689929741,93.8603159533224,4.54180767657968,17.5972324816335,369.198190443068,1,0.390489687334356,5,25.8116556514078,24.3772106696286,1.27230616267703,3,27.0839618140848,30.0839618140848,24.3729783424239,"Ideal: pandemic shock only",27.0839618140848,"Random forest",24.53945335235,2.71098347166087,2.5445084617348,1.27230616267703,0,1.43867730898385,1.27220229905778,25.8116556514078
527,2020,"North West",907,6.80994459205499,46.3753453468589,21.2792560791608,154.95404628149,5.04312859735837,30.518375951451,649.408336991029,0,0.645316767430452,5,29.4644804252022,27.6637853482434,16.2096527850448,0,45.674133210247,45.674133210247,27.3877948629102,"Ideal: pandemic shock only",45.674133210247,"Random forest",27.5792061581928,18.2863383473368,18.0949270520542,16.2096527850448,0,2.07668556229201,1.88527426700945,29.4644804252022
528,2020,"North West",1490,7.30624137319678,53.3811630034124,22.9687646667748,282.972808071655,5.64535080847437,29.9238931282089,687.314859175549,0,-1.87874398335468,5,26.6556092804419,27.1566794715181,16.3538849320554,0,43.0094942124972,43.0094942124972,26.1249149486067,"Ideal: pandemic shock only",43.0094942124972,"Random forest",26.9158935575056,16.8845792638905,16.0936006549916,16.3538849320554,0,0.530694331835125,-0.260284277063764,26.6556092804419
529,2020,"North West",2305,7.74263119579537,59.9483378341037,22.1281820010056,217.248426743785,5.38104152243359,42.6501122485078,943.769446198301,0,-0.636843647053438,5,29.084962711036,28.7831331424265,17.1522561772417,0,46.2372188882777,46.2372188882777,27.2715618058727,"Ideal: pandemic shock only",46.2372188882777,"Random forest",28.4340050679524,18.965657082405,17.8032138203253,17.1522561772417,0,1.81340090516332,0.650957643083625,29.084962711036
530,2020,"Center",1888,7.54343113002032,56.9033532133597,20.6030816653945,132.67211715037,4.88788079982041,18.4403849103921,379.928756250117,0,1.03591696328299,5,26.1116997774011,28.1238260212459,4.28981422665637,1,30.4015140040574,31.4015140040574,25.8497938989064,"Ideal: pandemic shock only",30.4015140040574,"Random forest",26.4678158332674,4.55172010515106,3.93369817079003,4.28981422665637,0,0.261905878494686,-0.356116055866342,26.1116997774011
531,2020,"North West",7464,8.91780322361019,79.5272143350323,25.2963714130075,278.116745970336,5.62804097507009,29.7746007841396,753.189360109618,1,-0.827445041315284,5,29.7876914141561,28.9372180788606,16.5994712100561,0,46.3871626242122,46.3871626242122,27.8506721486713,"Ideal: pandemic shock only",46.3871626242122,"Random forest",28.6360649174928,18.536490475541,17.7510977067194,16.5994712100561,0,1.93701926548484,1.15162649666328,29.7876914141561
532,2020,"North West",3115,8.04412194543613,64.7078978730472,27.0800235364292,112.960240825968,4.72703590570059,28.9210857038442,783.183681559188,0,1.19909754545462,5,29.9270001123313,29.5177274055387,16.7359268880118,0,46.6629270003432,46.6629270003432,29.3303534243755,"Ideal: pandemic shock only",46.6629270003432,"Random forest",29.7722473212885,17.3325735759676,16.8906796790547,16.7359268880118,0,0.596646687955801,0.154752791042831,29.9270001123313
533,2020,"Center",2925,7.98092781704925,63.6952088209506,25.7413903761381,161.982001359384,5.08748522634017,20.4596194435651,526.659051044034,0,-1.05055273193544,5,26.3614799791249,25.5272628036034,4.99637460216028,1,31.3578545812852,32.3578545812852,25.7178930372952,"Ideal: pandemic shock only",31.3578545812852,"Random forest",26.0923452658567,5.63996154399004,5.26550931542851,4.99637460216028,0,0.643586941829767,0.26913471326823,26.3614799791249
534,2020,"North West",10907,9.29718747104653,86.4376948717845,22.5176314732113,330.141719783439,5.79952201616081,26.5373018375726,597.557183071831,1,-0.554399783066082,5,28.1951270758215,27.2892412783447,16.0671988904189,0,44.2623259662404,44.2623259662404,27.7583484257135,"Ideal: pandemic shock only",44.2623259662404,"Random forest",28.1227114086533,16.5039775405269,16.1396145575871,16.0671988904189,0,0.43677865010806,0.0724156671682259,28.1951270758215
535,2020,"Center",1563,7.35425309279554,54.0850385528928,21.0208005828947,84.9756178659712,4.44236436670574,22.0068842469115,462.602325205173,0,-1.25763129124447,5,23.6102569417431,23.4173603486856,4.58541826113775,1,28.1956752028809,29.1956752028809,23.2414829824613,"Ideal: pandemic shock only",28.1956752028809,"Random forest",23.6949536124184,4.95419222041956,4.50072159046252,4.58541826113775,0,0.368773959281808,-0.084696670675231,23.6102569417431
536,2020,"North West",6544,8.78624691208674,77.1981348001537,23.7923591808699,213.842486903493,5.36523970150253,25.2451907194716,600.642645187232,1,-2.31783993137646,5,26.8884238715106,25.7683369766881,16.1169711599942,0,43.0053950315048,43.0053950315048,25.9005190314103,"Ideal: pandemic shock only",43.0053950315048,"Random forest",26.3233539448615,17.1048760000945,16.6820410866433,16.1169711599942,0,0.987904840100249,0.56506992664902,26.8884238715106
537,2020,"North West",6108,8.71737235112674,75.992580708189,26.0916903191976,303.833930882831,5.71648127215026,27.471483228439,716.777433005461,0,0.233202357264161,5,30.1219934544605,29.7444066738356,16.525738060838,0,46.6477315152985,46.6477315152985,29.5200610537,"Ideal: pandemic shock only",46.6477315152985,"Random forest",29.2921125056033,17.1276704615986,17.3556190096952,16.525738060838,0,0.601932400760553,0.829880948857163,30.1219934544605
538,2020,"North East",7857,8.96910392860799,80.4448252821713,17.9430804884215,79.0141620947432,4.36962710342267,25.3257833673276,454.422569392287,1,-0.241537636736952,5,26.050236914794,25.2586801256906,9.47919198917483,0,35.5294289039688,35.5294289039688,24.7438994443643,"Ideal: pandemic shock only",35.5294289039688,"Random forest",25.3031563016448,10.7855294596045,10.226272602324,9.47919198917483,0,1.30633747042968,0.747080613149153,26.050236914794
539,2020,"Center",4593,8.4323468119669,71.1044727572883,28.2609117730793,105.0441731241,4.65438095810959,16.7283968689458,472.759748018335,1,0.360889159725611,5,29.0803078788573,29.9272593777783,5.01233637560047,1,34.0926442544577,35.0926442544577,28.8403067849305,"Ideal: pandemic shock only",34.0926442544577,"Random forest",29.6425947983046,5.25233746952721,4.45004945615314,5.01233637560047,0,0.24000109392674,-0.562286919447327,29.0803078788573
540,2020,"South and Islands",3504,8.16176878385847,66.6144696811666,14.3394871016585,111.981365130107,4.71833247468505,16.0043555178823,229.494249519029,1,1.58460009887566,5,24.9856285305774,24.4311874483608,0.430296767169723,3,25.4159252977471,28.4159252977471,22.4883657461607,"Ideal: pandemic shock only",25.4159252977471,"Random forest",23.5021609435761,2.92755955158644,1.91376435417104,0.430296767169723,0,2.49726278441671,1.48346758700132,24.9856285305774
541,2020,"Center",3909,8.27114499760711,68.411839571441,26.3326445125858,456.869864762361,6.12439859052265,24.0828407068052,634.164883185533,1,-0.795617843771957,5,26.9894270071815,28.6413668930094,5.31503804559634,1,32.3044650527778,33.3044650527778,28.0068532122013,"Ideal: pandemic shock only",32.3044650527778,"Random forest",28.640905449702,4.29761184057654,3.66355960307577,5.31503804559634,0,-1.0174262050198,-1.65147844252057,26.9894270071815
542,2020,"North East",1141,7.03954241428332,49.5551574024939,21.8371715552012,354.912822001129,5.87187218748991,29.9072622071705,653.090015564367,0,0.278114496802603,5,25.6472425749689,29.1718709480234,10.2282455253096,0,35.8754881002785,35.8754881002785,27.5393833376152,"Ideal: pandemic shock only",35.8754881002785,"Random forest",28.2278231966792,8.3361047626633,7.64766490359925,10.2282455253096,0,-1.89214076264629,-2.58058062171035,25.6472425749689
543,2020,"South and Islands",5729,8.65334577706576,74.8803931374619,22.641765074736,130.087355412316,4.8682061894985,20.3873067122962,461.604609086398,1,-1.24426158551855,5,25.0526728475273,24.7454217554468,1.65035392781722,3,26.7030267753446,29.7030267753446,23.7220590278402,"Ideal: pandemic shock only",26.7030267753446,"Random forest",25.0238192564315,2.98096774750439,1.67920751891302,1.65035392781722,0,1.33061381968717,0.0288535910958032,25.0526728475273
544,2020,"Center",2224,7.70728519149373,59.4022450230185,24.5528024220776,132.624578699789,4.88752242030169,22.3768843945905,549.415221362052,1,-0.509853852237864,5,28.2578455322295,25.1334468850668,4.9998384737854,1,33.2576840060149,34.2576840060149,26.3447240788804,"Ideal: pandemic shock only",33.2576840060149,"Random forest",26.3897014450656,6.91295992713452,6.86798256094934,4.9998384737854,0,1.91312145334912,1.86814408716394,28.2578455322295
545,2020,"Center",7035,8.8586696004181,78.4760270893718,28.3292657498012,33.2416935921065,3.5038049191137,14.2716839137483,404.306326289738,1,0.066731945656612,5,27.4713346909925,27.971676347592,4.84788540617604,1,32.3192200971685,33.3192200971685,27.3475039190281,"Ideal: pandemic shock only",32.3192200971685,"Random forest",27.5052218357168,4.9717161781404,4.81399826145178,4.84788540617604,0,0.123830771964357,-0.033887144724261,27.4713346909925
546,2020,"North West",2354,7.76375044654764,60.2758209962686,22.5941003804797,402.883009296115,5.99864622028826,33.6246707906408,759.719187104322,1,0.948138429788891,5,30.7747438763509,30.0989008882359,16.5717262969332,0,47.3464701732841,47.3464701732841,29.523963589771,"Ideal: pandemic shock only",47.3464701732841,"Random forest",30.0459669387512,17.8225065835131,17.3005032345329,16.5717262969332,0,1.25078028657994,0.728776937599708,30.7747438763509
547,2020,"South and Islands",8982,9.10299505639128,82.8645189966841,18.6654606572251,99.4953785823113,4.60011119667695,15.5027898540834,289.366714098622,0,-0.384234066817766,5,23.5971239118275,21.6614816798683,0.87104426181613,3,24.4681681736436,27.4681681736436,22.169651934039,"Ideal: pandemic shock only",24.4681681736436,"Random forest",22.3089691942628,2.29851623960462,2.15919897938076,0.87104426181613,0,1.42747197778849,1.28815471756463,23.5971239118275
548,2020,"North West",2756,7.92157751271875,62.7513902900113,23.9475171322222,103.903627930845,4.64346381502055,32.0063342521384,766.472237842716,0,-0.244863630342265,5,28.4494848815128,28.7941674232992,16.6073185819297,0,45.0568034634424,45.0568034634424,27.8287043815511,"Ideal: pandemic shock only",45.0568034634424,"Random forest",28.6151202691042,17.2280990818913,16.4416831943383,16.6073185819297,0,0.620780499961644,-0.165635387591379,28.4494848815128
549,2020,"Center",2811,7.94124610904063,63.0633897643529,27.6856398675697,179.267777709202,5.1888806528559,22.3430397801508,618.581352900038,1,-1.84616949154846,5,25.993439300292,28.0362780334326,5.34208146977875,1,31.3355207700708,32.3355207700708,26.4987436783916,"Ideal: pandemic shock only",31.3355207700708,"Random forest",27.9572675923635,4.8367770916792,3.37825317770731,5.34208146977875,0,-0.505304378099549,-1.96382829207144,25.993439300292
550,2020,"North West",683,6.52653191070257,42.595618781419,29.9091166542182,321.361006700187,5.77256512267055,40.9125893779183,1223.65940833029,0,-0.660192919310786,5,30.9658079824777,33.159257907525,17.8865323881538,0,48.8523403706315,48.8523403706315,31.522584859759,"Ideal: pandemic shock only",48.8523403706315,"Random forest",32.6111099224801,17.3297555108724,16.2412304481513,17.8865323881538,0,-0.556776877281369,-1.64530194000248,30.9658079824777
551,2020,"North East",689,6.53556843342693,42.7136547480065,15.6594983240668,71.8727453726948,4.27489712989778,25.9496947064509,406.359200765713,0,-0.800256836989495,5,22.970840722859,22.2784292734794,9.27167174483444,0,32.2425124676935,32.2425124676935,22.4857997429714,"Ideal: pandemic shock only",32.2425124676935,"Random forest",23.3510228264074,9.75671272472209,8.891489641286,9.27167174483444,0,0.485040979887652,-0.380182103548437,22.970840722859
552,2020,"South and Islands",986,6.89333590015185,47.5180798323223,25.4713555958301,89.4256353448788,4.49340738989903,15.8313804923356,403.246722093169,0,0.686342303444868,5,27.591799124549,26.2438386327733,1.64269404974034,3,29.2344931742893,32.2344931742893,25.548951062474,"Ideal: pandemic shock only",29.2344931742893,"Random forest",26.101132753047,3.68554211181524,3.13336042124233,1.64269404974034,0,2.04284806207491,1.49066637150199,27.591799124549
553,2020,"North West",1698,7.43745771561033,55.3157772714917,19.0065230334021,519.73359265605,6.25331635847852,20.222951568134,384.367994783114,0,-0.696410219793838,5,26.4597472353787,24.6505464232387,15.2389724431791,0,41.6987196785579,41.6987196785579,24.8986493214244,"Ideal: pandemic shock only",41.6987196785579,"Random forest",24.9285336264717,16.8000703571335,16.7701860520861,15.2389724431791,0,1.56109791395433,1.53121360890698,26.4597472353787
554,2020,"North East",600,5.14735358100672,26.4952488879027,22.4521653081381,78.7918823647733,4.36680997588189,20.592873081238,462.354590589463,0,-0.578216148243326,5,26.3509374684579,25.3111090976099,9.64388759931738,0,35.9948250677753,35.9948250677753,24.9853520245636,"Ideal: pandemic shock only",35.9948250677753,"Random forest",24.9806254809135,11.0094730432117,11.0141995868619,9.64388759931738,0,1.36558544389429,1.37031198754448,26.3509374684579
555,2020,"North East",5566,8.62437246654323,74.379800441669,28.3728790270056,95.1867950653938,4.55584122488029,27.2101742381355,772.030981962363,1,-0.273310725691838,5,29.7966690466205,30.1218613943733,10.7583771893756,0,40.5550462359962,40.5550462359962,29.4006336061082,"Ideal: pandemic shock only",40.5550462359962,"Random forest",29.7570162509952,11.154412629888,10.798029985001,10.7583771893756,0,0.396035440512359,0.0396527956253596,29.7966690466205
556,2020,"North East",8551,9.05380782624277,81.9714361545349,25.8146958454129,109.961286948581,4.70012836701703,24.1211888596877,622.681153842598,1,0.851584150726657,5,31.1434634413515,28.9169493678869,10.2607480629091,0,41.4042115042606,41.4042115042606,29.1272159915761,"Ideal: pandemic shock only",41.4042115042606,"Random forest",29.223792656454,12.2769955126845,12.1804188478066,10.2607480629091,0,2.01624744977544,1.91967078489755,31.1434634413515
557,2020,"North West",8495,9.04728088141485,81.8532913472147,25.9569706259878,255.557606814195,5.54344785121305,33.1565126175249,860.642624073286,1,0.112590409231342,5,31.2026351825739,30.3685870949714,16.9088709518209,0,48.1115061343948,48.1115061343948,30.1148986089166,"Ideal: pandemic shock only",48.1115061343948,"Random forest",29.8862119061133,17.9966075254782,18.2252942282815,16.9088709518209,0,1.08773657365728,1.31642327646059,31.2026351825739
558,2020,"North East",2209,7.70029980668086,59.2946171127693,26.6056528871785,165.113394265005,5.10663247583043,27.3028403742827,726.409893832208,1,0.6829104305804,5,29.061233670222,29.0587996711343,10.570468943525,0,39.631702613747,39.631702613747,29.1056736823826,"Ideal: pandemic shock only",39.631702613747,"Random forest",29.0137097822769,10.5260289313644,10.61799283147,10.570468943525,0,-0.0444400121605639,0.0475238879450899,29.061233670222
559,2020,"South and Islands",1174,7.06779210074841,49.9536851794016,17.154577059878,250.967371927727,5.52532293836224,24.8708317043314,426.648599015209,1,0.4073621287603,5,25.3183468085996,24.0289650428479,1.36060999562531,3,26.6789568042249,29.6789568042249,24.4701541972369,"Ideal: pandemic shock only",26.6789568042249,"Random forest",24.1573522531935,2.20880260698804,2.52160455103137,1.36060999562531,0,0.848192611362735,1.16099455540606,25.3183468085996
560,2020,"South and Islands",984,6.89117401353945,47.4882792848815,20.7496358711076,122.870322914712,4.81112951397655,18.2399461400377,378.472240714397,0,-0.208390933255695,5,24.4189595678396,23.5682934161707,1.29190447536001,3,25.7108640431996,28.7108640431996,24.1391952893959,"Ideal: pandemic shock only",25.7108640431996,"Random forest",24.1740889557398,1.57166875380373,1.53677508745982,1.29190447536001,0,0.279764278443726,0.244870612099807,24.4189595678396
561,2020,"South and Islands",2222,7.70616605962345,59.3849953384924,17.9122415081649,281.291621728405,5.63939193093709,23.3223119258356,417.754883744322,0,-0.379339632333214,5,23.1542137415883,23.5795525598611,1.33555670044216,3,24.4897704420304,27.4897704420304,23.4773060021716,"Ideal: pandemic shock only",24.4897704420304,"Random forest",23.5479018335704,1.01246443985889,0.941868608460059,1.33555670044216,0,-0.323092260583276,-0.393688091982106,23.1542137415883
562,2020,"North West",5280,8.57171992056754,73.4743823966543,20.7409273967052,1861.98218061804,7.52939688776868,32.61526462138,676.470835536373,1,-0.152390887883711,5,29.9728287804674,29.0022893332675,16.2972188368697,0,46.2700476173371,46.2700476173371,28.0176563920701,"Ideal: pandemic shock only",46.2700476173371,"Random forest",28.9864110858476,18.252391225267,17.2836365314896,16.2972188368697,0,1.95517238839733,0.986417694619877,29.9728287804674
563,2020,"North West",2826,7.94668615044339,63.1498207736487,28.8079674320127,111.453380184465,4.71360638852821,33.1828843927654,955.931452887026,0,0.684803593651179,5,32.1823799565609,31.0793373919745,17.2243266247505,0,49.4067065813114,49.4067065813114,30.9144463296365,"Ideal: pandemic shock only",49.4067065813114,"Random forest",30.9265818079625,18.492260251675,18.4801247733489,17.2243266247505,0,1.26793362692446,1.25579814859838,32.1823799565609
564,2020,"South and Islands",2042,7.62148657422891,58.0870576011516,28.4880023826992,218.074375569353,5.38483617693952,13.3515393221146,380.358684021103,0,-1.32424958816545,5,26.4802157356376,27.0805305172199,1.80093631438047,3,28.2811520500181,31.2811520500181,25.5049034224056,"Ideal: pandemic shock only",28.2811520500181,"Random forest",26.8763379782545,2.77624862761251,1.40481407176359,1.80093631438047,0,0.975312313232044,-0.396122242616878,26.4802157356376
565,2020,"North West",3735,8.22552626776484,67.6592823816893,21.8965610197665,113.697339820373,4.7335400040041,23.0054486506344,503.740210165721,0,-1.95399940697965,5,24.6590378886326,26.2042184532822,15.7516514174543,0,40.4106893060869,40.4106893060869,25.0938806255886,"Ideal: pandemic shock only",40.4106893060869,"Random forest",26.4522073565521,15.3168086804983,13.9584819495348,15.7516514174543,0,-0.434842736955908,-1.79316946791945,24.6590378886326
566,2020,"Center",6346,8.75556936933621,76.6599949812585,22.2589812057393,70.9228702096946,4.26159295147696,26.6824697520121,593.924592732745,0,0.552948710537142,5,26.2997290613074,24.6462350322951,5.0489091150077,1,31.3486381763151,32.3486381763151,25.6509712270469,"Ideal: pandemic shock only",31.3486381763151,"Random forest",25.2413699992422,5.69766694926818,6.10726817707292,5.0489091150077,0,0.648757834260477,1.05835906206522,26.2997290613074
567,2020,"South and Islands",1552,7.34738042915737,53.9839991707647,15.4810394034298,102.010067080486,4.62507150528156,20.2050146646156,312.79462816979,0,-2.04187243226335,5,20.3014019282084,19.4348800440593,0.849913660635898,3,21.1513155888443,24.1513155888443,19.2093799676191,"Ideal: pandemic shock only",21.1513155888443,"Random forest",19.8989756700233,1.94193562122523,1.25233991882103,0.849913660635898,0,1.09202196058933,0.402426258185128,20.3014019282084
568,2020,"North West",2176,7.68536485340252,59.0648329299148,27.8909679152043,392.004511233845,5.97127334797385,36.6088527803771,1021.05633830993,0,0.41434884114815,5,31.0999149679041,30.6846757740513,17.3632744650344,0,48.4631894329385,48.4631894329385,31.0115172699012,"Ideal: pandemic shock only",48.4631894329385,"Random forest",31.1164012769158,17.4516721630373,17.3467881560227,17.3632744650344,0,0.0883976980028827,-0.0164863090117215,31.0999149679041
569,2020,"North East",6388,8.76216796727922,76.7755874868141,26.1787799420318,41.2442523624131,3.71951176640366,32.8176278373433,859.125457373306,1,0.183077184244977,5,29.2972978425735,27.4106739157406,10.9095480419731,0,40.2068458845465,40.2068458845465,28.3037774464051,"Ideal: pandemic shock only",40.2068458845465,"Random forest",28.5735493669667,11.9030684381414,11.6332965175799,10.9095480419731,0,0.993520396168334,0.723748475606817,29.2972978425735
570,2020,"North West",2920,7.97950810813326,63.6725496477645,22.0103701045398,1223.3994159015,7.10938866936965,27.8794776346545,613.637621059986,1,0.9108387325832,5,30.8450489655799,28.964789214229,16.1053524456607,0,46.9504014112406,46.9504014112406,29.5171193080265,"Ideal: pandemic shock only",46.9504014112406,"Random forest",29.8258825849099,17.4332821032141,17.1245188263307,16.1053524456607,0,1.32792965755339,1.01916638066994,30.8450489655799
571,2020,"North East",1924,7.56226445191867,57.1878436407528,22.8013143793072,240.634367457749,5.48327863397885,30.6987441885015,699.971717291951,0,0.303949751229378,5,29.5123537119647,27.6753636194526,10.3897049746544,0,39.9020586866192,39.9020586866192,27.1381677173335,"Ideal: pandemic shock only",39.9020586866192,"Random forest",27.8197044252686,12.7638909692857,12.0823542613506,10.3897049746544,0,2.37418599463125,1.69264928669618,29.5123537119647
572,2020,"North East",1010,6.91768932338945,47.8544255749364,21.4131912593752,35.9793668469433,3.58294563100633,27.8403149229167,596.149988165654,1,-0.195770715055686,5,26.2498804242897,26.7780593790517,10.036921382871,0,36.2868018071607,36.2868018071607,26.3564456184081,"Ideal: pandemic shock only",36.2868018071607,"Random forest",26.7900583829001,9.9303561887526,9.4967434242606,10.036921382871,0,-0.106565194118371,-0.540177958610379,26.2498804242897
573,2020,"Center",1041,6.94771724781777,48.2707749556246,14.4741774863392,110.779817287659,4.70754460327753,26.7402082418137,387.042520113682,0,0.939059375923325,5,24.0412036007329,24.7680637742156,4.1966224001598,1,28.2378260008927,29.2378260008927,23.3396475047944,"Ideal: pandemic shock only",28.2378260008927,"Random forest",24.2474637603117,4.89817849609823,3.99036224058093,4.1966224001598,0,0.701556095938427,-0.20626015957887,24.0412036007329
574,2020,"South and Islands",1674,7.4228714145698,55.0990200372375,21.4269128148948,157.010972272627,5.05631568999311,24.6169446014416,527.465125744184,0,-0.955355238262272,5,24.7319692004835,23.2323907683622,1.81279483147487,3,26.5447640319584,29.5447640319584,23.7694052645497,"Ideal: pandemic shock only",26.5447640319584,"Random forest",23.9937624167999,2.77535876740873,2.55100161515854,1.81279483147487,0,0.962563935933862,0.738206783683667,24.7319692004835
575,2020,"North West",5367,8.58805128860933,73.7546249357844,18.7038361145187,376.87892777176,5.93192398937543,29.8475241978447,558.263201020618,0,1.05691736187366,5,27.003252913586,27.8037064084275,15.8793969661817,0,42.8826498797677,42.8826498797677,26.9763207045615,"Ideal: pandemic shock only",42.8826498797677,"Random forest",27.7880975739398,15.9063291752062,15.0945523058279,15.8793969661817,0,0.026932209024487,-0.78484466035377,27.003252913586
576,2020,"Center",4314,8.36967240471474,70.0514161622435,17.4907269883252,268.40386968629,5.59249282260272,31.9233368418485,558.362369257117,0,1.93744666100074,5,27.8269984947546,26.5431978486795,4.8912618473807,1,32.7182603421353,33.7182603421353,26.6685469986,"Ideal: pandemic shock only",32.7182603421353,"Random forest",26.3955023649311,6.04971334353531,6.3227579772042,4.8912618473807,0,1.15845149615461,1.4314961298235,27.8269984947546
577,2020,"North East",4212,8.3456882259449,69.6505119646754,24.5270650940375,106.027829187882,4.66370159916292,29.8142753852953,731.256673106697,0,0.357549559737113,5,28.7532983294068,28.8425594447544,10.5176247370503,0,39.2709230664572,39.2709230664572,27.5199231871642,"Ideal: pandemic shock only",39.2709230664572,"Random forest",28.0314759885979,11.7509998792929,11.2394470778593,10.5176247370503,0,1.23337514224261,0.721822340808941,28.7532983294068
578,2020,"North East",6921,8.84227668921793,78.1858570486868,25.7349604141493,757.785636836334,6.63040054463915,30.4462711468893,783.533582723653,1,-0.849756830031316,5,30.1658615100091,28.9091696919315,10.6947329255742,0,40.8605944355833,40.8605944355833,28.4061154464393,"Ideal: pandemic shock only",40.8605944355833,"Random forest",28.8969849949607,12.454478989144,11.9636094406226,10.6947329255742,0,1.75974606356982,1.26887651504841,30.1658615100091
579,2020,"North West",4126,8.32503082759394,69.3061382803894,26.0189852461458,346.952307101998,5.84918732699054,31.483542424979,819.169825851935,1,-1.06610730212446,5,30.2751247432943,27.986566174332,16.7985846465601,0,47.0737093898544,47.0737093898544,28.0459648469218,"Ideal: pandemic shock only",47.0737093898544,"Random forest",28.5739081303421,19.0277445429326,18.4998012595123,16.7985846465601,0,2.22915989637249,1.70121661295222,30.2751247432943
580,2020,"Center",9244,9.13177795294035,83.3893685818075,22.7546226939158,211.27264885489,5.3531494740046,18.5456055931955,421.998257903339,1,0.276462571118764,5,27.2269744458242,26.6235771259948,4.53384918758996,1,31.7608236334142,32.7608236334142,27.1787906427554,"Ideal: pandemic shock only",31.7608236334142,"Random forest",26.6246488517687,4.58203299065881,5.1361747816455,4.53384918758996,0,0.0481838030688566,0.602325594055547,27.2269744458242
581,2020,"North East",2494,7.82145931653104,61.1752258401502,25.9360352588795,269.94014713999,5.59820025716504,25.3275255669728,656.895596125177,0,-0.785400374024101,5,27.6895159239979,27.7209030973038,10.3585389679004,0,38.0480548918983,38.0480548918983,27.2181857163299,"Ideal: pandemic shock only",38.0480548918983,"Random forest",27.4412572771494,10.8298691755684,10.6067976147489,10.3585389679004,0,0.471330207667995,0.248258646848493,27.6895159239979
582,2020,"Center",5969,8.6943294195865,75.5913640562873,19.8659273415588,119.529846168474,4.78356609891905,20.3107363853209,403.491613284338,0,-1.05718313247475,5,24.0100921601543,24.0855311565701,4.33965185427946,1,28.3497440144337,29.3497440144337,23.3189156933751,"Ideal: pandemic shock only",28.3497440144337,"Random forest",23.4836144782947,5.03082832105859,4.86612953613908,4.33965185427946,0,0.691176466779136,0.526477681859624,24.0100921601543
583,2020,"South and Islands",992,6.89992718810026,47.6089952010852,21.3014751452301,158.244314054822,5.06414013023548,19.6589792592875,418.765258072308,0,0.136041340209503,5,24.4194116199917,24.0432561189941,1.45193911386097,3,25.8713507338527,28.8713507338527,23.7606299232574,"Ideal: pandemic shock only",25.8713507338527,"Random forest",24.2341173564909,2.11072081059524,1.63723337736179,1.45193911386097,0,0.658781696734267,0.185294263500816,24.4194116199917
584,2020,"North East",3209,8.07372754253093,65.1850764310226,24.0084631187369,161.624631497113,5.0852765571025,23.2895848547731,559.147139036511,0,0.410382030830078,5,28.1349543237421,27.8073513620816,10.0038501826307,0,38.1388045063728,38.1388045063728,27.568177371024,"Ideal: pandemic shock only",38.1388045063728,"Random forest",27.6388756487919,10.5706271353488,10.4999288575809,10.0038501826307,0,0.566776952718088,0.496078674950178,28.1349543237421
585,2020,"North West",1066,6.97150958222417,48.6019458550435,34.9560358414195,77.3414875199334,4.34823051950768,36.8999072904615,1289.87448179043,0,-0.759232385732015,5,32.4122357364384,33.6189257267291,18.160805752624,0,50.5730414890624,50.5730414890624,32.670353781347,"Ideal: pandemic shock only",50.5730414890624,"Random forest",33.2296027002091,17.9026877077153,17.3434387888533,18.160805752624,0,-0.258118044908635,-0.817366963770702,32.4122357364384
586,2020,"North West",1616,7.38789333440729,54.5809679205797,19.1860955100283,173.895900176793,5.15845684533071,32.0663315318823,615.227699426925,0,1.10380991048704,5,29.6143367439784,27.0395876203187,16.0877620130704,0,45.7020987570488,45.7020987570488,26.9895177298487,"Ideal: pandemic shock only",45.7020987570488,"Random forest",26.8695073103882,18.7125810272001,18.8325914466606,16.0877620130704,0,2.62481901412966,2.74482943359019,29.6143367439784
587,2020,"South and Islands",15723,9.6628829341088,93.3713065982911,18.3784636139252,175.445204384855,5.167326768426,21.7736827608182,400.166836360847,1,-0.648518960957938,5,24.014776643125,23.2623418611097,1.27843709052458,3,25.2932137336496,28.2932137336496,22.9959435646142,"Ideal: pandemic shock only",25.2932137336496,"Random forest",23.3865841749884,2.29727016903539,1.90662955866114,1.27843709052458,0,1.01883307851082,0.628192468136565,24.014776643125
588,2020,"South and Islands",740,6.60692556422276,43.6514654111802,20.66335371643,119.949802658018,4.78707334408233,26.1722693904604,540.806859976777,0,-0.254775533741285,5,24.2781437967863,23.2933329026226,1.83767606587506,3,26.1158198626613,29.1158198626613,23.4438476990996,"Ideal: pandemic shock only",26.1158198626613,"Random forest",23.889160585156,2.67197216356167,2.22665927750532,1.83767606587506,0,0.834296097686613,0.38898321163026,24.2781437967863
589,2020,"North West",1039,6.94649226634458,48.253754806385,26.4334489000057,150.063424309053,5.0110580334564,25.6293584960691,677.472338145769,0,1.18378851041327,5,31.0192424471787,31.6444156341642,16.434382773461,0,47.4536252206397,47.4536252206397,29.7400098115608,"Ideal: pandemic shock only",47.4536252206397,"Random forest",29.7342468210716,17.7136154090789,17.7193783995681,16.434382773461,0,1.27923263561786,1.28499562610709,31.0192424471787
590,2020,"South and Islands",1747,7.46574898873944,55.737407962864,22.991677993313,98.0759911645484,4.58574259823418,14.4124517560446,331.366449869137,0,1.29369472185831,5,25.6381378816313,26.324257838547,1.27060450192309,3,26.9087423835544,29.9087423835544,25.083881881839,"Ideal: pandemic shock only",26.9087423835544,"Random forest",25.8029471658548,1.82486050171546,1.10579521769968,1.27060450192309,0,0.554255999792372,-0.164809284223412,25.6381378816313
591,2020,"Center",7499,8.92249111162971,79.6108476371111,23.8688871892652,137.347067830377,4.92251106415452,16.1122675661822,384.58189690046,0,-0.311458960455878,5,25.7337209423091,25.9499590280554,4.48608462018746,1,30.2198055624966,31.2198055624966,26.0017184447604,"Ideal: pandemic shock only",30.2198055624966,"Random forest",26.2104071630602,4.2180871177362,4.00939839943634,4.48608462018746,0,-0.267997502451262,-0.476686220751123,25.7337209423091
592,2020,"North West",1095,6.99876279092572,48.9826806036464,26.2220808976673,222.493990267701,5.40490009120871,29.3472117607648,769.544960911747,0,-0.304569709895187,5,29.4880261783223,29.5699857208991,16.6713820217325,0,46.1594082000548,46.1594082000548,28.8192765812376,"Ideal: pandemic shock only",46.1594082000548,"Random forest",29.677990909736,17.3401316188172,16.4814172903188,16.6713820217325,0,0.668749597084716,-0.189964731413635,29.4880261783223
593,2020,"North East",4241,8.35252725661179,69.7647115724428,18.7532184865444,100.944394374258,4.61456981448262,22.2203830745661,416.703698652051,0,0.568559229422064,5,24.8747998582368,26.5729325013803,9.35092914847504,0,34.2257290067119,34.2257290067119,25.008828212811,"Ideal: pandemic shock only",34.2257290067119,"Random forest",26.1033859786328,9.21690079390083,8.12234302807907,9.35092914847504,0,-0.134028354574212,-1.22858612039597,24.8747998582368
594,2020,"South and Islands",951,6.85705975576688,47.0192684941578,21.7867276796152,67.2449472618632,4.20834188200668,18.7971989435428,409.529454522517,0,0.291461903016133,5,24.6624542338539,25.3186094778289,1.4449922705412,3,26.1074465043951,29.1074465043951,24.4161173972344,"Ideal: pandemic shock only",26.1074465043951,"Random forest",24.8364280404942,1.69132910716071,1.27101846390087,1.4449922705412,0,0.246336836619513,-0.173973806640326,24.6624542338539
595,2020,"South and Islands",3539,8.17162696539194,66.7754872615206,21.9566610845736,168.334342658108,5.12595213657803,25.1228886712213,551.61475201948,1,-0.176703097985117,5,27.4213084539111,26.4293139496945,1.90648322602412,3,29.3277916799352,32.3277916799352,25.5026105290396,"Ideal: pandemic shock only",29.3277916799352,"Random forest",26.523726502365,3.82518115089567,2.80406517757028,1.90648322602412,0,1.91869792487155,0.897581951546164,27.4213084539111
596,2020,"Center",2087,7.64344430253257,58.4222408059175,24.9017363682083,220.298118144399,5.39498171153122,26.6306166802152,663.14859589353,0,-0.0492557891564361,5,29.0763884604266,26.1315176880409,5.33598246785351,1,34.4123709282801,35.4123709282801,26.7773413864639,"Ideal: pandemic shock only",34.4123709282801,"Random forest",27.2045737039191,7.63502954181623,7.20779722436096,5.33598246785351,0,2.29904707396272,1.87181475650745,29.0763884604266
597,2020,"North East",9179,9.12467432740388,83.2596815811835,25.0321390923626,352.748475139951,5.86575526794527,30.5272932455183,764.163450635156,1,0.270091236414044,5,30.4200217509552,30.1766508289365,10.6230941270817,0,41.0431158780369,41.0431158780369,29.217524205388,"Ideal: pandemic shock only",41.0431158780369,"Random forest",29.5307875966905,11.825591672649,11.5123282813464,10.6230941270817,0,1.20249754556727,0.889234154264695,30.4200217509552
598,2020,"Center",1946,7.57333114635156,57.3553446522987,17.9437223920277,79.0468947934683,4.37004128133389,31.0920326790376,557.906802996504,0,0.423907414095806,5,24.901964743769,25.5074531286639,4.88290005039121,1,29.7848647941602,30.7848647941602,24.2442046504316,"Ideal: pandemic shock only",29.7848647941602,"Random forest",25.1375142054151,5.5406601437286,4.64735058874509,4.88290005039121,0,0.657760093337387,-0.235549461646116,24.901964743769
599,2020,"Center",4972,8.51151978506923,72.4459690516249,15.924988250923,174.610767987402,5.16255931382573,23.7760106541929,378.632690321842,1,-0.409231625591469,5,21.907757623114,25.182726239922,4.14871775313057,1,26.0564753762446,27.0564753762446,23.6082992346761,"Ideal: pandemic shock only",26.0564753762446,"Random forest",25.1859377886725,2.4481761415685,0.870537587572098,4.14871775313057,0,-1.70054161156207,-3.27818016555847,21.907757623114
600,2020,"North West",7845,8.96767856185059,80.4192587886746,25.8398261848699,275.188630552454,5.61745679180626,30.7655781561749,794.977192032588,1,-0.848838935746012,5,28.5405370133551,29.4898462373879,16.7286196510035,0,45.2691566643586,45.2691566643586,28.9319831899659,"Ideal: pandemic shock only",45.2691566643586,"Random forest",29.2176739526815,16.3371734743926,16.0514827116771,16.7286196510035,0,-0.39144617661081,-0.677136939326342,28.5405370133551
601,2020,"North East",1483,7.30150079896833,53.3119139173352,20.1774973976588,142.496931148836,4.95932046367917,27.3114285480722,551.076278455071,1,-1.37479291237812,5,24.2670067964466,25.2111534014077,9.86397301184305,0,34.1309798082897,34.1309798082897,24.3367308654087,"Ideal: pandemic shock only",34.1309798082897,"Random forest",25.5452185543311,9.79424894288102,8.58576125395862,9.86397301184305,0,-0.0697240689620386,-1.27821175788443,24.2670067964466
602,2020,"South and Islands",2709,7.90444756408009,62.4802912932917,25.4534644934055,69.7922907471603,4.24552355592011,26.7906325068506,681.914413268997,1,-1.21001393551682,5,25.0562253259476,25.6857504149747,2.40787366948968,3,27.4640989954373,30.4640989954373,25.393868417712,"Ideal: pandemic shock only",27.4640989954373,"Random forest",25.8347646581548,2.07023057772533,1.62933433728257,2.40787366948968,0,-0.337643091764352,-0.77853933220711,25.0562253259476
603,2020,"South and Islands",3543,8.17259019613815,66.7912305140134,21.5349590174375,184.608392424024,5.21823678378738,21.3328912602759,459.402939013492,0,0.451656485189609,5,25.2734369079443,26.8539043916203,1.59479617987297,3,26.8682330878173,29.8682330878173,25.700254721402,"Ideal: pandemic shock only",26.8682330878173,"Random forest",26.5447093268826,1.16797836641533,0.323523760934702,1.59479617987297,0,-0.426817813457642,-1.27127241893827,25.2734369079443
604,2020,"South and Islands",1388,7.23556113516327,52.3533449406852,20.3452525200428,81.860009935702,4.40501059243857,24.0499051393132,489.301393142402,0,0.342177411043077,5,25.6700853394735,24.0465571146956,1.65411943669216,3,27.3242047761657,30.3242047761657,24.6247662331668,"Ideal: pandemic shock only",27.3242047761657,"Random forest",24.4818100277399,2.69943854299887,2.84239474842581,1.65411943669216,0,1.04531910630671,1.18827531173365,25.6700853394735
605,2020,"South and Islands",1875,7.53629319037634,56.7957150513129,20.0603177530155,70.5744970864612,4.25666884816958,22.8876284158843,459.133098635586,1,-0.232847593726608,5,24.562853654661,24.7458799932997,1.54141724167914,3,26.1042708963401,29.1042708963401,24.4275044516594,"Ideal: pandemic shock only",26.1042708963401,"Random forest",24.872580710824,1.67676644468072,1.2316901855161,1.54141724167914,0,0.135349203001585,-0.309727056163041,24.562853654661
606,2020,"South and Islands",7311,8.89711231438432,79.1586075347691,20.8044263207404,133.538867889743,4.89439258070727,20.3472371325212,423.312595754171,1,-0.126819687002709,5,24.1825495334013,24.3624921308331,1.44544179429346,3,25.6279913276948,28.6279913276948,24.5287023902999,"Ideal: pandemic shock only",25.6279913276948,"Random forest",24.5626328902508,1.09928893739488,1.06535843744404,1.44544179429346,0,-0.34615285689858,-0.380083356849422,24.1825495334013
607,2020,"North West",3461,8.14917521706041,66.4090567183515,21.4117937272123,116.050386537438,4.75402446349851,32.6349548754969,698.772922091021,0,0.154079668319017,5,26.5216158942564,27.8700314329666,16.3723924510137,0,42.89400834527,42.89400834527,27.1226167786197,"Ideal: pandemic shock only",42.89400834527,"Random forest",27.7232155887937,15.7713915666503,15.1707927564763,16.3723924510137,0,-0.601000884363359,-1.20159969453733,26.5216158942564
608,2020,"North West",3389,8.12833922131139,66.069898496709,30.2837922191378,81.5599040662664,4.40133776947048,27.4865486959537,832.396929529476,0,0.275627505849796,5,32.1813982510475,29.6255013285073,16.9879238525575,0,49.169322103605,49.169322103605,30.8331854672277,"Ideal: pandemic shock only",49.169322103605,"Random forest",30.005792202734,18.3361366363773,19.1635299008709,16.9879238525575,0,1.34821278381984,2.17560604831348,32.1813982510475
609,2020,"North West",9356,9.14374928032331,83.6081509014131,22.4335679891468,695.732360138435,6.54496504634896,27.3752092340796,614.123617569845,1,0.882187818433134,5,29.5571513256386,30.1945793180779,16.1166054249273,0,45.6737567505659,45.6737567505659,28.5254447992145,"Ideal: pandemic shock only",45.6737567505659,"Random forest",29.508665459888,17.1483119513514,16.1650912906778,16.1166054249273,0,1.03170652642417,0.0484858657505818,29.5571513256386
610,2020,"South and Islands",3988,8.29106321078926,68.7417291653031,22.428870394716,118.011558631033,4.77078257416872,18.9678793116713,425.428106744092,1,-0.43222602111233,5,25.4967372875067,24.9351243506696,1.52757559497129,3,27.024312882478,30.024312882478,25.4396342580862,"Ideal: pandemic shock only",27.024312882478,"Random forest",25.3460880532348,1.58467862439186,1.67822482924323,1.52757559497129,0,0.0571030294205757,0.15064923427194,25.4967372875067
611,2020,"South and Islands",1742,7.46277416612624,55.6929982546011,21.4785831520226,137.21588852212,4.92155551414165,13.8790127542627,298.101529510413,0,0.445672476956819,5,24.6702745314677,24.9164113506041,1.06682333925641,3,25.7370978707241,28.7370978707241,23.8495753222628,"Ideal: pandemic shock only",25.7370978707241,"Random forest",24.871219544891,1.88752254846135,0.86587832583313,1.06682333925641,0,0.820699209204941,-0.200945013423278,24.6702745314677
612,2020,"South and Islands",1921,7.56045352996324,57.1604575787336,28.3741329385636,348.79452659522,5.85448299981084,24.3500383561987,690.911225377903,0,-0.00969311609833169,5,27.9111233991599,28.468504110434,2.55830560791143,3,30.4694290070714,33.4694290070714,27.7279415720718,"Ideal: pandemic shock only",30.4694290070714,"Random forest",28.5499112456532,2.74148743499951,1.91951776141812,2.55830560791143,0,0.183181827088076,-0.638787846493313,27.9111233991599
613,2020,"North East",3267,8.09152305868265,65.472745409193,23.9113726447727,126.170407403822,4.83763343294151,18.6509772530942,445.970467287914,0,-0.162372776959576,5,28.3689574940808,27.7960546113712,9.66846769837712,0,38.0374251924579,38.0374251924579,26.8531690185456,"Ideal: pandemic shock only",38.0374251924579,"Random forest",27.5441473586998,11.1842561739123,10.4932778337581,9.66846769837712,0,1.51578847553514,0.824810135380995,28.3689574940808
614,2020,"Center",1168,7.06267466141656,49.8813733730155,21.7862080052613,119.559978167549,4.78381815480907,26.3205987360641,573.426038886911,0,1.40349087114104,5,29.116836516825,28.54554725654,4.97157309183876,1,34.0884096086638,35.0884096086638,26.8432496656316,"Ideal: pandemic shock only",34.0884096086638,"Random forest",27.4224192145116,7.24515994303219,6.66599039415213,4.97157309183876,0,2.27358685119343,1.69441730231337,29.116836516825
615,2020,"Center",2767,7.92549810859355,62.8135202693199,21.649409632601,147.330509643009,4.99267842790699,16.4753976605586,356.682632813429,0,-1.24072512406638,5,24.6354899973208,24.6254320035302,4.26736119556074,1,28.9028511928815,29.9028511928815,23.4315286465203,"Ideal: pandemic shock only",28.9028511928815,"Random forest",24.6787311928895,5.47132254636126,4.22411999999199,4.26736119556074,0,1.20396135080052,-0.0432411955687471,24.6354899973208
616,2020,"South and Islands",1085,6.98972436082066,48.8562466402498,18.326628305673,88.301506071623,4.48075716376823,17.2024149520736,315.262264786605,1,0.328903983795862,5,24.0223768531166,23.3531815650889,0.952746460004716,3,24.9751233131213,27.9751233131213,23.9172487949839,"Ideal: pandemic shock only",24.9751233131213,"Random forest",23.8618837547566,1.05787451813739,1.11323955836473,0.952746460004716,0,0.105128058132676,0.160493098360009,24.0223768531166
617,2020,"South and Islands",6891,8.83791191270153,78.1086869766716,20.7964076161307,139.425267736807,4.93752874256645,21.1531930037829,439.910424089353,1,-1.04613848612714,5,23.765396829878,22.4675451477762,1.50097664777471,3,25.2663734776527,28.2663734776527,22.6208705876926,"Ideal: pandemic shock only",25.2663734776527,"Random forest",23.2895044913969,2.64550288996007,1.97686898625577,1.50097664777471,0,1.14452624218536,0.475892338481062,23.765396829878
618,2020,"North East",1476,7.29716356267423,53.2485960604205,26.9226497871016,114.12368415777,4.73728280901532,27.7323097534574,746.627263279756,0,-0.110565070635916,5,27.3587022452947,27.7776167902253,10.6354014590587,0,37.9941037043534,37.9941037043534,28.3267498596403,"Ideal: pandemic shock only",37.9941037043534,"Random forest",28.6446671847366,9.66735384471316,9.34943651961687,10.6354014590587,0,-0.968047614345569,-1.28596493944186,27.3587022452947
619,2020,"South and Islands",4474,8.40601225441247,70.6610420213327,23.7309233741442,173.946537419647,5.15874799579274,19.9253449699303,472.846834684804,1,-2.66666883994093,5,23.2307101974362,23.4396977029914,1.73782401878651,3,24.9685342162227,27.9685342162227,23.256246878258,"Ideal: pandemic shock only",24.9685342162227,"Random forest",23.8514658559243,1.71228733796465,1.11706836029843,1.73782401878651,0,-0.0255366808218545,-0.620755658488079,23.2307101974362
620,2020,"Center",1539,7.33868603528503,53.8563127244876,16.9353994597043,325.436867428025,5.78516848716252,28.107165949618,476.006083036982,0,-0.851534578926868,5,24.9415889810392,23.9405174290464,4.56304385677627,1,29.5046328378155,30.5046328378155,23.2705886693386,"Ideal: pandemic shock only",29.5046328378155,"Random forest",23.738458444165,6.23404416847681,5.76617439365041,4.56304385677627,0,1.67100031170054,1.20313053687413,24.9415889810392
621,2020,"Center",2163,7.67941254667075,58.9733770619641,20.8869442539522,158.471671556607,5.06557584899404,33.3706457210742,697.010816894467,0,-1.13842552880706,5,25.6885364569496,24.6194363991316,5.36615736814547,1,31.054693825095,32.054693825095,24.5723180436987,"Ideal: pandemic shock only",31.054693825095,"Random forest",25.2807453142363,6.48237578139634,5.77394851085874,5.36615736814547,0,1.11621841325086,0.407791142713267,25.6885364569496
622,2020,"Center",1491,7.3070093405195,53.3923855024393,26.2678457669569,49.3766166678913,3.89947696532609,26.714097422993,701.721790910642,0,-0.0316797429389597,5,27.236697751762,28.2221328298281,5.4920981537103,1,32.7287959054723,33.7287959054723,27.4811080477063,"Ideal: pandemic shock only",32.7287959054723,"Random forest",28.0115328149079,5.24768785776597,4.7172630905644,5.4920981537103,0,-0.244410295944332,-0.774835063145905,27.236697751762
623,2020,"North East",1556,7.34979839478504,54.0195364439848,23.3542668641904,133.095801552184,4.8910691813437,24.3155850604776,567.872662461315,0,-0.899571265092644,5,25.8793335232402,27.8636129449129,10.0037086090299,0,35.8830421322701,35.8830421322701,26.1827118197803,"Ideal: pandemic shock only",35.8830421322701,"Random forest",27.4564850881739,9.70033031248979,8.42655704409615,10.0037086090299,0,-0.303378296540115,-1.57715156493375,25.8793335232402
624,2020,"South and Islands",2451,7.80435840463118,60.9080101079373,23.4216809579497,63.9034240259347,4.15737294407834,19.3817376670458,453.952876048224,0,2.20804324948844,5,27.5645585511916,27.3174427019621,1.66575484180321,3,29.2303133929949,32.2303133929949,26.8289874299684,"Ideal: pandemic shock only",29.2303133929949,"Random forest",26.9346463774231,2.4013259630265,2.29566701557173,1.66575484180321,0,0.735571121223296,0.629912173768518,27.5645585511916
625,2020,"South and Islands",3991,8.291835884415,68.7545423340723,20.6214849282547,346.052003749806,5.84658906361876,19.0999127798543,393.868563520744,0,-0.323560187349594,5,23.3229919554215,23.2140517601276,1.33800553643334,3,24.6609974918549,27.6609974918549,24.0347944695054,"Ideal: pandemic shock only",24.6609974918549,"Random forest",24.0944678400571,0.626203022349497,0.56652965179774,1.33800553643334,0,-0.711802514083848,-0.771475884635604,23.3229919554215
626,2020,"North East",600,6.20188781863758,38.4634125149652,23.1296807046105,43.9576586918609,3.78322686815029,26.7398698516549,618.48465175162,0,-0.857106148451568,5,26.2406177664986,26.4026871825069,10.1487040668585,0,36.3893218333571,36.3893218333571,25.6599981377946,"Ideal: pandemic shock only",36.3893218333571,"Random forest",26.3922537077141,10.7293236955625,9.99706812564295,10.1487040668585,0,0.580619628703937,-0.151635941215586,26.2406177664986
627,2020,"South and Islands",4787,8.47362130783023,71.8022580685144,24.3645547032993,661.345780527968,6.49427682036244,22.1289169746401,539.161208153387,0,-0.259881614217424,5,26.983004339647,25.5793685456114,1.96177350532326,3,28.9447778449702,31.9447778449702,25.8070905097819,"Ideal: pandemic shock only",28.9447778449702,"Random forest",25.8088278350495,3.13768733518832,3.13595000992078,1.96177350532326,0,1.17591382986506,1.17417650459751,26.983004339647
628,2020,"South and Islands",10728,9.28058062402898,86.1291767191022,21.3186587152331,161.251461753591,5.08296502077334,15.5668912513018,331.86524184365,1,-1.45287197134547,5,22.9935587943614,24.5873261788835,1.16738314600229,3,24.1609419403637,27.1609419403637,22.8277346930654,"Ideal: pandemic shock only",24.1609419403637,"Random forest",24.6814545890132,1.3332072472983,-0.520512648649522,1.16738314600229,0,0.165824101296006,-1.68789579465181,22.9935587943614
629,2020,"North East",4184,8.33899780449624,69.5388843833932,26.7225808691723,129.740656810664,4.86553751028685,34.7770417356595,929.33231017174,0,-0.667749564457026,5,29.1286085610906,29.9058444773225,11.1065251168406,0,40.2351336779312,40.2351336779312,27.9975025304579,"Ideal: pandemic shock only",40.2351336779312,"Random forest",30.0346010052606,12.2376311474733,10.2005326726707,11.1065251168406,0,1.13110603063268,-0.905992444169993,29.1286085610906
630,2020,"North East",877,6.77652926037037,45.9213488166559,21.6932571528746,79.545366338356,4.37632750466939,41.0059746061024,889.553151934425,0,-2.77901438716223,5,25.4736478886803,23.2599188631214,10.9893248089789,0,36.4629726976592,36.4629726976592,23.7235038972411,"Ideal: pandemic shock only",36.4629726976592,"Random forest",23.9788292149427,12.7394688004182,12.4841434827165,10.9893248089789,0,1.75014399143925,1.4948186737376,25.4736478886803
631,2020,"Center",2136,7.66669837987733,58.7782640480136,24.9332056695301,121.120382064032,4.79678494410979,18.776931852032,468.169103709464,1,0.85859544980692,5,27.279321197728,28.4575385490293,4.78968615302608,1,32.0690073507541,33.0690073507541,27.6929306542711,"Ideal: pandemic shock only",32.0690073507541,"Random forest",28.0509173323121,4.37607669648295,4.01809001844191,4.78968615302608,0,-0.413609456543131,-0.771596134584171,27.279321197728
632,2020,"North East",3697,8.21528570539149,67.4909192212097,21.2464372044372,198.203714974263,5.28929536528361,25.242019288818,536.302977733064,0,-0.0461999591725784,5,26.931304498024,26.3898682090827,9.83669774244088,0,36.7680022404649,36.7680022404649,26.4550781467296,"Ideal: pandemic shock only",36.7680022404649,"Random forest",26.5475642168224,10.3129240937354,10.2204380236425,9.83669774244088,0,0.476226351294468,0.383740281201629,26.931304498024
633,2020,"Center",2696,7.89948718980146,62.4018978618374,25.181938179772,110.77554553796,4.7075060418124,23.5964391333182,594.204071517974,0,0.348357778525527,5,27.721755773921,26.6237625748119,5.15441223884273,1,32.8761680127638,33.8761680127638,26.4765204962958,"Ideal: pandemic shock only",32.8761680127638,"Random forest",26.7612378014626,6.39964751646794,6.1149302113012,5.15441223884273,0,1.24523527762521,0.960517972458464,27.721755773921
634,2020,"North West",21890,9.99377139867326,99.8754667689397,23.0490324937766,186.317456890881,5.22745197633567,35.016123845883,807.087776329861,0,-0.525708243550323,5,28.2202456940549,28.4810968762885,16.7191705432628,0,44.9394162373177,44.9394162373177,27.8689730352162,"Ideal: pandemic shock only",44.9394162373177,"Random forest",28.5153026491256,17.0704432021015,16.4241135881922,16.7191705432628,0,0.351272658838727,-0.295056955070606,28.2202456940549
635,2020,"North East",1161,7.05743411977116,49.8073763549101,21.518093323036,45.9454835226323,3.82745555284202,26.1420847113265,562.527818477036,0,-1.29699205971522,5,25.339663367797,24.9262084341719,9.92958449506235,0,35.2692478628594,35.2692478628594,24.2625960286077,"Ideal: pandemic shock only",35.2692478628594,"Random forest",24.9368163173568,11.0066518342517,10.3324315455025,9.92958449506235,0,1.07706733918931,0.402847050440187,25.339663367797
636,2020,"South and Islands",1942,7.57143408972135,57.3266141749945,22.7814252414985,79.8902956383507,4.38065438905477,19.441819110565,442.912348626074,1,-0.803440254940835,5,24.0841427826883,24.8861913743539,1.59953241403992,3,25.6836751967282,28.6836751967282,24.890994897853,"Ideal: pandemic shock only",25.6836751967282,"Random forest",24.8958540044069,0.792680298875158,0.78782119232126,1.59953241403992,0,-0.80685211516476,-0.811711221718658,24.0841427826883
637,2020,"North East",18217,9.81013725864442,96.2387930334434,27.2682614904912,75.5474162251657,4.32476048859939,27.3823131531504,746.668075274622,0,-0.221261063973945,5,29.0940338470352,27.1394253267968,10.6489189844101,0,39.7429528314453,39.7429528314453,27.6238329900857,"Ideal: pandemic shock only",39.7429528314453,"Random forest",27.9909898867779,12.1191198413596,11.7519629446674,10.6489189844101,0,1.47020085694952,1.10304396025732,29.0940338470352
638,2020,"South and Islands",2521,7.83229190496009,61.3447964845033,23.5981141778702,305.399344464443,5.72162024630038,21.8631525472854,515.929170099036,0,1.58211631314325,5,28.5572736778647,28.2804200856828,1.85886153761124,3,30.416135215476,33.416135215476,27.1211225972037,"Ideal: pandemic shock only",30.416135215476,"Random forest",27.47229622376,3.29501261827228,2.943838991716,1.85886153761124,0,1.43615108066105,1.08497745410476,28.5572736778647
639,2020,"South and Islands",1434,7.26849252028202,52.8309835173956,22.5024007317321,146.222578214771,4.98512996914558,21.889202307652,492.55960202474,1,-0.478079447144295,5,25.414531063816,24.3319687001809,1.7401565417617,3,27.1546876055777,30.1546876055777,24.688530232743,"Ideal: pandemic shock only",27.1546876055777,"Random forest",24.7833260504448,2.46615737283472,2.37136155513298,1.7401565417617,0,0.726000831073012,0.631205013371278,25.414531063816
640,2020,"North West",13067,9.47787332949557,89.8300828499634,22.7571386736093,327.671029699116,5.79201014685058,31.8609069190419,725.063077023593,1,0.128332430474268,5,30.0270961860237,29.4099333916855,16.4661970381655,0,46.4932932241892,46.4932932241892,28.3940511535375,"Ideal: pandemic shock only",46.4932932241892,"Random forest",28.6454885472208,18.0992420706517,17.8478046769684,16.4661970381655,0,1.63304503248624,1.38160763880295,30.0270961860237
641,2020,"Center",7801,8.96195094464683,80.3165647342562,25.7678301246956,32.0970252718407,3.46876335518261,27.8426209900826,717.443927898735,0,2.05924500079163,5,28.4282759274618,28.7856713744182,5.51609308275784,1,33.9443690102197,34.9443690102197,28.3047940608004,"Ideal: pandemic shock only",33.9443690102197,"Random forest",27.9389667895844,5.63957494941923,6.00540222063532,5.51609308275784,0,0.123481866661391,0.489309137877485,28.4282759274618
642,2020,"North East",5162,8.54901081519009,73.0855859182371,20.278144523493,36.758491723577,3.60436926627512,26.4511711897108,536.380672200611,1,-0.188337430648886,5,26.9507300027827,25.1734526533954,9.81482618059952,0,36.7655561833822,36.7655561833822,25.1391715692791,"Ideal: pandemic shock only",36.7655561833822,"Random forest",25.2016656909829,11.6263846141031,11.5638904923993,9.81482618059952,0,1.81155843350357,1.7490643117998,26.9507300027827
643,2020,"North East",1168,7.06285705580101,49.8839497906781,20.9928049225687,86.9700137005357,4.4655633891334,28.6163759902646,600.737998754503,0,1.19684901038271,5,27.9502917641532,27.4762752280073,10.0450031605366,0,37.9952949246898,37.9952949246898,27.3528956123797,"Ideal: pandemic shock only",37.9952949246898,"Random forest",27.5432895350812,10.6423993123101,10.4520053896086,10.0450031605366,0,0.597396151773538,0.407002229071981,27.9502917641532
644,2020,"South and Islands",1477,7.29743694475877,53.2525859627302,13.0287896000721,326.041861461591,5.78702578251431,22.1799154795546,288.977452130499,0,-0.362455848733313,5,20.3338941337694,20.4464343585363,0.718409239312283,3,21.0523033730817,24.0523033730817,21.1219379730523,"Ideal: pandemic shock only",21.0523033730817,"Random forest",21.3674619414474,-0.0696345999706196,-0.315158568365739,0.718409239312283,0,-0.788043839282903,-1.03356780767802,20.3338941337694
645,2020,"Center",9586,9.16802367381986,84.0526580837214,26.7240491585222,274.484467337311,5.61489467405645,22.9920692129672,614.441187903479,0,1.07501745028536,5,31.5484855748633,29.9580628897033,5.28173855208067,1,36.830224126944,37.830224126944,28.7806393096234,"Ideal: pandemic shock only",36.830224126944,"Random forest",28.8761650915215,8.04958481732054,7.95405903542249,5.28173855208067,0,2.76784626523987,2.67232048334182,31.5484855748633
646,2020,"Center",11799,9.37578227366303,87.905293243134,21.1402184111224,400.090727071168,5.99169133906666,16.6622526217934,352.243659646009,1,-0.534412881785441,5,26.249785364385,26.4939203009208,4.22443000848453,1,30.4742153728696,31.4742153728696,26.0572265875131,"Ideal: pandemic shock only",30.4742153728696,"Random forest",26.0891748229149,4.41698878535643,4.38504054995468,4.22443000848453,0,0.192558776871901,0.160610541470148,26.249785364385
647,2020,"North East",2983,8.00056694869534,64.0090715005562,24.2440055853619,311.693493672532,5.7420203128709,21.5934595192826,523.511953192772,0,0.821760970308158,5,27.8176168848638,29.7119902638635,9.91103108047512,0,37.7286479653389,37.7286479653389,28.5612235940269,"Ideal: pandemic shock only",37.7286479653389,"Random forest",29.3641977206983,9.16742437131197,8.36445024464064,9.91103108047512,0,-0.743606709163148,-1.54658083583448,27.8176168848638
648,2020,"North East",1411,7.25187885429636,52.5897469173907,27.2220916523694,146.975456840392,4.99026561256988,21.3598388569138,581.459491042748,0,-1.03841379526294,5,25.8054533425428,27.1900554303318,10.2222671014801,0,36.027720444023,36.027720444023,27.0326804878263,"Ideal: pandemic shock only",36.027720444023,"Random forest",27.0430451005426,8.99503995619668,8.98467534348033,10.2222671014801,0,-1.22722714528344,-1.2375917579998,25.8054533425428
649,2020,"South and Islands",600,5.85858360054412,34.3230018045645,25.6313912633857,63.703462176867,4.15423891238634,13.8276280961044,354.421345975836,0,-0.598320927946932,5,25.9846446592361,25.8059017005603,1.52003530543526,3,27.5046799646713,30.5046799646713,25.1584458617518,"Ideal: pandemic shock only",27.5046799646713,"Random forest",25.6965556847689,2.34623410291954,1.80812427990242,1.52003530543526,0,0.826198797484276,0.288088974467156,25.9846446592361
650,2020,"Center",3274,8.09372194960029,65.5083349974415,24.7687430302785,192.624999602149,5.26074529157486,16.1780614864807,400.710247686685,0,0.180807220924137,5,26.2782547928921,27.3463449538562,4.58967433711982,1,30.8679291300119,31.8679291300119,25.9864107447663,"Ideal: pandemic shock only",30.8679291300119,"Random forest",26.9427574774592,4.88151838524565,3.92517165255271,4.58967433711982,0,0.291844048125833,-0.664502684567102,26.2782547928921
651,2020,"South and Islands",2764,7.92447617525752,62.7973226522241,20.6475135288832,66.1146830851129,4.1913908566087,22.7317264218223,469.353628829449,0,1.57559155046953,5,26.1440372544038,25.4382296536256,1.59509563744025,3,27.7391328918441,30.7391328918441,25.1830860379597,"Ideal: pandemic shock only",27.7391328918441,"Random forest",25.2800409623726,2.55604685388442,2.45909192947144,1.59509563744025,0,0.960951216444168,0.863996292031191,26.1440372544038
652,2020,"North West",1618,7.38887778839453,54.59551497183,27.9682312831149,476.053381103415,6.16552999311886,33.393843987111,933.966752063778,0,0.327582160892034,5,30.6950875387866,31.3426282742983,17.1467228199759,0,47.8418103587626,47.8418103587626,30.1706253220611,"Ideal: pandemic shock only",47.8418103587626,"Random forest",31.1216502664575,17.6711850367015,16.7201600923051,17.1467228199759,0,0.524462216725546,-0.426562727670852,30.6950875387866
653,2020,"North West",1021,6.92811896835,47.9988324396111,19.5179102847419,1542.16482121198,7.34094243635668,25.9728401124124,506.935563154013,1,0.086504983843672,5,28.5443194469207,30.1384088534448,15.697717238926,0,44.2420366858467,44.2420366858467,27.9471090048097,"Ideal: pandemic shock only",44.2420366858467,"Random forest",29.1989079290768,16.294927681037,15.0431287567699,15.697717238926,0,0.59721044211102,-0.654588482156104,28.5443194469207
654,2020,"South and Islands",1259,7.13813537152344,50.9529765821941,21.5661624896486,139.223566450473,4.93608103278399,17.5333883508598,378.127902168754,0,-0.356215927009564,5,25.0702443091969,25.0482426142707,1.33226335815706,3,26.4025076673539,29.4025076673539,23.0712083343955,"Ideal: pandemic shock only",26.4025076673539,"Random forest",24.6932508485444,3.33129933295841,1.70925681880958,1.33226335815706,0,1.99903597480135,0.37699346065252,25.0702443091969
655,2020,"South and Islands",3615,8.19285461183072,67.1228666905959,21.7719440590612,262.030689761881,5.56846163339688,25.3276032273249,551.431160615416,1,-2.03942329721566,5,24.3026290305202,24.5201031990002,1.90049437214501,3,26.2031234026652,29.2031234026652,23.6605811819551,"Ideal: pandemic shock only",26.2031234026652,"Random forest",24.4824439957758,2.54254222071009,1.72067940688942,1.90049437214501,0,0.642047848565078,-0.179814965255583,24.3026290305202
656,2020,"North West",3282,8.09632080830082,65.5504106309248,26.7474062302895,269.853235189836,5.59787823783783,29.053392548153,777.102892853513,1,-1.98347630789279,5,30.2146789771164,29.8482407455775,16.7086004634381,0,46.9232794405545,46.9232794405545,28.4742057939663,"Ideal: pandemic shock only",46.9232794405545,"Random forest",29.9502199780389,18.4490736465882,16.9730594625155,16.7086004634381,0,1.74047318315009,0.264458999077455,30.2146789771164
657,2020,"South and Islands",1396,7.2416984738171,52.4421967856849,22.6807618566374,38.8970150745848,3.66091751437909,18.7277611564624,424.759890897707,1,-1.3219002627017,5,22.7163659253298,24.0150646284117,1.53847538491801,3,24.2548413102478,27.2548413102478,23.4637147865765,"Ideal: pandemic shock only",24.2548413102478,"Random forest",24.3296102172141,0.791126523671277,-0.0747689069663231,1.53847538491801,0,-0.747348861246732,-1.61324429188433,22.7163659253298
658,2020,"North East",14248,9.56435340941196,91.4768561401302,27.7458386651065,117.07002540068,4.76277226346157,29.4505604254699,817.130498162059,0,0.343757381818591,5,30.6327635939716,30.2295126946571,10.8462297826801,0,41.4789933766517,41.4789933766517,29.4896761519968,"Ideal: pandemic shock only",41.4789933766517,"Random forest",29.5228239667163,11.989317224655,11.9561694099355,10.8462297826801,0,1.14308744197481,1.10993962725532,30.6327635939716
659,2020,"North West",2949,7.98911855930989,63.8260153547097,20.8308216121169,679.489375254611,6.52134159734623,35.8298664429189,746.365556258417,0,-0.317556623710856,5,28.2488246007345,26.6462112322711,16.5321293280727,0,44.7809539288072,44.7809539288072,27.2023070514841,"Ideal: pandemic shock only",44.7809539288072,"Random forest",27.2283952820131,17.5786468773231,17.5525586467941,16.5321293280727,0,1.04651754925036,1.02042931872142,28.2488246007345
660,2020,"North West",21880,9.99331221142437,99.8662889550034,25.5481200636858,335.889741040287,5.81678295444385,29.4317846779745,751.926768641439,0,1.60127247538573,5,31.9845561760306,30.4886687239723,16.6031664341992,0,48.5877226102297,48.5877226102297,30.2794516424367,"Ideal: pandemic shock only",48.5877226102297,"Random forest",30.4759699454025,18.308270967793,18.1117526648272,16.6031664341992,0,1.70510453359383,1.50858623062806,31.9845561760306
661,2020,"Center",5403,8.59470060554828,73.868878499012,18.891386231049,48.7242610610408,3.88617707977921,27.2777447422606,515.314411438012,0,0.584483961493866,5,24.6170833982529,25.2483372876631,4.72014291710917,1,29.3372263153621,30.3372263153621,24.6156334867622,"Ideal: pandemic shock only",29.3372263153621,"Random forest",25.1391745012735,4.72159282859986,4.19805181408859,4.72014291710917,0,0.00144991149069007,-0.522091103020577,24.6170833982529
662,2020,"North West",1400,7.24404601982424,52.4762027373315,23.6827511493372,1916.30488989157,7.55815407420713,22.7300552408434,538.310241879581,0,0.0841145748948887,5,29.5962918336855,29.4286949887523,15.9288547930217,0,45.5251466267072,45.5251466267072,28.9407786544456,"Ideal: pandemic shock only",45.5251466267072,"Random forest",29.6296789874716,16.5843679722616,15.8954676392356,15.9288547930217,0,0.655513179239925,-0.0333871537860269,29.5962918336855
663,2020,"South and Islands",3048,8.02208538964692,64.3538539987865,23.5443759797187,149.794685806953,5.00926559519987,21.747517178921,512.031721085907,0,-0.0236196353738181,5,25.8482256678302,24.5627838527224,1.84485586002906,3,27.6930815278592,30.6930815278592,24.502607018958,"Ideal: pandemic shock only",27.6930815278592,"Random forest",25.0898285873004,3.19047450890119,2.60325294055883,1.84485586002906,0,1.34561864887214,0.758397080529774,25.8482256678302
664,2020,"Center",4885,8.49386922897894,72.1458144789952,24.1016135076622,218.349269256953,5.38609593326672,17.8873117193314,431.113073750403,0,-0.250786528825242,5,26.5336583695894,26.2285741741745,4.63593760593158,1,31.169595975521,32.169595975521,26.0720197971874,"Ideal: pandemic shock only",31.169595975521,"Random forest",26.4067409333003,5.09757617833356,4.76285504222072,4.63593760593158,0,0.461638572401982,0.126917436289142,26.5336583695894
665,2020,"South and Islands",4807,8.47783712615843,71.8737223376702,18.4419324309627,354.277472394884,5.87008042643158,22.1186242551995,407.910173980241,0,-0.168118594407674,5,24.9291384709125,23.5929820720022,1.30956456500539,3,26.2387030359179,29.2387030359179,22.9680917043756,"Ideal: pandemic shock only",26.2387030359179,"Random forest",23.3076771108601,3.27061133154229,2.93102592505777,1.30956456500539,0,1.9610467665369,1.62146136005239,24.9291384709125
666,2020,"South and Islands",3466,8.15088113609098,66.4368632946838,21.6989967617483,54.1768052798921,3.99225286998475,25.4106250410759,551.385070480308,0,0.902652655639661,5,25.7933439539835,25.4942671211967,1.89828169640316,3,27.6916256503867,30.6916256503867,24.7103667971599,"Ideal: pandemic shock only",27.6916256503867,"Random forest",24.9666069155917,2.98125885322676,2.72501873479499,1.89828169640316,0,1.08297715682359,0.826737038391825,25.7933439539835
667,2020,"North East",8782,9.0805041197713,82.4555550691835,24.8077030012242,80.1746882297857,4.38420785695034,29.3208776057783,727.383623379394,0,-1.37717624238822,5,25.6684116211791,26.3712357178534,10.5139570622747,0,36.1823686834538,36.1823686834538,25.6101637073514,"Ideal: pandemic shock only",36.1823686834538,"Random forest",26.761924485906,10.5722049761024,9.42044419754781,10.5139570622747,0,0.0582479138277119,-1.09351286472686,25.6684116211791
668,2020,"South and Islands",3373,8.1235875994983,65.9926754867225,17.4461671753184,426.404964883424,6.0553895165067,27.3406327509544,476.989249652137,0,1.58267535254922,5,25.9095263037407,26.520924369714,1.56557098158737,3,27.475097285328,30.475097285328,24.9567344886267,"Ideal: pandemic shock only",27.475097285328,"Random forest",25.8139111749788,2.51836279670135,1.66118611034922,1.56557098158737,0,0.952791815113986,0.0956151287618496,25.9095263037407
669,2020,"South and Islands",1771,7.47922309392873,55.9387780887569,18.5142054809037,93.2209475804849,4.53497245588419,27.1272012123736,502.238577367705,1,1.16961120271323,5,25.1280637674189,26.2488035791187,1.66811498750109,3,26.79617875492,29.79617875492,25.2845254627244,"Ideal: pandemic shock only",26.79617875492,"Random forest",25.5488074423062,1.51165329219558,1.24737131261375,1.66811498750109,0,-0.15646169530551,-0.420743674887342,25.1280637674189
670,2020,"North East",3975,8.28784920753531,68.6884444868436,15.1783356556277,84.3927886593796,4.43548195552709,31.0235054346911,470.885178701932,0,1.29289870833144,5,26.2664068145595,25.1300313402724,9.57391060228295,0,35.8403174168424,35.8403174168424,24.0483330049863,"Ideal: pandemic shock only",35.8403174168424,"Random forest",25.1147254114474,11.7919844118561,10.725592005395,9.57391060228295,0,2.21807380957315,1.15168140311203,26.2664068145595
671,2020,"South and Islands",2346,7.76027945894923,60.2219372809894,19.843697024541,142.15950815895,4.95694972406938,17.9881042686678,356.950491153296,1,0.16065240796591,5,23.0240222664575,26.4397612505463,1.17462227124179,3,24.1986445376992,27.1986445376992,24.6775341686319,"Ideal: pandemic shock only",24.1986445376992,"Random forest",25.7036245553661,-0.47888963093266,-1.50498001766689,1.17462227124179,0,-1.65351190217445,-2.67960228890868,23.0240222664575
672,2020,"North West",5495,8.61158707602878,74.159431968026,26.8942450130162,155.590547708892,5.04722786252694,27.7138350435919,745.342669912674,1,-0.317852799573852,5,30.5838696751673,28.0999377002798,16.6309837042187,0,47.2148533793861,47.2148533793861,28.4157327209882,"Ideal: pandemic shock only",47.2148533793861,"Random forest",28.9078873220633,18.7991206583978,18.3069660573227,16.6309837042187,0,2.1681369541791,1.67598235310399,30.5838696751673
673,2020,"North West",7209,8.88312634559183,78.9099336717477,30.5492523925834,86.8016462218564,4.46362558717605,27.80273870969,849.352882047369,1,-0.694625409858487,5,30.5564729528981,30.4832838931538,17.039257772598,0,47.5957307254961,47.5957307254961,30.0525310144841,"Ideal: pandemic shock only",47.5957307254961,"Random forest",30.5841903756285,17.543199711012,17.0115403498676,17.039257772598,0,0.503941938414009,-0.027717422730376,30.5564729528981
674,2020,"Center",2606,7.86544150066072,61.865170000316,24.5555694870379,215.989459773453,5.37522960914841,24.9439947996873,612.513997588033,0,0.619783098340231,5,28.1164963396691,28.4268178625044,5.17984057928781,1,33.2963369189569,34.2963369189569,27.3503473808601,"Ideal: pandemic shock only",33.2963369189569,"Random forest",27.920673611342,5.94598953809682,5.37566330761493,5.17984057928781,0,0.766148958809014,0.195822728327125,28.1164963396691
675,2020,"North West",2368,7.76970955287148,60.3683865359823,23.8646445703798,137.259720780437,4.92187490324002,25.0559397928342,597.951097532823,0,-0.424945603490451,5,28.3961801196076,27.697190153008,16.1116749879757,0,44.5078551075833,44.5078551075833,27.4122343248533,"Ideal: pandemic shock only",44.5078551075833,"Random forest",27.5114954238402,17.09562078273,16.9963596837431,16.1116749879757,0,0.983945794754316,0.884684695767394,28.3961801196076
676,2020,"North East",1521,7.32688725114751,53.6832767910279,21.4877010969057,122.266786026503,4.80620542793921,25.8354700054918,555.144857176082,0,0.7145718575514,5,28.741870774006,26.2974981410081,9.90477832077959,0,38.6466490947856,38.6466490947856,26.1323829168595,"Ideal: pandemic shock only",38.6466490947856,"Random forest",26.2370101313942,12.5142661779261,12.4096389633914,9.90477832077959,0,2.60948785714655,2.50486064261186,28.741870774006
677,2020,"North East",5149,8.54665134471922,73.0452492081909,22.8255313114263,94.3940564938373,4.54747811029897,25.721192598641,587.099887027507,1,0.909520108771858,5,28.5607564350083,31.033732589971,10.0439402258973,0,38.6046966609056,38.6046966609056,28.2843019387029,"Ideal: pandemic shock only",38.6046966609056,"Random forest",29.5978443904743,10.3203947222027,9.00685227043131,10.0439402258973,0,0.276454496305425,-1.03708795546598,28.5607564350083
678,2020,"North East",607,6.40794155432203,41.061714963607,24.9759913530382,244.492808593237,5.49918589577577,29.1072880446287,726.983374513039,1,-0.135584897262032,5,31.0027529312225,28.9901844239819,10.5175175116937,0,41.5202704429163,41.5202704429163,28.4231745575434,"Ideal: pandemic shock only",41.5202704429163,"Random forest",28.9656973242107,13.0970958853729,12.5545731187056,10.5175175116937,0,2.57957837367911,2.03705560701188,31.0027529312225
679,2020,"North West",1794,7.49242266214934,56.1363973482891,24.8908428160932,170.570897618919,5.13915103210548,28.1141170403236,699.784068163942,0,1.73337085951209,5,31.3866892005643,29.508006505105,16.4386292023284,0,47.8253184028927,47.8253184028927,30.4720211921312,"Ideal: pandemic shock only",47.8253184028927,"Random forest",29.3901972082895,17.3532972107615,18.4351211946032,16.4386292023284,0,0.914668008433093,1.99649199227478,31.3866892005643
680,2020,"South and Islands",1133,7.03221634794439,49.4520667642964,20.4533060387429,69.9078769655589,4.24717833195462,24.3334763566161,497.700038908386,0,-2.49368261311335,5,20.720274090816,21.9005947935131,1.68585530896038,3,22.4061293997764,25.4061293997764,21.5614552379032,"Ideal: pandemic shock only",22.4061293997764,"Random forest",22.1474465674536,0.84467416187325,0.258682832322812,1.68585530896038,0,-0.841181147087135,-1.42717247663757,20.720274090816
681,2020,"North West",7330,8.89968601571828,79.2044111783716,28.7614189023009,537.793155947041,6.2874740177349,22.1284561926073,636.445798216792,1,0.117681395898738,5,32.2412389421487,30.0615326716106,16.4453963124711,0,48.6866352546199,48.6866352546199,30.6392638239415,"Ideal: pandemic shock only",48.6866352546199,"Random forest",30.2018706952538,18.0473714306784,18.484764559366,16.4453963124711,0,1.60197511820723,2.03936824689491,32.2412389421487
682,2020,"Center",1171,7.06566337233708,49.9235988911858,20.5648618942242,374.965575514113,5.92683422312763,12,246.77834273069,0,0.407101429859495,5,24.8054280052136,26.6199905237113,3.83478310810019,1,28.6402111133138,29.6402111133138,25.5425722200419,"Ideal: pandemic shock only",28.6402111133138,"Random forest",26.1703070415803,3.09763889327186,2.46990407173348,3.83478310810019,0,-0.73714421482833,-1.36487903636671,24.8054280052136
683,2020,"Center",2561,7.84831762847984,61.5960895975074,21.4767864402202,315.15052790906,5.75305039106182,22.5650770519005,484.625340850781,1,-0.750697179262158,5,26.6387679603272,26.1925073335623,4.67465020179279,1,31.31341816212,32.31341816212,25.2924561799515,"Ideal: pandemic shock only",31.31341816212,"Random forest",26.1515178691148,6.02096198216852,5.1619002930052,4.67465020179279,0,1.34631178037573,0.487250091212414,26.6387679603272
684,2020,"North West",2101,7.65040435990613,58.5286868700707,23.7938814116834,129.999608063859,4.86753143555764,37.5405579508959,893.235584012046,0,0.236630054238789,5,29.6972780445242,29.837772656095,16.9778143115834,0,46.6750923561077,46.6750923561077,28.4393108796916,"Ideal: pandemic shock only",46.6750923561077,"Random forest",29.6694783585107,18.2357814764161,17.005613997597,16.9778143115834,0,1.25796716483266,0.0277996860135516,29.6972780445242
685,2020,"North West",1583,7.36692851341297,54.2716357217371,21.18735966184,211.570794168568,5.35455966667995,33.0475505030543,700.190338451033,0,-0.946891829993758,5,27.1253635781047,26.1855904617403,16.3765863977517,0,43.5019499758564,43.5019499758564,26.1739880304724,"Ideal: pandemic shock only",43.5019499758564,"Random forest",26.4561779622533,17.327961945384,17.0457720136031,16.3765863977517,0,0.951375547632253,0.669185615851337,27.1253635781047
686,2020,"South and Islands",7025,8.85721900734882,78.4503285441413,24.0608962909364,461.410054501126,6.13428713679205,26.102034956518,628.038356071177,1,-0.265592902159763,5,27.620344922729,27.969007637645,2.2064893386948,3,29.8268342614238,32.8268342614238,27.2776761444918,"Ideal: pandemic shock only",29.8268342614238,"Random forest",27.2196824477984,2.54915811693204,2.60715181362545,2.2064893386948,0,0.342668778237243,0.400662474930652,27.620344922729
687,2020,"North East",3790,8.24024894119929,67.901702612936,16.4120535768767,407.19525018815,6.00929280060087,23.4331006864934,384.585303939075,0,-0.0450380622603642,5,25.2907432971568,25.2686932228259,9.1782912412465,0,34.4690345384033,34.4690345384033,24.2924671286476,"Ideal: pandemic shock only",34.4690345384033,"Random forest",25.0669050266747,10.1765674097558,9.40212951172867,9.1782912412465,0,0.998276168509269,0.223838270482167,25.2907432971568
688,2020,"North East",1612,7.38522080896589,54.5414863971827,23.1604872296954,79.1940639570429,4.37190134597415,20.7289470714489,480.092513933325,1,0.191952027381703,5,26.9752372127422,28.954697359386,9.73132819000345,0,36.7065654027457,36.7065654027457,27.056835436757,"Ideal: pandemic shock only",36.7065654027457,"Random forest",28.1542460507914,9.64972996598866,8.55231935195425,9.73132819000345,0,-0.0815982240147939,-1.17900883804921,26.9752372127422
689,2020,"South and Islands",2882,7.96635444117629,63.4628030824493,24.6524032549509,328.914765356431,5.79579864533551,23.592961905937,581.623210883855,0,1.80711111571409,5,29.2370814404126,28.2928493932671,2.09591999119572,3,31.3330014316083,34.3330014316083,27.4320256164683,"Ideal: pandemic shock only",31.3330014316083,"Random forest",28.030590228,3.90097581513997,3.30241120360827,2.09591999119572,0,1.80505582394425,1.20649121241254,29.2370814404126
690,2020,"North East",1294,7.16531006070261,51.341668266006,27.9059483440087,103.725214843359,4.64174523749525,30.390359812246,848.071811076375,0,-1.26181475122053,5,27.790153913885,28.126105641718,10.9296278044337,0,38.7197817183187,38.7197817183187,27.6245414860853,"Ideal: pandemic shock only",38.7197817183187,"Random forest",27.8222122571073,11.0952402322333,10.8975694612114,10.9296278044337,0,0.165612427799623,-0.0320583432223067,27.790153913885
691,2020,"Center",4785,8.47329638847276,71.7967516869055,20.1242972050109,83.101285074328,4.42006016593351,22.5217054066925,453.23349316798,0,-0.730874095132177,5,26.0898754913164,24.2347715182547,4.5228403707552,1,30.6127158620716,31.6127158620716,23.856973119799,"Ideal: pandemic shock only",30.6127158620716,"Random forest",23.9730537731192,6.75574274227265,6.63966208895247,4.5228403707552,0,2.23290237151745,2.11682171819727,26.0898754913164
692,2020,"Center",5653,8.63988206153454,74.6475620372263,17.3874841210901,122.360068841378,4.80696808189596,24.519324034341,426.329357306967,1,-1.82593305446708,5,21.5495744436432,21.1046423410255,4.36162423545931,1,25.9111986791025,26.9111986791025,22.0482903901842,"Ideal: pandemic shock only",25.9111986791025,"Random forest",22.0995907157178,3.86290828891833,3.81160796338471,4.36162423545931,0,-0.498715946540986,-0.550016272074607,21.5495744436432
693,2020,"North East",600,5.55986344390183,30.9120815148359,21.9268796400976,242.048778726059,5.48913927082891,26.982120919092,591.633717827489,0,-1.30916884261424,5,25.6946583359488,26.5113797069734,10.0333535244827,0,35.7280118604315,35.7280118604315,25.1468683339452,"Ideal: pandemic shock only",35.7280118604315,"Random forest",26.20288530512,10.5811435264863,9.52512655531154,10.0333535244827,0,0.547790002003575,-0.508226969171167,25.6946583359488
694,2020,"South and Islands",1886,7.54219246571108,56.884667189829,22.9758963442774,488.359959553193,6.19105275597895,25.701476606808,590.51446241289,0,-0.488315889673355,5,26.221336361838,25.0040917561953,2.0591002600826,3,28.2804366219206,31.2804366219206,25.1588397365039,"Ideal: pandemic shock only",28.2804366219206,"Random forest",25.3812071084584,3.12159688541669,2.89922951346223,2.0591002600826,0,1.06249662533409,0.840129253379631,26.221336361838
695,2020,"South and Islands",12049,9.39672706625067,88.2984795576078,24.2780276627916,1248.05149431877,7.12933880955151,21.4834686992276,521.576247372564,1,-0.358932701368055,5,27.5782950307267,26.5289409435879,1.90707415158854,3,29.4853691823153,32.4853691823153,26.2297898548849,"Ideal: pandemic shock only",29.4853691823153,"Random forest",26.6040809359944,3.25557932743036,2.88128824632086,1.90707415158854,0,1.34850517584182,0.974214094732327,27.5782950307267
696,2020,"North East",2780,7.93030122659393,62.8896775445171,28.8353075613865,80.9962012103354,4.39440225493483,28.3876595310382,818.566893525411,0,1.03128274461446,5,31.1370461823985,31.0454490700452,10.8916682986607,0,42.0287144810592,42.0287144810592,29.7072439305808,"Ideal: pandemic shock only",42.0287144810592,"Random forest",30.2475638541052,12.3214705504784,11.781150626954,10.8916682986607,0,1.42980225181769,0.889482328293312,31.1370461823985
697,2020,"Center",10638,9.27220812841873,85.9738435767144,27.8012864694807,112.647182827241,4.72426065837416,30.7620441565579,855.224401983278,1,-0.637190165217007,5,28.5034625935166,28.4755025005841,5.94413290233745,1,34.447595495854,35.447595495854,28.4642024228115,"Ideal: pandemic shock only",34.447595495854,"Random forest",28.9128083771082,5.98339307304254,5.53478711874583,5.94413290233745,0,0.0392601707050853,-0.409345783591621,28.5034625935166
698,2020,"North West",2371,7.7710142434696,60.3886623722074,22.0905283262411,78.131853067569,4.35839782347434,30.8769995595546,682.089233399673,0,-0.259193689268047,5,25.5770540513633,28.5659813223767,16.3239963847909,0,41.9010504361542,41.9010504361542,27.0851541588115,"Ideal: pandemic shock only",41.9010504361542,"Random forest",27.9831693962378,14.8158962773427,13.9178810399164,16.3239963847909,0,-1.50810010744817,-2.40611534487448,25.5770540513633
699,2020,"North West",2287,7.73509021533203,59.8316206393254,21.2989672859589,149.874638326162,5.00979920017487,24.963339420248,531.69334966015,1,1.12295932187615,5,27.7088934340783,27.7112699463726,15.8229684606084,0,43.5318618946867,43.5318618946867,28.0456143821115,"Ideal: pandemic shock only",43.5318618946867,"Random forest",27.9430159624391,15.4862475125752,15.5888459322476,15.8229684606084,0,-0.336720948033204,-0.234122528360786,27.7088934340783
700,2020,"North East",3842,8.25374640551646,68.1243297265759,24.1965655077682,121.374971980842,4.79888469576361,26.9648004325005,652.455560068896,0,0.042592153503761,5,28.8012532588061,27.338795254276,10.2818065358651,0,39.0830597946712,39.0830597946712,27.2665680769771,"Ideal: pandemic shock only",39.0830597946712,"Random forest",27.1891060306861,11.8164917176942,11.8939537639851,10.2818065358651,0,1.53468518182909,1.61214722812007,28.8012532588061
701,2020,"Center",6177,8.72861969886296,76.1888018473784,23.9435159182713,178.866243621103,5.18663828417583,12,287.322191019256,0,-0.180222294643793,5,25.6353394485114,26.3916157986582,4.20643505074538,1,29.8417744992568,30.8417744992568,26.0947494862963,"Ideal: pandemic shock only",29.8417744992568,"Random forest",26.0611523760607,3.74702501296055,3.78062212319615,4.20643505074538,0,-0.45941003778483,-0.425812927549229,25.6353394485114
702,2020,"South and Islands",1031,6.9386215124948,48.1444684936557,15.637515096681,224.265578643793,5.41283096850945,24.4933230523854,383.01470899956,0,0.131391995580941,5,22.2359893046261,24.769980179438,1.16730757403741,3,23.4032968786635,26.4032968786635,22.7945457040136,"Ideal: pandemic shock only",23.4032968786635,"Random forest",23.7442754726225,0.608751174649907,-0.340978593959068,1.16730757403741,0,-0.558556399387506,-1.50828616799648,22.2359893046261
703,2020,"North East",809,6.69556642769457,44.8306097876707,24.3910036732036,67.8742629803804,4.21765691971088,34.0209013298939,829.80392930314,0,-0.617843614084984,5,26.7821198478183,26.5462250937694,10.7971217968805,0,37.5792416446988,37.5792416446988,26.6259134813156,"Ideal: pandemic shock only",37.5792416446988,"Random forest",26.7758297969898,10.9533281633832,10.803411847709,10.7971217968805,0,0.156206366502735,0.00629005082848799,26.7821198478183
704,2020,"North East",1929,7.5649155204233,57.2279468311413,22.2570296534157,198.442859310691,5.29050119627225,27.9687740423174,622.501833229542,1,0.0201107733571241,5,28.0625244417131,27.6426198732453,10.1387357445735,0,38.2012601862865,38.2012601862865,27.3966306790707,"Ideal: pandemic shock only",38.2012601862865,"Random forest",27.8413295667536,10.8046295072158,10.359930619533,10.1387357445735,0,0.665893762642327,0.22119487495948,28.0625244417131
705,2020,"South and Islands",1707,7.44222200675892,55.3866683978867,26.0641506057923,66.0358810584512,4.19019824670177,16.3062976522917,425.009797832207,1,0.537121372670979,5,28.0958065051851,26.8726500259074,1.7411457020331,3,29.8369522072182,32.8369522072182,26.5485268905276,"Ideal: pandemic shock only",29.8369522072182,"Random forest",27.0785874554615,3.28842531669061,2.75836475175671,1.7411457020331,0,1.54727961465751,1.01721904972361,28.0958065051851
706,2020,"South and Islands",1517,7.32456524776483,53.6492560687642,19.6871307487675,469.545962221128,6.15176618996145,16.1431610337102,317.812521969061,1,1.95719677652269,5,27.8980623237019,27.4220492920532,1.02825395445967,3,28.9263162781615,31.9263162781615,26.8109341304481,"Ideal: pandemic shock only",28.9263162781615,"Random forest",26.7163678647322,2.11538214771349,2.20994841342938,1.02825395445967,0,1.08712819325382,1.18169445896971,27.8980623237019
707,2020,"South and Islands",600,5.7475005148309,33.0337621679815,16.5066752283387,125.171349804154,4.8296835970491,12.4651739091546,205.758577383176,0,-0.532883324860282,5,20.9197108678138,22.4917061658919,0.420944748493612,3,21.3406556163074,24.3406556163074,20.665615037741,"Ideal: pandemic shock only",21.3406556163074,"Random forest",21.8580237895097,0.675040578566403,-0.517368173202264,0.420944748493612,0,0.254095830072791,-0.938312921695876,20.9197108678138
708,2020,"North West",1712,7.44531026741433,55.4326449780653,20.5514886418923,887.169223027452,6.78803574542932,33.7032358380963,692.651668521652,0,-0.276897840470681,5,28.0329809191286,27.7216297736066,16.3525385590104,0,44.385519478139,44.385519478139,27.7193303660132,"Ideal: pandemic shock only",44.385519478139,"Random forest",27.8108239681852,16.6661891121258,16.5746955099537,16.3525385590104,0,0.313650553115366,0.222156950943308,28.0329809191286
709,2020,"North East",6088,8.71400610442444,75.9339023879464,15.580111748233,57.4782473496124,4.05140656926391,30.7541804883489,479.153568733803,1,0.508291522575854,5,24.2714511705584,24.5186145748432,9.59925322622558,0,33.870704396784,33.870704396784,24.6090130963156,"Ideal: pandemic shock only",33.870704396784,"Random forest",24.4898171505745,9.2616913004684,9.38088724620947,9.59925322622558,0,-0.337561925757186,-0.218365980016117,24.2714511705584
710,2020,"North West",16683,9.72217132859117,94.5206153424802,20.9118070541381,149.324443345157,5.006121410804,26.2322490440035,548.563730604302,1,1.56178140058896,5,29.832761033934,29.3150951381185,15.869204508771,0,45.701965542705,45.701965542705,28.8386627538769,"Ideal: pandemic shock only",45.701965542705,"Random forest",28.7954829112444,16.863302788828,16.9064826314606,15.869204508771,0,0.994098280057059,1.03727812268964,29.832761033934
711,2020,"South and Islands",2450,7.80373582816956,60.8982928758573,24.9135498434248,132.65568584638,4.88775694318854,19.3935527868155,483.162243995418,0,-0.588063147865423,5,26.5616289067353,25.4474213722606,1.83068747758934,3,28.3923163843247,31.3923163843247,25.2438385858493,"Ideal: pandemic shock only",28.3923163843247,"Random forest",25.9607990992234,3.14847779847535,2.43151728510131,1.83068747758934,0,1.31779032088601,0.600829807511969,26.5616289067353
712,2020,"North East",5253,8.56648130308267,73.3846019160651,25.0791048382796,73.3110753254328,4.2947116933237,19.6180618504624,492.003429871601,1,1.38651986396088,5,28.8315824468408,28.6244766200301,9.86461416147866,0,38.6961966083194,38.6961966083194,28.2854419660823,"Ideal: pandemic shock only",38.6961966083194,"Random forest",28.4561150847151,10.4107546422371,10.2400815236043,9.86461416147866,0,0.546140480758417,0.375467362125686,28.8315824468408
713,2020,"Center",5595,8.62961705016215,74.4702904324492,26.1536192355367,169.164052812357,5.13086897077294,24.8323831028772,649.456692383626,0,-1.89400506806033,5,27.1737419266039,25.7945678980328,5.34781323284597,1,32.5215551594499,33.5215551594499,25.96942195603,"Ideal: pandemic shock only",32.5215551594499,"Random forest",26.1967787910879,6.5521332034199,6.32477636836193,5.34781323284597,0,1.20431997057392,0.976963135515956,27.1737419266039
714,2020,"North West",5358,8.58637908138808,73.7259057292989,22.9892023065276,702.58995787664,6.55477344692662,24.2218357115532,556.840681408372,1,1.53465267264406,5,31.4837851027717,31.6577550510833,15.9569890532623,0,47.440774156034,47.440774156034,31.1432455871799,"Ideal: pandemic shock only",47.440774156034,"Random forest",30.9790068835008,16.2975285688541,16.4617672725332,15.9569890532623,0,0.340539515591768,0.504778219270953,31.4837851027717
715,2020,"North East",3058,8.0255598913952,64.4096115703714,23.0198634477665,55.2632875877031,4.01210881080748,29.5469914990917,680.167709601409,1,-1.00626296483463,5,26.9816343341473,24.742457365881,10.3331226839263,0,37.3147570180736,37.3147570180736,25.0839599517573,"Ideal: pandemic shock only",37.3147570180736,"Random forest",25.6241310388556,12.2307970663163,11.690625979218,10.3331226839263,0,1.89767438239008,1.35750329529175,26.9816343341473
716,2020,"North West",2394,7.78051629275369,60.5364337818057,22.751908207841,659.128765802568,6.49091891117028,26.9360909681115,612.847469184527,1,-0.467751861982764,5,30.3102235741782,28.5158615902111,16.1208845703658,0,46.4311081445441,46.4311081445441,28.4477695619664,"Ideal: pandemic shock only",46.4311081445441,"Random forest",28.7673048073864,17.9833385825777,17.6638033371577,16.1208845703658,0,1.86245401221183,1.54291876679183,30.3102235741782
717,2020,"South and Islands",2090,7.64477517763069,58.4425875165184,19.7900995001089,233.398616062326,5.45274779036755,20.61032143016,407.880311832094,0,0.0684040945014804,5,24.9927196520374,24.0736511615828,1.35228174485871,3,26.3450013968961,29.3450013968961,24.0773930211759,"Ideal: pandemic shock only",26.3450013968961,"Random forest",24.1952260198539,2.26760837572022,2.14977537704218,1.35228174485871,0,0.915326630861508,0.797493632183464,24.9927196520374
718,2020,"North West",14160,9.55819078624191,91.3590111061998,20.318762339759,996.646379240014,6.90439602223187,28.4392306983252,577.849969684849,1,-1.00344916825411,5,27.8613494884504,26.5217163568482,15.9584583059918,0,43.8198077944422,43.8198077944422,27.0595395434302,"Ideal: pandemic shock only",43.8198077944422,"Random forest",27.4345209228843,16.760268251012,16.3852868715579,15.9584583059918,0,0.801809945020198,0.426828565566082,27.8613494884504
719,2020,"North West",4576,8.42851717098918,71.0399017016595,24.9406387893619,125.193929665124,4.82986397238772,25.6628654975386,640.048258674087,0,-0.88805975852164,5,28.3225816286244,29.0022498671609,16.272519151393,0,44.5951007800174,44.5951007800174,27.5636955512424,"Ideal: pandemic shock only",44.5951007800174,"Random forest",28.6114361047957,17.031405228775,15.9836646752218,16.272519151393,0,0.758886077381963,-0.288854476171277,28.3225816286244
720,2020,"Center",867,6.76555935123271,45.7727933350523,16.437801939374,471.434759388763,6.15578072428928,20.3389271175093,334.327255616981,0,-0.371489706807686,5,23.9385167852236,24.040139158765,3.96453141129232,1,27.9030481965159,28.9030481965159,23.7478875084013,"Ideal: pandemic shock only",27.9030481965159,"Random forest",24.2256133326043,4.15516068811458,3.67743486391156,3.96453141129232,0,0.190629276822253,-0.287096547380764,23.9385167852236
721,2020,"Center",4552,8.42327775853215,70.9516081973825,20.9165295127053,134.364204269691,4.9005540553359,21.4768059858982,449.220246242686,0,-0.15255327106311,5,26.2819178957067,25.9822981247063,4.53684296514599,1,30.8187608608527,31.8187608608527,24.177399587066,"Ideal: pandemic shock only",30.8187608608527,"Random forest",26.0253598955333,6.64136127378669,4.79340096531937,4.53684296514599,0,2.1045183086407,0.256558000173382,26.2819178957067
722,2020,"North East",2746,7.9179831438748,62.6944570666855,30.4071307316633,520.943315160529,6.25564123575845,31.7628089070937,965.815882842836,0,-0.472133152570704,5,29.8493498237016,30.9332922760008,11.300829303715,0,41.1501791274166,41.1501791274166,29.6295577866504,"Ideal: pandemic shock only",41.1501791274166,"Random forest",30.7371314381548,11.5206213407662,10.4130476892618,11.300829303715,0,0.219792037051176,-0.887781614453244,29.8493498237016
723,2020,"South and Islands",600,5.41140839822038,29.28334085233,22.4461981084394,139.354560610404,4.93702148113123,18.4556631471046,414.259471222535,1,-0.357823189407207,5,26.6331901869813,24.9441723828912,1.49362651196119,3,28.1268166989425,31.1268166989425,25.0722918038054,"Ideal: pandemic shock only",28.1268166989425,"Random forest",25.2207394878908,3.05452489513703,2.90607721105162,1.49362651196119,0,1.56089838317584,1.41245069909043,26.6331901869813
724,2020,"Center",1224,7.10978121079994,50.5489888654438,25.6269570943472,88.655380108765,4.48475672000486,24.4279647534891,626.014404639889,1,0.104036284322571,5,27.6748452511493,27.7761351611068,5.26157111285795,1,32.9364163640072,33.9364163640072,27.7683569611782,"Ideal: pandemic shock only",32.9364163640072,"Random forest",27.7892663020717,5.168059402829,5.14715006193552,5.26157111285795,0,-0.0935117100289515,-0.114421050922433,27.6748452511493
725,2020,"Center",4389,8.38692526907902,70.3405154691163,26.0002995133501,233.591704052079,5.45357473684776,25.7723217515783,670.088084695464,1,0.641699236668088,5,28.1666445303977,28.7503232873178,5.39674376881453,1,33.5633882992123,34.5633882992123,28.535127209428,"Ideal: pandemic shock only",33.5633882992123,"Random forest",28.6398085790243,5.02826108978429,4.92357972018801,5.39674376881453,0,-0.368482679030232,-0.473164048626521,28.1666445303977
726,2020,"South and Islands",9676,9.17741039226977,84.2248615081412,24.6041621087414,57.4993926571268,4.05177438526277,25.1455305391517,618.684709695596,0,-2.52994350732764,5,24.9968244854798,23.0281722178948,2.1992932694377,3,27.1961177549175,30.1961177549175,23.2919806577688,"Ideal: pandemic shock only",27.1961177549175,"Random forest",23.7532202253812,3.90413709714874,3.44289752953635,2.1992932694377,0,1.70484382771103,1.24360426009864,24.9968244854798
727,2020,"Center",2849,7.95466157156787,63.2766407181786,22.5994243729489,212.10328081784,5.35707332971051,13.044107101784,294.789311959414,1,-1.77726989288782,5,24.8323870393934,24.8963659826442,4.13167247788479,1,28.9640595172782,29.9640595172782,24.4758240421747,"Ideal: pandemic shock only",28.9640595172782,"Random forest",25.4785547637536,4.48823547510352,3.48550475352454,4.13167247788479,0,0.356562997218732,-0.646167724360249,24.8323870393934
728,2020,"North West",3420,8.13729618741612,66.215589241737,26.993034765594,134.730858905953,4.90327915076379,37.79922072814,1020.31567922704,0,0.0394114820815086,5,30.5765533023066,31.2283033665959,17.3478275749207,0,47.9243808772273,47.9243808772273,30.024646643645,"Ideal: pandemic shock only",47.9243808772273,"Random forest",31.0555437981217,17.8997342335822,16.8688370791055,17.3478275749207,0,0.551906658661569,-0.478990495815125,30.5765533023066
729,2020,"North West",8524,9.05063884091861,81.9140634287445,18.7277319875744,519.247143825657,6.2523799621646,31.3396202707671,586.920009023281,0,0.159136225632834,5,26.9934985140332,28.6693200060844,15.9864722373224,0,42.9799707513556,42.9799707513556,27.0327451561063,"Ideal: pandemic shock only",42.9799707513556,"Random forest",28.4360860315131,15.9472255952493,14.5438847198425,15.9864722373224,0,-0.0392466420730919,-1.44258751747987,26.9934985140332
730,2020,"North East",3292,8.09936180563405,65.5996616585636,23.8953671552881,114.671790770295,4.7420740546571,25.1496271828537,600.959575352904,0,-0.00678570670328844,5,28.3347854982624,25.9615073256336,10.121612589617,0,38.4563980878794,38.4563980878794,26.6696548064993,"Ideal: pandemic shock only",38.4563980878794,"Random forest",26.4609382939324,11.7867432813801,11.995459793947,10.121612589617,0,1.66513069176307,1.87384720433005,28.3347854982624
731,2020,"South and Islands",2941,7.98659473890733,63.7856955235422,23.4269667861546,218.579669673299,5.38715056900802,19.0323345561903,445.869869510853,1,2.08954626177427,5,28.4935254044528,30.3623579033999,1.64187806514586,3,30.1354034695986,33.1354034695986,28.2290791895263,"Ideal: pandemic shock only",30.1354034695986,"Random forest",28.7272075266106,1.90632428007233,1.40819594298798,1.64187806514586,0,0.264446214926468,-0.233682122157882,28.4935254044528
732,2020,"Center",6714,8.81197611345018,77.6509230240166,22.7332513198104,65.4256460064343,4.18091432236722,13.8890832613951,315.744020383068,0,-0.0790857299528126,5,25.2077241483936,24.1103624502767,4.20554177321234,1,29.4132659216059,30.4132659216059,24.8035672827062,"Ideal: pandemic shock only",29.4132659216059,"Random forest",24.7251763750468,4.60969863889974,4.68808954655914,4.20554177321234,0,0.404156865687399,0.482547773346799,25.2077241483936
733,2020,"North West",6211,8.73405152091161,76.2836559699384,24.8138180563594,141.581905186239,4.95287838486123,24.2965662659322,602.890574717121,1,1.98920915098646,5,32.0995103162691,30.359927968636,16.1629279245503,0,48.2624382408194,48.2624382408194,30.555769469619,"Ideal: pandemic shock only",48.2624382408194,"Random forest",30.2764314238591,17.7066687712004,17.9860068169603,16.1629279245503,0,1.54374084665012,1.82307889240997,32.0995103162691
734,2020,"North East",5591,8.6289274154351,74.4583883408474,31.9959113363705,201.014260016266,5.30337585089713,32.8318761271199,1050.48579757003,1,-1.43833935378551,5,30.3992230131823,31.0529931779343,11.5504298756347,0,41.9496528888169,41.9496528888169,30.5618222398143,"Ideal: pandemic shock only",41.9496528888169,"Random forest",31.1855376171143,11.3878306490026,10.7641152717026,11.5504298756347,0,-0.162599226632041,-0.78631460393205,30.3992230131823
735,2020,"Center",4188,8.33989358260882,69.5538249692397,24.9994299400306,230.038352824548,5.4382460464328,13.1614255443822,329.028135807711,1,0.329446058315171,5,27.5189431523149,26.7449719371751,4.40388538124565,1,31.9228285335605,32.9228285335605,27.4128576414068,"Ideal: pandemic shock only",31.9228285335605,"Random forest",26.9678693853,4.50997089215374,4.95495914826055,4.40388538124565,0,0.10608551090809,0.551073767014898,27.5189431523149
736,2020,"North West",1807,7.49931193343271,56.2396794749262,30.4966468969128,279.310551968181,5.63232425228825,38.4610885601932,1172.9342370911,0,1.02825678342883,5,33.4171948219348,34.2438044431595,17.7795556576095,0,51.1967504795443,51.1967504795443,32.5395819809964,"Ideal: pandemic shock only",51.1967504795443,"Random forest",33.1794417880853,18.6571684985479,18.017308691459,17.7795556576095,0,0.87761284093844,0.237753033849543,33.4171948219348
737,2020,"South and Islands",3206,8.07267362214309,65.1680594096449,22.7043912734581,106.873816940604,4.67164885763406,19.3187882899769,438.621328264736,0,0.181756569808193,5,25.5232756207566,24.6174165011317,1.58244652011431,3,27.1057221408709,30.1057221408709,24.8562588435923,"Ideal: pandemic shock only",27.1057221408709,"Random forest",25.0649988002275,2.24946329727863,2.04072334064336,1.58244652011431,0,0.667016777164324,0.458276820529054,25.5232756207566
738,2020,"South and Islands",5616,8.63340359014035,74.5356575502483,23.6606013323644,118.77613664014,4.77724051671897,16.1273581205202,381.582991033897,1,0.39912476818524,5,27.0956050009501,28.1434343696588,1.46422951473202,3,28.5598345156821,31.5598345156821,25.8872435972112,"Ideal: pandemic shock only",28.5598345156821,"Random forest",26.9195964890132,2.6725909184709,1.64023802666891,1.46422951473202,0,1.20836140373887,0.176008511936883,27.0956050009501
739,2020,"North East",1255,7.13527288556431,50.9121191514692,26.0918223720315,86.689147104983,4.46232869838461,27.3933078430499,714.741322423234,0,-0.360409755254926,5,27.2152787316214,28.2735719557291,10.5202803096725,0,37.7355590412939,37.7355590412939,27.5494237297958,"Ideal: pandemic shock only",37.7355590412939,"Random forest",28.3384185380962,10.1861353114981,9.3971405031977,10.5202803096725,0,-0.334144998174429,-1.12313980647478,27.2152787316214
740,2020,"South and Islands",11248,9.32797541021726,87.0111252536179,18.3862229665094,117.140251532169,4.76337194793753,14.9495619476612,274.865979221343,1,-0.652914694051081,5,24.1060034927533,23.8822701455138,0.801602162387845,3,24.9076056551412,27.9076056551412,22.0793273509495,"Ideal: pandemic shock only",24.9076056551412,"Random forest",23.1804046066769,2.82827830419165,1.72720104846421,0.801602162387845,0,2.0266761418038,0.925598886076365,24.1060034927533
741,2020,"North West",1380,7.2298375518543,52.2705510262025,22.3994773019852,424.542895967608,6.05101305121765,31.8048410728965,712.41181570559,0,-0.666560250852499,5,28.6959251711544,26.9610696533294,16.4229296780567,0,45.118854849211,45.118854849211,27.1793227562277,"Ideal: pandemic shock only",45.118854849211,"Random forest",27.4169503186614,17.9395320929833,17.7019045305496,16.4229296780567,0,1.51660241492668,1.2789748524929,28.6959251711544
742,2020,"North West",2112,7.65552388774141,58.6070459957794,27.5938610733941,347.046671957899,5.84945927222196,37.2788870437076,1028.66843005482,1,-1.04421850920442,5,31.037591329897,31.0355726073948,17.3774951108684,0,48.4150864407654,48.4150864407654,30.6050466073866,"Ideal: pandemic shock only",48.4150864407654,"Random forest",30.8209692914251,17.8100398333788,17.5941171493403,17.3774951108684,0,0.432544722510372,0.216622038471893,31.037591329897
743,2020,"South and Islands",4875,8.49192336797227,72.1127624875135,26.5402448469718,124.618325201283,4.82525566778073,15.9685345852786,423.808817740631,1,1.00466214366415,5,28.3180596770744,27.5835074327744,1.76987265387193,3,30.0879323309463,33.0879323309463,27.7208321475692,"Ideal: pandemic shock only",30.0879323309463,"Random forest",28.1488000250033,2.3671001833771,1.93913230594304,1.76987265387193,0,0.597227529505167,0.169259652071114,28.3180596770744
744,2020,"South and Islands",2568,7.8507826800197,61.6347886888972,20.8640673575718,67.0561289977602,4.20553001491267,20.4736964570074,427.164581937481,0,0.928671604571619,5,24.7584068580632,24.5061477411161,1.46085446105895,3,26.2192613191221,29.2192613191221,23.9876525204234,"Ideal: pandemic shock only",26.2192613191221,"Random forest",24.5324236361403,2.23160879869874,1.68683768298182,1.46085446105895,0,0.770754337639797,0.225983221922877,24.7584068580632
745,2020,"South and Islands",7655,8.94310921613569,79.9792024517311,23.2216526513419,100.936676587925,4.61449335574085,20.7863187182755,482.692673175881,1,-0.418552597282298,5,25.8051969740016,26.0306890526273,1.74207240166243,3,27.547269375664,30.547269375664,25.3223093140763,"Ideal: pandemic shock only",27.547269375664,"Random forest",25.9384129853421,2.22496006158772,1.60885639032189,1.74207240166243,0,0.482887659925287,-0.133216011340536,25.8051969740016
746,2020,"North West",4870,8.49078013355857,72.0933472764329,28.783085598388,320.296740081048,5.76924787885819,30.8658119218091,888.413306609174,1,-0.703884260190109,5,31.4557694983292,29.3365576249949,17.0593945500848,0,48.515164048414,48.515164048414,30.1194153208915,"Ideal: pandemic shock only",48.515164048414,"Random forest",29.6652000912846,18.3957487275225,18.8499639571294,17.0593945500848,0,1.33635417743762,1.79056940704459,31.4557694983292
747,2020,"North East",2245,7.71650486529137,59.5444473360653,22.613352602908,170.706697585793,5.13994686503416,26.9873049959944,610.273443676643,0,0.352962563939626,5,28.0243244498939,28.1607212639035,10.109228435775,0,38.1335528856689,38.1335528856689,26.8580619193544,"Ideal: pandemic shock only",38.1335528856689,"Random forest",27.59296956034,11.2754909663145,10.5405833253289,10.109228435775,0,1.16626253053951,0.431354889553923,28.0243244498939
748,2020,"North West",834,6.72567286879559,45.2346755380531,26.2154829335374,359.150462802455,5.8837414171249,23.5522050807528,617.432430341648,0,0.797625164919989,5,30.6738444834881,30.1632238604066,16.2650057780773,0,46.9388502615654,46.9388502615654,29.6003334211784,"Ideal: pandemic shock only",46.9388502615654,"Random forest",29.6653080825612,17.338516840387,17.2735421790043,16.2650057780773,0,1.07351106230965,1.00853640092692,30.6738444834881
749,2020,"North East",11091,9.31391453078797,86.7490038868232,22.3590366070737,68.5921140190317,4.2281775721331,27.0114105393863,603.949117058835,1,-0.566727719223486,5,27.6845247838518,26.5001159733081,10.0829410642707,0,37.7674658481225,37.7674658481225,26.3236903423419,"Ideal: pandemic shock only",37.7674658481225,"Random forest",26.6997000116709,11.4437755057805,11.0677658364515,10.0829410642707,0,1.36083444150986,0.98482477218087,27.6845247838518
750,2020,"Center",4431,8.39642902314131,70.5000203406497,31.0922939813247,286.640962150973,5.65823042964392,33.2848036734789,1034.90090092648,0,0.863765692145525,5,31.9295397985568,31.9118907589142,6.48273689482477,1,38.4122766933816,39.4122766933816,30.8185776742482,"Ideal: pandemic shock only",38.4122766933816,"Random forest",31.296550697829,7.59369901913339,7.11572599555251,6.48273689482477,0,1.11096212430862,0.632989100727742,31.9295397985568
751,2020,"North East",3956,8.28298194015375,68.6077898209132,22.4186772260129,176.02730138283,5.17063910450141,23.2479428383241,521.188126661187,0,-0.37057247918522,5,25.245128783228,24.4844414079563,9.82605879327964,0,35.0711875765076,35.0711875765076,25.249101386532,"Ideal: pandemic shock only",35.0711875765076,"Random forest",25.4272759898108,9.82208618997563,9.64391158669679,9.82605879327964,0,-0.00397260330400862,-0.182147206582849,25.245128783228
752,2020,"South and Islands",4773,8.47067104106293,71.7522678859022,18.9085601999378,197.467200479907,5.28557249702999,20.2411168198835,382.730375902741,1,-0.723047026756012,5,22.3153594360675,24.248252147987,1.22946809912054,3,23.544827535188,26.544827535188,23.1781365777506,"Ideal: pandemic shock only",23.544827535188,"Random forest",23.6690778304959,0.36669095743741,-0.124250295307892,1.22946809912054,0,-0.862777141683127,-1.35371839442843,22.3153594360675
753,2020,"South and Islands",3318,8.10704429381416,65.7241671818647,16.8556005696279,250.425183234161,5.52316020619033,17.6214513836115,297.020145979273,1,-2.07369264795943,5,22.1501635812361,22.1280638355072,0.82026595924741,3,22.9704295404835,25.9704295404835,21.0307077757822,"Ideal: pandemic shock only",22.9704295404835,"Random forest",22.4272778438185,1.93972176470126,0.543151696665017,0.82026595924741,0,1.11945580545385,-0.277114262582392,22.1501635812361
754,2020,"Center",8837,9.08675710792738,82.5691547384689,18.6349790747901,256.984972671935,5.54901761109202,29.015025283648,540.694389015287,1,0.223337207111912,5,26.2145600481279,26.7519944238903,4.81354776781781,1,31.0281078159457,32.0281078159457,25.5858517536491,"Ideal: pandemic shock only",31.0281078159457,"Random forest",26.0879456898851,5.44225606229661,4.9401621260606,4.81354776781781,0,0.628708294478805,0.12661435824279,26.2145600481279
755,2020,"Center",10475,9.25671593547573,85.6867899100902,24.4460978694297,352.515713544577,5.8650951986902,21.0813130035052,515.355840899768,1,-0.111111783116082,5,28.2650428487391,25.9801151892223,4.89741097561816,1,33.1624538243572,34.1624538243572,26.8884946930723,"Ideal: pandemic shock only",33.1624538243572,"Random forest",26.8318220703145,6.27395913128489,6.33063175404274,4.89741097561816,0,1.37654815566673,1.43322077842459,28.2650428487391
756,2020,"North West",1832,7.5133457509539,56.450364373377,27.1010247796088,57.2230111351742,4.04695611006077,27.1998836191213,737.144719964282,0,0.88131858865764,5,31.0906580177219,30.0203236656458,16.617752878831,0,47.7084108965529,47.7084108965529,29.9543965815534,"Ideal: pandemic shock only",47.7084108965529,"Random forest",30.162414202571,17.7540143149995,17.5459966939819,16.617752878831,0,1.13626143616846,0.92824381515095,31.0906580177219
757,2020,"North West",3125,8.04706480905748,64.7552520411713,32.5740951421989,41.8345799855104,3.73372326991015,18.259355548859,594.78198488377,0,1.13549039432754,5,30.9826385959894,29.8364924182845,16.5939536537975,0,47.5765922497869,47.5765922497869,30.5999562466828,"Ideal: pandemic shock only",47.5765922497869,"Random forest",30.4414689014966,16.9766360031041,17.1351233482903,16.5939536537975,0,0.382682349306602,0.541169694492766,30.9826385959894
758,2020,"Center",3543,8.17286987258296,66.7958019541743,22.1681515164661,199.582482869355,5.29622759885055,23.4790994639277,520.488234386527,0,-1.21662154128526,5,25.66006702454,25.6544316417397,4.81468192902174,1,30.4747489535617,31.4747489535617,24.5776059488404,"Ideal: pandemic shock only",30.4747489535617,"Random forest",25.7592726428947,5.89714300472134,4.71547631066705,4.81468192902174,0,1.0824610756996,-0.0992056183546932,25.66006702454
759,2020,"North West",4624,8.43903722612896,71.2173493039904,29.9616748166339,189.207898097053,5.2428464004455,29.0609597912034,870.715027123308,0,-0.294736931172028,5,30.5771035413364,29.8016714867893,17.0626997149495,0,47.6398032562859,47.6398032562859,29.9776909239727,"Ideal: pandemic shock only",47.6398032562859,"Random forest",30.2381241418126,17.6621123323132,17.4016791144733,17.0626997149495,0,0.599412617363726,0.338979399523822,30.5771035413364
760,2020,"North East",1139,7.03752735439501,49.5267912638581,25.5168226889179,238.654706785735,5.47501776580397,27.9937612709574,714.311842746917,0,-0.237257285590228,5,29.5209632166023,28.5093332697886,10.4990620844835,0,40.0200253010858,40.0200253010858,28.0740770491069,"Ideal: pandemic shock only",40.0200253010858,"Random forest",28.5503173177413,11.9459482519789,11.4697079833445,10.4990620844835,0,1.44688616749536,0.970645898860944,29.5209632166023
761,2020,"Center",2429,7.79510844458994,60.7637156629173,24.7808861212081,124.924270396319,4.82770771687956,17.8345468758341,441.955875153392,1,-0.540621878101564,5,23.8248403863968,27.687132541334,4.70696405437681,1,28.5318044407736,29.5318044407736,26.7636964381586,"Ideal: pandemic shock only",28.5318044407736,"Random forest",27.687584955237,1.76810800261507,0.844219485536581,4.70696405437681,0,-2.93885605176174,-3.86274456884023,23.8248403863968
762,2020,"South and Islands",10381,9.24770469423618,85.5200421117978,24.0834810974001,1467.03194390917,7.29099655289512,23.4868658785403,565.645490422997,1,-2.07473890801781,5,25.1606288270089,26.4226825821273,2.02591183194737,3,27.1865406589562,30.1865406589562,24.6458919330641,"Ideal: pandemic shock only",27.1865406589562,"Random forest",26.7890409572332,2.54064872589214,0.397499701723078,2.02591183194737,0,0.51473689394477,-1.62841213022429,25.1606288270089
763,2020,"South and Islands",2268,7.72643780359854,59.6978411328766,20.0766121637032,94.18825064308,4.54529544602269,14.0877959993413,282.835216520145,0,0.381847222486569,5,25.2705885528582,23.3615614963091,0.927221357696779,3,26.1978099105549,29.1978099105549,23.4033646922747,"Ideal: pandemic shock only",26.1978099105549,"Random forest",23.6906617600919,2.79444521828021,2.50714815046304,0.927221357696779,0,1.86722386058343,1.57992679276626,25.2705885528582
764,2020,"North West",4170,8.33565511480177,69.4831461929209,30.2954878724734,404.412474073695,6.00243533255015,39.1878064830526,1187.21371605615,1,1.66265920335774,5,33.4952375734004,32.3035041777847,17.8082984195213,0,51.3035359929217,51.3035359929217,33.2829550501179,"Ideal: pandemic shock only",51.3035359929217,"Random forest",33.1781963444641,18.0205809428039,18.1253396484576,17.8082984195213,0,0.212282523282582,0.317041228936354,33.4952375734004
765,2020,"North East",10428,9.25227830945928,85.6046539156907,25.3694477431049,93.7093372346382,4.54019783459592,32.2840032411665,819.027333165005,0,0.171821414389516,5,27.7616264646244,27.1138048768554,10.7831677783587,0,38.5447942429832,38.5447942429832,27.771774887572,"Ideal: pandemic shock only",38.5447942429832,"Random forest",28.0564830493477,10.7730193554111,10.4883111936355,10.7831677783587,0,-0.0101484229476227,-0.294856584723277,27.7616264646244
766,2020,"South and Islands",4959,8.50890658529779,72.4014912773241,20.8842892153322,67.7892402484082,4.21640348395137,26.3043458460446,549.347566268917,0,-0.502724455898691,5,23.7972287027786,22.4214384368912,1.87122432264519,3,25.6684530254238,28.6684530254238,22.9149638622827,"Ideal: pandemic shock only",25.6684530254238,"Random forest",23.5686107984154,2.75348916314112,2.0998422270084,1.87122432264519,0,0.882264840495925,0.228617904363209,23.7972287027786
767,2020,"Center",2810,7.94111624809157,63.061327265704,24.719324652168,140.337148610867,4.94404773189554,26.1787394000328,647.120758213914,0,-0.958063329812528,5,26.7274317211326,24.6741835320759,5.28428576947631,1,32.0117174906089,33.0117174906089,25.6419201943386,"Ideal: pandemic shock only",32.0117174906089,"Random forest",25.8738372077886,6.36979729627023,6.1378802828203,5.28428576947631,0,1.08551152679392,0.853594513343987,26.7274317211326
768,2020,"North West",2207,7.69953141202405,59.2827839647451,23.8687049053961,373.392207704871,5.92262936239729,20.2191059028514,482.603872246112,0,-0.0334353261050242,5,28.2939446116279,28.2767107968354,15.7735432525287,0,44.0674878641566,44.0674878641566,27.4018748927833,"Ideal: pandemic shock only",44.0674878641566,"Random forest",27.7501031525687,16.6656129713733,16.3173847115879,15.7735432525287,0,0.892069718844594,0.543841459059189,28.2939446116279
769,2020,"South and Islands",1866,7.53130329973007,56.720529392525,22.0367821054432,72.507741067883,4.28369332951087,25.369580665114,559.063921223581,1,-1.50217943808145,5,23.9806712598217,25.0214555681986,1.93256497789226,3,25.913236237714,28.913236237714,23.2897871280539,"Ideal: pandemic shock only",25.913236237714,"Random forest",24.9295504809712,2.62344910966001,0.983685756742709,1.93256497789226,0,0.69088413176775,-0.948879221149549,23.9806712598217
770,2020,"North West",7325,8.89899345009616,79.1920844248543,20.6619439246155,65.8557902157989,4.18746735470783,25.463782318058,526.131242364329,0,0.649199324678758,5,27.2415559183385,26.102386442794,15.7879268937073,0,43.0294828120458,43.0294828120458,26.5922221988004,"Ideal: pandemic shock only",43.0294828120458,"Random forest",26.5926239681783,16.4372606132454,16.4368588438675,15.7879268937073,0,0.649333719538124,0.648931950160204,27.2415559183385
771,2020,"South and Islands",715,6.57297023776825,43.2039377465872,21.2270303727638,360.594855915905,5.88775504532056,28.1666091320488,597.893467543768,0,-0.723052163061061,5,25.8237712666881,25.0627617181106,2.03928427998297,3,27.8630555466711,30.8630555466711,24.7923038078162,"Ideal: pandemic shock only",27.8630555466711,"Random forest",24.9763525921763,3.07075173885481,2.88670295449478,2.03928427998297,0,1.03146745887184,0.847418674511809,25.8237712666881
772,2020,"Center",13258,9.49237251156334,90.1051358982833,31.0075388591415,101.249399008642,4.61758677025191,22.854566123791,708.663847192269,1,1.0268641325738,5,32.2132013242414,32.0332843393173,5.74329720290647,1,37.9564985271479,38.9564985271479,30.8991990218492,"Ideal: pandemic shock only",37.9564985271479,"Random forest",31.4134010592628,7.05729950529867,6.5430974678851,5.74329720290647,0,1.3140023023922,0.799800264978635,32.2132013242414
773,2020,"South and Islands",3675,8.20928928718205,67.392430600642,26.497484357789,138.551774669311,4.93124408009965,26.500768154167,702.203689634433,1,0.448320236229028,5,28.2454579408335,28.0223220268423,2.50242534988401,3,30.7478832907175,33.7478832907175,27.2732997388593,"Ideal: pandemic shock only",30.7478832907175,"Random forest",27.7573069100061,3.47458355185817,2.99057638071143,2.50242534988401,0,0.972158201974158,0.488151030827415,28.2454579408335
774,2020,"North East",4670,8.44899515466924,71.3855191236244,27.5299059296492,638.661605565946,6.45937474535209,31.080549994747,855.644617597143,0,1.36784709501673,5,32.064056829602,30.5423216754158,10.9365764516292,0,43.0006332812313,43.0006332812313,30.9374036773873,"Ideal: pandemic shock only",43.0006332812313,"Random forest",30.9281641496238,12.063229603844,12.0724691316075,10.9365764516292,0,1.12665315221475,1.13589267997824,32.064056829602
775,2020,"North East",2348,7.76125562172841,60.2370888258108,24.7491499987835,176.341052180126,5.17241991641054,27.9237034509373,691.087925228796,0,-0.786199334231036,5,27.4295804469496,25.648251129731,10.4097140411673,0,37.8392944881169,37.8392944881169,26.6718544367295,"Ideal: pandemic shock only",37.8392944881169,"Random forest",26.7603222386813,11.1674400513874,11.0789722494356,10.4097140411673,0,0.757726010220052,0.669258208268291,27.4295804469496
776,2020,"Center",3300,8.10157911247786,65.6355841157375,24.8967404598977,115.371152551969,4.74815434493843,23.9311816185747,595.808417656328,0,0.523157808379569,5,27.8561937200735,27.5678750938692,5.14647246362451,1,33.002666183698,34.002666183698,27.1235008986986,"Ideal: pandemic shock only",33.002666183698,"Random forest",26.7284447220985,5.87916528499944,6.27422146159953,5.14647246362451,0,0.732692821374932,1.12774899797502,27.8561937200735
777,2020,"Center",1313,7.18035679056505,51.5575236398136,16.1864992062681,210.90455319178,5.35140567659156,22.2217277429276,359.691978472803,0,-1.34797738717584,5,22.3236907933276,21.6701873496493,4.06868415442995,1,26.3923749477575,27.3923749477575,21.7205262730962,"Ideal: pandemic shock only",26.3923749477575,"Random forest",22.4310698134981,4.67184867466138,3.96130513425947,4.06868415442995,0,0.60316452023143,-0.107379020170481,22.3236907933276
778,2020,"Center",876,6.77526657204532,45.9042371222747,23.0341489913654,53.2068878719069,3.97418785924336,23.3725220718559,538.366155707104,0,-0.248048447483347,5,26.496621116103,24.981387209853,4.90248123381563,1,31.3991023499186,32.3991023499186,25.4415004552738,"Ideal: pandemic shock only",31.3991023499186,"Random forest",25.1285138491696,5.95760189464485,6.27058850074906,4.90248123381563,0,1.05512066082922,1.36810726693342,26.496621116103
779,2020,"North East",3272,8.09325686987248,65.5008067617381,33.889402400401,222.321130959368,5.40412287250015,23.8932671040902,809.728543550777,1,0.071240996350188,5,31.0731590247199,31.8854161421127,11.133011261066,0,42.2061702857859,42.2061702857859,31.7372409335433,"Ideal: pandemic shock only",42.2061702857859,"Random forest",31.6094285326008,10.4689293522426,10.5967417531851,11.133011261066,0,-0.664081908823341,-0.536269507880849,31.0731590247199
780,2020,"South and Islands",2849,7.95464276134958,63.2763414606913,24.1229458689613,142.087643441188,4.95644407453946,20.1890691395705,487.019821998576,0,-0.116913293278337,5,26.2105758498597,26.2388657837778,1.79940718509121,3,28.0099830349509,31.0099830349509,25.502215408108,"Ideal: pandemic shock only",28.0099830349509,"Random forest",25.8413928283066,2.50776762684288,2.16859020664431,1.79940718509121,0,0.708360441751668,0.369183021553098,26.2105758498597
781,2020,"Center",1249,7.12983980098854,50.8346155877604,20.3096286563319,60.338614468685,4.0999722713971,25.0324559851216,508.399885413794,1,0.769779267498416,5,26.2942524741451,25.6928037978926,4.71897937089056,1,31.0132318450357,32.0132318450357,25.7324308116773,"Ideal: pandemic shock only",31.0132318450357,"Random forest",25.5568937231851,5.28080103335838,5.45633812185055,4.71897937089056,0,0.561821662467822,0.737358750959992,26.2942524741451
782,2020,"Center",834,6.7265230238661,45.2461119906007,27.9422384324327,199.576910110571,5.29619967637706,26.8586779098919,750.491582138112,0,-0.90469793334856,5,27.0008849912575,27.9576073459165,5.68640198099556,1,32.6872869722531,33.6872869722531,27.0316181769594,"Ideal: pandemic shock only",32.6872869722531,"Random forest",28.0506388461054,5.65566879529364,4.63664812614772,5.68640198099556,0,-0.0307331857019184,-1.04975385484784,27.0008849912575
783,2020,"South and Islands",8892,9.09291869098108,82.6811703207931,20.8921860347294,675.011898848016,6.51473031864015,22.4652001255007,469.347140329389,1,0.845834918973304,5,27.2241435904548,25.2635817045459,1.60335277234082,3,28.8274963627956,31.8274963627956,25.7598835330906,"Ideal: pandemic shock only",28.8274963627956,"Random forest",25.9122915176868,3.06761282970499,2.9152048451088,1.60335277234082,0,1.46426005736417,1.31185207276798,27.2241435904548
784,2020,"North West",7199,8.88176588523941,78.8857652402026,22.8110509944647,350.412951753833,5.85911232114692,28.630472851859,653.091176219393,0,1.22005205931433,5,28.59968605635,27.7749915684604,16.2459970087568,0,44.8456830651068,44.8456830651068,28.4427838887185,"Ideal: pandemic shock only",44.8456830651068,"Random forest",28.3123098814605,16.4028991763883,16.5333731836463,16.2459970087568,0,0.156902167631475,0.287376174889481,28.59968605635
785,2020,"North East",6148,8.72391862689084,76.1067562086129,17.8917406184175,195.375210870101,5.2749218680506,22.7975472126764,407.887801465332,0,0.978804490413871,5,25.0763350366749,25.129981166675,9.2965680726488,0,34.3729031093237,34.3729031093237,25.0520978741113,"Ideal: pandemic shock only",34.3729031093237,"Random forest",25.0836162232916,9.32080523521238,9.28928688603204,9.2965680726488,0,0.0242371625635815,-0.00728118661676369,25.0763350366749
786,2020,"South and Islands",1824,7.50897203056,56.3846609557324,24.529344202307,108.207714448871,4.68405266191951,16.8234422520346,412.668005667791,0,0.659030468295578,5,26.3018242986305,25.7700151895732,1.60851711963172,3,27.9103414182622,30.9103414182622,25.8977662711718,"Ideal: pandemic shock only",27.9103414182622,"Random forest",25.7703520119052,2.01257514709041,2.13998940635701,1.60851711963172,0,0.404058027458683,0.531472286725291,26.3018242986305
787,2020,"South and Islands",8360,9.031208961738,81.5627353105768,22.4603594700025,112.276334000485,4.7209631004484,26.6459099433363,598.476715732645,1,1.11817442311321,5,29.4940455958256,26.9844487395152,2.06850153746934,3,31.5625471332949,34.5625471332949,26.4747205005006,"Ideal: pandemic shock only",31.5625471332949,"Random forest",27.1891642197468,5.08782663279436,4.37338291354812,2.06850153746934,0,3.01932509532502,2.30488137607878,29.4940455958256
788,2020,"South and Islands",1042,6.94928896084724,48.2926170613533,22.4736278325799,239.951466362618,5.48043667940297,17.9792605788239,404.059210953463,0,2.08688855157982,5,28.2129624644583,26.9227054360579,1.46329560183699,3,29.6762580662953,32.6762580662953,27.0152323004677,"Ideal: pandemic shock only",29.6762580662953,"Random forest",26.9918841391638,2.66102576582757,2.68437392713146,1.46329560183699,0,1.19773016399058,1.22107832529447,28.2129624644583
789,2020,"North East",2091,7.64536132042039,58.4515497197802,25.9810267926234,346.970476656372,5.84923969464528,29.4318512032783,764.669714668878,0,0.0996411812435653,5,29.1829051416781,29.0861070778758,10.6507908311536,0,39.8336959728316,39.8336959728316,27.7692390059717,"Ideal: pandemic shock only",39.8336959728316,"Random forest",28.8840778307819,12.06445696686,10.9496181420497,10.6507908311536,0,1.41366613570638,0.298827310896144,29.1829051416781
790,2020,"North East",1400,7.24457174035811,52.4838197011953,26.2313522656041,89.6405772109179,4.49580808812348,28.9375932043042,759.072201060855,0,-0.239309550127693,5,27.4017220392082,29.507878621858,10.6437285732533,0,38.0454506124614,38.0454506124614,27.8243209330353,"Ideal: pandemic shock only",38.0454506124614,"Random forest",29.0129095203085,10.2211296794261,9.03254109215289,10.6437285732533,0,-0.422598893827182,-1.61118748110039,27.4017220392082
791,2020,"North West",8392,9.03498545456024,81.6309621641151,22.6103177580474,999.823520887102,6.90757878429497,25.5883596292733,578.560942125061,1,0.171527940957398,5,30.669795105972,29.5326236425373,16.0109684271699,0,46.6807635331419,46.6807635331419,28.3775288302325,"Ideal: pandemic shock only",46.6807635331419,"Random forest",29.673681487662,18.3032347029094,17.0070820454799,16.0109684271699,0,2.29226627573953,0.996113618310012,30.669795105972
792,2020,"North West",2317,7.74800095732543,60.0315188347157,26.2432117109504,347.640364329085,5.85116850957551,32.0264390877682,840.476621328158,1,0.467339815125135,5,31.608138045479,29.8885311816209,16.8612523240838,0,48.4693903695629,48.4693903695629,30.0148393561039,"Ideal: pandemic shock only",48.4693903695629,"Random forest",30.4661331210187,18.4545510134589,18.0032572485442,16.8612523240838,0,1.59329868937509,1.14200492446034,31.608138045479
793,2020,"North West",4562,8.42559491809219,70.990649723781,24.964874774459,207.317388752009,5.33425089798852,25.8976607742582,646.531858180775,0,-1.02669587787141,5,26.523759962046,26.7266704235689,16.2916207791241,0,42.81538074117,42.81538074117,27.1652907040182,"Ideal: pandemic shock only",42.81538074117,"Random forest",27.8133975104161,15.6500900371518,15.001983230754,16.2916207791241,0,-0.641530741972254,-1.28963754837015,26.523759962046
794,2020,"North East",3018,8.01238456817985,64.1983064684067,21.4049484942458,142.891722603677,4.9620871588612,23.888318436229,511.328225741624,1,-0.742554982772216,5,26.5099320390976,27.1903162754756,9.7593749246386,0,36.2693069637362,36.2693069637362,26.1254818347091,"Ideal: pandemic shock only",36.2693069637362,"Random forest",26.7665845171719,10.1438251290271,9.50272244656428,9.7593749246386,0,0.384450204388465,-0.256652478074315,26.5099320390976
795,2020,"North East",600,5.8731757075524,34.4941928917836,22.2817106082087,196.805806097426,5.28221748671053,28.9363800320348,644.752045922949,0,-0.287219299287345,5,27.1967966324723,26.7008737944993,10.2091830688809,0,37.4059797013532,37.4059797013532,26.6501179281499,"Ideal: pandemic shock only",37.4059797013532,"Random forest",27.0539998035192,10.7558617732033,10.3519798978341,10.2091830688809,0,0.546678704322384,0.142796828953143,27.1967966324723
796,2020,"Center",2100,7.64982209407751,58.5197780710365,20.2929746484587,59.0155489371979,4.07780095049325,24.8034417120072,503.335613856287,1,-2.00116654413653,5,23.9618241299681,23.3219262562739,4.7011164309065,1,28.6629405608746,29.6629405608746,22.3098487363025,"Ideal: pandemic shock only",28.6629405608746,"Random forest",23.7175879530047,6.35309182457216,4.94535260786994,4.7011164309065,0,1.65197539366566,0.244236176963439,23.9618241299681
797,2020,"North East",11084,9.31328086646449,86.7372004976536,22.1614630141046,83.7189001060036,4.42746475972279,26.7665978232904,593.186967674264,0,-1.7153620728849,5,24.9905192829123,26.7241938058536,10.0440710789174,0,35.0345903618297,35.0345903618297,24.2771351204617,"Ideal: pandemic shock only",35.0345903618297,"Random forest",26.7019516987753,10.757455241368,8.33263866305439,10.0440710789174,0,0.713384162450605,-1.71143241586298,24.9905192829123
798,2020,"Center",4617,8.43747727139865,71.1910227053687,23.7768492955003,204.08341384547,5.31852880167027,28.0756297795377,667.550018144328,1,-0.39427038639342,5,28.961044729203,26.4122096942347,5.31339580680821,1,34.2744405360112,35.2744405360112,26.7280340179919,"Ideal: pandemic shock only",34.2744405360112,"Random forest",27.131875910938,7.54640651801924,7.14256462507321,5.31339580680821,0,2.23301071121103,1.829168818265,28.961044729203
799,2020,"Center",3880,8.26349819692708,68.2854024506171,25.7294411875025,237.102509600089,5.46849257757919,25.3051667651389,651.087800023584,1,1.00256920896391,5,30.1279775259101,29.9329878293919,5.33424850392053,1,35.4622260298307,36.4622260298307,29.6024487310595,"Ideal: pandemic shock only",35.4622260298307,"Random forest",30.2285824750418,5.85977729877119,5.23364355478886,5.33424850392053,0,0.525528794850661,-0.100604949131665,30.1279775259101
800,2020,"Center",4137,8.327697064225,69.3505383935018,27.3195684525821,177.035926616981,5.17635268721432,17.759589289921,485.184315295742,1,-1.41454880474457,5,27.8838835259831,26.3602084839131,4.98097207981404,1,32.8648556057971,33.8648556057971,26.6841265126888,"Ideal: pandemic shock only",32.8648556057971,"Random forest",26.8519543402621,6.18072909310837,6.01290126553504,4.98097207981404,0,1.19975701329434,1.03192918572101,27.8838835259831
1,2020,"South and Islands",10286,9.23849373967243,85.3497665779667,18.2357663832712,332.662443805042,5.80712829358997,20.6636287213983,376.817105994072,1,0.102202115299783,5,24.6982352397364,23.6287270575095,1.18503661239324,3,25.8832718521297,28.8832718521297,23.4669446157801,"Failure: extra reporting shock",28.8832718521297,"Random forest",23.4836439992987,5.41632723634957,5.39962785283098,1.18503661239324,3,4.23129062395633,4.21459124043774,24.6982352397364
2,2020,"Center",14386,9.5740184656442,91.6618295804961,23.9070573168775,199.48993129326,5.29576376534831,21.2006829749451,506.845943038962,0,-0.102505265195586,5,28.4231608243064,26.9071927072636,4.84647241283822,1,33.2696332371446,34.2696332371446,26.1911690755809,"Failure: extra reporting shock",34.2696332371446,"Random forest",27.1578638563079,8.07846416156368,7.11176938083667,4.84647241283822,1,3.23199174872546,2.26529696799846,28.4231608243064
3,2020,"North West",6884,8.83698100942289,78.0922333609007,29.3633249012393,100.850888839305,4.61364307783987,30.9091583116966,907.595657930187,1,-1.40259554374653,5,30.8687012397279,28.9789919091783,17.1262551206906,0,47.9949563604185,47.9949563604185,28.8890255692267,"Failure: extra reporting shock",47.9949563604185,"Random forest",28.8546027844915,19.1059307911917,19.1403535759269,17.1262551206906,0,1.97967567050111,2.01409845523634,30.8687012397279
4,2020,"North West",3982,8.28942727418001,68.7146045339195,20.1177466372694,385.046606733733,5.9533643834123,33.7133579127027,678.236792779334,0,1.52125168619192,5,28.7859158559594,29.20411387194,16.3055354837244,0,45.0914513396838,45.0914513396838,28.178120481095,"Failure: extra reporting shock",45.0914513396838,"Random forest",28.5803128838245,16.9133308585888,16.5111384558593,16.3055354837244,0,0.607795374864438,0.205602972134923,28.7859158559594
5,2020,"South and Islands",3587,8.18497332128901,66.9937882702129,23.8907750639684,256.764031206058,5.54815749660876,22.8290042469439,545.402605398117,1,-0.0343474656166524,5,27.4727447008122,27.4765471768368,1.95866385405813,3,29.4314085548703,32.4314085548703,26.0000961846205,"Failure: extra reporting shock",32.4314085548703,"Random forest",27.2791935353811,6.43131237024977,5.15221501948923,1.95866385405813,3,4.47264851619164,3.1935511654311,27.4727447008122
6,2020,"North East",6299,8.74820815114058,76.5311458556824,25.9914775873801,103.278331287714,4.6374275892401,26.2223346338362,681.557222924133,0,0.342352276402927,5,29.5110435871732,27.6558310628478,10.4272742587159,0,39.9383178458891,39.9383178458891,28.2141653218007,"Failure: extra reporting shock",39.9383178458891,"Random forest",28.1371860786906,11.7241525240884,11.8011317671985,10.4272742587159,0,1.2968782653725,1.37385750848261,29.5110435871732
7,2020,"South and Islands",4801,8.47649145982425,71.8509074684734,21.2940430517708,78.4633743319657,4.36263194689163,12,255.528516621249,0,-1.936613444441,5,22.5170090705947,21.4613357325205,0.914993035430316,3,23.4320021060251,26.4320021060251,20.8456419398421,"Failure: extra reporting shock",26.4320021060251,"Random forest",21.2938840517209,5.58636016618293,5.13811805430411,0.914993035430316,3,4.67136713075262,4.2231250188738,22.5170090705947
8,2020,"South and Islands",1830,7.5118138441999,56.4273472299133,21.7363711877759,167.003260092106,5.11801333373583,21.3553858176639,464.188592990908,0,1.39367097976495,5,27.2786396565621,26.1408069593151,1.61852613762735,3,28.8971657941895,31.8971657941895,25.8805483465455,"Failure: extra reporting shock",31.8971657941895,"Random forest",26.0701801256201,6.01661744764394,5.82698566856936,1.61852613762735,3,4.39809131001658,4.20845953094201,27.2786396565621
9,2020,"North East",1290,7.16218484888405,51.2968918095842,23.3533679380232,132.314383324117,4.88518078270303,25.8886651667357,604.587523063063,0,-0.157522735618335,5,26.6445229397462,26.4256304170177,10.1137253345896,0,36.7582482743358,36.7582482743358,26.6612641721932,"Failure: extra reporting shock",36.7582482743358,"Random forest",26.9698964174094,10.0969841021425,9.78835185692639,10.1137253345896,0,-0.0167412324470497,-0.325373477663192,26.6445229397462
10,2020,"North East",2754,7.9207715144254,62.7386213837329,23.211262370144,67.7980992364357,4.21653415969253,36.6407212003251,850.477393212041,0,0.284345678893564,5,27.8804973548588,27.7629231618064,10.8507376444741,0,38.7312349993329,38.7312349993329,26.9858558854825,"Failure: extra reporting shock",38.7312349993329,"Random forest",27.4719558874487,11.7453791138504,11.2592791118842,10.8507376444741,0,0.894641469376301,0.408541467410091,27.8804973548588
11,2020,"South and Islands",4848,8.48633727517333,72.0179203479963,21.5238464536095,223.44217233119,5.40915264380229,23.1413747201262,498.091396201437,0,-0.259634480914693,5,24.6487396301726,24.829923388856,1.72016764004141,3,26.368907270214,29.368907270214,24.3338070294692,"Failure: extra reporting shock",29.368907270214,"Random forest",24.6729783457,5.03510024074473,4.69592892451398,1.72016764004141,3,3.31493260070332,2.97576128447257,24.6487396301726
12,2020,"Center",1294,7.16586168199184,51.3495736454389,20.6375578294386,225.10557686742,5.41656952267207,25.1788443701807,519.62985676804,0,1.24426604074983,5,27.9541393184479,27.3031650458502,4.76529876688643,1,32.7194380853344,33.7194380853344,26.7804329771759,"Failure: extra reporting shock",33.7194380853344,"Random forest",26.8126209942568,6.93900510815843,6.90681709107755,4.76529876688643,1,2.173706341272,2.14151832419112,27.9541393184479
13,2020,"North West",7482,8.92020760247728,79.5701036712935,20.447922946792,261.879555042833,5.56788468448344,33.636038686689,687.78712730073,0,0.174944000493445,5,28.4960811005113,27.5755037438962,16.3364425319509,0,44.8325236324622,44.8325236324622,26.6550495902203,"Failure: extra reporting shock",44.8325236324622,"Random forest",27.6652090501836,18.177474042242,17.1673145822786,16.3364425319509,0,1.84103151029108,0.830872050327713,28.4960811005113
14,2020,"North West",1005,6.91277249764589,47.7864236042094,27.328868627968,256.495065275403,5.54710942573337,27.0393474811807,738.954775099164,0,-0.012820598096498,5,30.2837905810738,30.6774365765926,16.6315781724947,0,46.9153687535685,46.9153687535685,29.6268020808238,"Failure: extra reporting shock",46.9153687535685,"Random forest",30.1501919634414,17.2885666727447,16.765176790127,16.6315781724947,0,0.656988500250026,0.13359861763238,30.2837905810738
15,2020,"Center",719,6.57721184818334,43.2597156958833,18.7175132938513,70.6912453112666,4.25832173654017,34.4408466476493,644.64700497887,0,0.902773355888619,5,24.7292745194697,25.5305335153431,5.20243402739463,1,29.9317085468643,30.9317085468643,24.7849420520044,"Failure: extra reporting shock",30.9317085468643,"Random forest",25.4485325852581,6.14676649485992,5.48317596160621,5.20243402739463,1,0.944332467465296,0.280741934211589,24.7292745194697
16,2020,"South and Islands",4172,8.33623312119931,69.4927826509803,17.2199381852919,65.0011395371597,4.17440480108288,26.0189371414685,448.044489223083,0,-0.874708957283175,5,21.8610452603894,20.8728141762534,1.44816710002044,3,23.3092123604099,26.3092123604099,21.0713409399273,"Failure: extra reporting shock",26.3092123604099,"Random forest",21.2035936816501,5.23787142048254,5.10561867875976,1.44816710002044,3,3.7897043204621,3.65745157873932,21.8610452603894
17,2020,"Center",6628,8.79910823977861,77.4243058153399,31.633656954978,228.821698353811,5.4329430904715,27.5263100522006,870.757849427675,1,0.857702848510357,5,32.0925105248977,32.5089518206166,6.13919226843715,1,38.2317027933349,39.2317027933349,31.9495727658771,"Failure: extra reporting shock",39.2317027933349,"Random forest",32.1606052342511,7.28213002745776,7.07109755908378,6.13919226843715,1,1.14293775902061,0.931905290646634,32.0925105248977
18,2020,"Center",9536,9.16284538768411,83.957735598604,21.6560360556492,107.322095596264,4.67583455198124,23.0590144434687,499.366848195495,1,0.190456751900787,5,27.6483854395657,26.8765062839497,4.72894327689976,1,32.3773287164655,33.3773287164655,26.2078486869263,"Failure: extra reporting shock",33.3773287164655,"Random forest",26.7432854008288,7.1694800295392,6.63404331563662,4.72894327689976,1,2.44053675263945,1.90510003873687,27.6483854395657
19,2020,"North East",600,5.98467535142645,35.8163390619713,17.7943905018863,72.7233808011914,4.28666293945401,23.035829456374,409.908544881574,0,0.0605462911258852,5,24.297616675145,23.3304830776877,9.3025393168892,0,33.6001559920342,33.6001559920342,23.6898778749618,"Failure: extra reporting shock",33.6001559920342,"Random forest",23.6173666920324,9.91027811707234,9.98278930000173,9.3025393168892,0,0.607738800183135,0.680249983112525,24.297616675145
20,2020,"North West",6085,8.7135303524629,75.9256112032922,25.7604526501476,620.454507927329,6.43045228677136,27.3097708223983,703.512058156774,0,-0.038340829443112,5,30.4594082930421,30.3351230932505,16.4779820488196,0,46.9373903418617,46.9373903418617,29.4406028230593,"Failure: extra reporting shock",46.9373903418617,"Random forest",29.3469079079788,17.4967875188024,17.5904824338829,16.4779820488196,0,1.0188054699828,1.1125003850633,30.4594082930421
21,2020,"South and Islands",1562,7.35384027479482,54.0789667871944,23.6964633227008,144.237043000694,4.9714580781351,17.5637912557815,416.1997353002,0,-0.972043929353759,5,25.8179833261977,24.0317989601232,1.56872465313732,3,27.386707979335,30.386707979335,24.3186509872065,"Failure: extra reporting shock",30.386707979335,"Random forest",25.0151749352983,6.06805699212855,5.37153304403675,1.56872465313732,3,4.49933233899123,3.80280839089942,25.8179833261977
22,2020,"North West",4644,8.4433875221435,71.2907928490886,24.4131054234423,163.897007989858,5.09923823048772,23.3468927456246,569.970153908735,0,-0.560667819054107,5,27.9396926161403,27.6674555299743,16.0523723885079,0,43.9920650046482,43.9920650046482,27.8565780322222,"Failure: extra reporting shock",43.9920650046482,"Random forest",28.1006853906796,16.135486972426,15.8913796139686,16.0523723885079,0,0.0831145839180643,-0.160992774539306,27.9396926161403
23,2020,"South and Islands",1043,6.94962893508659,48.2973423353927,18.3975252630413,38.7365646257476,3.65678397634276,17.5004420113867,321.964824018875,0,-0.593287985774852,5,21.96472530098,22.0175716479654,0.981407019467138,3,22.9461323204471,25.9461323204471,22.1310122144321,"Failure: extra reporting shock",25.9461323204471,"Random forest",22.2092874930029,3.81512010601502,3.73684482744419,0.981407019467138,3,2.83371308654788,2.75543780797705,21.96472530098
24,2020,"North West",600,6.3613747814852,40.4670891105159,22.5553625864567,135.745064317646,4.91077859953535,26.020059753315,586.891882257288,1,1.37586682080604,5,29.6591552367492,30.6256825927484,16.0351423669778,0,45.694297603727,45.694297603727,29.3890534997413,"Failure: extra reporting shock",45.694297603727,"Random forest",29.9956879330241,16.3052441039857,15.6986096707029,16.0351423669778,0,0.270101737007906,-0.33653269627494,29.6591552367492
25,2020,"Center",2397,7.78191620176788,60.5582197713374,26.1461810896943,305.807035243869,5.72295429925999,24.2356869827863,633.670660685076,0,-0.0794079682069027,5,30.1806664727763,28.4201520762445,5.30522630839694,1,35.4858927811732,36.4858927811732,27.3533382704291,"Failure: extra reporting shock",36.4858927811732,"Random forest",28.3384389364443,9.13255451074413,8.14745384472893,5.30522630839694,1,3.82732820234719,2.84222753633199,30.1806664727763
26,2020,"North East",600,6.32659865095325,40.0258504902435,23.9818184484714,199.988892091285,5.29826182546209,32.6616708352221,783.286260194031,1,-1.95852782318052,5,27.1429261533424,26.3764840958743,10.6569652875329,0,37.7998914408753,37.7998914408753,26.6460815267482,"Failure: extra reporting shock",37.7998914408753,"Random forest",27.278820550833,11.1538099141271,10.5210708900423,10.6569652875329,0,0.496844626594138,-0.135894397490629,27.1429261533424
27,2020,"North West",4005,8.29534109131844,68.8126838213163,23.6846137987644,80.6529238334538,4.39015505727371,34.5068453646383,817.281305875141,0,-0.744339009798601,5,28.0617139517882,27.8511180682801,16.7534349931243,0,44.8151489449125,44.8151489449125,26.8206889538213,"Failure: extra reporting shock",44.8151489449125,"Random forest",27.4930079537788,17.9944599910911,17.3221409911337,16.7534349931243,0,1.24102499796683,0.56870599800936,28.0617139517882
28,2020,"South and Islands",699,6.54961214141303,42.897419202945,24.0414938212618,184.853351824468,5.21956281789051,18.2378311089385,438.464703918761,1,1.57709601490865,5,29.534127011403,28.4950372503885,1.65386079770002,3,31.187987809103,34.187987809103,27.4868669650193,"Failure: extra reporting shock",34.187987809103,"Random forest",27.876624096904,6.70112084408373,6.31136371219906,1.65386079770002,3,5.04726004638371,4.65750291449904,29.534127011403
29,2020,"North West",2781,7.93073657017128,62.8965825454522,26.8873376687386,134.452038775698,4.90120754642064,24.4214566643192,656.627951696018,0,0.231054267069112,5,28.5923084272468,28.646295523286,16.3997574097991,0,44.9920658370459,44.9920658370459,29.2938099573291,"Failure: extra reporting shock",44.9920658370459,"Random forest",29.1462468937833,15.6982558797169,15.8458189432627,16.3997574097991,0,-0.701501530082261,-0.553938466536465,28.5923084272468
30,2020,"North East",1994,7.59795320098669,57.7288928443839,24.9156757595317,534.160736171553,6.28069679773414,33.1774610626878,826.638862362418,0,-0.655807374768553,5,29.873362128388,28.9576706670831,10.7957949076722,0,40.6691570360602,40.6691570360602,27.749656049087,"Failure: extra reporting shock",40.6691570360602,"Random forest",28.8953899968194,12.9195009869732,11.7737670392409,10.7957949076722,0,2.12370607930107,0.977972131568691,29.873362128388
31,2020,"Center",14472,9.57998362827982,91.7760863181093,20.3697345111264,556.457784115451,6.3215913082073,18.1588653436054,369.891266072536,1,-1.32569984692357,5,24.7107460542715,23.4831039417736,4.24443967001181,1,28.9551857242833,29.9551857242833,24.1482434587029,"Failure: extra reporting shock",29.9551857242833,"Random forest",24.0090155999352,5.80694226558038,5.94617012434807,4.24443967001181,1,1.56250259556857,1.70173045433626,24.7107460542715
32,2020,"North East",814,6.70250980529942,44.9236376901348,23.2168934875255,62.235919427723,4.13093231582695,33.8534623022005,785.972228454151,1,-1.16546688392993,5,26.8920769835591,27.5112145174626,10.6562489445174,0,37.5483259280765,37.5483259280765,26.5806155145597,"Failure: extra reporting shock",37.5483259280765,"Random forest",27.3127985052973,10.9677104135167,10.2355274227792,10.6562489445174,0,0.311461468999367,-0.42072152173821,26.8920769835591
33,2020,"South and Islands",2521,7.83230789705924,61.3450469943365,21.272603350237,162.348653437373,5.08974620431903,25.3698605040185,539.68297955283,0,-0.214041581761554,5,25.2449703747174,25.1866561069625,1.8485249035429,3,27.0934952782603,30.0934952782603,24.4626466038811,"Failure: extra reporting shock",30.0934952782603,"Random forest",25.181432074881,5.63084867437917,4.91206320337929,1.8485249035429,3,3.78232377083627,3.06353829983639,25.2449703747174
34,2020,"Center",5757,8.65822041648686,74.9647807804699,26.547876526223,97.1997121899022,4.57676775045277,24.238281964256,643.474916794847,0,1.16858123468384,5,28.741987092674,29.1328654334536,5.34959445511799,1,34.091581547792,35.091581547792,28.1743313501414,"Failure: extra reporting shock",35.091581547792,"Random forest",29.0102368643085,6.91725019765058,6.08134468348349,5.34959445511799,1,1.5676557425326,0.731750228365501,28.741987092674
35,2020,"North West",6006,8.70043581923168,75.6975834445696,25.8806137425296,63.129211198238,4.14518359742167,29.9325296442137,774.67223805871,0,-0.995619376913875,5,27.4630262317772,27.2500557753151,16.6747928865087,0,44.137819118286,44.137819118286,26.8257495223851,"Failure: extra reporting shock",44.137819118286,"Random forest",27.502117834311,17.3120695959008,16.635701283975,16.6747928865087,0,0.63727670939209,-0.0390916025337376,27.4630262317772
36,2020,"North East",2415,7.78956496381199,60.6773223254473,27.1005883443778,406.182203015424,6.00680183483201,26.1814960895672,709.533947763297,0,-0.571398288629317,5,29.3656982985087,28.3791566042879,10.5464177438868,0,39.9121160423955,39.9121160423955,28.8671592898681,"Failure: extra reporting shock",39.9121160423955,"Random forest",29.2849520420622,11.0449567525274,10.6271640003332,10.5464177438868,0,0.498539008640611,0.0807462564464405,29.3656982985087
37,2020,"South and Islands",3361,8.11995854916113,65.9337268400949,25.172163606762,42.1954274267225,3.74231186035416,22.3363675654493,562.254698738261,1,0.151528772471403,5,26.0105385657513,26.9339253812973,2.0651320260608,3,28.0756705918121,31.0756705918121,26.1567478782746,"Failure: extra reporting shock",31.0756705918121,"Random forest",26.8926117570155,4.91892271353746,4.18305883479661,2.0651320260608,3,2.85379068747666,2.11792680873581,26.0105385657513
38,2020,"Center",4615,8.43708166883491,71.1843470865901,24.8738330000967,76.5060385739012,4.33736967332379,18.3255887588546,455.827634416199,0,1.78961638049566,5,28.2362284890467,27.6468979584763,4.75156114286599,1,32.9877896319127,33.9877896319127,27.2026893933668,"Failure: extra reporting shock",33.9877896319127,"Random forest",27.1112936475886,6.78510023854587,6.87649598432411,4.75156114286599,1,2.03353909567988,2.12493484145812,28.2362284890467
39,2020,"South and Islands",1546,7.3431083485808,53.9212402189971,22.2008359714137,45.0606622223964,3.80800963135408,14.9398538140329,331.677243962245,0,-0.186570669818089,5,24.4791838594324,23.7774063226948,1.22053002357335,3,25.6997138830057,28.6997138830057,23.5607897965004,"Failure: extra reporting shock",28.6997138830057,"Random forest",23.8811159925774,5.1389240865053,4.81859789042836,1.22053002357335,3,3.91839406293195,3.59806786685501,24.4791838594324
40,2020,"North West",3039,8.01920759064866,64.3076903819171,28.1806931368305,41.8719615998538,3.73461642870325,28.6997512066927,808.778881859187,0,-0.205467851230267,5,29.4157582998561,29.5596685074581,16.8415071292554,0,46.2572654291115,46.2572654291115,28.3475826390881,"Failure: extra reporting shock",46.2572654291115,"Random forest",29.6372167524214,17.9096827900234,16.62004867669,16.8415071292554,0,1.06817566076799,-0.221458452565336,29.4157582998561
41,2020,"North West",23817,10.0781556093553,101.56922048638,25.7867033484373,161.14082798388,5.08227869062479,27.0775278750602,698.24017872322,1,-1.36486111203693,5,27.7188190081461,27.4767000625557,16.4646126193179,0,44.183431627464,44.183431627464,27.4614628000065,"Failure: extra reporting shock",44.183431627464,"Random forest",27.6893865370791,16.7219688274574,16.4940450903849,16.4646126193179,0,0.257356208139576,0.0294324710670146,27.7188190081461
42,2020,"Center",711,6.56638392919163,43.1173979055461,26.6908148938294,74.3092592255678,4.30823556341518,26.336941440211,702.954428850296,0,2.20923952263251,5,30.3742104851396,28.9922969810124,5.51222383887154,1,35.8864343240111,36.8864343240111,29.2364510550367,"Failure: extra reporting shock",36.8864343240111,"Random forest",29.0691993840633,7.64998326897442,7.81723493994788,5.51222383887154,1,2.13775943010289,2.30501110107635,30.3742104851396
43,2020,"North East",7806,8.9626128566475,80.328429218143,29.2698032796982,425.996163325195,6.05443033994993,28.7845882144044,842.519234522737,0,0.519204036426713,5,32.0883075599193,30.4786372071201,10.9672478355106,0,43.05555539543,43.05555539543,30.0949649293387,"Failure: extra reporting shock",43.05555539543,"Random forest",30.281673030089,12.9605904660912,12.773882365341,10.9672478355106,0,1.9933426305806,1.80663452983037,32.0883075599193
44,2020,"Center",1398,7.24311825541548,52.462762061933,20.1681130763592,40.5577994060289,3.70272810253564,25.8044523120853,520.427112103655,0,-0.612898951154699,5,23.6716185058151,23.379956541825,4.75745239998102,1,28.4290709057961,29.4290709057961,23.3592310492245,"Failure: extra reporting shock",29.4290709057961,"Random forest",24.0075402721606,6.06983985657165,5.42153063363553,4.75745239998102,1,1.31238745659064,0.664078233654512,23.6716185058151
45,2020,"Center",1280,7.154477941112,51.1865546098583,18.3651169361189,154.183157866144,5.03814123250605,23.0869178847309,423.993946647659,1,1.98373683378401,5,27.8542724038054,27.1519964053094,4.36889541463978,1,32.2231678184452,33.2231678184452,26.4775998227095,"Failure: extra reporting shock",33.2231678184452,"Random forest",26.5919682727235,6.74556799573569,6.63119954572168,4.36889541463978,1,2.37667258109592,2.26230413108191,27.8542724038054
46,2020,"South and Islands",600,6.02291609341112,36.2755182682707,23.2112323232754,77.9598910942318,4.35619447769421,19.9932327367465,464.067569945938,0,-0.882707755644959,5,24.9888098891073,25.2517470135005,1.68541014686808,3,26.6742200359754,29.6742200359754,24.0320741286376,"Failure: extra reporting shock",29.6742200359754,"Random forest",24.8528288044289,5.64214590733778,4.82139123154652,1.68541014686808,3,3.9567357604697,3.13598108467844,24.9888098891073
47,2020,"Center",946,6.85177719545865,46.9468507362072,22.9518277120063,108.294839757013,4.68485750519875,23.126067336656,530.785513167186,0,-0.368819052229961,5,24.2155445419809,25.6202173492539,4.87617406162215,1,29.0917186036031,30.0917186036031,25.2369127686596,"Failure: extra reporting shock",30.0917186036031,"Random forest",25.6721949013591,4.85480583494344,4.41952370224391,4.87617406162215,1,-0.0213682266787032,-0.456650359378237,24.2155445419809
48,2020,"South and Islands",1549,7.34544062429826,53.9554979650913,23.5884241246397,166.06552641667,5.11238244791803,21.6651585810655,511.04694933775,0,0.125708417881826,5,27.1602826018872,25.8243125813028,1.84393605412048,3,29.0042186560077,32.0042186560077,25.8703167177872,"Failure: extra reporting shock",32.0042186560077,"Random forest",25.8438022637804,6.13390193822048,6.16041639222726,1.84393605412048,3,4.2899658841,4.31648033810678,27.1602826018872
49,2020,"North West",21015,9.9530071571072,99.0623514694272,21.6291554597878,227.640328659716,5.4277668775035,29.5843629390545,639.884785187595,1,-0.371633395853726,5,26.4996532352652,28.4322007940002,16.182760806046,0,42.6824140413112,42.6824140413112,27.4156146930293,"Failure: extra reporting shock",42.6824140413112,"Random forest",28.3919676935808,15.2667993482819,14.2904463477304,16.182760806046,0,-0.91596145776407,-1.89231445831564,26.4996532352652
50,2020,"Center",2329,7.75336890546237,60.1147293841907,19.9421067462938,217.459710708841,5.38201359524977,17.0237400347994,339.489240995124,0,1.59698746022642,5,27.4224712410566,26.0567517282104,4.1179418442638,1,31.5404130853204,32.5404130853204,25.9766490278029,"Failure: extra reporting shock",32.5404130853204,"Random forest",26.1485331651878,6.56376405751758,6.3918799201326,4.1179418442638,1,2.44582221325377,2.27393807586879,27.4224712410566
51,2020,"South and Islands",600,6.25708366843188,39.1510960337569,25.9541477517168,36.9637373074192,3.60993735928642,13.7323125503478,356.410468904481,0,1.38358002987268,5,26.1334189622093,28.5364321276968,1.54886643094873,3,27.682285393158,30.682285393158,27.0567569920581,"Failure: extra reporting shock",30.682285393158,"Random forest",27.4600872754014,3.6255284010999,3.22219811775662,1.54886643094873,3,2.07666197015117,1.6733316868079,26.1334189622093
52,2020,"North East",2852,7.95568555902247,63.2929327140386,18.6978849140877,331.720744102729,5.80429348274559,29.9293199793274,559.614980530371,0,-0.560440940307086,5,25.1784472055885,24.7013745384658,9.8844680388381,0,35.0629152444266,35.0629152444266,24.6146809232954,"Failure: extra reporting shock",35.0629152444266,"Random forest",24.7357506649082,10.4482343211312,10.3271645795184,9.8844680388381,0,0.563766282293075,0.442696540680339,25.1784472055885
53,2020,"North East",2512,7.82893614905459,61.2922412259738,28.2144555161654,157.793617030879,5.06128795785272,34.4910099078203,973.145064751817,0,0.84043896473449,5,31.2260710886649,30.7809769624119,11.2506091000611,0,42.4766801887261,42.4766801887261,30.0659623631074,"Failure: extra reporting shock",42.4766801887261,"Random forest",30.8674068305225,12.4107178256187,11.6092733582036,11.2506091000611,0,1.16010872555754,0.358664258142452,31.2260710886649
54,2020,"North West",1046,6.95261453172059,48.3388488266923,22.0772527609066,201.533972949786,5.30595796742239,39.1199042449553,863.660013998341,0,0.404904204619336,5,29.2505024946008,29.9438320684154,16.8995394005821,0,46.1500418951829,46.1500418951829,28.2639062181886,"Failure: extra reporting shock",46.1500418951829,"Random forest",29.6441521798141,17.8861356769944,16.5058897153689,16.8995394005821,0,0.986596276412246,-0.393649685213248,29.2505024946008
55,2020,"Center",10535,9.26249186167236,85.7937554875466,17.3736792688644,152.01907181741,5.02400598545822,14.2745918469729,248.002180443253,1,0.380948323989116,5,24.64387471159,23.9548302391794,3.64297444859871,1,28.2868491601887,29.2868491601887,23.8106386711803,"Failure: extra reporting shock",29.2868491601887,"Random forest",24.2531533194204,5.47621048900844,5.03369584076832,3.64297444859871,1,1.83323604040972,1.39072139216961,24.64387471159
56,2020,"North West",3669,8.20778061879011,67.3676626861866,18.790174250878,295.177585043671,5.6875771584195,31.5193505485285,592.254089081359,0,1.47702146868386,5,28.839852721698,27.3932605907934,16.0059220057291,0,44.8457747274271,44.8457747274271,27.5713112246372,"Failure: extra reporting shock",44.8457747274271,"Random forest",27.5157125998387,17.2744635027899,17.3300621275884,16.0059220057291,0,1.26854149706081,1.32414012185924,28.839852721698
57,2020,"South and Islands",3034,8.01761693581971,64.282181329543,15.8264240247109,90.7841463809841,4.50848467103464,12,189.917088296531,1,-0.570562651597994,5,22.162148998278,22.0245850778483,0.313554942453735,3,22.4757039407318,25.4757039407318,21.3686092682606,"Failure: extra reporting shock",25.4757039407318,"Random forest",21.7296236771943,4.10709467247118,3.74608026353746,0.313554942453735,3,3.79353973001744,3.43252532108373,22.162148998278
58,2020,"Center",2469,7.8114198506094,61.0182800824945,27.7670459018779,323.680820452348,5.77975790818003,14.8655586822988,412.772650288451,1,-0.114063003985155,5,28.2455990689158,28.0534436041181,4.82761245670302,1,33.0732115256188,34.0732115256188,27.9749686036282,"Failure: extra reporting shock",34.0732115256188,"Random forest",28.3213534749673,6.09824292199059,5.75185805065146,4.82761245670302,1,1.27063046528757,0.924245593948435,28.2455990689158
59,2020,"North East",4355,8.37898933795752,70.2074623256058,28.6680760796735,13.0502829523994,2.56880981570985,21.8629690917742,626.769261250531,0,1.36103702332733,5,30.7396661841932,29.5027158905327,10.4165445049238,0,41.156210689117,41.156210689117,28.4725964413366,"Failure: extra reporting shock",41.156210689117,"Random forest",29.1698340429548,12.6836142477804,11.9863766461622,10.4165445049238,0,2.26706974285661,1.56983214123836,30.7396661841932
60,2020,"South and Islands",3224,8.07825944494832,65.2582756598967,22.0434631408639,226.651504818956,5.42341361676017,19.0566189928074,420.073878357435,0,0.819848812939287,5,26.0227014793724,25.594553693195,1.49139257472707,3,27.5140940540995,30.5140940540995,25.5586607337001,"Failure: extra reporting shock",30.5140940540995,"Random forest",25.8296100744553,4.95543332039941,4.68448397964422,1.49139257472707,3,3.46404074567234,3.19309140491715,26.0227014793724
61,2020,"South and Islands",13537,9.51320723340575,90.5011118657234,23.715203285316,76.6701021654376,4.33951183010464,16.1807472828605,383.729711121361,0,0.215311372633384,5,24.6191262082141,24.2847785597476,1.47397297092052,3,26.0930991791346,29.0930991791346,23.8031227975768,"Failure: extra reporting shock",29.0930991791346,"Random forest",24.4691396138637,5.2899763815578,4.62395956527092,1.47397297092052,3,3.81600341063728,3.1499865943504,24.6191262082141
62,2020,"North West",3865,8.25975577911217,68.2235655305768,21.8100333690739,188.809482305363,5.24073847652523,30.5734622641382,666.808232188975,1,0.0437958488982893,5,26.9992247316325,30.602991506199,16.2718943288233,0,43.2711190604559,43.2711190604559,28.6370343516411,"Failure: extra reporting shock",43.2711190604559,"Random forest",29.6669318722301,14.6340847088147,13.6041871882258,16.2718943288233,0,-1.63780962000862,-2.66770714059753,26.9992247316325
63,2020,"North East",771,6.64758913097971,44.1904412543195,19.7149957813878,207.470320623291,5.33498829629977,29.6744847713571,585.03234208216,0,1.16916217446322,5,28.2117243642977,29.0911526686375,9.97851176968318,0,38.1902361339809,38.1902361339809,27.5190249889593,"Failure: extra reporting shock",38.1902361339809,"Random forest",28.1159366202122,10.6712111450216,10.0742995137687,9.97851176968318,0,0.692699375338444,0.0957877440854862,28.2117243642977
64,2020,"South and Islands",5724,8.6524026195825,74.8640710913582,22.1139546805716,157.884954066028,5.06186662898253,22.2233874973054,491.446983964193,0,-0.550791462639458,5,26.0850247859955,25.4067462087718,1.72082043940979,3,27.8058452254052,30.8058452254052,24.6074250093702,"Failure: extra reporting shock",30.8058452254052,"Random forest",25.2324168766949,6.19842021603509,5.57342834871029,1.72082043940979,3,4.4775997766253,3.85260790930051,26.0850247859955
65,2020,"Center",1228,7.11312634674559,50.5965664247663,27.874501500398,160.647375374226,5.07921174788858,21.3608879397566,595.424102926579,1,1.84985948343589,5,31.2973896303384,30.7212910196831,5.29410562056227,1,36.5914952509006,37.5914952509006,29.979480642668,"Failure: extra reporting shock",37.5914952509006,"Random forest",30.0499453846864,7.61201460823262,7.54154986621418,5.29410562056227,1,2.31790898767035,2.24744424565191,31.2973896303384
66,2020,"North East",2454,7.80567453286042,60.9285549129458,19.9812530185692,243.529370313655,5.4952375525535,32.707460111643,653.536036085498,0,0.632497299166768,5,26.8293675539947,27.0080518578252,10.2201083395932,0,37.0494758935879,37.0494758935879,26.1642752488509,"Failure: extra reporting shock",37.0494758935879,"Random forest",26.2712463680779,10.8852006447369,10.77822952551,10.2201083395932,0,0.665092305143787,0.558121185916821,26.8293675539947
67,2020,"North West",6013,8.7017478552855,75.7204157369658,23.8645921133391,51.5890389553216,3.943309226576,26.4083519491256,630.224547651387,1,0.38533510284832,5,29.1230627746477,28.4347869372522,16.2063380686416,0,45.3294008432893,45.3294008432893,27.8710401269467,"Failure: extra reporting shock",45.3294008432893,"Random forest",28.3521120294912,17.4583607163426,16.9772888137981,16.2063380686416,0,1.25202264770098,0.770950745156515,29.1230627746477
68,2020,"North East",2203,7.69743854002891,59.2505600775225,23.307582430971,141.776630536706,4.95425279471004,24.1234731456225,562.259838862911,0,-2.06751230476916,5,24.669471035954,24.7739856843593,9.98512548733591,0,34.6545965232899,34.6545965232899,24.409135632048,"Failure: extra reporting shock",34.6545965232899,"Random forest",25.3883791098861,10.2454608912419,9.26621741340381,9.98512548733591,0,0.260335403905945,-0.718908073932106,24.669471035954
69,2020,"Center",630,6.4449849189022,41.5378306048768,19.4416756992787,235.615132137208,5.46219967780152,26.2198956392826,509.758707887865,0,2.04533516688494,5,26.5610879101035,27.4884681009189,4.70662532140597,1,31.2677132315094,32.2677132315094,26.3086097111496,"Failure: extra reporting shock",32.2677132315094,"Random forest",26.9310887385233,5.95910352035987,5.33662449298619,4.70662532140597,1,1.25247819895389,0.629999171580216,26.5610879101035
70,2020,"North West",1064,6.96954796916057,48.5745988944302,19.9569040798752,280.507043049349,5.63659883355786,29.6134713290892,590.993206786767,0,-0.833468264216774,5,25.348649639587,26.0309737669929,16.000850741558,0,41.3495003811451,41.3495003811451,25.623329945942,"Failure: extra reporting shock",41.3495003811451,"Random forest",26.0786757578997,15.7261704352031,15.2708246232454,16.000850741558,0,-0.274680306354927,-0.730026118312619,25.348649639587
71,2020,"North West",3684,8.21179052043495,67.4335035515052,19.3036294098065,146.002338094307,4.98362263592467,29.4027284409602,567.579373461473,0,-0.918339076825339,5,25.6187071789827,26.982487855588,15.9142385256815,0,41.5329457046642,41.5329457046642,25.2401526459637,"Failure: extra reporting shock",41.5329457046642,"Random forest",26.8462240603803,16.2927930587005,14.6867216442839,15.9142385256815,0,0.378554533018994,-1.2275168813976,25.6187071789827
72,2020,"North West",3919,8.27354131106538,68.4514858259055,17.4880792584055,468.979495665764,6.1505590482278,25.3302604528473,442.977602435449,0,-0.212719909063773,5,25.2946268897448,25.7370433984267,15.4294552498595,0,40.7240821396042,40.7240821396042,25.4859388057493,"Failure: extra reporting shock",40.7240821396042,"Random forest",25.7769452154443,15.2381433338549,14.94713692416,15.4294552498595,0,-0.191311916004535,-0.482318325699501,25.2946268897448
73,2020,"Center",2444,7.80145317039013,60.8626715697902,21.6178529510469,71.4823466231236,4.26945051883915,21.8431689498278,472.20241434225,0,-1.54277529769251,5,24.3150452688452,23.7377532809376,4.63963395083863,1,28.9546792196839,29.9546792196839,23.1709945481891,"Failure: extra reporting shock",29.9546792196839,"Random forest",23.766781606623,6.78368467149479,6.18789761306088,4.63963395083863,1,2.14405072065616,1.54826366222224,24.3150452688452
74,2020,"South and Islands",3345,8.11533806876119,65.8587119702847,20.4956439218659,35.3378628375643,3.56495499074384,24.6206117551957,504.615291672996,1,-1.37071131340008,5,23.0806171042633,22.6191347463118,1.71061195400448,3,24.7912290582678,27.7912290582678,22.4676021242611,"Failure: extra reporting shock",27.7912290582678,"Random forest",23.4204458333191,5.3236269340067,4.37078322494867,1.71061195400448,3,3.61301498000222,2.6601712709442,23.0806171042633
75,2020,"North West",2927,7.98172878479618,63.7079943940439,26.1811691195106,179.280705844972,5.18895276659432,25.3278193291412,663.111921284656,0,0.491724138882028,5,29.2560882897743,28.7934202907618,16.3855242559216,0,45.6416125456958,45.6416125456958,28.7046634372649,"Failure: extra reporting shock",45.6416125456958,"Random forest",28.8447695783458,16.9369491084309,16.79684296735,16.3855242559216,0,0.551424852509356,0.411318711428454,29.2560882897743
76,2020,"Center",1901,7.55029670594786,57.006980347847,26.9691994237883,182.53620928517,5.2069485603845,21.4043126727935,577.257177001688,1,0.414310307224211,5,30.8701812798311,28.6150443053242,5.1975621234478,1,36.0677434032789,37.0677434032789,28.8094554357205,"Failure: extra reporting shock",37.0677434032789,"Random forest",28.9309522077934,8.25828796755842,8.13679119548555,5.1975621234478,1,3.06072584411063,2.93922907203775,30.8701812798311
77,2020,"South and Islands",4392,8.38747017455844,70.3496559291073,16.5132261609403,87.5853535775757,4.47261378736042,26.7837104535184,442.285468148091,0,-0.208993947885466,5,22.8738370523966,22.5491068942651,1.42396290918525,3,24.2977999615818,27.2977999615818,22.0760754984682,"Failure: extra reporting shock",27.2977999615818,"Random forest",22.5596901227653,5.2217244631136,4.7381098388165,1.42396290918525,3,3.79776155392835,3.31414692963124,22.8738370523966
78,2020,"Center",1483,7.30152110011711,53.3122103754554,21.2773786888882,97.8004656031041,4.58292933779737,24.8402644020591,528.535712414721,0,-0.166371001415701,5,24.7595410591439,26.2551489322521,4.81197846365737,1,29.5715195228013,30.5715195228013,25.4952793513553,"Failure: extra reporting shock",30.5715195228013,"Random forest",26.0322056741274,5.07624017144592,4.53931384867391,4.81197846365737,1,0.264261707788553,-0.272664614983459,24.7595410591439
79,2020,"South and Islands",5328,8.580641379444,73.6274064826266,18.1036199932158,81.1794668635302,4.39666234405154,12,217.24343991859,1,-1.67079007932037,5,22.1221632777102,22.1978833477825,0.564046498989271,3,22.6862097766994,25.6862097766994,21.5216429567239,"Failure: extra reporting shock",25.6862097766994,"Random forest",21.9996818279992,4.1645668199755,3.68652794870024,0.564046498989271,3,3.60052032098623,3.12248144971097,22.1221632777102
80,2020,"South and Islands",5023,8.5217408100472,72.6200664336239,19.9281635156287,437.722614488899,6.08158540950348,14.4756039602905,288.472202708152,0,-0.44134346076065,5,25.5262759324665,23.0255367239186,0.938038563675026,3,26.4643144961416,29.4643144961416,23.3423742759198,"Failure: extra reporting shock",29.4643144961416,"Random forest",23.5118897991924,6.12194022022176,5.95242469694916,0.938038563675026,3,5.18390165654674,5.01438613327413,25.5262759324665
81,2020,"North West",8440,9.0407594456691,81.7353313544551,23.4970224739706,242.113800188598,5.48940786433763,34.8748367235962,819.454822270397,1,0.549626328216843,5,29.3382014501711,30.9432629592646,16.758559342524,0,46.0967607926951,46.0967607926951,29.7920773765048,"Failure: extra reporting shock",46.0967607926951,"Random forest",30.4344897814333,16.3046834161903,15.6622710112618,16.758559342524,0,-0.453875926333698,-1.09628833126219,29.3382014501711
82,2020,"South and Islands",1832,7.51331324043667,56.449875848921,23.3282123057103,387.380987414528,5.95940867236672,13.4249680874202,313.180505740725,0,0.740570341199691,5,27.0975236697985,26.1488798114597,1.23849941948308,3,28.3360230892816,31.3360230892816,25.6854180208325,"Failure: extra reporting shock",31.3360230892816,"Random forest",25.9660850768573,5.6506050684491,5.36993801242433,1.23849941948308,3,4.41210564896602,4.13143859294125,27.0975236697985
83,2020,"Center",3151,8.05540979335887,64.889626938942,21.3625165797272,87.771853543422,4.47474087456974,25.9828155641447,555.058328277034,0,-0.343087626172048,5,26.3227858182888,24.7231920963413,4.90132221299565,1,31.2241080312844,32.2241080312844,24.6742153815893,"Failure: extra reporting shock",32.2241080312844,"Random forest",24.5574707545241,7.54989264969509,7.66663727676032,4.90132221299565,1,2.64857043669945,2.76531506376468,26.3227858182888
84,2020,"South and Islands",5431,8.59982054001394,73.9569133204456,15.320290370062,997.61770170704,6.90537013850174,22.5295778158071,345.159674053071,0,-0.109328714007815,5,23.6496394957219,22.5417519730781,0.994950687548845,3,24.6445901832707,27.6445901832707,21.6654636524899,"Failure: extra reporting shock",27.6445901832707,"Random forest",22.0696185217155,5.97912653078084,5.57497166155528,0.994950687548845,3,4.98417584323199,4.58002097400643,23.6496394957219
85,2020,"South and Islands",1247,7.12815015259071,50.8105245978789,18.8574504539401,98.3602302022533,4.58863655775043,15.1483021084819,285.658356472013,0,0.106661794896626,5,23.8824781750647,22.8351665897411,0.867348997262675,3,24.7498271723274,27.7498271723274,22.6681750719557,"Failure: extra reporting shock",27.7498271723274,"Random forest",23.284118463333,5.08165210037173,4.46570870899442,0.867348997262675,3,4.21430310310905,3.59835971173175,23.8824781750647
86,2020,"North West",4347,8.37713352687729,70.1763661271316,22.5996985995985,84.7346808813158,4.43952497335948,25.2799222206485,571.31862280795,1,-1.69445458594374,5,24.2009539266567,26.54706758794,15.9882097011368,0,40.1891636277935,40.1891636277935,25.5344308285742,"Failure: extra reporting shock",40.1891636277935,"Random forest",26.5170234196366,14.6547327992192,13.6721402081568,15.9882097011368,0,-1.33347690191755,-2.31606949297995,24.2009539266567
87,2020,"South and Islands",3950,8.28140075149497,68.5815984068615,22.0198885358395,99.2017976535766,4.59715613563446,14.1834343706024,312.317643896059,0,0.489097046614514,5,25.7316097480705,24.9438345755616,1.14767644462005,3,26.8792861926906,29.8792861926906,24.8346236188129,"Failure: extra reporting shock",29.8792861926906,"Random forest",25.0383328612269,5.04466257387768,4.84095333146366,1.14767644462005,3,3.89698612925763,3.69327688684362,25.7316097480705
88,2020,"North East",600,5.90634009989238,34.8848533755968,28.5925662035851,230.453504896511,5.44004912797475,19.2529466646055,550.491152121827,0,1.70764489690293,5,30.3460865665195,30.5023558841294,10.2255368486523,0,40.5716234151718,40.5716234151718,29.9523566276814,"Failure: extra reporting shock",40.5716234151718,"Random forest",30.3161374684782,10.6192667874904,10.2554859466936,10.2255368486523,0,0.393729938838097,0.0299490980413122,30.3460865665195
89,2020,"Center",4290,8.36402878156594,69.9569774588634,24.6869162273504,134.303117934859,4.90009931945373,20.4863744869543,505.745410761569,1,-0.26747620973848,5,28.0343933179704,26.0434701753269,4.88225529883087,1,32.9166486168012,33.9166486168012,26.4578667177901,"Failure: extra reporting shock",33.9166486168012,"Random forest",26.5461512742694,7.45878189901109,7.37049734253182,4.88225529883087,1,2.57652660018022,2.48824204370095,28.0343933179704
90,2020,"North East",1169,7.0638614469767,49.8981385420838,19.9386265510294,208.473946326149,5.33981407576264,24.7278779496974,493.039923838452,0,-0.39136925565971,5,26.1789742568646,23.3633878188426,9.65684867682759,0,35.8358229336922,35.8358229336922,24.5970354793295,"Failure: extra reporting shock",35.8358229336922,"Random forest",24.2404391342533,11.2387874543627,11.5953837994389,9.65684867682759,0,1.58193877753516,1.93853512261134,26.1789742568646
91,2020,"North East",730,6.59317521738884,43.4699594471904,28.6124942221479,92.0220156378816,4.52202784883302,26.8438038844163,768.068183543333,0,0.190475308415779,5,30.4821375427476,30.4641866523422,10.7590889360809,0,41.2412264788285,41.2412264788285,29.5844140997294,"Failure: extra reporting shock",41.2412264788285,"Random forest",30.0172486803002,11.6568123790991,11.2239777985283,10.7590889360809,0,0.89772344301818,0.464888862447353,30.4821375427476
92,2020,"North West",6228,8.73680428225238,76.3317490663836,19.9990775329573,905.145664052674,6.80809588550243,24.9917940654086,499.812827201808,0,0.268167210964247,5,27.8349189036678,27.7502522937202,15.6819724129394,0,43.5168913166073,43.5168913166073,26.5771344838605,"Failure: extra reporting shock",43.5168913166073,"Random forest",27.4991777609439,16.9397568327468,16.0177135556634,15.6819724129394,0,1.25778441980737,0.335741142723926,27.8349189036678
93,2020,"South and Islands",3443,8.14420534280697,66.3280806658056,24.2310592654736,232.76844482547,5.45004416038771,20.0745934726885,486.428664167005,0,-0.469822651353866,5,26.6135067801873,25.6001169917944,1.80328636202582,3,28.4167931422131,31.4167931422131,25.0033825544057,"Failure: extra reporting shock",31.4167931422131,"Random forest",25.7038862860598,6.41341058780738,5.71290685615329,1.80328636202582,3,4.61012422578156,3.90962049412746,26.6135067801873
94,2020,"South and Islands",600,6.25321207361196,39.1026612375664,19.0602965380906,143.787710172065,4.96833797690629,18.3888816043771,350.497536383268,0,-0.676139511128113,5,23.9594065968587,23.8832520217439,1.1165026312319,3,25.0759092280906,28.0759092280906,22.9448709274534,"Failure: extra reporting shock",28.0759092280906,"Random forest",23.6331973522795,5.13103830063725,4.44271187581113,1.1165026312319,3,4.01453566940535,3.32620924457923,23.9594065968587
95,2020,"South and Islands",4192,8.34082293834713,69.5693272888576,21.8146868794554,63.0293316549707,4.14360019986688,24.296802692434,530.027142907355,1,0.0557047689443001,5,26.1050381255366,24.6831789537108,1.833040044946,3,27.9380781704826,30.9380781704826,25.1152550016428,"Failure: extra reporting shock",30.9380781704826,"Random forest",25.0168378074205,5.82282316883984,5.92124036306218,1.833040044946,3,3.98978312389385,4.08820031811618,26.1050381255366
96,2020,"North West",5036,8.52430112702455,72.663709704192,23.1884565520054,45.9050471719048,3.82657507119354,25.3404936042969,587.606934949609,1,-0.768398867302175,5,26.6251863062548,27.0790927820146,16.0572130727569,0,42.6823993790117,42.6823993790117,26.1409339095229,"Failure: extra reporting shock",42.6823993790117,"Random forest",27.0329902462476,16.5414654694888,15.649409132764,16.0572130727569,0,0.484252396731875,-0.407803939992856,26.6251863062548
97,2020,"South and Islands",6617,8.79735787529643,77.3935055860402,25.4387652801817,81.6469121781534,4.40240400092002,24.0524155561497,611.863753754282,1,-0.675771690102369,5,26.6330569719272,27.8535469374033,2.21458156948599,3,28.8476385414132,31.8476385414132,25.8829895534089,"Failure: extra reporting shock",31.8476385414132,"Random forest",26.7771029674125,5.9646489880043,5.07053557400074,2.21458156948599,3,3.7500674185183,2.85595400451475,26.6330569719272
98,2020,"South and Islands",4027,8.30068002126734,68.9012888154667,17.4525549287413,316.668811921635,5.7578564703929,12,209.430659144895,0,0.140732463622616,5,22.9807548603707,22.3784514152323,0.492429341897072,3,23.4731842022678,26.4731842022678,22.4302005884814,"Failure: extra reporting shock",26.4731842022678,"Random forest",22.4317450872531,4.04298361378639,4.04143911501468,0.492429341897072,3,3.55055427188932,3.5490097731176,22.9807548603707
99,2020,"North East",6188,8.73037169184298,76.2193898777332,26.5866361963024,598.689319883856,6.39474279892779,38.6531745776661,1027.65789032857,1,0.87638162261798,5,30.8277730990751,32.7539317310275,11.3629005017654,0,42.1906736008405,42.1906736008405,31.4596175228398,"Failure: extra reporting shock",42.1906736008405,"Random forest",32.091211766197,10.7310560780007,10.0994618346435,11.3629005017654,0,-0.631844423764745,-1.26343866712197,30.8277730990751
100,2020,"North West",4516,8.41543462424921,70.8195399150124,24.0470403300795,163.838376028595,5.09888042986717,28.7551798820769,691.476970322993,1,-1.31619186162962,5,28.6646124472576,28.5334583725135,16.3906853277897,0,45.0552977750473,45.0552977750473,27.2733190972231,"Failure: extra reporting shock",45.0552977750473,"Random forest",28.3823677045139,17.7819786778242,16.6729300705334,16.3906853277897,0,1.3912933500345,0.282244742743742,28.6646124472576
101,2020,"South and Islands",8717,9.07303447096045,82.3199545112365,27.9996453177103,211.349532116832,5.35351331322673,26.3614812503748,738.112125059964,1,0.209190042978629,5,28.7808973086345,30.9742975667855,2.6579129722099,3,31.4388102808444,34.4388102808444,28.5366487280172,"Failure: extra reporting shock",34.4388102808444,"Random forest",29.8839712457245,5.90216155282721,4.55483903511993,2.6579129722099,3,3.24424858061731,1.89692606291003,28.7808973086345
102,2020,"North East",10104,9.22070515879031,85.0214036253422,23.2207446505199,128.738204004672,4.85778091596535,27.2983283987871,633.88751313427,0,0.0768094317327854,5,28.5801134440961,27.3202028412947,10.1978131992078,0,38.7779266433039,38.7779266433039,26.5114416257867,"Failure: extra reporting shock",38.7779266433039,"Random forest",27.3119920674184,12.2664850175172,11.4659345758855,10.1978131992078,0,2.06867181830938,1.26812137667771,28.5801134440961
103,2020,"South and Islands",11906,9.38481716862429,88.0747932885053,23.7134518890151,383.62787215884,5.9496729998036,15.0731605973962,357.436668641754,0,0.5111967232026,5,26.9980917018439,26.0974855653724,1.39624924934493,3,28.3943409511888,31.3943409511888,25.5799284471673,"Failure: extra reporting shock",31.3943409511888,"Random forest",25.7956791022754,5.81441250402152,5.59866184891343,1.39624924934493,3,4.41816325467659,4.20241259956849,26.9980917018439
104,2020,"South and Islands",2229,7.70928758853484,59.4331151227373,29.191906676813,133.091372145419,4.89103590095154,21.4837819864479,627.152558813382,1,0.595322512459295,5,28.9963031206656,28.5095832389039,2.44762277323631,3,31.4439258939019,34.4439258939019,28.6107764123173,"Failure: extra reporting shock",34.4439258939019,"Random forest",28.8188908994867,5.83314948158458,5.62503499441522,2.44762277323631,3,3.38552670834827,3.17741222117891,28.9963031206656
105,2020,"Center",4733,8.4623512737381,71.6113890801368,22.3056085903915,721.746438260134,6.58167388366441,23.1709568948818,516.842295162065,0,-1.28873355776974,5,27.421676197393,27.2622634426606,4.80823222732031,1,32.2299084247133,33.2299084247133,25.6271425368985,"Failure: extra reporting shock",33.2299084247133,"Random forest",26.5363734382542,7.60276588781485,6.69353498645916,4.80823222732031,1,2.79453366049454,1.88530275913884,27.421676197393
106,2020,"North West",4924,8.50177784310496,72.2802264935104,25.2197739156614,103.15865002442,4.63626809469662,29.9860436366916,756.241241142519,1,-1.07530950429748,5,27.8833152989915,28.8741821739981,16.6058464850267,0,44.4891617840182,44.4891617840182,28.059494631607,"Failure: extra reporting shock",44.4891617840182,"Random forest",28.6335523514098,16.4296671524112,15.8556094326084,16.6058464850267,0,-0.176179332615519,-0.750237052418257,27.8833152989915
107,2020,"North East",9781,9.18824395987866,84.4238270662467,27.6501152452829,315.037347019158,5.7526911937633,18.3151604683247,506.416297685029,1,0.846638305634856,5,31.6618905354364,31.5875923649639,10.0562222094994,0,41.7181127449358,41.7181127449358,29.9920655299928,"Failure: extra reporting shock",41.7181127449358,"Random forest",30.1671647970238,11.726047214943,11.550947947912,10.0562222094994,0,1.66982500544361,1.49472573841259,31.6618905354364
108,2020,"Center",2399,7.78283339726288,60.5724956895505,21.9020455816592,148.361439359357,4.99965145437641,16.9667254591263,371.605994377281,0,1.14065425253773,5,27.8870849857492,26.542341510406,4.32954409585688,1,32.216629081606,33.216629081606,26.625420115525,"Failure: extra reporting shock",33.216629081606,"Random forest",26.579703291911,6.59120896608102,6.63692578969505,4.32954409585688,1,2.26166487022414,2.30738169383817,27.8870849857492
109,2020,"North West",13384,9.50183041074257,90.2847811545123,26.9975057885298,45.4066498908818,3.81565856768857,35.2296191772715,951.111847666089,1,0.940352376261914,5,29.4383974826516,31.4939004830247,17.1684472788828,0,46.6068447615344,46.6068447615344,30.8068368672799,"Failure: extra reporting shock",46.6068447615344,"Random forest",31.295890563458,15.8000078942545,15.3109541980764,17.1684472788828,0,-1.36843938462831,-1.8574930808064,29.4383974826516
110,2020,"North West",46502,10.747260109,115.503599850503,27.4757160757597,853.32460064608,6.74914001513526,35.8987846192892,986.34481366444,0,1.86627629701237,5,34.2235841178627,33.1139651881733,17.2678919914193,0,51.4914761092821,51.4914761092821,32.4081773119172,"Failure: extra reporting shock",51.4914761092821,"Random forest",32.6022475015729,19.0832987973649,18.8892286077091,17.2678919914193,0,1.81540680594552,1.62133661628979,34.2235841178627
111,2020,"North West",2418,7.79049691847451,60.6918422367608,23.8717644565466,104.436173941279,4.64857610912388,32.1691543740262,767.93447598304,1,0.689444650569614,5,30.370873600191,30.3238829339132,16.6103831961375,0,46.9812567963285,46.9812567963285,29.3253220847431,"Failure: extra reporting shock",46.9812567963285,"Random forest",29.7749489395266,17.6559347115854,17.2063078568019,16.6103831961375,0,1.0455515154479,0.595924660664384,30.370873600191
112,2020,"South and Islands",2507,7.82685880580282,61.2597187659732,23.0224793053641,56.568202226091,4.03544702921584,21.1451962703365,486.814843541685,0,0.0208424012347026,5,25.8071613802871,25.6930664659797,1.74528476224914,3,27.5524461425362,30.5524461425362,24.6651301086866,"Failure: extra reporting shock",30.5524461425362,"Random forest",24.8271257818731,5.8873160338496,5.72532036066312,1.74528476224914,3,4.14203127160046,3.98003559841398,25.8071613802871
113,2020,"North West",5009,8.51889920818224,72.5716437191679,28.8138866819661,256.993724385101,5.54905166586206,28.6323861961596,825.010331290433,0,-1.63621709863579,5,31.4364836459346,30.9817617906426,16.906442868483,0,48.3429265144175,48.3429265144175,28.7107819326978,"Failure: extra reporting shock",48.3429265144175,"Random forest",30.1340206955933,19.6321445817197,18.2089058188243,16.906442868483,0,2.72570171323678,1.30246295034128,31.4364836459346
114,2020,"North East",3971,8.28670876610403,68.6695421742254,23.4231317527193,149.95936546843,5.01036436051994,27.6187041502837,646.916546151469,1,2.8458587097096,5,29.6983544245765,31.1800836057881,10.2425020830545,0,39.940856507631,39.940856507631,31.3047355432727,"Failure: extra reporting shock",39.940856507631,"Random forest",30.9250420191496,8.63612096435827,9.01581448848136,10.2425020830545,0,-1.60638111869624,-1.22668759457315,29.6983544245765
115,2020,"North West",6156,8.72518422320872,76.1288397289303,21.2436980595929,70.2067912541502,4.25144504786472,34.8595837275514,740.546471191201,0,0.633133169702915,5,28.7892701196027,29.7717973135429,16.5096259472194,0,45.298896066822,45.298896066822,27.6723098539759,"Failure: extra reporting shock",45.298896066822,"Random forest",28.9401199199595,17.6265862128461,16.3587761468625,16.5096259472194,0,1.11696026562672,-0.150849800356887,28.7892701196027
116,2020,"North East",1394,7.24022364473771,52.420838425819,26.3591381598577,45.8538624414485,3.82545943597118,25.258687402574,665.797230981104,1,-0.156591119070658,5,28.0989490715436,29.2022928692085,10.4002616155001,0,38.4992106870437,38.4992106870437,28.9185252583656,"Failure: extra reporting shock",38.4992106870437,"Random forest",28.9488287080373,9.58068542867804,9.55038197900643,10.4002616155001,0,-0.819576186822019,-0.849879636493625,28.0989490715436
117,2020,"South and Islands",2834,7.94953665781213,63.1951330738988,22.3316186446649,270.941857882254,5.60190425130135,12,267.979423735978,1,0.0826906130926445,5,26.1477869690264,25.6392070938188,1.02912635064866,3,27.1769133196751,30.1769133196751,25.377856267378,"Failure: extra reporting shock",30.1769133196751,"Random forest",26.2117571472088,4.79905705229712,3.96515617246631,1.02912635064866,3,3.76993070164845,2.93602982181765,26.1477869690264
118,2020,"North West",1979,7.5902684432804,57.6121750410582,24.6848498965324,284.643722114803,5.65123830040174,19.9272063618922,491.900097900534,0,-1.02135154764006,5,28.0083284638902,26.8403244206623,15.8428862336865,0,43.8512146975768,43.8512146975768,26.5571246275966,"Failure: extra reporting shock",43.8512146975768,"Random forest",27.3691711515577,17.2940900699802,16.4820435460191,15.8428862336865,0,1.45120383629368,0.639157312332568,28.0083284638902
119,2020,"North West",1166,7.06094782719309,49.8569842183428,27.5707696562228,58.0484999284745,4.0612788667846,28.34960786082,781.620508174912,1,-0.616238766012751,5,28.0674021860595,30.975654600084,16.7499055121774,0,44.8173076982369,44.8173076982369,29.6127039404297,"Failure: extra reporting shock",44.8173076982369,"Random forest",30.1098701301856,15.2046037578073,14.7074375680514,16.7499055121774,0,-1.54530175437019,-2.04246794412606,28.0674021860595
120,2020,"South and Islands",2629,7.87448565648082,62.0075243541221,17.0518337992346,210.697309876316,5.35042255317437,24.2997309289878,414.354973167221,1,0.635303209183185,5,26.5187938776743,24.8057155611324,1.30933118268048,3,27.8281250603548,30.8281250603548,23.6651500400622,"Failure: extra reporting shock",30.8281250603548,"Random forest",24.2913129745461,7.16297502029255,6.53681208580864,1.30933118268048,3,5.85364383761206,5.22748090312816,26.5187938776743
121,2020,"North West",2677,7.89257311623279,62.2927103950806,21.3727706368747,240.942016545526,5.4845563092962,29.2426537598085,624.996531621929,0,0.297046672513099,5,28.044946341154,28.2548524410314,16.1306388329783,0,44.1755851741324,44.1755851741324,28.0817987628264,"Failure: extra reporting shock",44.1755851741324,"Random forest",28.3652312080239,16.0937864113059,15.8103539661084,16.1306388329783,0,-0.0368524216724211,-0.320284866869919,28.044946341154
122,2020,"North East",3876,8.26244897898298,68.2680631302969,21.8314664422632,102.841689512596,4.63319081081774,27.9155735650592,609.437907502121,1,-0.0744896964789947,5,26.7110896650074,27.3733790503243,10.0881997579386,0,36.799289422946,36.799289422946,26.6172262639625,"Failure: extra reporting shock",36.799289422946,"Random forest",26.8230992971336,10.1820631589835,9.97619012581241,10.0881997579386,0,0.0938634010448904,-0.112009632126219,26.7110896650074
123,2020,"North West",8408,9.03698401522032,81.6670800913477,26.5923543911067,518.14062772838,6.250246687516,26.8834089237376,714.893137341071,1,-1.94215633328767,5,30.797574227849,28.9576392486592,16.5396459074189,0,47.3372201352679,47.3372201352679,28.8921168765715,"Failure: extra reporting shock",47.3372201352679,"Random forest",29.1301526961976,18.4451032586964,18.2070674390703,16.5396459074189,0,1.90545735127753,1.66742153165142,30.797574227849
124,2020,"Center",1990,7.59569078596107,57.6945185159339,20.0601836524665,91.4569203197428,4.51586804523506,26.7983999873119,537.580825337733,0,-0.984085430343316,5,24.236768425972,23.4228727219098,4.81515650061868,1,29.0519249265907,30.0519249265907,23.6209503920318,"Failure: extra reporting shock",30.0519249265907,"Random forest",23.7605706741491,6.43097453455884,6.29135425244154,4.81515650061868,1,1.61581803394016,1.47619775182286,24.236768425972
125,2020,"South and Islands",9645,9.1741573985261,84.1651639729312,19.2346328615867,109.438898502892,4.69536638897428,19.2269044383756,369.822447936966,0,-0.0403944781594508,5,22.3855493622713,24.3291590773343,1.19434122519636,3,23.5798905874677,26.5798905874677,23.1427414398991,"Failure: extra reporting shock",26.5798905874677,"Random forest",23.8155262439607,3.43714914756859,2.76436434350704,1.19434122519636,3,2.24280792237223,1.57002311831068,22.3855493622713
126,2020,"North East",5484,8.60964783399261,74.1260358253737,21.1837378856792,76.6829877999687,4.33967988194585,34.368249550303,728.047990063229,0,-0.493012413904232,5,25.6248564845106,26.3543377308678,10.4686369356814,0,36.093493420192,36.093493420192,25.5713421294306,"Failure: extra reporting shock",36.093493420192,"Random forest",26.1794241459344,10.5221512907615,9.91406927425759,10.4686369356814,0,0.0535143550800221,-0.55456766142386,25.6248564845106
127,2020,"North West",1605,7.38059748675412,54.4732192614813,30.5861246467046,1186.70342524964,7.07893451103218,33.4537683252763,1023.22112789888,0,-1.70638128926076,5,31.2640646802509,30.7147606885946,17.4388857936424,0,48.7029504738933,48.7029504738933,30.303316192897,"Failure: extra reporting shock",48.7029504738933,"Random forest",30.9446473255365,18.3996342809962,17.7583031483568,17.4388857936424,0,0.960748487353854,0.319417354714371,31.2640646802509
128,2020,"North West",4148,8.3303591908641,69.3948842488139,23.022818439231,113.663466640437,4.73324203549568,27.5585317363569,634.47507261793,0,0.891922406751805,5,30.065626596695,28.1040030078482,16.1942555495959,0,46.2598821462909,46.2598821462909,28.0120327174697,"Failure: extra reporting shock",46.2598821462909,"Random forest",28.1932508485737,18.2478494288212,18.0666312977172,16.1942555495959,0,2.05359387922526,1.87237574812131,30.065626596695
129,2020,"Center",750,6.62068988929403,43.8335346102002,29.0744246146772,229.752106410149,5.43700092946428,27.8611398273728,810.046609589932,1,-0.921459149057769,5,30.8566097465219,30.6785977710743,5.88111479526612,1,36.737724541788,37.737724541788,29.0196598517515,"Failure: extra reporting shock",37.737724541788,"Random forest",30.1882295039108,8.71806469003649,7.54949503787723,5.88111479526612,1,2.83694989477037,1.66838024261111,30.8566097465219
130,2020,"North West",14654,9.59246654863166,92.0154144866175,20.9321632501284,336.851370657782,5.81964179644331,32.7598710971743,685.734969859215,0,1.01467100433184,5,28.8165604365195,28.0182432328305,16.3283772340519,0,45.1449376705714,45.1449376705714,27.8946243449378,"Failure: extra reporting shock",45.1449376705714,"Random forest",28.1560391584792,17.2503133256336,16.9888985120922,16.3283772340519,0,0.92193609158176,0.660521278040306,28.8165604365195
131,2020,"South and Islands",5345,8.58391503305447,73.6835972946985,20.2474342155925,96.9483634281695,4.57417850097031,22.9493976264263,464.666418728541,0,0.53088651401795,5,24.4081975897353,24.839484011992,1.56632389730055,3,25.9745214870359,28.9745214870359,24.0442683185015,"Failure: extra reporting shock",28.9745214870359,"Random forest",24.8600119415272,4.93025316853439,4.11450954550867,1.56632389730055,3,3.36392927123384,2.54818564820813,24.4081975897353
132,2020,"North West",15177,9.62756857530282,92.6900766721583,21.5059498888704,120.217384858903,4.78930164441237,30.8234436572111,662.887434694401,1,1.35103761311015,5,28.84861554258,29.3411278030117,16.2559438435161,0,45.1045593860961,45.1045593860961,28.700335302407,"Failure: extra reporting shock",45.1045593860961,"Random forest",28.8404984051135,16.4042240836891,16.2640609809826,16.2559438435161,0,0.148280240173033,0.00811713746652742,28.84861554258
133,2020,"South and Islands",9079,9.11372089300676,83.059908515628,23.7118934950843,49.1226107217122,3.89431943229847,22.1289924917237,524.720313117272,0,-0.893793824521516,5,24.7557781991403,25.2267325725578,1.88998605861546,3,26.6457642577558,29.6457642577558,24.4438610502244,"Failure: extra reporting shock",29.6457642577558,"Random forest",25.3604392524459,5.20190320753139,4.2853250053099,1.88998605861546,3,3.31191714891592,2.39533894669443,24.7557781991403
134,2020,"North West",2786,7.93232730146461,62.9218164175609,21.9860480119929,75.7270255960628,4.3271351059258,27.550683215591,605.730643941192,1,0.278274717135735,5,28.3425699136206,27.9621523984857,16.0796614061461,0,44.4222313197667,44.4222313197667,27.4174993136173,"Failure: extra reporting shock",44.4222313197667,"Random forest",28.0790010118224,17.0047320061494,16.3432303079443,16.0796614061461,0,0.925070600003284,0.263568901798131,28.3425699136206
135,2020,"Center",1288,7.16050393632851,51.2728166221761,20.3473863934113,227.479537023647,5.42706028719671,17.9223517335234,364.673015800626,1,-0.659385377331466,5,24.2596070411911,24.6167135858857,4.22542542435742,1,28.4850324655485,29.4850324655485,24.6361097039635,"Failure: extra reporting shock",29.4850324655485,"Random forest",24.8233501587348,4.84892276158496,4.66168230681372,4.22542542435742,1,0.623497337227541,0.436256882456303,24.2596070411911
136,2020,"North East",4234,8.35079244438363,69.7357344491748,18.3243501423213,57.8683428138775,4.05817047881625,22.9832873676008,421.153805145507,0,0.305439271663199,5,23.9781804946154,25.2083879336241,9.35715693112293,0,33.3353374257383,33.3353374257383,24.3077728058425,"Failure: extra reporting shock",33.3353374257383,"Random forest",25.2743926823277,9.02756461989581,8.06094474341057,9.35715693112293,0,-0.329592311227122,-1.29621218771236,23.9781804946154
137,2020,"North East",1097,7.00074946061391,49.010493010286,20.2712286468552,235.144704487406,5.46020108841563,31.9211363710872,647.080654045756,0,-0.326516166041466,5,27.3274727749381,25.7664532353196,10.1969629968657,0,37.5244357718038,37.5244357718038,26.1573791911519,"Failure: extra reporting shock",37.5244357718038,"Random forest",26.4101307754896,11.367056580652,11.1143049963142,10.1969629968657,0,1.17009358378626,0.917341999448478,27.3274727749381
138,2020,"South and Islands",5233,8.56278387047051,73.3212676123899,23.0278099377925,59.9377865220025,4.09330713297847,18.7194891755317,431.068838866707,0,0.572208043476274,5,25.8274669667256,25.7331495560353,1.57607163517992,3,27.4035386019055,30.4035386019055,24.6356415071926,"Failure: extra reporting shock",30.4035386019055,"Random forest",25.232510785044,5.76789709471296,5.17102781686154,1.57607163517992,3,4.19182545953304,3.59495618168161,25.8274669667256
139,2020,"North West",5703,8.64877231813048,74.8012626108601,19.7926161367709,286.734693777673,5.65855737630294,25.4293014980232,503.312403176587,0,-0.853041254588744,5,25.5164863689479,25.4235604743069,15.689887179642,0,41.2063735485899,41.2063735485899,25.1183431908647,"Failure: extra reporting shock",41.2063735485899,"Random forest",25.8599828023991,16.0880303577252,15.3463907461908,15.689887179642,0,0.398143178083245,-0.343496433451143,25.5164863689479
140,2020,"South and Islands",5231,8.56235254713284,73.3138811413923,19.3062811058808,134.288182583468,4.89998810698053,24.0337008313901,464.001384265457,1,0.00649630537470096,5,24.699044527723,23.6877306744626,1.53869827957972,3,26.2377428073027,29.2377428073027,23.7485205578226,"Failure: extra reporting shock",29.2377428073027,"Random forest",23.7853391299698,5.48922224948012,5.45240367733298,1.53869827957972,3,3.9505239699004,3.91370539775326,24.699044527723
141,2020,"North West",3073,8.03027855577554,64.4853736833485,31.1629944906182,102.863046693034,4.63339845971206,31.4101765624701,978.8351591656,0,-0.232129853739978,5,31.0473938008384,31.0006414345436,17.3592900530764,0,48.4066838539148,48.4066838539148,30.8244898944344,"Failure: extra reporting shock",48.4066838539148,"Random forest",30.9253275928364,17.5821939594805,17.4813562610785,17.3592900530764,0,0.222903906404042,0.12206620800205,31.0473938008384
142,2020,"South and Islands",6315,8.7507125363015,76.5749698929842,25.1605484142339,66.3285140027032,4.19461988019143,26.5276735232712,667.450813999256,0,1.018481423035,5,27.1302885271902,28.1606429270616,2.35724577193025,3,29.4875342991205,32.4875342991205,26.5007391435016,"Failure: extra reporting shock",32.4875342991205,"Random forest",27.121801448241,5.98679515561884,5.36573285087951,2.35724577193025,3,3.62954938368859,3.00848707894926,27.1302885271902
143,2020,"North West",7424,8.9124861623957,79.4324095948949,25.3359907747066,106.140797678309,4.66476649271265,31.2050303749124,790.61036170322,0,1.23846839254309,5,29.1285011831473,29.1203618413863,16.7039594111971,0,45.8324605943444,45.8324605943444,29.4685869451941,"Failure: extra reporting shock",45.8324605943444,"Random forest",29.0930628420672,16.3638736491503,16.7393977522772,16.7039594111971,0,-0.340085762046851,0.0354383410800914,29.1285011831473
144,2020,"North West",7006,8.85446458431591,78.4015430749048,26.2082471210275,409.672947070534,6.01535915130246,31.8525349889953,834.799108422762,1,-0.717822753552813,5,29.0915973596949,28.8869110469876,16.8452329322782,0,45.9368302919731,45.9368302919731,29.5409373097293,"Failure: extra reporting shock",45.9368302919731,"Random forest",29.6334673068036,16.3958929822438,16.3033629851695,16.8452329322782,0,-0.449339950034432,-0.541869947108726,29.0915973596949
145,2020,"Center",2637,7.87724248828792,62.0509492192884,28.1712346743704,165.823413189666,5.11092344617944,12.1411256169634,342.030498966486,0,-1.22570870499704,5,25.8054151288845,26.1475421726511,4.68136290710371,1,30.4867780359882,31.4867780359882,26.5237577889825,"Failure: extra reporting shock",31.4867780359882,"Random forest",26.6721929600876,4.96302024700566,4.8145850759006,4.68136290710371,1,0.281657339901948,0.133222168796888,25.8054151288845
146,2020,"North East",3131,8.04913539847484,64.7885806629806,21.1802330502808,89.5881152559853,4.49522266895082,29.8006298099248,631.184284419352,0,-0.712528628256111,5,27.6781242686788,25.94439675945,10.1485180219612,0,37.82664229064,37.82664229064,24.8169105413783,"Failure: extra reporting shock",37.82664229064,"Random forest",26.4483481261887,13.0097317492617,11.3782941644513,10.1485180219612,0,2.86121372730056,1.22977614249015,27.6781242686788
147,2020,"North East",3043,8.0206557492373,64.3309186477734,23.7266454943722,49.5805055636811,3.90359772348287,23.3098495807434,553.064537529439,0,1.67106718515678,5,28.2519610560632,28.7899281670117,9.97426877476851,0,38.2262298308317,38.2262298308317,27.7889533311576,"Failure: extra reporting shock",38.2262298308317,"Random forest",28.3415306766546,10.437276499674,9.88469915417704,9.97426877476851,0,0.463007724905504,-0.0895696205914707,28.2519610560632
148,2020,"Center",2022,7.6118912236222,57.9408880002567,25.8429227362268,207.31330177047,5.33423118414855,18.2868885892069,472.58664889686,0,0.127746495102924,5,27.253029796892,27.4681487296294,4.85545200196496,1,32.108481798857,33.108481798857,26.7517808510282,"Failure: extra reporting shock",33.108481798857,"Random forest",26.8908499808668,6.35670094782878,6.21763181799016,4.85545200196496,1,1.50124894586383,1.36217981602521,27.253029796892
149,2020,"North West",1344,7.20336402126172,51.8884532228078,27.7302037210873,124.995110952011,4.82827462415348,29.3932826168963,815.081714998026,0,0.574888871035653,5,29.2046483097937,28.4817975623241,16.8405004922379,0,46.0451488020316,46.0451488020316,29.8455728648509,"Failure: extra reporting shock",46.0451488020316,"Random forest",29.7636003440342,16.1995759371807,16.2815484579974,16.8405004922379,0,-0.64092455505714,-0.558952034240495,29.2046483097937
150,2020,"Center",3130,8.04890419527072,64.7848587446467,21.3852973650936,57.63954501526,4.05420887754118,25.9131337246116,554.160070362255,0,-1.17554589348512,5,23.5968550273699,24.5339490757931,4.89895037061864,1,28.4958053979885,29.4958053979885,23.9341025834476,"Failure: extra reporting shock",29.4958053979885,"Random forest",24.1586346499785,5.56170281454095,5.33717074800997,4.89895037061864,1,0.662752443922311,0.438220377391334,23.5968550273699
151,2020,"North East",12756,9.45372635026684,89.3729419057295,19.844246671313,323.1423570966,5.77809296017313,36.9964677067489,734.16703113999,0,-0.346141946230298,5,26.2412418815866,26.9230841843134,10.5052681730524,0,36.746510054639,36.746510054639,25.7566420625064,"Failure: extra reporting shock",36.746510054639,"Random forest",26.9135176480086,10.9898679921325,9.83299240663031,10.5052681730524,0,0.484599819080145,-0.672275766422072,26.2412418815866
152,2020,"North West",4490,8.40971710400112,70.723341769329,24.8916085287092,303.787084453111,5.71632707593706,30.4341902225829,757.555948908802,0,-1.11010786922352,5,29.5856383099388,28.7302365255554,16.6011185534743,0,46.1867568634131,46.1867568634131,27.5757622930759,"Failure: extra reporting shock",46.1867568634131,"Random forest",28.4758829931375,18.6109945703372,17.7108738702757,16.6011185534743,0,2.00987601686288,1.10975531680134,29.5856383099388
153,2020,"South and Islands",886,6.78667581969998,46.0589686817004,24.7650372652258,148.754486569277,5.00229720578114,19.0349331822113,471.400829598546,0,-1.25167805606941,5,24.7679099695324,24.4892055397878,1.78924772166516,3,26.5571576911976,29.5571576911976,23.9543529137848,"Failure: extra reporting shock",29.5571576911976,"Random forest",24.4084560196483,5.60280477741276,5.14870167154932,1.78924772166516,3,3.8135570557476,3.35945394988416,24.7679099695324
154,2020,"South and Islands",13937,9.5422836440378,91.0551771432714,18.2268367894815,521.789808419972,6.25726484092885,17.1234126325683,312.105647332769,0,0.509450642378785,5,25.6634983814723,24.3271009588224,0.936239230858281,3,26.5997376123306,29.5997376123306,23.3972166852085,"Failure: extra reporting shock",29.5997376123306,"Random forest",23.4729352884813,6.20252092712209,6.12680232384924,0.936239230858281,3,5.26628169626381,5.19056309299096,25.6634983814723
155,2020,"North East",1969,7.58540673385729,57.5383953180475,23.3082772004948,215.733900235475,5.37404570486386,27.601199856315,643.336417317248,0,-0.830752988205731,5,27.3366168315765,26.2605523365232,10.228642781732,0,37.5652596133086,37.5652596133086,26.4648950761335,"Failure: extra reporting shock",37.5652596133086,"Random forest",26.866302108881,11.1003645371751,10.6989575044276,10.228642781732,0,0.871721755443055,0.470314722695594,27.3366168315765
156,2020,"North West",5779,8.66195094008477,75.0293940884355,29.0881864410609,82.5781314855352,4.41374489348284,25.9713218411802,755.458651837047,0,0.376629539744297,5,32.2058202151829,31.3260925318428,16.7503413371348,0,48.9561615523178,48.9561615523178,29.7895895670409,"Failure: extra reporting shock",48.9561615523178,"Random forest",30.6401427913703,19.1665719852769,18.3160187609475,16.7503413371348,0,2.41623064814203,1.56567742381267,32.2058202151829
157,2020,"North West",6584,8.79247301199364,77.3075816666366,26.6395616362761,41.8170302932196,3.73330367983915,38.9743127337927,1038.25860630337,0,1.23307016353062,5,30.8201941354627,31.2535559643137,17.3912019710914,0,48.2113961065541,48.2113961065541,30.3244375890249,"Failure: extra reporting shock",48.2113961065541,"Random forest",31.1397119419526,17.8869585175292,17.0716841646014,17.3912019710914,0,0.495756546437764,-0.319517806489962,30.8201941354627
158,2020,"North West",7210,8.88318953332268,78.9110562849337,25.8492874791406,564.681128450357,6.3362611974031,35.0414003289629,905.795230775016,1,0.619200640109591,5,31.9118171765565,31.9639925588732,17.0289679454684,0,48.9407851220249,48.9407851220249,31.6724545493469,"Failure: extra reporting shock",48.9407851220249,"Random forest",32.1664325725326,17.268330572678,16.7743525494923,17.0289679454684,0,0.239362627209569,-0.254615395976092,31.9118171765565
159,2020,"South and Islands",703,6.55493688995938,42.9671976313504,19.4572812090189,282.120323897896,5.64233366042487,17.1277927276167,333.260279591027,1,0.347163578923165,5,24.8616307288731,26.0574483583922,1.07189472366078,3,25.9335254525338,28.9335254525338,24.6675797276118,"Failure: extra reporting shock",28.9335254525338,"Random forest",25.806423951171,4.265945724922,3.12710150136287,1.07189472366078,3,3.19405100126122,2.05520677770209,24.8616307288731
160,2020,"South and Islands",7107,8.86885082432277,78.6565149440906,18.9280418884138,109.508369123699,4.69600097668932,18.3235537665053,346.828993237015,0,-0.0494110008511605,5,22.9996162466955,23.5905755838501,1.09738167111642,3,24.096997917812,27.096997917812,23.3448623475806,"Failure: extra reporting shock",27.096997917812,"Random forest",23.6349183497415,3.75213557023138,3.46207956807046,1.09738167111642,3,2.65475389911496,2.36469789695404,22.9996162466955
161,2020,"North East",4141,8.32870984882218,69.3674077458676,24.1163239604115,91.6909631289886,4.51842382619454,16.5759373084571,399.750674078223,1,-0.557222881365068,5,27.1063543724036,28.2183808572739,9.5457595469728,0,36.6521139193764,36.6521139193764,26.6522163252366,"Failure: extra reporting shock",36.6521139193764,"Random forest",27.8550879801975,9.99989759413973,8.79702593917891,9.5457595469728,0,0.454138047166932,-0.748733607793888,27.1063543724036
162,2020,"North East",10226,9.23264891350767,85.2418059600943,24.9899253740585,214.112046029306,5.36649945757809,26.557466705578,663.669111096437,0,-2.07470349869189,5,27.575843971145,25.7766060847991,10.3405627602724,0,37.9164067314174,37.9164067314174,25.8662207938598,"Failure: extra reporting shock",37.9164067314174,"Random forest",26.1389077840507,12.0501859375576,11.7774989473666,10.3405627602724,0,1.70962317728519,1.43693618709422,27.575843971145
163,2020,"Center",23184,10.0512370240252,101.027365713135,21.533478550102,177.927429341118,5.18137576682891,18.598727231516,400.495293899049,0,0.870233726548616,5,26.8659369172362,26.3860942795077,4.40324184645287,1,31.2691787636891,32.2691787636891,26.0629862751686,"Failure: extra reporting shock",32.2691787636891,"Random forest",26.3503571278572,6.2061924885205,5.91882163583193,4.40324184645287,1,1.80295064206763,1.51557978937905,26.8659369172362
164,2020,"North East",1309,7.17713216096265,51.5112260559245,24.056721705133,330.237621155486,5.79981245944628,29.9312957145534,720.048851279052,1,-0.230118369038562,5,28.0268925936211,28.3908939094146,10.4740783873189,0,38.50097098094,38.50097098094,28.7266037022338,"Failure: extra reporting shock",38.50097098094,"Random forest",28.8053853559494,9.77436727870612,9.69558562499055,10.4740783873189,0,-0.699711108612782,-0.778492762328348,28.0268925936211
165,2020,"South and Islands",5221,8.56046159855143,73.2815027802737,18.7735363071492,285.488838606928,5.65420293413547,15.4172764971223,289.436800076083,1,-0.398001418644214,5,23.8604028157633,22.6047335863062,0.876946648320503,3,24.7373494640838,27.7373494640838,23.2938041611601,"Failure: extra reporting shock",27.7373494640838,"Random forest",23.3711292414699,4.44354530292366,4.36622022261389,0.876946648320503,3,3.56659865460316,3.48927357429339,23.8604028157633
166,2020,"North West",1888,7.54311704796342,56.8986147992764,24.7482312533743,351.112573906199,5.8611068954246,27.6719560960573,684.831968698448,0,-0.624806719180053,5,28.2731100740518,29.1484124163103,16.3919906643307,0,44.6651007383825,44.6651007383825,27.6045762450539,"Failure: extra reporting shock",44.6651007383825,"Random forest",28.8097302670418,17.0605244933286,15.8553704713408,16.3919906643307,0,0.668533828997894,-0.53662019298995,28.2731100740518
167,2020,"South and Islands",4074,8.31233799422242,69.0949629301935,23.41699362737,119.6303059527,4.78440620367098,22.8979514712686,536.201183682524,1,1.31601931787156,5,28.3774007333758,26.0799680817596,1.91137420173503,3,30.2887749351108,33.2887749351108,26.4879203872649,"Failure: extra reporting shock",33.2887749351108,"Random forest",26.3964402240769,6.80085454784596,6.89233471103393,1.91137420173503,3,4.88948034611093,4.9809605092989,28.3774007333758
168,2020,"North East",3119,8.04520585227801,64.7253372055283,19.1927788087284,50.8755394829532,3.92938224779407,33.7175325119617,647.133143478189,0,0.456362919431519,5,25.3830706228968,26.1997325954613,10.204081244533,0,35.5871518674298,35.5871518674298,26.1370770347335,"Failure: extra reporting shock",35.5871518674298,"Random forest",26.1055180328184,9.45007483269626,9.48163383461138,10.204081244533,0,-0.754006411836716,-0.722447409921596,25.3830706228968
169,2020,"South and Islands",14262,9.56538674755751,91.4966236303489,23.5239892231081,80.0386114731342,4.38250916165319,20.0465775336187,471.575473861046,1,-1.82258278593168,5,25.756479332283,23.6135094097676,1.72354754163073,3,27.4800268739137,30.4800268739137,23.2196964026823,"Failure: extra reporting shock",30.4800268739137,"Random forest",23.8882194920849,7.26033047123135,6.59180738182877,1.72354754163073,3,5.53678292960063,4.86825984019805,25.756479332283
170,2020,"Center",1389,7.23654744942077,52.3676189877182,25.0104829292856,78.9235229339617,4.36847931946325,20.8330893733468,521.045626136371,0,0.715911559686028,5,27.1938057121178,26.5131875010379,4.94211767809122,1,32.135923390209,33.135923390209,26.8684056908908,"Failure: extra reporting shock",33.135923390209,"Random forest",26.833806579438,6.26751769931818,6.30211681077101,4.94211767809122,1,1.32540002122696,1.35999913267979,27.1938057121178
171,2020,"North East",2203,7.69763665384891,59.2536100546782,22.0607254758938,108.796194741283,4.68947635900583,30.8576449872993,680.742034897402,0,-0.575096474052088,5,26.5823010381927,26.4144496348915,10.3193632511948,0,36.9016642893875,36.9016642893875,25.6106931122536,"Failure: extra reporting shock",36.9016642893875,"Random forest",26.6576192157825,11.2909711771339,10.244045073605,10.3193632511948,0,0.971607925939134,-0.0753181775897982,26.5823010381927
172,2020,"North East",8402,9.0361987821638,81.6528884307785,23.6693630149408,315.65699425616,5.75465616283255,25.4962847932369,603.48082030344,0,-1.38905593080166,5,27.3044599672565,27.6384586323554,10.1210181669056,0,37.4254781341621,37.4254781341621,26.4155333420624,"Failure: extra reporting shock",37.4254781341621,"Random forest",27.5248055565977,11.0099447920997,9.90067257756443,10.1210181669056,0,0.888926625194125,-0.220345589341173,27.3044599672565
173,2020,"North West",642,6.46450158371027,41.7897807257926,17.8785993122565,364.928441960354,5.8997012849386,27.123193600867,484.924710458659,0,0.41240804911941,5,25.8520197880097,26.9301200981955,15.5979177761444,0,41.4499375641541,41.4499375641541,26.7023948574467,"Failure: extra reporting shock",41.4499375641541,"Random forest",26.6393136408968,14.7475427067075,14.8106239232574,15.5979177761444,0,-0.850375069436954,-0.787293852887068,25.8520197880097
174,2020,"North East",653,6.48173044388455,42.0128295471798,24.9098214752966,178.795178419637,5.18624089604269,28.3580499329313,706.393961216864,0,0.914129191378566,5,28.9596427714394,29.0850433956007,10.4577921573233,0,39.4174349287627,39.4174349287627,28.5545025181867,"Failure: extra reporting shock",39.4174349287627,"Random forest",28.9326834917705,10.862932410576,10.4847514369922,10.4577921573233,0,0.405140253252704,0.02695927966883,28.9596427714394
175,2020,"North West",12935,9.46771137221099,89.6375586274933,25.4530967655912,309.39504861297,5.73461893482077,26.4517320641675,673.278495846747,1,-0.282383289137288,5,31.0637347752839,29.3991500758365,16.3841101884423,0,47.4478449637262,47.4478449637262,29.028391030438,"Failure: extra reporting shock",47.4478449637262,"Random forest",29.0972133402944,18.4194539332883,18.3506316234318,16.3841101884423,0,2.03534374484598,1.9665214349895,31.0637347752839
176,2020,"South and Islands",3254,8.0877670330968,65.4119755816475,26.8096711252702,241.914605157376,5.48858479263246,24.9373394241069,668.561868699539,0,-0.967965818993479,5,27.2422839313849,24.7387947028824,2.42732588320273,3,29.6696098145877,32.6696098145877,25.3668145288857,"Failure: extra reporting shock",32.6696098145877,"Random forest",25.4518904118253,7.30279528570193,7.21771940276234,2.42732588320273,3,4.8754694024992,4.79039351955961,27.2422839313849
177,2020,"North East",13496,9.51013675924503,90.4427011795435,28.4955153383302,95.0311855343814,4.5542051065151,27.5317834402798,784.532357314078,1,-2.2344747405585,5,26.558340262419,28.6066501852352,10.7943798277714,0,37.3527200901904,37.3527200901904,26.5877550196116,"Failure: extra reporting shock",37.3527200901904,"Random forest",29.1841914713293,10.7649650705789,8.16852861886109,10.7943798277714,0,-0.0294147571925798,-2.62585120891035,26.558340262419
178,2020,"North East",1121,7.02183034888553,49.3061014485299,26.2138469394153,229.154028826917,5.43439439241488,22.9627998262115,601.943319944741,0,-1.50425529931315,5,26.289809946494,27.0686989296407,10.223567450906,0,36.5133773974,36.5133773974,26.8152634837253,"Failure: extra reporting shock",36.5133773974,"Random forest",27.4304219683962,9.69811391367466,9.08295542900381,10.223567450906,0,-0.525453537231359,-1.14061202190222,26.289809946494
179,2020,"Center",7596,8.93541111586085,79.8415718094497,21.9335143332344,140.593402573829,4.94587205490315,22.7476474631449,498.935851680254,0,-0.700011193075895,5,25.3493689076166,24.4605416757366,4.73767019881147,1,30.0870391064281,31.0870391064281,24.5940446489871,"Failure: extra reporting shock",31.0870391064281,"Random forest",24.9611453263025,6.49299445744099,6.12589378012558,4.73767019881147,1,1.75532425862952,1.38822358131412,25.3493689076166
180,2020,"South and Islands",3380,8.1257597941172,66.0279722316916,24.6557809495184,351.671690054688,5.86269804165573,28.7065336247447,707.782004871691,0,2.52156540939064,5,29.7243575382604,31.3066262809348,2.45424155791469,3,32.1785990961751,35.1785990961751,29.3602401558707,"Failure: extra reporting shock",35.1785990961751,"Random forest",30.154878612782,5.81835894030442,5.02372048339314,2.45424155791469,3,3.36411738238973,2.56947892547845,29.7243575382604
181,2020,"North East",11688,9.36627757538556,87.7271556191705,24.2779324816379,118.275206304776,4.77301416579619,22.6166737187207,549.086077502335,1,0.609257500779211,5,27.7547123122909,27.9200995554845,9.98638803302615,0,37.741100345317,37.741100345317,28.4994103041495,"Failure: extra reporting shock",37.741100345317,"Random forest",28.4989569002339,9.24169004116754,9.24214344508312,9.98638803302615,0,-0.744697991858608,-0.744244587943033,27.7547123122909
182,2020,"Center",2117,7.6576698767183,58.6399079407989,24.9008672990923,103.666511320693,4.64117912499578,23.6452872490293,588.788160036997,0,-0.576586765213279,5,25.8764460781019,26.415747976941,5.12691381006773,1,31.0033598881697,32.0033598881697,25.5149100447151,"Failure: extra reporting shock",32.0033598881697,"Random forest",26.0674018615585,6.48844984345451,5.93595802661111,5.12691381006773,1,1.36153603338678,0.809044216543379,25.8764460781019
183,2020,"South and Islands",2968,7.99578240650991,63.9325362922533,18.7687980756475,230.26255499164,5.43922020129983,19.3552238347435,363.274287863261,0,-6.97089267394287e-05,5,23.7674314459304,22.9236195477733,1.1520817564888,3,24.9195132024192,27.9195132024192,23.2443411318778,"Failure: extra reporting shock",27.9195132024192,"Random forest",23.5021637508901,4.67517207054137,4.41734945152916,1.1520817564888,3,3.52309031405257,3.26526769504036,23.7674314459304
184,2020,"North East",861,6.75770435512279,45.6665681512455,18.6839678417482,133.784893148889,4.89623323510815,34.5724014115463,645.949636185342,0,-0.457170777980535,5,24.8130773370046,24.180868874161,10.2079528611361,0,35.0210301981407,35.0210301981407,24.2782189579993,"Failure: extra reporting shock",35.0210301981407,"Random forest",24.701333620522,10.7428112401414,10.3196965776187,10.2079528611361,0,0.534858379005314,0.111743716482657,24.8130773370046
185,2020,"South and Islands",1688,7.43100383785547,55.2198180382228,22.082590168244,146.604313607897,4.9877372133573,21.7049061362044,479.300546846005,1,1.67333223124098,5,29.0216266118582,26.8528093179706,1.68107664777667,3,30.7027032596349,33.7027032596349,26.6456799429025,"Failure: extra reporting shock",33.7027032596349,"Random forest",26.7755193455728,7.05702331673233,6.9271839140621,1.68107664777667,3,5.37594666895565,5.24610726628542,29.0216266118582
186,2020,"North East",5889,8.68081412661224,75.3565339007906,27.6299979781048,274.250305501068,5.61404121310574,25.9866444562064,718.010933782711,1,0.412324741752344,5,30.0461694649147,30.0809155207014,10.5910131892615,0,40.6371826541762,40.6371826541762,29.1332498421064,"Failure: extra reporting shock",40.6371826541762,"Random forest",29.9051730505345,11.5039328120698,10.7320096036417,10.5910131892615,0,0.912919622808275,0.140996414380169,30.0461694649147
187,2020,"Center",815,6.70328053240818,44.9339698961625,23.1455791844714,49.0314178249851,3.89246127274423,23.5405923129216,544.860643428086,0,-0.86164030098008,5,23.7768741343709,25.3443892969215,4.9265034719319,1,28.7033776063028,29.7033776063028,24.42157708564,"Failure: extra reporting shock",29.7033776063028,"Random forest",25.0408596946745,5.2818005206628,4.66251791162825,4.9265034719319,1,0.355297048730897,-0.263985560303649,23.7768741343709
188,2020,"North East",11403,9.34165592918191,87.2665354992196,18.9715476495541,111.198770163588,4.71131932207536,28.7300609614149,545.053720504076,0,-0.425676591529575,5,25.3597502018484,23.299504741659,9.83062280848552,0,35.1903730103339,35.1903730103339,23.5974494186366,"Failure: extra reporting shock",35.1903730103339,"Random forest",24.0023482817064,11.5929235916973,11.1880247286275,9.83062280848552,0,1.7623007832118,1.35740192014196,25.3597502018484
189,2020,"North West",2571,7.85223441378577,61.6575852890416,23.677631221251,141.790196496244,4.95434847557433,24.3897136643817,577.490645737137,1,0.710336329823387,5,27.9596623518698,30.9700981542165,16.0444676905799,0,44.0041300424497,44.0041300424497,29.5256081793928,"Failure: extra reporting shock",44.0041300424497,"Random forest",30.2916533000012,14.4785218630569,13.7124767424485,16.0444676905799,0,-1.56594582752301,-2.33199094813134,27.9596623518698
190,2020,"South and Islands",5012,8.51968377877643,72.5850116903462,23.3950155228657,226.22193507703,5.42151653102753,25.6992160224026,601.233557769588,1,0.708989183627062,5,27.3524580624184,28.2007943497556,2.10504512881894,3,29.4575031912373,32.4575031912373,27.0025185146464,"Failure: extra reporting shock",32.4575031912373,"Random forest",27.6592264302258,5.4549846765909,4.7982767610115,2.10504512881894,3,3.34993954777195,2.69323163219256,27.3524580624184
191,2020,"North East",10499,9.2590416406028,85.7298521024165,22.0232015752187,52.4588365439446,3.96002879622757,25.4254292998584,559.949354607254,1,-0.849542137476995,5,26.0967852628263,28.4146315525531,9.93498052399968,0,36.0317657868259,36.0317657868259,25.9013080717766,"Failure: extra reporting shock",36.0317657868259,"Random forest",27.6442662927719,10.1304577150493,8.387499494054,9.93498052399968,0,0.195477191049637,-1.54748102994567,26.0967852628263
192,2020,"North West",899,6.80108582865328,46.2547684487085,22.7282568248516,245.865618269229,5.50478511947582,28.8769349901064,656.322394769682,0,0.648812373577382,5,28.6127292874142,29.3812733789845,16.2541419997767,0,44.8668712871909,44.8668712871909,27.7534931121416,"Failure: extra reporting shock",44.8668712871909,"Random forest",28.9843678834775,17.1133781750493,15.8825034037134,16.2541419997767,0,0.859236175272631,-0.371638596063271,28.6127292874142
193,2020,"North East",1215,7.10260191267559,50.4469539299429,20.7152906043684,86.4860872560793,4.45998356003136,21.892188803859,453.50305303764,0,-0.665796203110901,5,24.859911932815,24.4827698200972,9.54378348248619,0,34.4036954153012,34.4036954153012,24.5991883066902,"Failure: extra reporting shock",34.4036954153012,"Random forest",24.3515585252496,9.80450710861097,10.0521368900516,9.54378348248619,0,0.260723626124785,0.508353407565407,24.859911932815
194,2020,"North West",1253,7.13313525091944,50.8816185079096,26.4642510608933,612.187172256854,6.41703807277472,30.1215448286997,797.144124688663,0,-0.249100681056305,5,30.1362081869855,32.146070605723,16.7522240544428,0,46.8884322414282,46.8884322414282,30.0234840013058,"Failure: extra reporting shock",46.8884322414282,"Random forest",30.6090974269842,16.8649482401225,16.279334814444,16.7522240544428,0,0.112724185679699,-0.472889239998761,30.1362081869855
195,2020,"Center",3703,8.21687824560942,67.5170881031693,21.5404631077108,23.7388333954679,3.16711224709235,21.0153000011203,452.679294371607,1,-0.597068857102999,5,25.92716413361,24.1975862222625,4.57317024166214,1,30.5003343752722,31.5003343752722,24.2081992659564,"Failure: extra reporting shock",31.5003343752722,"Random forest",24.4335491797398,7.29213510931575,7.06678519553238,4.57317024166214,1,2.71896486765361,2.49361495387024,25.92716413361
196,2020,"North West",2513,7.82926581363299,61.2974031805222,28.0267057311191,299.115569233563,5.70083001788719,32.7017870282974,916.523361923818,0,1.09786272015585,5,32.5534962405113,32.579136953053,17.1047110221394,0,49.6582072626507,49.6582072626507,31.4258188598666,"Failure: extra reporting shock",49.6582072626507,"Random forest",31.8823742132714,18.2323884027842,17.7758330493794,17.1047110221394,0,1.12767738064471,0.671122027239917,32.5534962405113
197,2020,"North West",4461,8.40318290656904,70.6134829612541,23.6200163112496,425.767191917226,6.05389269903811,20.6222969006138,487.09898916793,0,-1.07384664367958,5,27.8663912547912,28.3296687322686,15.774410877016,0,43.6408021318072,43.6408021318072,26.5240736536877,"Failure: extra reporting shock",43.6408021318072,"Random forest",27.9638576924531,17.1167284781195,15.6769444393541,15.774410877016,0,1.3423176011035,-0.0974664376618968,27.8663912547912
198,2020,"North West",6120,8.71926753015248,76.0256262623713,22.8195000625751,109.72665025793,4.69799227540588,42.0591711047443,959.769257656569,0,-0.455577936549153,5,28.7383894844225,27.5603414287392,17.1869352839509,0,45.9253247683734,45.9253247683734,27.2931468164574,"Failure: extra reporting shock",45.9253247683734,"Random forest",27.8589964782023,18.632177951916,18.0663282901711,17.1869352839509,0,1.44524266796511,0.879393006220234,28.7383894844225
199,2020,"North West",4954,8.50800983779356,72.386231399992,21.2741580710568,160.524226448913,5.07844487478617,29.9735430051935,637.661891842107,1,1.43275632162331,5,29.2843853121131,29.2995527512971,16.1709536979153,0,45.4553390100284,45.4553390100284,29.165440473591,"Failure: extra reporting shock",45.4553390100284,"Random forest",29.3006190463641,16.2898985364374,16.1547199636643,16.1709536979153,0,0.118944838522062,-0.0162337342510348,29.2843853121131
200,2020,"South and Islands",600,6.08243572483225,36.9960243467157,17.5413308858898,218.329757098685,5.38600656713231,20.3638968986278,357.209853624976,0,-0.468965270848023,5,22.454971948646,22.2235296617286,1.08766748008736,3,23.5426394287333,26.5426394287333,22.6150160615322,"Failure: extra reporting shock",26.5426394287333,"Random forest",22.7821644488181,3.92762336720116,3.76047497991524,1.08766748008736,3,2.8399558871138,2.67280749982788,22.454971948646
201,2020,"North West",928,6.83345357735485,46.6960877938638,31.8288825683064,178.65978205423,5.1854833383817,34.6198422434441,1101.91089329987,0,-0.0293820444276718,5,31.5162586691012,32.5325803359517,17.6572143392903,0,49.1734730083915,49.1734730083915,31.7962393076257,"Failure: extra reporting shock",49.1734730083915,"Random forest",32.0488901011107,17.3772337007658,17.1245829072808,17.6572143392903,0,-0.279980638524489,-0.532631432009488,31.5162586691012
202,2020,"South and Islands",1331,7.1935842898932,51.7476549357983,26.3751773025241,124.611437709615,4.82520039756268,18.2098748549225,480.288677955357,0,-0.632507798445637,5,25.8679427110126,26.4343979347221,1.90860904285776,3,27.7765517538703,30.7765517538703,26.033908488037,"Failure: extra reporting shock",30.7765517538703,"Random forest",26.4605128361172,4.74264326583334,4.3160389177531,1.90860904285776,3,2.83403422297558,2.40742987489534,25.8679427110126
203,2020,"North West",1700,7.43817053909526,55.3263809686647,27.8754864450571,712.183663897789,6.56833583305995,32.7603782077343,913.211478664642,0,-0.890633363050874,5,29.9605498663396,30.2342878017326,17.0921782832332,0,47.0527281495728,47.0527281495728,29.8089854448663,"Failure: extra reporting shock",47.0527281495728,"Random forest",30.2530448719995,17.2437427047065,16.7996832775733,17.0921782832332,0,0.151564421473264,-0.292495005659905,29.9605498663396
204,2020,"South and Islands",9372,9.14549313824118,83.6400447416165,19.1283634930871,76.7135195841423,4.34007795860479,28.0988586897046,537.485182757557,1,-0.954986626485922,5,25.1464622079444,23.6504865036243,1.80368839225443,3,26.9501506001989,29.9501506001989,23.0225515932637,"Failure: extra reporting shock",29.9501506001989,"Random forest",23.7838615651932,6.92759900693522,6.1662890350057,1.80368839225443,3,5.12391061468079,4.36260064275127,25.1464622079444
205,2020,"South and Islands",4632,8.44071498605271,71.2456694757748,16.0164995400006,219.170050291483,5.38984791385695,22.9156373057209,367.028294365898,1,0.101835006313344,5,23.7875734965329,23.0997812677794,1.09855786053606,3,24.8861313570689,27.8861313570689,22.2729274096847,"Failure: extra reporting shock",27.8861313570689,"Random forest",23.1229545821555,5.61320394738421,4.76317677491344,1.09855786053606,3,4.51464608684815,3.66461891437738,23.7875734965329
206,2020,"North West",2342,7.75865627031366,60.1967471208775,20.4027555903184,1061.69578378892,6.96762270482291,22.6698469226637,462.52734603304,0,-0.475933053713292,5,26.5252390802937,27.3287077437871,15.563840699257,0,42.0890797795507,42.0890797795507,26.353873341892,"Failure: extra reporting shock",42.0890797795507,"Random forest",26.7854187939444,15.7352064376587,15.3036609856064,15.563840699257,0,0.171365738401711,-0.260179713650665,26.5252390802937
207,2020,"Center",2022,7.61204680923299,57.9432566259542,25.2862994940309,122.676602574043,4.80955164546548,19.110778977103,483.240880779255,1,-0.102285769721118,5,28.1373641948016,28.9419870584916,4.85189577247614,1,32.9892599672777,33.9892599672777,26.8613118201439,"Failure: extra reporting shock",33.9892599672777,"Random forest",28.1697928735869,7.12794814713386,5.81946709369085,4.85189577247614,1,2.27605237465772,0.96757132121471,28.1373641948016
208,2020,"South and Islands",6474,8.77555363562978,77.0103416118151,27.8337336272084,167.440531169308,5.1206282504291,18.7326664654762,521.400048527405,1,-0.011535590522089,5,27.5049332279756,29.0543581561491,2.10564565131179,3,29.6105788792874,32.6105788792874,27.2670261469414,"Failure: extra reporting shock",32.6105788792874,"Random forest",28.2566100680828,5.34355273234596,4.35396881120453,2.10564565131179,3,3.23790708103417,2.24832315989274,27.5049332279756
209,2020,"North East",8729,9.07437183221604,82.3442241493159,27.6887073483143,113.584463748944,4.73254673416079,21.9856081369149,608.753069577752,0,1.54884996223385,5,30.7962330325652,30.1746866366895,10.3173986776341,0,41.1136317101994,41.1136317101994,29.2201352980382,"Failure: extra reporting shock",41.1136317101994,"Random forest",29.3478093237727,11.8934964121612,11.7658223864267,10.3173986776341,0,1.57609773452703,1.44842370879254,30.7962330325652
210,2020,"North East",937,6.84281190383664,46.8240747512885,23.7228251776677,75.1068690871715,4.3189120204618,23.9922910296571,569.164925708281,0,-0.872397739462949,5,26.5155353157832,27.0748169869964,10.021619441355,0,36.5371547571382,36.5371547571382,25.9124617548088,"Failure: extra reporting shock",36.5371547571382,"Random forest",26.9686549868457,10.6246930023294,9.56849977029253,10.021619441355,0,0.603073560974446,-0.453119671062447,26.5155353157832
211,2020,"North East",1105,7.00750473407896,49.105122598139,20.227102320784,492.81616429951,6.20013621261382,19.9907352430041,404.354647227947,0,-1.0783887171924,5,25.8006412752215,24.9026156033128,9.35698102203206,0,35.1576222972536,35.1576222972536,24.3986113695964,"Failure: extra reporting shock",35.1576222972536,"Random forest",24.9907153383546,10.7590109276571,10.166906958899,9.35698102203206,0,1.40202990562506,0.809925936866946,25.8006412752215
212,2020,"South and Islands",2977,7.99853784267512,63.9766076207059,22.6462373617538,172.613092700339,5.1510526315102,26.2353945552273,594.13297237694,1,1.21810711665891,5,26.9511807430388,27.554537892998,2.06021202839436,3,29.0113927714332,32.0113927714332,26.8032532509305,"Failure: extra reporting shock",32.0113927714332,"Random forest",27.4169856278074,5.2081395205027,4.59440714362583,2.06021202839436,3,3.14792749210834,2.53419511523147,26.9511807430388
213,2020,"South and Islands",1535,7.33612210166984,53.8186874906088,16.6250446728298,117.533925653765,4.76672702087824,16.4615997029199,273.674830447286,0,0.143884030819516,5,22.5548113046753,21.8500223037856,0.713715192951209,3,23.2685264976265,26.2685264976265,22.4456879484965,"Failure: extra reporting shock",26.2685264976265,"Random forest",22.8517699231704,3.82283854913005,3.41675657445612,0.713715192951209,3,3.10912335617884,2.70304138150491,22.5548113046753
214,2020,"North East",2836,7.95023490617995,63.2062350634421,23.2634955551811,627.780563372616,6.44219068402514,30.2386668138702,703.45709101907,1,-0.393122123126167,5,29.0872001612598,26.365607379165,10.4083394877764,0,39.4955396490362,39.4955396490362,27.445572557554,"Failure: extra reporting shock",39.4955396490362,"Random forest",27.618501156414,12.0499670914822,11.8770384926222,10.4083394877764,0,1.64162760370586,1.46869900484588,29.0872001612598
215,2020,"South and Islands",12564,9.43857849304564,89.0867639693837,21.6997584782476,472.187983749003,6.15737717695152,19.0349004820672,413.052743118338,1,-1.65546892370397,5,24.0247858294914,24.7254491706086,1.45206476608748,3,25.4768505955789,28.4768505955789,24.8181081772723,"Failure: extra reporting shock",28.4768505955789,"Random forest",24.8682487376361,3.6587424183066,3.60860185794278,1.45206476608748,3,2.20667765221913,2.15653709185531,24.0247858294914
216,2020,"North West",6077,8.71229928454889,75.9041588235511,20.8430653222193,184.465018537999,5.2174598440839,28.7700311630214,599.655638853139,0,0.245915656631793,5,26.4042305628369,28.4844164098565,16.0392876665912,0,42.4435182294281,42.4435182294281,27.2121673658431,"Failure: extra reporting shock",42.4435182294281,"Random forest",28.1206638987685,15.231350863585,14.3228543306595,16.0392876665912,0,-0.807936803006157,-1.71643333593161,26.4042305628369
217,2020,"South and Islands",4953,8.5078256064304,72.3830965494329,23.5810704865954,123.819287421912,4.81882314312308,23.223045098046,547.624263370408,1,1.35495653736557,5,27.0784178095048,27.3295451286142,1.95217921012425,3,29.0305970196291,32.0305970196291,27.0000698436513,"Failure: extra reporting shock",32.0305970196291,"Random forest",27.2576192767243,5.03052717597777,4.77297774290476,1.95217921012425,3,3.07834796585352,2.82079853278051,27.0784178095048
218,2020,"South and Islands",1625,7.3931737663834,54.6590183399398,20.7416749719374,96.8771051401641,4.57344321791652,16.4345146634361,340.879361470532,1,-0.493672636767381,5,24.3125758419033,23.952192121355,1.16464857308918,3,25.4772244149924,28.4772244149924,24.0858690540773,"Failure: extra reporting shock",28.4772244149924,"Random forest",24.2174598528273,4.3913553609152,4.25976456216511,1.16464857308918,3,3.22670678782602,3.09511598907593,24.3125758419033
219,2020,"North East",2501,7.82455222429563,61.2236175107297,19.3410597953054,132.272265817351,4.88486241813506,27.4358184076702,530.637804355889,1,0.611106011592485,5,27.6458873318243,25.2897462649017,9.78067216575604,0,37.4265594975803,37.4265594975803,25.7877527894751,"Failure: extra reporting shock",37.4265594975803,"Random forest",25.7533021339893,11.6388067081051,11.673257363591,9.78067216575604,0,1.8581345423491,1.89258519783494,27.6458873318243
220,2020,"Center",10260,9.23604136614563,85.3044601171533,30.1659579245385,44.1594403526188,3.78780672871414,21.0905541545442,636.216769231181,0,-1.30796383710108,5,27.3272617329953,25.3013016444688,5.52724246225286,1,32.8545041952482,33.8545041952482,26.5758481404826,"Failure: extra reporting shock",33.8545041952482,"Random forest",26.696876589608,7.27865605476555,7.15762760564014,5.52724246225286,1,1.75141359251269,1.63038514338727,27.3272617329953
221,2020,"North East",21644,9.98247919712546,99.6498909210426,22.5778047928054,443.323171162597,6.09429901009534,27.5303410326684,621.574665714949,1,1.7585878673227,5,30.5279311570089,28.6431674479114,10.1433306992309,0,40.6712618562398,40.6712618562398,29.1848393452038,"Failure: extra reporting shock",40.6712618562398,"Random forest",28.5669465040339,11.486422511036,12.1043153522059,10.1433306992309,0,1.34309181180505,1.96098465297502,30.5279311570089
222,2020,"North East",729,6.59211036254007,43.4559190319081,24.3057492580535,425.604342810598,6.05351014194764,24.9027054150802,605.278913666109,0,-0.985841364740524,5,28.1051084922215,27.7992379053166,10.149470097177,0,38.2545785893985,38.2545785893985,27.0865639035562,"Failure: extra reporting shock",38.2545785893985,"Random forest",27.5908835714399,11.1680146858423,10.6636950179586,10.149470097177,0,1.01854458866529,0.514224920781588,28.1051084922215
223,2020,"North West",3539,8.17169424960016,66.7765869089484,16.9310586915684,125.007451825118,4.82837335012637,25.8538658945518,437.733320864595,1,-1.21041055168523,5,25.0462289541104,24.0943279742248,15.4048353684267,0,40.4510643225371,40.4510643225371,23.8272378010503,"Failure: extra reporting shock",40.4510643225371,"Random forest",24.1873215799412,16.6238265214868,16.2637427425959,15.4048353684267,0,1.21899115306015,0.858907374169236,25.0462289541104
224,2020,"North East",2506,7.82661469419212,61.2558975713441,22.2685910482553,85.271336227197,4.44583836317412,25.4294614157817,566.27827684543,0,0.292402587083059,5,25.3485056655472,27.1790396530594,9.96225561414833,0,35.3107612796955,35.3107612796955,25.9322944051331,"Failure: extra reporting shock",35.3107612796955,"Random forest",26.2372694736566,9.37846687456241,9.07349180603893,9.96225561414833,0,-0.58378873958592,-0.888763808109399,25.3485056655472
225,2020,"South and Islands",33236,10.4114015111743,108.397281426883,21.9327104887965,142.724452308893,4.96091586445562,16.0178835060948,351.315601582444,1,-0.0949734352796557,5,25.0846061981473,24.5509410190177,1.26649829892977,3,26.351104497077,29.351104497077,25.1578047888981,"Failure: extra reporting shock",29.351104497077,"Random forest",25.0481989073663,4.19329970817893,4.30290558971077,1.26649829892977,3,2.92680140924916,3.036407290781,25.0846061981473
226,2020,"North East",7834,8.96623741384946,80.3934133615138,25.5102189918377,58.3935166348958,4.06720486714563,33.2644359074397,848.583044638737,0,1.82820609793919,5,29.395933527693,30.9086610126179,10.8672829023585,0,40.2632164300515,40.2632164300515,29.4112782444676,"Failure: extra reporting shock",40.2632164300515,"Random forest",30.1256824392731,10.8519381855839,10.1375339907784,10.8672829023585,0,-0.0153447167745906,-0.729748911580034,29.395933527693
227,2020,"Center",1599,7.37721859256308,54.4233541624584,22.0286334508778,207.02765013882,5.3328523598948,30.9509736732946,681.807653996776,1,1.78688223923566,5,29.2133763855042,28.889161041548,5.32236613646271,1,34.535742521967,35.535742521967,27.974597306298,"Failure: extra reporting shock",35.535742521967,"Random forest",27.5063198523396,7.56114521566894,8.0294226696274,5.32236613646271,1,2.23877907920623,2.70705653316468,29.2133763855042
228,2020,"Center",6879,8.83628327218729,78.079902066337,23.5488270194759,151.558461255738,5.02097143339193,26.5977891065635,626.346734770965,0,0.393992443883071,5,27.6071093036399,26.813799988591,5.18486450933733,1,32.7919738129773,33.7919738129773,26.6993542810918,"Failure: extra reporting shock",33.7919738129773,"Random forest",27.0205098621495,7.0926195318855,6.77146395082771,5.18486450933733,1,1.90775502254817,1.58659944149039,27.6071093036399
229,2020,"Center",957,6.86396009303969,47.1139481588415,17.1346309383824,394.196378879494,5.97684920867819,22.8514589410331,391.5513153582,1,0.378877739816361,5,24.6065233016387,24.4041304966939,4.21705982882991,1,28.8235831304686,29.8235831304686,24.8389095845666,"Failure: extra reporting shock",29.8235831304686,"Random forest",24.81998511355,4.98467354590203,5.00359801691861,4.21705982882991,1,0.767613717072122,0.786538188088697,24.6065233016387
230,2020,"South and Islands",5086,8.53430489354574,72.8343600159987,24.3454954261652,91.6889339134342,4.51840169491857,19.6750286212266,478.998319307741,0,0.984011908085173,5,27.9958112452695,26.9007058996178,1.78790480009956,3,29.7837160453691,32.783716045369,26.2209189667205,"Failure: extra reporting shock",32.783716045369,"Random forest",26.4795485303458,6.56279707864852,6.30416751502321,1.78790480009956,3,4.77489227854896,4.51626271492364,27.9958112452695
231,2020,"South and Islands",2260,7.7229965460833,59.6446756508146,18.7194560669326,131.829351072026,4.88150829129721,26.0992301769445,488.563392678074,1,-2.2397380632325,5,22.0265897570732,22.0014725203498,1.61873457948423,3,23.6453243365575,26.6453243365575,22.5760615693476,"Failure: extra reporting shock",26.6453243365575,"Random forest",22.7937430551398,4.06926276720985,3.85158128141768,1.61873457948423,3,2.45052818772562,2.23284670193345,22.0265897570732
232,2020,"South and Islands",979,6.88698553107148,47.4305697051879,26.480629608868,94.1810239881299,4.54521871742704,16.4789407100841,436.372725290233,0,0.155034219309304,5,28.0617046815232,25.3459111208173,1.7990434064169,3,29.8607480879401,32.8607480879401,26.5769224474456,"Failure: extra reporting shock",32.8607480879401,"Random forest",26.434920689728,6.28382564049454,6.42582739821214,1.7990434064169,3,4.48478223407765,4.62678399179524,28.0617046815232
233,2020,"South and Islands",3106,8.04109546833501,64.6592163308779,21.1759649137227,54.8117417361163,4.00390443626004,21.5824343552781,457.028872660093,0,1.30898406102647,5,25.6395279961029,24.5278529913036,1.57277484511449,3,27.2123028412174,30.2123028412174,24.7212461203687,"Failure: extra reporting shock",30.2123028412174,"Random forest",24.7020299462956,5.49105672084871,5.51027289492182,1.57277484511449,3,3.91828187573421,3.93749804980732,25.6395279961029
234,2020,"North West",5634,8.63654305034675,74.5898758604928,22.7422881943328,216.286263875808,5.37660282597627,21.2769913963055,483.887470243119,1,-1.41096664378478,5,27.9758664323933,28.1728599498816,15.7236893988535,0,43.6995558312468,43.6995558312468,27.538726426124,"Failure: extra reporting shock",43.6995558312468,"Random forest",27.8821223864227,16.1608294051228,15.8174334448241,15.7236893988535,0,0.437140006269271,0.093744045970606,27.9758664323933
235,2020,"South and Islands",4496,8.41096893601568,70.7443984426207,21.7851706003159,119.836693892923,4.78612993171249,12,261.422047203791,1,-0.114326071812829,5,24.7692825919791,24.0702786274821,0.969017065770283,3,25.7382996577494,28.7382996577494,24.1875440494423,"Failure: extra reporting shock",28.7382996577494,"Random forest",24.8315291245777,4.55075560830705,3.9067705331717,0.969017065770283,3,3.58173854253677,2.93775346740142,24.7692825919791
236,2020,"North East",3095,8.03765810348319,64.603947788489,21.0069703443992,264.396841082397,5.57745116041144,23.7573156513104,499.069225349609,0,-0.0600266044493493,5,27.171018709098,26.6437590424609,9.70642713321117,0,36.8774458423092,36.8774458423092,26.1466569915772,"Failure: extra reporting shock",36.8774458423092,"Random forest",26.393269954728,10.7307888507319,10.4841758875811,9.70642713321117,0,1.02436171752077,0.777748754369963,27.171018709098
237,2020,"South and Islands",14491,9.58131331472522,91.8015648349307,19.6593247714652,213.386291180067,5.36310409678574,23.4784881929839,461.571224528881,1,-0.326073057637612,5,24.6807077316637,24.2264383466641,1.53866819810557,3,26.2193759297693,29.2193759297693,24.2133657691114,"Failure: extra reporting shock",29.2193759297693,"Random forest",24.0935887192358,5.00601016065782,5.12578721053352,1.53866819810557,3,3.46734196255225,3.58711901242795,24.6807077316637
238,2020,"North West",2143,7.67003504825636,58.8294376414809,21.1955149599155,66.7433321157213,4.20085439889325,32.660211045807,692.249991815399,0,0.0998688379668647,5,28.3978825922327,25.7276162862216,16.3503697185327,0,44.7482523107654,44.7482523107654,26.6368786104354,"Failure: extra reporting shock",44.7482523107654,"Random forest",26.5023315510737,18.11137370033,18.2459207596917,16.3503697185327,0,1.76100398179726,1.89555104115896,28.3978825922327
239,2020,"South and Islands",15623,9.65647160197759,93.2474437997996,22.7590617844047,36.9081600618465,3.6084326664861,20.2489085325827,460.846160359809,0,-1.23212917425153,5,23.5299248267185,24.4980962314166,1.65356869330084,3,25.1834935200194,28.1834935200194,22.8766610481757,"Failure: extra reporting shock",28.1834935200194,"Random forest",24.2001605032291,5.30683247184369,3.98333301679026,1.65356869330084,3,3.65326377854286,2.32976432348942,23.5299248267185
240,2020,"Center",866,6.76413669760138,45.7535452638377,30.8002581571555,261.11444373734,5.56495879296992,17.0442045560088,524.965900408439,0,1.55525769814553,5,30.4474858970643,32.5235569147687,5.31377101594326,1,35.7612569130075,36.7612569130075,30.6236945182196,"Failure: extra reporting shock",36.7612569130075,"Random forest",31.0379658589361,6.13756239478791,5.72329105407138,5.31377101594326,1,0.823791378844654,0.409520038128119,30.4474858970643
241,2020,"South and Islands",3932,8.27688735066006,68.5068642155164,21.8285096321536,133.505536104244,4.89414294592614,18.5077870191197,403.997407216702,1,0.375773482160205,5,23.9714559378807,25.1436253768257,1.42932945061081,3,25.4007853884915,28.4007853884915,24.9950219839104,"Failure: extra reporting shock",28.4007853884915,"Random forest",25.3332214659593,3.40576340458107,3.06756392253219,1.42932945061081,3,1.97643395397026,1.63823447192138,23.9714559378807
242,2020,"South and Islands",2753,7.92044020356727,62.7333730182847,26.9615807963997,134.580006537622,4.90215886633813,23.6204581834472,636.844891760993,0,-1.25322753350207,5,26.1415686879205,26.4461628171084,2.35185426018081,3,28.4934229481013,31.4934229481013,25.1385641215677,"Failure: extra reporting shock",31.4934229481013,"Random forest",26.9763774878123,6.35485882653357,4.51704546028893,2.35185426018081,3,4.00300456635276,2.16519120010812,26.1415686879205
243,2020,"Center",6916,8.84166251531435,78.1749960347149,19.8899567124314,146.25789466327,4.98537146525862,23.281264459016,463.063342300497,0,-0.630387297939961,5,22.0755010470601,23.9975342445103,4.55023205023411,1,26.6257330972942,27.6257330972942,24.1153270619369,"Failure: extra reporting shock",27.6257330972942,"Random forest",24.0920069370601,3.51040603535731,3.53372616023405,4.55023205023411,1,-1.0398260148768,-1.01650589000006,22.0755010470601
244,2020,"North West",11705,9.36776819728033,87.7550809979768,22.2158997316515,47.1411858760628,3.85314705366299,27.6059690227736,613.291439805015,0,1.77873550700335,5,29.1500173085141,28.4464304580623,16.1088151018113,0,45.2588324103254,45.2588324103254,28.2602553268027,"Failure: extra reporting shock",45.2588324103254,"Random forest",28.5451255138721,16.9985770835227,16.7137068964533,16.1088151018113,0,0.889761981711345,0.604891794641993,29.1500173085141
245,2020,"Center",3899,8.26848431898736,68.3678329333399,22.3285785159506,188.815801088918,5.24077194241765,19.945030382452,445.3441768976,1,0.466439185820012,5,27.8262454736646,26.7814136828432,4.58494406326174,1,32.4111895369263,33.4111895369263,26.6960316486633,"Failure: extra reporting shock",33.4111895369263,"Random forest",27.3183504441344,6.71515788826306,6.09283909279191,4.58494406326174,1,2.13021382500132,1.50789502953018,27.8262454736646
246,2020,"North East",600,6.3776825726088,40.674834996958,30.5464424684231,586.85091539864,6.37477081039605,29.8994810761687,913.322778528891,0,0.782829975687686,5,32.2951859558733,32.0182730096686,11.1857206465939,0,43.4809066024672,43.4809066024672,31.8925419827054,"Failure: extra reporting shock",43.4809066024672,"Random forest",31.9210077762039,11.5883646197618,11.5598988262633,11.1857206465939,0,0.402643973167953,0.374178179669384,32.2951859558733
247,2020,"North West",2165,7.68034259667508,58.9876624023018,24.7954452732637,172.52448902558,5.15053919176097,32.7144483189517,811.16931293758,1,0.297796471707598,5,31.2588483021616,30.9556146445554,16.7501586621212,0,48.0090069642827,48.0090069642827,29.5114572040484,"Failure: extra reporting shock",48.0090069642827,"Random forest",30.3306938833342,18.4975497602343,17.6783130809485,16.7501586621212,0,1.74739109811313,0.928154418827379,31.2588483021616
248,2020,"South and Islands",1976,7.5886484684266,57.5875855773534,16.8044325525925,560.388483188025,6.32863026319533,24.458168257074,411.00563883596,1,-1.49727949558758,5,23.8607862362545,23.4208800062829,1.29320765851589,3,25.1539938947704,28.1539938947704,22.8246111005606,"Failure: extra reporting shock",28.1539938947704,"Random forest",23.4571221530041,5.32938279420982,4.69687174176624,1.29320765851589,3,4.03617513569393,3.40366408325035,23.8607862362545
249,2020,"Center",2582,7.85632558950887,61.7218517683719,26.6255203453127,174.942534313711,5.1644575446463,23.0056262186964,612.536768942559,1,0.502686683360903,5,29.7539310510063,30.5792851503239,5.27184937302867,1,35.025780424035,36.025780424035,28.8392704146626,"Failure: extra reporting shock",36.025780424035,"Random forest",29.5612439246739,7.18651000937239,6.4645364993611,5.27184937302867,1,1.91466063634372,1.19268712633243,29.7539310510063
250,2020,"Center",4145,8.32966129213178,69.3832572416384,17.3497310523191,85.8416036465759,4.452503779958,24.8288426075685,430.773741581675,1,1.22531415568705,5,26.5879187727657,26.7960980230729,4.37913769802043,1,30.9670564707861,31.9670564707861,25.3619824795675,"Failure: extra reporting shock",31.9670564707861,"Random forest",25.9512277720023,6.60507399121865,6.01582869878384,4.37913769802043,1,2.22593629319822,1.63669100076341,26.5879187727657
251,2020,"North East",844,6.73855374466888,45.4081065697909,18.0319658763115,38.0756957475711,3.63957617169559,27.758335903147,500.537365788741,0,-0.0775211462829832,5,22.9604897611481,22.7764507240477,9.65924805935009,0,32.6197378204981,32.6197378204981,23.468821619295,"Failure: extra reporting shock",32.6197378204981,"Random forest",23.735837703235,9.15091620120313,8.88390011726319,9.65924805935009,0,-0.508331858146956,-0.775347942086903,22.9604897611481
252,2020,"North West",3201,8.07129713284922,65.14583740674,22.7259237608568,279.91151556036,5.63447353736986,28.9801318464342,658.600266921643,0,-0.213910366667925,5,29.1265895282,29.4647595529375,16.2611091426802,0,45.3876986708802,45.3876986708802,27.9117865166367,"Failure: extra reporting shock",45.3876986708802,"Random forest",28.7946481513165,17.4759121542435,16.5930505195636,16.2611091426802,0,1.21480301156328,0.331941376883435,29.1265895282
253,2020,"North West",2037,7.61909199640748,58.0505628497205,26.2172778335389,413.896765868885,6.02561658492586,38.7073459628567,1014.80124330712,1,-0.238850887345012,5,31.6069856409715,31.6639811231528,17.3260630788248,0,48.9330487197963,48.9330487197963,30.7693205249132,"Failure: extra reporting shock",48.9330487197963,"Random forest",31.6101765315089,18.1637281948831,17.3228721882874,17.3260630788248,0,0.837665116058307,-0.00319089053735411,31.6069856409715
254,2020,"North West",9127,9.11897202978301,83.1556508799649,28.1684318678315,492.698061962252,6.19989653603752,33.4436946672006,942.0564346416,0,-1.65131455301521,5,29.895156483484,31.0144773744046,17.172234431901,0,47.0673909153851,47.0673909153851,29.4861282326176,"Failure: extra reporting shock",47.0673909153851,"Random forest",30.5836260446715,17.5812626827675,16.4837648707136,17.172234431901,0,0.409028250866477,-0.688469561187421,29.895156483484
255,2020,"South and Islands",1554,7.34833642907783,53.9980482749124,19.4380926687887,104.735134677842,4.65143463634836,22.4270898188796,435.939850190628,0,-0.526773427898059,5,22.8306822673944,22.9978684488721,1.44073478062386,3,24.2714170480183,27.2714170480183,22.8345084311739,"Failure: extra reporting shock",27.2714170480183,"Random forest",23.556696495864,4.43690861684435,3.71472055215424,1.44073478062386,3,2.99617383622049,2.27398577153039,22.8306822673944
256,2020,"North West",1653,7.41053428763056,54.9160184281481,25.0625842598179,154.952717962934,5.04312002498301,23.9042279500387,599.101727163741,0,-0.177437622715379,5,29.150867755037,27.6744925948256,16.1628285248182,0,45.3136962798552,45.3136962798552,27.7463090822628,"Failure: extra reporting shock",45.3136962798552,"Random forest",27.730272319308,17.5673871975924,17.5834239605472,16.1628285248182,0,1.4045586727742,1.42059543572898,29.150867755037
257,2020,"Center",3005,8.00815505706209,64.1305474179491,19.9535349212463,51.9879288092564,3.95101155334964,26.6188307184879,531.139768304092,0,-0.804376986765968,5,25.2054964107161,23.2444179131183,4.79085529136678,1,29.9963517020829,30.9963517020829,23.4136917614643,"Failure: extra reporting shock",30.9963517020829,"Random forest",23.8968336478706,7.58265994061865,7.09951805421235,4.79085529136678,1,2.79180464925188,2.30866276284557,25.2054964107161
258,2020,"South and Islands",6598,8.79454539024944,77.3440286211577,16.6279544920817,40.4843107034205,3.70091450901859,19.9580192734341,331.861036230752,0,-0.916622201416699,5,20.198404392892,21.3470667696373,0.958784643004909,3,21.1571890358969,24.1571890358969,20.4011189282794,"Failure: extra reporting shock",24.1571890358969,"Random forest",21.384776453028,3.75607010761751,2.77241258286895,0.958784643004909,3,2.7972854646126,1.81362793986404,20.198404392892
259,2020,"South and Islands",9160,9.12265466097251,83.2228280633635,20.6445016864532,367.494238497639,5.90670764097255,16.1638627251271,333.694891288484,1,0.025493744755911,5,26.156161949169,26.0701342342276,1.13501387600428,3,27.2911758251733,30.2911758251733,24.4973607703782,"Failure: extra reporting shock",30.2911758251733,"Random forest",25.7482544896361,5.79381505479507,4.54292133553718,1.13501387600428,3,4.65880117879079,3.4079074595329,26.156161949169
260,2020,"North West",3688,8.2127897135098,67.4499148783323,25.4492829436191,207.193168310259,5.33365153836618,27.2719039189415,694.050399244337,1,-0.955333971808193,5,30.2176104736497,28.2333559425289,16.4411026978595,0,46.6587131715092,46.6587131715092,28.1628935785599,"Failure: extra reporting shock",46.6587131715092,"Random forest",28.3606689351108,18.4958195929493,18.2980442363984,16.4411026978595,0,2.05471689508975,1.85694153853891,30.2176104736497
261,2020,"North West",873,6.77225638209995,45.8634565048934,29.8218479642497,434.595263052853,6.07441516820668,35.1661683157719,1048.72012499816,0,-0.434952132051517,5,33.6006866839205,31.1526854952621,17.474683357907,0,51.0753700418275,51.0753700418275,30.2174077900571,"Failure: extra reporting shock",51.0753700418275,"Random forest",31.1225951381798,20.8579622517704,19.9527749036477,17.474683357907,0,3.38327889386337,2.47809154574065,33.6006866839205
262,2020,"North East",1748,7.4661887604431,55.7439746065668,23.5768319691388,93.9869341589858,4.54315577430018,26.8827526256672,633.810141523281,1,0.336902946631222,5,27.8575945176574,28.7890918037761,10.2078925001375,0,38.0654870177949,38.0654870177949,27.8031780181164,"Failure: extra reporting shock",38.0654870177949,"Random forest",28.5696228299273,10.2623089996785,9.49586418786755,10.2078925001375,0,0.0544164995410199,-0.712028312269958,27.8575945176574
263,2020,"South and Islands",1985,7.59331365360192,57.6584122419774,22.9852899217847,229.960175730524,5.43790614493346,21.6587281921209,497.83214683303,1,-1.97930117638623,5,24.0508854417435,23.2727341167442,1.77714116458031,3,25.8280266063238,28.8280266063238,24.2434238038813,"Failure: extra reporting shock",28.8280266063238,"Random forest",25.0163262266305,4.58460280244254,3.81170037969328,1.77714116458031,3,2.80746163786223,2.03455921511297,24.0508854417435
264,2020,"Center",5438,8.60123526623285,73.9812481050877,25.5384709082662,475.02368965331,6.16336467574536,22.0725714363766,563.699723498532,1,-0.265392625427963,5,28.5536347836709,27.7826116552758,5.08696010019118,1,33.6405948838621,34.6405948838621,27.8013091304546,"Failure: extra reporting shock",34.6405948838621,"Random forest",27.5747505173632,6.83928575340747,7.06584436649888,5.08696010019118,1,1.75232565321629,1.9788842663077,28.5536347836709
265,2020,"North West",4628,8.43979397096384,71.2301222723177,25.7838154267548,53.1663419635557,3.9734255262696,21.9851017402848,566.859805409929,0,-0.290836929797685,5,27.5354097353482,27.8939362775643,16.1078251184985,0,43.6432348538467,43.6432348538467,26.9240481133876,"Failure: extra reporting shock",43.6432348538467,"Random forest",27.5533299969451,16.7191867404591,16.0899048569016,16.1078251184985,0,0.61136162196064,-0.017920261596867,27.5354097353482
266,2020,"North East",4865,8.48975433377831,72.0759286479076,19.293203674452,118.191173948983,4.77230343170165,26.2587500387983,506.61541273506,0,-0.1607921007917,5,25.0843615479148,24.8593834576665,9.69301320664113,0,34.777374754556,34.777374754556,25.6914334954896,"Failure: extra reporting shock",34.777374754556,"Random forest",25.0817708070229,9.08594125906636,9.6956039475331,9.69301320664113,0,-0.607071947574774,0.00259074089196787,25.0843615479148
267,2020,"South and Islands",762,6.63643544096003,44.0422753620303,20.0664577409399,131.401946320574,4.87826091812174,23.5720931576218,473.008411212918,1,-0.492646698618837,5,26.5928362214083,23.8333563563295,1.59000517227245,3,28.1828413936808,31.1828413936808,23.724160599711,"Failure: extra reporting shock",31.1828413936808,"Random forest",23.8839821411937,7.45868079396974,7.29885925248708,1.59000517227245,3,5.86867562169729,5.70885408021463,26.5928362214083
268,2020,"Center",10306,9.24048578189598,85.3865774854217,26.3061560879478,340.141481555472,5.82936165327734,19.40784532716,510.545808507019,1,0.666598150942646,5,28.8621111074426,29.5175951098878,4.98487464231099,1,33.8469857497536,34.8469857497536,28.4943628657635,"Failure: extra reporting shock",34.8469857497536,"Random forest",28.7321104907667,6.35262288399004,6.11487525898684,4.98487464231099,1,1.36774824167905,1.13000061667585,28.8621111074426
269,2020,"North East",5372,8.5888631013186,73.7685693731922,24.9147011862186,47.1909810933227,3.85420279580238,31.1746685277015,776.707550947097,0,-1.26366336995496,5,26.2352379779106,27.1308010136944,10.6554922271587,0,36.8907302050693,36.8907302050693,26.0560675978855,"Failure: extra reporting shock",36.8907302050693,"Random forest",27.192259763929,10.8346626071838,9.69847044114027,10.6554922271587,0,0.1791703800251,-0.957021786018418,26.2352379779106
270,2020,"North West",11526,9.35234073837175,87.4662772866078,20.0144176504684,168.044905664691,5.12423123930931,26.1694213812102,523.765729194638,1,-0.630574169541706,5,26.5248349916257,25.912553111687,15.7660937379718,0,42.2909287295974,42.2909287295974,25.8505081632126,"Failure: extra reporting shock",42.2909287295974,"Random forest",26.3014814961054,16.4404205663849,15.989447233492,15.7660937379718,0,0.674326828413101,0.223353495520275,26.5248349916257
271,2020,"South and Islands",918,6.82251040007179,46.5466481590877,18.0531710452428,173.764780158654,5.15770254648834,25.6803750664405,463.612203580437,0,-1.46545147765269,5,22.5619314450556,21.4400029560603,1.51612336936307,3,24.0780548144187,27.0780548144187,21.3716846615763,"Failure: extra reporting shock",27.0780548144187,"Random forest",21.7232993348395,5.70637015284238,5.35475547957914,1.51612336936307,3,4.19024678347931,3.83863211021607,22.5619314450556
272,2020,"Center",2257,7.7219408570103,59.628370599165,16.3100220015487,45.9964269183254,3.8285637177836,23.5634007225231,384.319584215661,0,0.253946241833614,5,23.846728743818,23.1971119116033,4.17618877048251,1,28.0229175143005,29.0229175143005,23.0773392916578,"Failure: extra reporting shock",29.0229175143005,"Random forest",23.611715060972,5.94557822264271,5.41120245332855,4.17618877048251,1,1.7693894521602,1.23501368284605,23.846728743818
273,2020,"Center",665,6.49975712302167,42.2468426582709,25.1506869922538,211.193624206356,5.35277536295955,21.3842181665127,537.827777680028,1,0.792738388999834,5,28.0677016935831,29.0333442099252,4.99611914053934,1,33.0638208341225,34.0638208341225,28.1505966884587,"Failure: extra reporting shock",34.0638208341225,"Random forest",28.6581192595638,5.91322414566377,5.40570157455866,4.99611914053934,1,0.917105005124432,0.409582434019322,28.0677016935831
274,2020,"South and Islands",4783,8.47282405121195,71.7887474027957,20.1543525495621,82.9244984629578,4.41793053673473,14.2173941154581,286.542373339012,0,0.603146901596724,5,24.5763179338068,23.5383560713294,0.94484466826943,3,25.5211626020762,28.5211626020762,23.8188208533542,"Failure: extra reporting shock",28.5211626020762,"Random forest",23.8040416892568,4.70234174872203,4.71712091281947,0.94484466826943,3,3.7574970804526,3.77227624455004,24.5763179338068
275,2020,"South and Islands",16354,9.7022093034077,94.132865367131,24.8606755788822,285.568214623712,5.65448093093752,12,298.328106946586,0,-1.38214490073846,5,25.4272235150478,24.2207054973265,1.30732261341257,3,26.7345461284604,29.7345461284604,23.7359815316663,"Failure: extra reporting shock",29.7345461284604,"Random forest",23.9331803407134,5.99856459679411,5.80136578774698,1.30732261341257,3,4.69124198338153,4.49404317433441,25.4272235150478
276,2020,"North West",3525,8.16775976775715,66.7122996237924,32.8710496739317,139.277635840594,4.93646932116735,26.5599700782886,873.054095781563,0,0.331597315590395,5,32.2872397623324,32.2183780193159,17.2076616693482,0,49.4949014316806,49.4949014316806,31.9451462648882,"Failure: extra reporting shock",49.4949014316806,"Random forest",31.832563312482,17.5497551667924,17.6623381191986,17.2076616693482,0,0.342093497444189,0.454676449850364,32.2872397623324
277,2020,"South and Islands",2947,7.98847864388527,63.8157910438111,20.1496189846557,1409.74507000668,7.25116416561197,20.7508912899557,418.122553084617,0,1.6076886548254,5,25.7724073316574,26.6932614033867,1.40166877834455,3,27.174076110002,30.174076110002,26.4020548814249,"Failure: extra reporting shock",30.174076110002,"Random forest",26.0811207589764,3.77202122857707,4.09295535102562,1.40166877834455,3,2.37035245023251,2.69128657268106,25.7724073316574
278,2020,"South and Islands",1647,7.40673818244663,54.8597705033128,24.2714183099258,250.347317161872,5.52284922236891,22.2450174369957,539.918123524915,0,1.17684934701753,5,27.2095135628943,28.3736758983517,1.95965553441706,3,29.1691690973113,32.1691690973113,27.6307041595188,"Failure: extra reporting shock",32.1691690973113,"Random forest",27.8089490897918,4.53846493779252,4.36022000751951,1.95965553441706,3,2.57880940337545,2.40056447310244,27.2095135628943
279,2020,"North West",2509,7.82771729453041,61.2731580430905,25.1393317357196,686.037576561046,6.53093240255377,24.9444148886165,627.085920838354,1,-0.180125399045931,5,30.6859421073155,30.7422239775025,16.2440838328678,0,46.9300259401833,46.9300259401833,29.742078568824,"Failure: extra reporting shock",46.9300259401833,"Random forest",30.1496776887863,17.1879473713593,16.780348251397,16.2440838328678,0,0.943863538491474,0.536264418529164,30.6859421073155
280,2020,"Center",4568,8.42679054615558,71.0107989087771,22.5567480712421,199.630935437656,5.2964703390307,22.1134730803521,498.808041253695,1,0.32949342864715,5,26.7899750861226,26.2737266789469,4.7618337031968,1,31.5518087893194,32.5518087893194,26.9152882792493,"Failure: extra reporting shock",32.5518087893194,"Random forest",26.6471415096529,5.63652051007008,5.9046672796665,4.7618337031968,1,0.874686806873277,1.1428335764697,26.7899750861226
281,2020,"South and Islands",30571,10.3278002894729,106.663458819237,28.190519656624,84.0318715741706,4.43119615038245,25.3862751756837,715.652289348579,1,-0.081354565478345,5,28.5918775136213,28.1474033419457,2.61064472426203,3,31.2025222378833,34.2025222378833,27.4150196832101,"Failure: extra reporting shock",34.2025222378833,"Random forest",27.875390486054,6.7875025546732,6.32713175182926,2.61064472426203,3,4.17685783041116,3.71648702756723,28.5918775136213
282,2020,"South and Islands",2995,8.00462875433872,64.0740814947863,26.0504407534012,448.089287739581,6.10499251554692,18.0925163703722,471.318025786324,1,0.526096766001481,5,28.2328607840886,28.543919131236,1.86467292853572,3,30.0975337126244,33.0975337126244,27.4463483737719,"Failure: extra reporting shock",33.0975337126244,"Random forest",28.1526401329835,5.65118533885246,4.94489357964085,1.86467292853572,3,3.78651241031674,3.08022065110513,28.2328607840886
283,2020,"North East",1413,7.25352138043048,52.6135724163621,27.6078315505969,482.691183937297,6.17937707843771,23.2028393478332,640.580080210541,0,1.09727462608851,5,28.7670874500453,30.5268222248079,10.3937085246495,0,39.1607959746948,39.1607959746948,29.75390241549,"Failure: extra reporting shock",39.1607959746948,"Random forest",29.8587014251677,9.40689355920489,9.30209454952719,10.3937085246495,0,-0.986814965444628,-1.09161397512233,28.7670874500453
284,2020,"North East",1378,7.22826704714615,52.2478445048589,25.808430155204,376.38533547667,5.93061344700718,25.2621248094871,651.975783717692,0,-0.530757301307509,5,29.099438305799,27.1836865921624,10.3399243534721,0,39.4393626592711,39.4393626592711,27.9427306838039,"Failure: extra reporting shock",39.4393626592711,"Random forest",27.5992820891367,11.4966319754672,11.8400805701344,10.3399243534721,0,1.15670762199512,1.50015621666232,29.099438305799
285,2020,"North East",991,6.89909850716658,47.5975602115882,24.1966798309703,418.355949145498,6.03633262313888,27.5668174646424,667.025456150752,1,-0.815346873050166,5,27.3083713353902,27.1679181264345,10.3239603036672,0,37.6323316390575,37.6323316390575,27.2125605356731,"Failure: extra reporting shock",37.6323316390575,"Random forest",27.5506723693064,10.4197711033843,10.0816592697511,10.3239603036672,0,0.095810799717098,-0.242301033916169,27.3083713353902
286,2020,"North East",3368,8.12212086148731,65.9688472886074,22.7508841110908,37.3246476432334,3.61965390314582,21.2712320770327,483.939335884688,0,-0.713853825797606,5,24.5465561471372,24.7305594286352,9.72423179734781,0,34.270787944485,34.270787944485,24.2170212268417,"Failure: extra reporting shock",34.270787944485,"Random forest",24.8868836208534,10.0537667176433,9.38390432363158,9.72423179734781,0,0.329534920295528,-0.340327473716231,24.5465561471372
287,2020,"North West",1595,7.37483174797819,54.388143310987,20.9054130666362,1254.88632533409,7.13480027004046,32.1010153513713,671.084985778845,0,0.550249240175623,5,30.0843587923007,29.1432620809761,16.2793148116615,0,46.3636736039622,46.3636736039622,28.3756220525558,"Failure: extra reporting shock",46.3636736039622,"Random forest",28.6179554509138,17.9880515514064,17.7457181530483,16.2793148116615,0,1.70873673974489,1.46640334138684,30.0843587923007
288,2020,"South and Islands",5491,8.61090979026595,74.147767416098,22.1945699900907,287.150245185476,5.66000558116847,26.9728983559923,598.651880397673,0,-0.208572626947741,5,25.6729961273801,25.265803289433,2.06215388356497,3,27.7351500109451,30.7351500109451,24.399549095811,"Failure: extra reporting shock",30.7351500109451,"Random forest",25.5328999883335,6.3356009151341,5.20225002261161,2.06215388356497,3,4.27344703156913,3.14009613904664,25.6729961273801
289,2020,"North West",2475,7.81417395724872,61.0613146341441,23.6026370618744,183.19749323911,5.21056476895379,30.5236455146945,720.438526888644,0,0.110416560878401,5,28.9325164348366,28.590620563974,16.4655935625703,0,45.3981099974069,45.3981099974069,27.9514071864765,"Failure: extra reporting shock",45.3981099974069,"Random forest",28.191112239969,17.4467028109304,17.2069977574379,16.4655935625703,0,0.981109248360099,0.741404194867584,28.9325164348366
290,2020,"South and Islands",4486,8.40861341237888,70.704779518838,22.4694135753127,64.9097077537779,4.17299719270552,18.8417691512127,423.363503549167,0,0.196678038955492,5,24.9858612731372,24.9964890316923,1.52320763360482,3,26.509068906742,29.509068906742,24.5582728259519,"Failure: extra reporting shock",29.509068906742,"Random forest",24.838487918062,4.9507960807901,4.67058098867997,1.52320763360482,3,3.42758844718527,3.14737335507515,24.9858612731372
291,2020,"North West",5633,8.6364367554934,74.5880398316373,24.2858031269803,53.5712525793141,3.98101259172356,29.5689616608424,718.105981564447,1,-0.937444784816671,5,29.2664520126454,28.3085135216452,16.4739139599623,0,45.7403659726077,45.7403659726077,27.296083373338,"Failure: extra reporting shock",45.7403659726077,"Random forest",28.1437575830512,18.4442825992696,17.5966083895565,16.4739139599623,0,1.97036863930731,1.12269442959419,29.2664520126454
292,2020,"Center",3948,8.28097824602704,68.5746007111731,23.8182793191722,121.416216448255,4.79922444835576,26.0200569986175,619.752985493851,0,0.473385698737793,5,27.1117558139929,26.1835070943788,5.17406301474769,1,32.2858188287406,33.2858188287406,27.0587368480386,"Failure: extra reporting shock",33.2858188287406,"Random forest",27.0520785191184,6.22708198070199,6.23374030962217,5.17406301474769,1,1.0530189659543,1.05967729487448,27.1117558139929
293,2020,"South and Islands",844,6.73837987932901,45.405763398146,18.2657186712644,302.694823961232,5.71272511631501,25.8337284677745,471.871616422202,0,-1.79740596057535,5,21.5262037172158,21.3770080198642,1.55023834631882,3,23.0764420635346,26.0764420635346,21.153094730706,"Failure: extra reporting shock",26.0764420635346,"Random forest",21.5894978440608,4.92334733282862,4.48694421947386,1.55023834631882,3,3.37310898650979,2.93670587315504,21.5262037172158
294,2020,"South and Islands",1989,7.59524128944842,57.6876902449421,19.8257090297656,54.5483727360724,3.99908788114802,14.4760668530865,286.998289324727,0,-0.118747856670892,5,23.1154955634475,22.2683288112389,0.926800972725797,3,24.0422965361733,27.0422965361733,22.188202895362,"Failure: extra reporting shock",27.0422965361733,"Random forest",22.5788136155336,4.85409364081131,4.4634829206397,0.926800972725797,3,3.92729266808551,3.5366819479139,23.1154955634475
295,2020,"South and Islands",752,6.62325268724475,43.8674761590948,22.8483211165893,157.867309669195,5.06175486796684,22.1624083612686,506.373822955249,1,0.386566927462717,5,26.6142485777854,27.5358509653241,1.79733220784916,3,28.4115807856346,31.4115807856346,25.8485044872066,"Failure: extra reporting shock",31.4115807856346,"Random forest",27.0150810957127,5.56307629842803,4.39649968992186,1.79733220784916,3,3.76574409057888,2.5991674820727,26.6142485777854
296,2020,"North West",800,6.68440998876631,44.6813368979189,26.4410490774224,222.925456832839,5.40683744128581,30.7075877603629,811.94083502101,0,1.04382384240132,5,30.9754006854647,30.2965087708559,16.7906948414774,0,47.7660955269421,47.7660955269421,30.2727621957377,"Failure: extra reporting shock",47.7660955269421,"Random forest",30.3626544914507,17.4933333312044,17.4034410354915,16.7906948414774,0,0.702638489726997,0.612746194014075,30.9754006854647
297,2020,"South and Islands",3520,8.16622369662251,66.687209463279,23.0872314417866,185.094155938946,5.22086464662801,17.5208691116818,404.508360242649,1,-1.02772277705923,5,26.4603458097523,26.0253506630531,1.49870459614979,3,27.9590504059021,30.9590504059021,24.6042858156036,"Failure: extra reporting shock",30.9590504059021,"Random forest",25.9743487408928,6.35476459029849,4.98470166500934,1.49870459614979,3,4.8560599941487,3.48599706885956,26.4603458097523
298,2020,"North East",600,6.18914207395574,38.3054796116092,15.7598627522302,534.04488633693,6.28047989223835,29.3976893888937,463.303550001658,0,0.106290437135441,5,25.5796181757459,25.3619333506792,9.52407145970341,0,35.1036896354493,35.1036896354493,24.6245539027347,"Failure: extra reporting shock",35.1036896354493,"Random forest",24.9901747748565,10.4791357327147,10.1135148605928,9.52407145970341,0,0.955064273011283,0.58944340088942,25.5796181757459
299,2020,"South and Islands",854,6.75045884018,45.5686945529643,26.5210397644773,282.870875354424,5.6449905226876,19.8734186721608,527.063726860483,1,-0.635178405591151,5,26.7559679855728,26.4507278737219,2.04110198087929,3,28.7970699664521,31.7970699664521,26.1867993575218,"Failure: extra reporting shock",31.7970699664521,"Random forest",27.1380800707763,5.61027060893031,4.6589898956758,2.04110198087929,3,3.56916862805102,2.61788791479651,26.7559679855728
300,2020,"Center",2787,7.93270039400651,62.927735541071,19.1140602033695,146.113058304887,4.98438069398835,16.8089223042962,321.286752878079,1,1.25529497074727,5,25.0659412148348,26.8703865639391,4.01181948340691,1,29.0777606982417,30.0777606982417,25.8641316640187,"Failure: extra reporting shock",30.0777606982417,"Random forest",25.9880631686214,4.21362903422303,4.08969752962033,4.01181948340691,1,0.201809550816111,0.0778780462134199,25.0659412148348
301,2020,"Center",12959,9.46955919182975,89.6725512875673,23.6480653862791,85.0308287181654,4.44301388153585,19.0430871115609,450.332169170802,1,-2.21431321269366,5,23.7419610503104,23.9967988338641,4.6669515900355,1,28.4089126403459,29.4089126403459,23.6231987422289,"Failure: extra reporting shock",29.4089126403459,"Random forest",24.1177764444869,5.78571389811701,5.29113619585903,4.6669515900355,1,1.11876230808151,0.624184605823531,23.7419610503104
302,2020,"Center",1690,7.43268343126064,55.2447829893364,23.2861287099746,195.203549701973,5.27404285876228,19.6763122680533,458.185140011543,0,1.12468393039629,5,27.8589841817994,26.5152350850076,4.67146431659648,1,32.5304484983959,33.5304484983959,26.45508247201,"Failure: extra reporting shock",33.5304484983959,"Random forest",26.6310743446934,7.0753660263859,6.89937415370246,4.67146431659648,1,2.40390170978942,2.22790983710598,27.8589841817994
303,2020,"South and Islands",7072,8.86394846538389,78.5695823969814,22.1827894035084,113.732947261353,4.7338531324069,20.2404097588874,448.988747122116,0,0.16641870104709,5,26.4099403535211,23.8809101179183,1.58958381724357,3,27.9995241707646,30.9995241707646,24.1139706625816,"Failure: extra reporting shock",30.9995241707646,"Random forest",24.3586038553974,6.88555350818305,6.64092031536727,1.58958381724357,3,5.29596969093948,5.0513364981237,26.4099403535211
304,2020,"South and Islands",5242,8.5645204442674,73.3510104402742,27.7333394526529,54.1779160327033,3.9922733721428,21.4042350679396,593.610916863546,1,0.0344922354006611,5,28.040631406826,26.6826984997545,2.28161209428312,3,30.3222435011091,33.3222435011091,27.2874770485885,"Failure: extra reporting shock",33.3222435011091,"Random forest",27.6020422422886,6.0347664525206,5.7202012588205,2.28161209428312,3,3.75315435823748,3.43858916453738,28.040631406826
305,2020,"North East",10726,9.2804348441601,86.1264708967008,20.1827745359869,193.833941736,5.26700182207846,22.7634766806887,459.430117501535,1,0.0557382778010369,5,26.2735676676131,25.9556708551143,9.5461968663423,0,35.8197645339554,35.8197645339554,26.1786631332436,"Failure: extra reporting shock",35.8197645339554,"Random forest",26.3438464242366,9.64110140071173,9.47591810971874,9.5461968663423,0,0.0949045343694337,-0.0702787566235621,26.2735676676131
306,2020,"North East",600,6.37441032192416,40.6331069522533,25.4484992789207,486.939456076195,6.18813979518211,28.9224397382402,736.032686823233,0,-2.23347022452157,5,27.4126764569707,26.3881614136388,10.5565540020936,0,37.9692304590643,37.9692304590643,26.3016847294834,"Failure: extra reporting shock",37.9692304590643,"Random forest",26.5209324846639,11.6675457295809,11.4482979744004,10.5565540020936,0,1.11099172748731,0.891743972306793,27.4126764569707
307,2020,"South and Islands",5512,8.6146351245289,74.211938328767,21.1691766605758,87.8331789529851,4.47543932166074,20.0356154906141,424.137483824178,0,1.13373091785263,5,25.0594788541592,25.8534845251484,1.46375081674185,3,26.5232296709011,29.5232296709011,24.8248033856981,"Failure: extra reporting shock",29.5232296709011,"Random forest",25.5727491710977,4.69842628520301,3.95048049980335,1.46375081674185,3,3.23467546846116,2.4867296830615,25.0594788541592
308,2020,"South and Islands",2205,7.69858832060587,59.2682621301692,18.6096920231578,380.853145993475,5.94241385723755,31.5913445349226,587.905192392381,0,-0.0102876616358904,5,26.038566875671,25.2213548079293,1.99110853972748,3,28.0296754153985,31.0296754153985,23.4754141705417,"Failure: extra reporting shock",31.0296754153985,"Random forest",24.8535478868873,7.55426124485677,6.17612752851113,1.99110853972748,3,5.56315270512929,4.18501898878365,26.038566875671
309,2020,"North East",10007,9.21101237670449,84.8427490038033,24.7892331815733,272.184136104866,5.60647880822829,29.9435204864285,742.276911615293,1,0.111188687757507,5,30.6735431903141,28.1133392610634,10.5555103837586,0,41.2290535740727,41.2290535740727,29.0639565034693,"Failure: extra reporting shock",41.2290535740727,"Random forest",29.0736258689964,12.1650970706033,12.1554277050762,10.5555103837586,0,1.60958668684473,1.59991732131764,30.6735431903141
310,2020,"South and Islands",6738,8.81547735732283,77.7126410374714,21.6221818171351,51.9096441093331,3.94950459389834,13.9322415027119,301.245458891872,0,-0.206285497144039,5,23.7299870763252,23.0780237646196,1.08634520481023,3,24.8163322811354,27.8163322811354,23.2453334291269,"Failure: extra reporting shock",27.8163322811354,"Random forest",23.2989652969289,4.5709988520085,4.51736698420652,1.08634520481023,3,3.48465364719828,3.43102177939629,23.7299870763252
311,2020,"North East",4446,8.39967415832811,70.554525966085,19.3413084699967,90.5755234363679,4.50618401580245,28.7888119511762,556.813292432428,1,0.824672854147144,5,26.5764454047598,27.8955228108882,9.87540906801751,0,36.4518544727773,36.4518544727773,27.0546000827952,"Failure: extra reporting shock",36.4518544727773,"Random forest",27.7446668843451,9.39725438998206,8.70718758843221,9.87540906801751,0,-0.478154678035452,-1.16822147958529,26.5764454047598
312,2020,"North East",6169,8.72721367661013,76.1642585572109,22.8940051594709,481.706673213017,6.17733536700299,26.4975195245785,606.634348708881,1,-1.54254638289273,5,27.0646341209234,26.3714740302314,10.1058152339978,0,37.1704493549212,37.1704493549212,26.5503492702851,"Failure: extra reporting shock",37.1704493549212,"Random forest",26.87558665027,10.6201000846361,10.2948627046512,10.1058152339978,0,0.514284850638308,0.189047470653385,27.0646341209234
313,2020,"North West",3612,8.19201937285433,67.1091814052207,19.8137464043408,829.660192304184,6.72101621009834,29.6458065774682,587.394493478095,1,0.86292561665901,5,30.0113710669225,29.8385024875096,15.9873668646358,0,45.9987379315583,45.9987379315583,28.579615360765,"Failure: extra reporting shock",45.9987379315583,"Random forest",29.2807793502072,17.4191225707933,16.717958581351,15.9873668646358,0,1.43175570615752,0.730591716715237,30.0113710669225
314,2020,"North East",1555,7.34893704145859,54.0068756393222,24.1447834075972,167.16502398374,5.11898149206789,26.9123990941253,649.79404710647,0,1.60358777505556,5,30.5859629850563,28.5051162008128,10.27244241116,0,40.8584053962163,40.8584053962163,28.8942543894374,"Failure: extra reporting shock",40.8584053962163,"Random forest",28.5059273263129,11.9641510067789,12.3524780699034,10.27244241116,0,1.69170859561894,2.08003565874337,30.5859629850563
315,2020,"South and Islands",3670,8.20790739624119,67.3697438252708,21.9451848917509,73.7579261598673,4.30078846279921,18.9685340785531,416.267987479324,0,0.485973473731107,5,25.0413000541628,26.2655766023293,1.47441602332684,3,26.5157160774897,29.5157160774897,24.3275195394089,"Failure: extra reporting shock",29.5157160774897,"Random forest",25.4082756046137,5.18819653808076,4.10744047287598,1.47441602332684,3,3.71378051475392,2.63302444954913,25.0413000541628
316,2020,"Center",3256,8.0883086040027,65.4207360735841,25.9843153953215,239.995911014281,5.48062188575635,22.3821777748214,581.585566535116,0,-1.0155052463817,5,26.2037734145675,27.131048895345,5.1576754374584,1,31.3614488520259,32.3614488520259,26.7221720933085,"Failure: extra reporting shock",32.3614488520259,"Random forest",27.295937260013,5.63927675871735,5.06551159201289,5.1576754374584,1,0.481601321258947,-0.0921638454455111,26.2037734145675
317,2020,"North East",3383,8.12642024990576,66.0387060780784,29.8826913541927,142.600836527425,4.96004937421422,23.3935760532075,699.063012868832,0,-1.33923050863797,5,27.3532584358961,27.3651971380593,10.6572946724213,0,38.0105531083173,38.0105531083173,27.6593689789951,"Failure: extra reporting shock",38.0105531083173,"Random forest",27.9714934973388,10.3511841293222,10.0390596109786,10.6572946724213,0,-0.306110543099052,-0.618235061442679,27.3532584358961
318,2020,"South and Islands",2700,7.90093684277148,62.4248029934638,18.3600551708802,250.721268856432,5.52434183944538,25.1210224540545,461.22335820536,0,0.540479557518327,5,24.9346752720815,24.3227033218562,1.51072594031617,3,26.4454012123977,29.4454012123977,24.3519087920699,"Failure: extra reporting shock",29.4454012123977,"Random forest",24.2505524285615,5.09349242032775,5.19484878383615,1.51072594031617,3,3.58276648001158,3.68412284351998,24.9346752720815
319,2020,"South and Islands",6986,8.85165652905509,78.3518233083635,21.1823830240492,143.523526417583,4.96649896892266,21.4887919450966,455.183821705139,1,1.16844826005396,5,25.9612297568774,27.9141108958581,1.5669258685377,3,27.5281556254151,30.5281556254151,26.1564879132135,"Failure: extra reporting shock",30.5281556254151,"Random forest",26.6061886034596,4.37166771220161,3.92196702195556,1.5669258685377,3,2.80474184366391,2.35504115341785,25.9612297568774
320,2020,"North West",5639,8.63738987650406,74.6045038787348,22.0737732981458,186.040238662127,5.2259629872089,38.5954404846648,851.94700360057,0,-0.569355165018087,5,29.0717177118997,26.7304432356022,16.8624441964581,0,45.9341619083578,45.9341619083578,26.484040025175,"Failure: extra reporting shock",45.9341619083578,"Random forest",26.9208894610536,19.4501218831828,19.0132724473043,16.8624441964581,0,2.58767768672468,2.15082825084615,29.0717177118997
321,2020,"Center",8050,8.99340855487985,80.8813974349861,25.0744186893837,245.465948850109,5.50315823639312,19.452498727965,487.760097659697,1,0.687755177533399,5,28.6235426368372,28.1481090930769,4.85250926652528,1,33.4760519033625,34.4760519033625,27.8844689119413,"Failure: extra reporting shock",34.4760519033625,"Random forest",28.0225691602861,6.59158299142117,6.45348274307638,4.85250926652528,1,1.73907372489588,1.6009734765511,28.6235426368372
322,2020,"South and Islands",1779,7.4837332752499,56.0062637350826,18.0259320139843,112.582560980283,4.72368682786991,28.5337059872381,514.34664423297,0,0.654964352483794,5,24.4774291208743,23.8975503650354,1.71286024038047,3,26.1902893612548,29.1902893612548,23.441193590143,"Failure: extra reporting shock",29.1902893612548,"Random forest",23.6918145407013,5.74909577111173,5.49847482055343,1.71286024038047,3,4.03623553073126,3.78561458017297,24.4774291208743
323,2020,"North West",3453,8.14712773944224,66.3756904027892,25.4336361378958,68.515190922869,4.22705548597925,35.7800246095936,910.016126925362,0,0.992768987565942,5,29.8359776521361,31.4004778121451,17.0349499975756,0,46.8709276497118,46.8709276497118,29.7508470745027,"Failure: extra reporting shock",46.8709276497118,"Random forest",30.6610934236154,17.120080575209,16.2098342260963,17.0349499975756,0,0.0851305776333824,-0.82511577147929,29.8359776521361
324,2020,"South and Islands",2813,7.94210471938696,63.0770273737086,22.558753792784,400.518665801868,5.99276037166924,12.810566237682,288.990409702019,0,-1.29571449040782,5,23.584005645874,24.1753336843002,1.11085085357951,3,24.6948564994535,27.6948564994535,23.5495377062449,"Failure: extra reporting shock",27.6948564994535,"Random forest",24.3004471977523,4.14531879320861,3.3944093017012,1.11085085357951,3,3.0344679396291,2.28355844812169,23.584005645874
325,2020,"South and Islands",2675,7.89162337732261,62.2777195295048,20.9173159970449,155.779398503296,5.04844089429097,12.4604314147913,260.638781362694,0,-1.48094728365748,5,21.5815861531454,20.9090418883031,0.905783258445858,3,22.4873694115912,25.4873694115912,21.7860717985353,"Failure: extra reporting shock",25.4873694115912,"Random forest",22.1438875852088,3.70129761305599,3.34348182638249,0.905783258445858,3,2.79551435461013,2.43769856793663,21.5815861531454
326,2020,"South and Islands",3892,8.26666171777793,68.3376959561751,23.3806502571816,240.583841976747,5.48306864408155,18.2691911723804,427.145569283016,1,-0.184813517442624,5,27.0599009553654,25.8318750866225,1.58336321009214,3,28.6432641654575,31.6432641654575,25.566235105407,"Failure: extra reporting shock",31.6432641654575,"Random forest",25.8183137684794,6.07702906005051,5.82495039697815,1.58336321009214,3,4.49366584995838,4.24158718688601,27.0599009553654
327,2020,"South and Islands",3361,8.11987579902591,65.9323829916066,23.1628378605331,440.300269687093,6.08745692526911,18.5750797865181,430.251561341586,0,0.531672604363002,5,26.522892908596,26.256240803408,1.58081604945044,3,28.1037089580464,31.1037089580464,25.8304398595791,"Failure: extra reporting shock",31.1037089580464,"Random forest",26.061268207982,5.27326909846737,5.04244075006447,1.58081604945044,3,3.69245304901692,3.46162470061403,26.522892908596
328,2020,"South and Islands",2105,7.6521370568909,58.5552015374429,16.4329317851428,170.534410492284,5.13893709742956,16.9190537119174,278.029655517105,1,1.10557327132136,5,25.7041116907557,23.7762757582673,0.724604555935456,3,26.4287162466911,29.4287162466911,23.7411219664075,"Failure: extra reporting shock",29.4287162466911,"Random forest",23.4621460648648,5.68759428028358,5.96657018182631,0.724604555935456,3,4.96298972434813,5.24196562589085,25.7041116907557
329,2020,"North East",5520,8.61616358756337,74.2382749676528,16.6476766460324,64.115060338567,4.16067928700971,27.6778582394633,460.772034225308,0,-0.437781121861492,5,22.745387838349,23.2916412097342,9.50134280756152,0,32.2467306459105,32.2467306459105,22.618890675714,"Failure: extra reporting shock",32.2467306459105,"Random forest",23.4966917217962,9.62783997019648,8.75003892411424,9.50134280756152,0,0.126497162634958,-0.751303883447289,22.745387838349
330,2020,"North West",1511,7.32023682184404,53.5858671278814,23.3880004073538,434.852454963437,6.07500678956068,30.2414243557892,707.286445152157,0,0.884529455283194,5,30.4530497630397,30.0067637929899,16.4222280494497,0,46.8752778124894,46.8752778124894,29.7190806389498,"Failure: extra reporting shock",46.8752778124894,"Random forest",29.6152490843368,17.1561971735395,17.2600287281526,16.4222280494497,0,0.733969124089839,0.837800678702912,30.4530497630397
331,2020,"North East",924,6.82825409769791,46.6250540227283,23.1880296328432,194.533724991513,5.27060554130018,36.6901703961649,850.772758380338,0,-0.432176033339707,5,27.4497049551759,28.0352390861763,10.8516434870798,0,38.3013484422557,38.3013484422557,26.880480260879,"Failure: extra reporting shock",38.3013484422557,"Random forest",27.5155684611462,11.4208681813767,10.7857799811095,10.8516434870798,0,0.569224694296901,-0.0658635059703361,27.4497049551759
332,2020,"North West",2350,7.76225177228559,60.2525525763508,25.9605012757695,1151.39801413331,7.04873214749931,35.04646102275,909.823696092309,1,0.0544338639312764,5,32.7649476982582,30.6894933843418,17.0415557116627,0,49.8065034099209,49.8065034099209,30.4925355844707,"Failure: extra reporting shock",49.8065034099209,"Random forest",31.02167211006,19.3139678254502,18.7848312998609,17.0415557116627,0,2.27241211378752,1.74327558819822,32.7649476982582
333,2020,"Center",3703,8.2168052553462,67.5158886042849,22.8532141441257,134.597448033336,4.90228845739743,27.6889074209136,632.780530707009,0,1.28429863526994,5,28.7917285829299,27.8459349383037,5.18472537505331,1,33.9764539579832,34.9764539579832,27.111530046627,"Failure: extra reporting shock",34.9764539579832,"Random forest",27.1486268853473,7.86492391135617,7.82782707263587,5.18472537505331,1,2.68019853630286,2.64310169758257,28.7917285829299
334,2020,"South and Islands",2780,7.93016406546452,62.8875021051848,21.203270129923,375.216606078299,5.92750347542318,16.2039654851923,343.57705735848,0,1.05996801840899,5,25.1580674923385,26.5638942016182,1.19928559799052,3,26.357353090329,29.357353090329,25.6446119951443,"Failure: extra reporting shock",29.357353090329,"Random forest",26.3144601598568,3.71274109518472,3.04289293047214,1.19928559799052,3,2.5134554971942,1.84360733248162,25.1580674923385
335,2020,"South and Islands",4507,8.41345554391241,70.7862341893905,20.7938087183886,161.08440305113,5.08192847017095,23.7490764946779,493.833753868712,0,-0.233806026206929,5,24.5838480843662,24.6723639466808,1.68240261338573,3,26.2662506977519,29.2662506977519,24.1025682974348,"Failure: extra reporting shock",29.2662506977519,"Random forest",24.3642812014113,5.16368240031708,4.90196949634065,1.68240261338573,3,3.48127978693135,3.21956688295492,24.5838480843662
336,2020,"North East",3358,8.11901200392498,65.9183559198779,27.6180602976043,229.289354256515,5.43498476164485,17.6201038165689,486.633089656049,0,0.526265873359883,5,28.8971491601311,30.2773063398057,10.0040421996318,0,38.9011913597629,38.9011913597629,28.4852550240183,"Failure: extra reporting shock",38.9011913597629,"Random forest",29.5609255520437,10.4159363357446,9.34026580771918,10.0040421996318,0,0.411894136112764,-0.663776391912652,28.8971491601311
337,2020,"Center",3204,8.0720282247303,65.1576396608426,23.6426974157681,15.4416789419043,2.73707027844553,23.6599792974308,559.385731392496,1,-0.712111843762252,5,26.1220459673561,25.3925356617534,4.98954356629019,1,31.1115895336463,32.1115895336463,24.9877222976547,"Failure: extra reporting shock",32.1115895336463,"Random forest",25.5516622615266,7.12386723599161,6.5599272721197,4.98954356629019,1,2.13432366970142,1.57038370582951,26.1220459673561
338,2020,"South and Islands",4798,8.47604402950152,71.8433223900484,26.6556378535501,222.506636207911,5.40495692681505,17.7955927911796,474.352876830929,1,0.343541965922289,5,29.1052250679765,27.5654512085713,1.91045995900861,3,31.0156850269851,34.0156850269851,26.8249306285767,"Failure: extra reporting shock",34.0156850269851,"Random forest",27.6503525314075,7.19075439840842,6.3653324955776,1.91045995900861,3,5.28029443939981,4.45487253656899,29.1052250679765
339,2020,"Center",1537,7.3374783402597,53.8385883937803,20.118523725347,338.179411163063,5.82357655691491,22.7812869356169,458.325861708145,1,0.780329637939005,5,28.4677516824108,29.1712065773144,4.54037599501688,1,33.0081276774277,34.0081276774277,26.8676652711389,"Failure: extra reporting shock",34.0081276774277,"Random forest",27.6028709439391,7.14046240628886,6.40525673348863,4.54037599501688,1,2.60008641127198,1.86488073847175,28.4677516824108
340,2020,"South and Islands",7239,8.88720002403384,78.982324267187,23.092344559882,108.321010031147,4.68509913363256,16.3012017570867,376.432967714799,0,-0.423532537944644,5,24.4792901524535,24.7978055216619,1.41389032431862,3,25.8931804767721,28.8931804767721,24.0135880661077,"Failure: extra reporting shock",28.8931804767721,"Random forest",24.8634167467151,4.87959241066439,4.029763730057,1.41389032431862,3,3.46570208634577,2.61587340573838,24.4792901524535
341,2020,"South and Islands",1251,7.13155060321668,50.8590140062402,17.7550464259744,142.273862765524,4.95775381124356,24.313267574594,431.683194554054,0,-0.479715645775146,5,24.2535754112578,24.7660121941361,1.38763213681429,3,25.6412075480721,28.6412075480721,22.5870717171098,"Failure: extra reporting shock",28.6412075480721,"Random forest",24.3318721037761,6.0541358309623,4.30933544429605,1.38763213681429,3,4.66650369414801,2.92170330748175,24.2535754112578
342,2020,"North West",12739,9.45238842436129,89.3476469249993,26.778364648823,51.2254503213831,3.93623648513333,33.8866466155739,907.428979797643,1,-0.819711872839678,5,29.9077929021282,29.4464239087915,17.0503336741962,0,46.9581265763244,46.9581265763244,28.8837674847367,"Failure: extra reporting shock",46.9581265763244,"Random forest",29.6697862388817,18.0743590915877,17.2883403374427,17.0503336741962,0,1.02402541739146,0.238006663246448,29.9077929021282
343,2020,"North East",2006,7.60399149592991,57.8206866701744,22.4444588941882,216.155535363693,5.37599821968554,32.1472443282863,721.527503887645,0,0.683532832999075,5,28.9722030768823,26.4496543839025,10.4518458810763,0,39.4240489579586,39.4240489579586,27.1491243902857,"Failure: extra reporting shock",39.4240489579586,"Random forest",27.5566279382816,12.2749245676729,11.867421019677,10.4518458810763,0,1.82307868659659,1.41557513860074,28.9722030768823
344,2020,"South and Islands",5296,8.57468628521017,73.5252448897714,23.5045372247596,61.8199116976533,4.12422550832465,24.1872451892367,568.510004914801,1,2.68533023612385,5,28.6544030283372,28.4167696401541,2.01125455770565,3,30.6656575860428,33.6656575860428,28.4260417842141,"Failure: extra reporting shock",33.6656575860428,"Random forest",28.4130375682572,5.23961580182878,5.25262001778569,2.01125455770565,3,3.22836124412313,3.24136546008003,28.6544030283372
345,2020,"North East",2254,7.72060903037702,59.6078037999391,20.8752002889888,245.280816932158,5.50240374572852,28.0456750366459,585.459083629878,0,1.99052665952781,5,29.7217868482156,28.3040963224973,9.99211758408952,0,39.7139044323051,39.7139044323051,27.9986199287558,"Failure: extra reporting shock",39.7139044323051,"Random forest",28.0621743603303,11.7152845035493,11.6517300719749,9.99211758408952,0,1.72316691945978,1.65961248788534,29.7217868482156
346,2020,"North West",4610,8.43594987743267,71.1652503345563,22.7006012523059,665.7256044546,6.50087758031945,25.8192094743414,586.111578926783,0,0.673393526846272,5,30.6561438919894,30.2871155476125,16.0370591006931,0,46.6932029926825,46.6932029926825,28.227496098645,"Failure: extra reporting shock",46.6932029926825,"Random forest",29.4536077632117,18.4657068940375,17.2395952294708,16.0370591006931,0,2.42864779334446,1.20253612877774,30.6561438919894
347,2020,"North East",889,6.79014028364786,46.1060050716175,17.1408697895766,382.431624268883,5.94654987720575,24.8049236072566,425.177965692379,1,-0.40205383215381,5,24.6718385988058,26.297697233869,9.35448862909691,0,34.0263272279027,34.0263272279027,25.2765550851648,"Failure: extra reporting shock",34.0263272279027,"Random forest",26.0673764102006,8.74977214273791,7.95895081770215,9.35448862909691,0,-0.604716486359006,-1.39553781139476,24.6718385988058
348,2020,"Center",2024,7.61307424655878,57.9588994836165,23.3414508432654,168.647153726668,5.12780868455924,16.6239020575685,388.025992699993,0,-0.233619976288718,5,26.1299058320399,26.6622343306362,4.46388103652452,1,30.5937868685644,31.5937868685644,26.0817817832372,"Failure: extra reporting shock",31.5937868685644,"Random forest",26.5412970176861,5.51200508532716,5.05248985087831,4.46388103652452,1,1.04812404880265,0.588608814353791,26.1299058320399
349,2020,"Center",7125,8.87133336809107,78.700555727806,19.7899821079826,230.65808265034,5.44093645231349,22.3461345849778,442.22960361928,1,-1.78723394108427,5,25.0471123872764,23.7797043583562,4.47377575256206,1,29.5208881398385,30.5208881398385,23.6979488024245,"Failure: extra reporting shock",30.5208881398385,"Random forest",24.1975507454071,6.82293933741398,6.32333739443133,4.47377575256206,1,2.34916358485192,1.84956164186927,25.0471123872764
350,2020,"North East",6252,8.74073355760197,76.4004231249891,20.4297909266635,278.994675873593,5.63119269874894,27.6021434358248,563.906019521679,1,-2.37387164726525,5,23.8165394151997,25.4308649486511,9.91207534217625,0,33.7286147573759,33.7286147573759,24.6676736724143,"Failure: extra reporting shock",33.7286147573759,"Random forest",25.6012459630469,9.06094108496167,8.12736879432907,9.91207534217625,0,-0.851134257214584,-1.78470654784718,23.8165394151997
351,2020,"North West",10046,9.21497913728982,84.9158405006867,23.5059647421428,444.975361169894,6.09801891247583,33.4686907032545,786.713863636381,1,-0.494609713983038,5,28.8573780778476,28.1132320711797,16.661112770599,0,45.5184908484466,45.5184908484466,28.6679032247864,"Failure: extra reporting shock",45.5184908484466,"Random forest",28.9078582127652,16.8505876236603,16.6106326356814,16.661112770599,0,0.189474853061228,-0.050480134917624,28.8573780778476
352,2020,"North East",2478,7.8151708126717,61.0768948312357,21.2295257054597,98.0100322931269,4.58506984376912,22.1183299239027,469.561653681331,0,0.703450719910795,5,27.5042259701691,28.6673306646524,9.61617922200929,0,37.1204051921784,37.1204051921784,26.1134583330451,"Failure: extra reporting shock",37.1204051921784,"Random forest",27.272415708944,11.0069468591334,9.84798948323445,9.61617922200929,0,1.39076763712407,0.231810261225162,27.5042259701691
353,2020,"North East",3837,8.25245892508116,68.1030783101517,18.4003557574966,142.873317871558,4.96195834861825,34.6312761016544,637.227800606532,1,0.876971645862871,5,27.1612510527669,26.390150000748,10.180876760176,0,37.3421278129428,37.3421278129428,26.3556546460475,"Failure: extra reporting shock",37.3421278129428,"Random forest",26.633019343314,10.9864731668954,10.7091084696288,10.180876760176,0,0.805596406719395,0.52823170945285,27.1612510527669
354,2020,"South and Islands",4363,8.38100138360456,70.2411841919816,20.7216739429489,376.936121494889,5.932075734086,17.6484859429734,365.706171297012,1,-0.042656645769811,5,24.7680249034238,25.0665948652475,1.24742644946805,3,26.0154513528918,29.0154513528918,24.624797599734,"Failure: extra reporting shock",29.0154513528918,"Random forest",25.17489964351,4.39065375315779,3.84055170938183,1.24742644946805,3,3.14322730368973,2.59312525991378,24.7680249034238
355,2020,"South and Islands",1043,6.94997390722039,48.3021373110443,22.1046819142632,274.298571572381,5.6142171903922,22.1500090639312,489.618904756246,0,-0.434772662254064,5,25.4158896687109,24.7793085632282,1.71466394477967,3,27.1305536134905,30.1305536134905,24.7368872569453,"Failure: extra reporting shock",30.1305536134905,"Random forest",25.1175222228664,5.39366635654521,5.01303139062414,1.71466394477967,3,3.67900241176554,3.29836744584447,25.4158896687109
356,2020,"North West",2580,7.85547675641938,61.7085150706452,25.1972237534622,82.2559301391171,4.40983548600231,26.2630012962098,661.754720098067,1,0.993778044825168,5,30.8431968208966,28.7423945030067,16.3427530033511,0,47.1859498242476,47.1859498242476,29.0008977393153,"Failure: extra reporting shock",47.1859498242476,"Random forest",29.0950094181981,18.1850520849324,18.0909404060496,16.3427530033511,0,1.8422990815813,1.7481874026985,30.8431968208966
357,2020,"North East",10361,9.24579656304585,85.4847540852305,23.3898677906288,124.063593762994,4.82079428706829,26.2921921022716,614.970897197948,0,0.328187247718869,5,26.5775322533622,27.3605556139019,10.1459872038637,0,36.7235194572259,36.7235194572259,26.9634086505837,"Failure: extra reporting shock",36.7235194572259,"Random forest",27.1282546718448,9.76011080664219,9.59526478538113,10.1459872038637,0,-0.385876397221523,-0.550722418482579,26.5775322533622
358,2020,"South and Islands",2507,7.82698034990255,61.2616213977606,21.7672204742357,256.164912887675,5.54582142804511,19.2892291594902,419.87290389268,0,0.378006214685051,5,24.2534904245217,26.7386838473794,1.47728859306577,3,25.7307790175875,28.7307790175875,25.2138552563491,"Failure: extra reporting shock",28.7307790175875,"Random forest",25.7581637787468,3.51692376123841,2.97261523884064,1.47728859306577,3,2.03963516817264,1.49532664577487,24.2534904245217
359,2020,"Center",877,6.77650163382007,45.920974393166,23.8952486158466,59.8953537257743,4.09259893493052,18.960374309114,453.06285796579,0,-1.3086965139202,5,24.6078808326354,25.0168571305591,4.68835184911664,1,29.296232681752,30.296232681752,23.2134069124036,"Failure: extra reporting shock",30.296232681752,"Random forest",25.6538862004722,7.08282576934847,4.6423464812798,4.68835184911664,1,2.39447392023184,-0.0460053678368366,24.6078808326354
360,2020,"Center",3406,8.13343085696329,66.1526975050027,19.7461155873467,1354.20931059523,7.21097302837515,20.8036914700348,410.792096410806,0,-0.348174101943868,5,25.0529169873238,25.8840737395226,4.3609794172461,1,29.4138964045699,30.4138964045699,24.3749522225935,"Failure: extra reporting shock",30.4138964045699,"Random forest",26.1000784141052,6.03894418197641,4.31381799046473,4.3609794172461,1,1.67796476473031,-0.0471614267813685,25.0529169873238
361,2020,"Center",6692,8.8086991362604,77.5931804731546,20.5148850955915,1068.48867229894,6.97400047320458,24.1284490832891,494.992360478507,0,1.02051551371302,5,26.8837105367273,27.3099111797768,4.67827709608084,1,31.5619876328081,32.5619876328081,27.5544520808885,"Failure: extra reporting shock",32.5619876328081,"Random forest",27.4280189464515,5.00753555191962,5.1339686863566,4.67827709608084,1,0.329258455838777,0.45569159027576,26.8837105367273
362,2020,"Center",5666,8.64221855080299,74.6879414798432,19.621834129268,559.015203644496,6.32617667071815,25.2872834366804,496.182881174329,1,0.80873496727985,5,26.7901706073511,28.9646990252532,4.66115989452264,1,31.4513305018738,32.4513305018738,26.6521497408075,"Failure: extra reporting shock",32.4513305018738,"Random forest",27.6353136104546,5.79918076106625,4.81601689141919,4.66115989452264,1,1.13802086654361,0.154856996896553,26.7901706073511
363,2020,"North East",4078,8.31331939619786,69.1112793831995,24.1594442869222,160.211978146651,5.07649780179325,13.3334207257106,322.128035176898,0,0.550117857334236,5,27.4226498872221,27.0516951393697,9.32352662209672,0,36.7461765093188,36.7461765093188,27.3958806869261,"Failure: extra reporting shock",36.7461765093188,"Random forest",27.1356447084698,9.35029582239274,9.61053180084904,9.32352662209672,0,0.0267692002960249,0.287005178752318,27.4226498872221
364,2020,"South and Islands",1272,7.14831757552151,51.0984441605098,21.3078648691353,164.479074759382,5.10278335700403,22.5346118594373,480.164464379305,0,-1.14361944743648,5,25.3161952553857,22.2237053880826,1.65393626550103,3,26.9701315208867,29.9701315208867,22.8621468821857,"Failure: extra reporting shock",29.9701315208867,"Random forest",22.8736781231896,7.10798463870104,7.0964533976971,1.65393626550103,3,5.45404837320002,5.44251713219608,25.3161952553857
365,2020,"North East",7467,8.91823624174201,79.5349376635207,23.1931159301962,103.257975775634,4.63723047607936,24.7109749019315,573.124505648665,0,-0.988273395081078,5,23.9476708018729,24.5370140278327,10.0136592951923,0,33.9613300970652,33.9613300970652,25.0973503074381,"Failure: extra reporting shock",33.9613300970652,"Random forest",25.3283210904313,8.86397978962709,8.63300900663392,10.0136592951923,0,-1.14967950556522,-1.38065028855839,23.9476708018729
366,2020,"Center",6481,8.77662434793373,77.0291349447432,22.3139899289382,289.047077122916,5.66658957146531,25.7716382131703,575.068075540922,0,0.39785715900806,5,27.4377295098933,29.003599582164,4.99120186684066,1,32.428931376734,33.428931376734,27.380430226129,"Failure: extra reporting shock",33.428931376734,"Random forest",27.8594192513332,6.04850115060501,5.56951212540078,4.99120186684066,1,1.05729928376435,0.578310258560127,27.4377295098933
367,2020,"North East",1581,7.36597387335456,54.257571102942,25.9506632591182,63.9194338289299,4.15762344392395,30.0079595088352,778.726452307036,0,-0.522669928779461,5,29.5068819477955,27.1083885913283,10.687778423857,0,40.1946603716525,40.1946603716525,26.7439301916653,"Failure: extra reporting shock",40.1946603716525,"Random forest",27.2504294808267,13.4507301799873,12.9442308908258,10.687778423857,0,2.76295175613027,2.25645246696881,29.5068819477955
368,2020,"Center",26969,10.2024373604048,104.089728092983,20.3761883554248,241.40645750391,5.48648205852897,26.3645652895621,537.209348249011,0,0.492163966236171,5,26.1550182089923,24.7883194367981,4.8195485891016,1,30.9745667980939,31.9745667980939,25.2998108012432,"Failure: extra reporting shock",31.9745667980939,"Random forest",25.4150367227918,6.67475599685073,6.5595300753021,4.8195485891016,1,1.85520740774913,1.73998148620049,26.1550182089923
369,2020,"South and Islands",3779,8.23724056651098,67.8521321505742,23.7755829098905,144.023498128832,4.96997646771358,21.8278858379088,518.970709486825,1,-0.651194854478078,5,25.547058171,25.690968608252,1.8759144284771,3,27.4229725994771,30.4229725994771,25.3442534197588,"Failure: extra reporting shock",30.4229725994771,"Random forest",25.9127040442948,5.0787191797183,4.51026855518229,1.8759144284771,3,3.2028047512412,2.63435412670519,25.547058171
370,2020,"North East",3772,8.2354664182579,67.8229071262536,24.9165910972049,89.7495211213517,4.49702269165891,26.1811984981383,652.346217412868,1,-2.07889674862361,5,27.6325410598896,26.1014205233638,10.3061572152978,0,37.9386982751873,37.9386982751873,25.8256560392315,"Failure: extra reporting shock",37.9386982751873,"Random forest",26.7589223090982,12.1130422359558,11.1797759660891,10.3061572152978,0,1.80688502065805,0.873618750791341,27.6325410598896
371,2020,"South and Islands",8040,8.99220866417085,80.8598166599892,14.2349038002986,63.8293035809734,4.15621238868006,19.2791093651534,274.436267168395,0,0.880593853722933,5,21.296890600084,21.2828166801236,0.648025373329119,3,21.9449159734131,24.9449159734131,21.7200443886944,"Failure: extra reporting shock",24.9449159734131,"Random forest",21.8366230711777,3.22487158471871,3.10829290223538,0.648025373329119,3,2.57684621138959,2.46026752890626,21.296890600084
372,2020,"North East",3830,8.25060535200273,68.072488674496,26.9839394493754,56.4248324625797,4.03290935349369,28.9646858412856,781.581328911432,1,0.69151781591167,5,30.3356469510609,31.4686418446694,10.7284096480568,0,41.0640565991177,41.0640565991177,29.711115631786,"Failure: extra reporting shock",41.0640565991177,"Random forest",31.0200926584405,11.3529409673317,10.0439639406772,10.7284096480568,0,0.624531319274887,-0.684445707379627,30.3356469510609
373,2020,"North West",5230,8.56208813357513,73.3093532071081,25.3559259662714,150.582005576839,5.01450782334536,24.1736873502834,612.946226785575,0,0.619425367706826,5,28.8444104864942,30.2409193468416,16.2139582705452,0,45.0583687570395,45.0583687570395,29.4673719990406,"Failure: extra reporting shock",45.0583687570395,"Random forest",29.1028569800217,15.5909967579989,15.9555117770178,16.2139582705452,0,-0.622961512546315,-0.258446493527455,28.8444104864942
374,2020,"Center",3255,8.08808443584001,65.4171098412775,22.6955550946518,140.911613121016,4.94813283652323,26.0180662993255,590.494457152645,0,-0.474181480247254,5,26.0863957303394,25.6662635963366,5.05042400110001,1,31.1368197314394,32.1368197314394,25.8369212478362,"Failure: extra reporting shock",32.1368197314394,"Random forest",26.0492000201479,6.29989848360317,6.08761971129142,5.05042400110001,1,1.24947448250316,1.0371957101914,26.0863957303394
375,2020,"South and Islands",3435,8.14178212750855,66.2886162118176,20.7444108117972,168.018851676647,5.12407618546892,17.147454359455,355.713837609078,0,0.63088431862177,5,26.4753429775617,24.6986609727131,1.21485529419507,3,27.6901982717568,30.6901982717568,24.559187614495,"Failure: extra reporting shock",30.6901982717568,"Random forest",24.8010924769449,6.13101065726179,5.8891057948119,1.21485529419507,3,4.91615536306672,4.67425050061682,26.4753429775617
376,2020,"South and Islands",6330,8.75306284794285,76.6161092200374,27.7709222494757,34.4077768449598,3.53828260990355,18.679878342951,518.757449091758,0,-0.584854880356809,5,26.086543626423,27.5292658452569,2.09504123118443,3,28.1815848576075,31.1815848576075,25.2095800372381,"Failure: extra reporting shock",31.1815848576075,"Random forest",27.0315125668505,5.97200482036937,4.15007229075696,2.09504123118443,3,3.87696358918494,2.05503105957254,26.086543626423
377,2020,"Center",3976,8.28799393028634,68.6908433884632,26.553968475707,55.8189868898125,4.02211407835215,22.0709246337017,586.070636953021,1,1.09855763747222,5,28.3677482715126,28.9760838174117,5.19854955642242,1,33.566297827935,34.566297827935,29.6743264346787,"Failure: extra reporting shock",34.566297827935,"Random forest",29.0598117934086,4.89197139325638,5.50648603452645,5.19854955642242,1,-0.306578163166044,0.307936478104025,28.3677482715126
378,2020,"North West",1317,7.18300275818358,51.5955286240729,25.2798287955719,393.542614612418,5.97518935834051,40.539141837367,1024.82256516804,1,-0.791535162970479,5,30.3095963611767,30.755724569225,17.3511693958641,0,47.6607657570408,47.6607657570408,29.909124109097,"Failure: extra reporting shock",47.6607657570408,"Random forest",30.7546607154086,17.7516416479439,16.9061050416323,17.3511693958641,0,0.400472252079762,-0.445064354231857,30.3095963611767
379,2020,"North East",3002,8.00712777146878,64.1140951486267,24.1395200912482,144.389024020983,4.97251121263473,26.9092454365055,649.576270854855,0,0.099744235908492,5,28.0295481843501,27.2771689032546,10.2716426903282,0,38.3011908746784,38.3011908746784,26.6530144175219,"Failure: extra reporting shock",38.3011908746784,"Random forest",26.8485128243206,11.6481764571564,11.4526780503578,10.2716426903282,0,1.37653376682819,1.18103536002953,28.0295481843501
380,2020,"North East",1564,7.35520533796013,54.0990455635573,21.601608429466,145.934615317052,4.98315868110376,28.1746730440818,608.618254726486,0,-2.39968106499012,5,23.7919768824079,24.2388092482982,10.0810523400625,0,33.8730292224704,33.8730292224704,23.7238578462167,"Failure: extra reporting shock",33.8730292224704,"Random forest",24.3504559004335,10.1491713762537,9.52257332203697,10.0810523400625,0,0.0681190361911632,-0.558479018025555,23.7919768824079
381,2020,"North East",2328,7.75293928844127,60.1080676102562,26.5275183475173,605.763918373901,6.40649033652536,27.7107792566266,735.098205154164,0,0.107736674508563,5,29.9135586998604,30.2003867359295,10.5904298659263,0,40.5039885657867,40.5039885657867,29.796197717842,"Failure: extra reporting shock",40.5039885657867,"Random forest",30.1701800009026,10.7077908479447,10.3338085648841,10.5904298659263,0,0.11736098201842,-0.256621301042175,29.9135586998604
382,2020,"South and Islands",2477,7.81488839723637,61.0724806612596,23.7820884265415,217.989053333037,5.38444484745968,19.2691467589816,458.260552126106,0,-1.62893177814646,5,23.7659150895479,25.1896011264869,1.69751829978381,3,25.4634333893317,28.4634333893317,24.0549050451398,"Failure: extra reporting shock",28.4634333893317,"Random forest",25.762675766919,4.40852834419197,2.70075762241271,1.69751829978381,3,2.71101004440816,1.0032393226289,23.7659150895479
383,2020,"Center",5030,8.52316353783351,72.6443166926546,23.1076656304288,704.944881032043,6.55811961682255,26.0408357532838,601.742925323797,1,-0.59742870762175,5,27.6383549979132,27.1622844809869,5.09735002181256,1,32.7357050197258,33.7357050197258,27.1073049823575,"Failure: extra reporting shock",33.7357050197258,"Random forest",27.3994833237935,6.62840003736826,6.33622169593224,5.09735002181256,1,1.53105001555569,1.23887167411968,27.6383549979132
384,2020,"Center",677,6.51834376107578,42.4888053875555,19.0527667539052,261.779746220714,5.56750348692584,18.9721621349888,361.472179975214,1,-1.0684745119896,5,25.9153812470887,25.4202322099086,4.15650399211432,1,30.0718852392031,31.0718852392031,23.8424473568939,"Failure: extra reporting shock",31.0718852392031,"Random forest",25.2827547372868,7.2294378823092,5.7891305019163,4.15650399211432,1,3.07293389019488,1.63262650980198,25.9153812470887
385,2020,"North West",3503,8.16142473931583,66.6088537755165,20.8928818417711,64.3355820778641,4.16411285420408,31.8264275492925,664.945790233057,0,0.919580438280522,5,26.5004956529728,26.9315596576947,16.2587152307808,0,42.7592108837536,42.7592108837536,26.9086169411159,"Failure: extra reporting shock",42.7592108837536,"Random forest",27.0336817246073,15.8505939426377,15.7255291591463,16.2587152307808,0,-0.408121288143168,-0.533186071634521,26.5004956529728
386,2020,"North West",13143,9.48364537349067,89.939529570131,21.8160004546991,122.926799542308,4.81158905254255,25.6426680391186,559.420457601111,1,-0.752057182984034,5,28.5903530754717,27.677966422619,15.9273951124907,0,44.5177481879625,44.5177481879625,26.6157181859348,"Failure: extra reporting shock",44.5177481879625,"Random forest",27.2942627202983,17.9020300020277,17.2234854676642,15.9273951124907,0,1.97463488953693,1.29609035517348,28.5903530754717
387,2020,"Center",5729,8.65337460098748,74.8808919850153,21.2796008019023,113.51690873972,4.73195180150604,27.3432094158952,581.852581013066,0,0.737746711275487,5,26.718726847611,26.4458867537417,4.98742904705745,1,31.7061558946684,32.7061558946684,25.8364940805742,"Failure: extra reporting shock",32.7061558946684,"Random forest",26.7532684815766,6.86966181409427,5.9528874130918,4.98742904705745,1,1.88223276703682,0.965458366034357,26.718726847611
388,2020,"Center",11201,9.32377359155856,86.9327539866448,16.2274665387201,328.733373137567,5.79524700620557,21.1796662518937,343.692325403865,0,0.0917968386427777,5,23.8547130641455,24.5100412883969,4.0002462566273,1,27.8549593207728,28.8549593207728,23.1017484887493,"Failure: extra reporting shock",28.8549593207728,"Random forest",23.9548600449269,5.75321083202349,4.9000992758459,4.0002462566273,1,1.75296457539619,0.899853019218596,23.8547130641455
389,2020,"Center",4440,8.39835580561125,70.5323802376442,24.1301404088138,31.6505507840447,3.45475555077825,15.9086278913773,383.877424730507,0,-0.358119725923537,5,26.6865373671511,24.3814783462021,4.50056769710147,1,31.1871050642526,32.1871050642526,24.2991128231312,"Failure: extra reporting shock",32.1871050642526,"Random forest",24.7292082025555,7.88799224112138,7.45789686169712,4.50056769710147,1,3.38742454401991,2.95732916459565,26.6865373671511
390,2020,"North East",5657,8.64073174228203,74.6622450420802,30.5100369926964,242.569923908159,5.49129001482684,26.6571367659859,813.310228849596,0,-0.37710889459763,5,30.6174119303003,29.6575668328335,10.9547519425511,0,41.5721638728515,41.5721638728515,29.5059097536505,"Failure: extra reporting shock",41.5721638728515,"Random forest",29.6655117976416,12.066254119201,11.9066520752098,10.9547519425511,0,1.11150217664984,0.951900132658668,30.6174119303003
391,2020,"South and Islands",9457,9.1545463421211,83.8057187300429,19.1579807527273,70.9487655491926,4.26195800457086,29.2153379652276,559.706882422252,1,-0.866217179396738,5,23.9159929217413,23.6793436381412,1.88509984010146,3,25.8010927618427,28.8010927618427,23.3931107806662,"Failure: extra reporting shock",28.8010927618427,"Random forest",23.8748675960824,5.40798198117656,4.92622516576036,1.88509984010146,3,3.5228821410751,3.0411253256589,23.9159929217413
392,2020,"North West",11656,9.36360564977467,87.6771107644921,22.1147210260937,186.287477459224,5.22729105827497,24.1095912799394,533.176885209,0,0.84434826818653,5,29.1319962814359,27.5011864877523,15.8529390022016,0,44.9849352836375,44.9849352836375,27.3087154614995,"Failure: extra reporting shock",44.9849352836375,"Random forest",27.445333029536,17.676219822138,17.5396022541014,15.8529390022016,0,1.82328081993639,1.68666325189982,29.1319962814359
393,2020,"North West",8561,9.0549356184022,81.9918590534088,22.3798571469766,562.541858524717,6.33246554646496,23.03853206128,515.599056407486,1,0.723268974693434,5,30.2018827517776,29.7503508269944,15.8071298301926,0,46.0090125819702,46.0090125819702,28.4795521037237,"Failure: extra reporting shock",46.0090125819702,"Random forest",29.6810243659134,17.5294604782465,16.3279882160568,15.8071298301926,0,1.72233064805397,0.520858385864202,30.2018827517776
394,2020,"North West",1580,7.36507117564892,54.2442734223745,25.1720414083213,94.8361976033484,4.55215116764092,32.3053051017451,813.190477729582,0,-1.06719592241769,5,28.8369595564843,29.7354387889113,16.762944211773,0,45.5999037682573,45.5999037682573,28.164834346833,"Failure: extra reporting shock",45.5999037682573,"Random forest",29.8062652696134,17.4350694214243,15.7936384986439,16.762944211773,0,0.672125209651252,-0.969305713129156,28.8369595564843
395,2020,"North West",6092,8.71475700316637,75.9469896242373,24.3768359325287,197.222389129648,5.28433197086411,33.8524550775024,825.215743337573,0,-0.29036637812125,5,28.4279778514417,28.5342000625931,16.7837721077389,0,45.2117499591806,45.2117499591806,28.2710652178485,"Failure: extra reporting shock",45.2117499591806,"Random forest",28.2945063818174,16.9406847413321,16.9172435773632,16.7837721077389,0,0.15691263359324,0.133471469624368,28.4279778514417
396,2020,"Center",3921,8.27414672802903,68.4615040769536,30.2249086385966,518.274621658445,6.25050525941736,23.5568492561711,712.003616580965,0,0.381722485057328,5,29.5641407397604,30.8703128464457,5.70636769791314,1,35.2705084376735,36.2705084376735,29.9118182462416,"Failure: extra reporting shock",36.2705084376735,"Random forest",30.4986331706831,6.3586901914319,5.77187526699041,5.70636769791314,1,0.652322493518757,0.06550756907727,29.5641407397604
397,2020,"North West",5989,8.69761199506687,75.648454416731,28.4741150990439,134.700742370033,4.90305559468571,28.7910109623194,819.798559958915,0,-0.695495788751328,5,30.3314487667623,29.7250907200154,16.8801717279927,0,47.211620494755,47.211620494755,29.0641926482404,"Failure: extra reporting shock",47.211620494755,"Random forest",29.5889068675782,18.1474278465147,17.6227136271769,16.8801717279927,0,1.26725611852197,0.742541899184143,30.3314487667623
398,2020,"Center",697,6.5462110224986,42.8528787510822,23.6430949690452,78.3811975125361,4.36158407094689,19.4765554253605,460.486049591669,0,1.21268978238382,5,26.0444839171352,26.9486154163389,4.69674762610573,1,30.7412315432409,31.7412315432409,26.8907174628828,"Failure: extra reporting shock",31.7412315432409,"Random forest",26.8850066001598,4.85051408035809,4.85622494308112,4.69674762610573,1,0.153766454252356,0.159477316975384,26.0444839171352
399,2020,"South and Islands",6974,8.84996631052828,78.3219036974855,19.5334923135542,224.779177904975,5.41511848875171,20.5621020050951,401.649661467041,0,-0.130405578635591,5,24.5183473329585,23.3275037883031,1.32067959458314,3,25.8390269275416,28.8390269275416,23.816795214284,"Failure: extra reporting shock",28.8390269275416,"Random forest",23.9089837884782,5.02223171325764,4.93004313906344,1.32067959458314,3,3.70155211867449,3.6093635444803,24.5183473329585
400,2020,"South and Islands",3821,8.24816683945791,68.032256211533,21.6623114916991,240.578894078287,5.48304807765739,18.2246420202523,394.787872267414,1,1.39636184820822,5,25.9315352912875,26.5933387526303,1.39122750524009,3,27.3227627965276,30.3227627965276,26.7594665104386,"Failure: extra reporting shock",30.3227627965276,"Random forest",26.4648862067877,3.56329628608897,3.85787658973983,1.39122750524009,3,2.17206878084888,2.46664908449974,25.9315352912875
401,2020,"Center",14964,9.61341426772589,92.4177338829157,18.824283630103,444.944014012165,6.09794846304273,24.5682074587249,462.478905486249,0,-0.370961576330197,5,24.6462759899099,24.0014377312884,4.5230940211576,1,29.1693700110675,30.1693700110675,23.9055551889571,"Failure: extra reporting shock",30.1693700110675,"Random forest",23.9097497695923,6.26381482211045,6.25962024147519,4.5230940211576,1,1.74072080095285,1.73652622031759,24.6462759899099
402,2020,"North West",1470,7.29274386929706,53.1841131431699,26.623370348126,481.606649994265,6.17712770202691,27.8068791783593,740.312842591053,0,0.252605101108832,5,29.9205295574248,29.1154357648326,16.6077005805145,0,46.5282301379393,46.5282301379393,30.5081633038565,"Failure: extra reporting shock",46.5282301379393,"Random forest",29.8671577284174,16.0200668340828,16.6610724095219,16.6077005805145,0,-0.587633746431703,0.0533718290073786,29.9205295574248
403,2020,"South and Islands",1024,6.93170191746356,48.048491472568,14.710533577655,177.701368956632,5.18010443888238,22.0974720276065,325.065604243397,0,0.35975053780936,5,24.2718787869369,23.8008829037833,0.897630035210034,3,25.1695088221469,28.1695088221469,22.1927909443511,"Failure: extra reporting shock",28.1695088221469,"Random forest",23.2238176747891,5.97671787779582,4.94569114735777,0.897630035210034,3,5.07908784258578,4.04806111214773,24.2718787869369
404,2020,"South and Islands",1689,7.43212385075058,55.2364649328956,24.6857657939484,151.044311688493,5.01757324865614,20.065353220648,495.328610177763,0,-1.64788182375074,5,23.6654749809915,24.2757855450856,1.85265726251521,3,25.5181322435067,28.5181322435067,24.5005383714511,"Failure: extra reporting shock",28.5181322435067,"Random forest",24.7646248414556,4.01759387205554,3.75350740205106,1.85265726251521,3,2.16493660954033,1.90085013953585,23.6654749809915
405,2020,"North East",15839,9.67021848280206,93.5131255051265,25.2280990632841,819.293344075404,6.7084421931985,28.6295710008113,722.269653347794,1,0.926003707815791,5,31.7277404158929,29.9053844526986,10.5118091667536,0,42.2395495826465,42.2395495826465,30.0808627315973,"Failure: extra reporting shock",42.2395495826465,"Random forest",29.956297603145,12.1586868510492,12.2832519795015,10.5118091667536,0,1.64687768429564,1.77144281274794,31.7277404158929
406,2020,"Center",4545,8.42184867855487,70.9275351644765,27.3281422414047,788.287371637143,6.66986270819524,26.8108558737364,732.690882931269,1,-0.35182526666767,5,30.3430476707333,30.7934490119138,5.6155038574516,1,35.9585515281849,36.9585515281849,29.4373887506316,"Failure: extra reporting shock",36.9585515281849,"Random forest",29.9971199840699,7.52116277755329,6.96143154411502,5.6155038574516,1,1.90565892010169,1.34592768666343,30.3430476707333
407,2020,"North East",2515,7.83017025853349,61.3115662776225,27.9890368217639,52.8191630057499,3.96687406058194,23.5271827357897,658.503183904387,0,-0.0431069719422062,5,28.2265514917739,28.8283012943959,10.4583451416348,0,38.6848966334087,38.6848966334087,28.0356674213112,"Failure: extra reporting shock",38.6848966334087,"Random forest",28.0966623526615,10.6492292120975,10.5882342807472,10.4583451416348,0,0.190884070462685,0.129889139112338,28.2265514917739
408,2020,"Center",5877,8.67888541905753,75.3230521171294,24.3530752704614,220.358195585807,5.39525438408763,26.2663906967953,639.667389722402,0,0.4886531880285,5,28.9993079493326,27.1976754128122,5.25013392826195,1,34.2494418775945,35.2494418775945,27.7008930291007,"Failure: extra reporting shock",35.2494418775945,"Random forest",27.5461646384395,7.54854884849377,7.70327723915502,5.25013392826195,1,2.29841492023182,2.45314331089307,28.9993079493326
409,2020,"South and Islands",1813,7.50282587134199,56.2923960556787,27.1869451557508,255.097801101701,5.54164700536033,22.2351432029691,604.505618789386,1,0.413418835246598,5,29.5909878601409,28.5856976494041,2.27967229107596,3,31.8706601512169,34.8706601512169,27.9820577067033,"Failure: extra reporting shock",34.8706601512169,"Random forest",28.6860451511289,6.88860244451358,6.18461500008804,2.27967229107596,3,4.60893015343762,3.90494270901209,29.5909878601409
410,2020,"North East",8844,9.08747434409503,82.5821899545855,22.509607721142,150.753709072432,5.01564743943352,28.3377789115038,637.872286986402,0,1.33641119813844,5,28.9545135571749,27.6485123784727,10.1923496728664,0,39.1468632300413,39.1468632300413,27.7107447015679,"Failure: extra reporting shock",39.1468632300413,"Random forest",27.4646594047632,11.4361185284734,11.6822038252781,10.1923496728664,0,1.24376885560703,1.4898541524117,28.9545135571749
411,2020,"South and Islands",4170,8.33558770268484,69.4820223491507,14.0657367890644,79.7203671210793,4.37852510046544,12.5046645037003,175.887319544605,0,-0.650538296224929,5,19.4746187467115,21.1071142575957,0.155205861791637,3,19.6298246085032,22.6298246085032,19.2815840670647,"Failure: extra reporting shock",22.6298246085032,"Random forest",20.7319753838989,3.34824054143844,1.89784922460425,0.155205861791637,3,3.1930346796468,1.74264336281261,19.4746187467115
412,2020,"North West",5427,8.5991886108246,73.9460447645355,22.7439432913155,88.7339118008664,4.48564213643994,27.2708705196911,620.247132604661,0,-0.259631291108157,5,27.5888300482003,26.6015482382361,16.1434429981586,0,43.732273046359,43.732273046359,26.3005601287139,"Failure: extra reporting shock",43.732273046359,"Random forest",26.8611563920478,17.431712917645,16.8711166543111,16.1434429981586,0,1.28826991948643,0.727673656152511,27.5888300482003
413,2020,"North West",3176,8.06340630182084,65.018521188244,20.1475521302932,399.798805264615,5.9909614337292,28.8586608901513,581.431374694778,1,1.87544034727868,5,29.8493155908747,29.226200015333,15.9689852963784,0,45.8183008872531,45.8183008872531,29.7871549604746,"Failure: extra reporting shock",45.8183008872531,"Random forest",29.5052563180492,16.0311459267785,16.3130445692039,15.9689852963784,0,0.0621606304001006,0.34405927282549,29.8493155908747
414,2020,"North West",4266,8.35840640063085,69.8629575581067,24.8197466547286,109.630853922935,4.69711884879171,23.1766521564908,575.23863482887,0,-1.05925631333247,5,28.7766307264206,28.1204709418071,16.08518608271,0,44.8618168091306,44.8618168091306,26.4285515278872,"Failure: extra reporting shock",44.8618168091306,"Random forest",27.9302061963395,18.4332652812434,16.9316106127912,16.08518608271,0,2.34807919853334,0.846424530081119,28.7766307264206
415,2020,"South and Islands",3078,8.03192606767672,64.5118363566248,18.5071492040339,116.98171669124,4.76201765499046,22.4922607683956,416.267625976735,0,2.52881155987472,5,26.0947026643392,27.1384662622169,1.34289296596695,3,27.4375956303062,30.4375956303062,25.4653366852195,"Failure: extra reporting shock",30.4375956303062,"Random forest",25.835876412671,4.97225894508665,4.6017192176352,1.34289296596695,3,3.6293659791197,3.25882625166825,26.0947026643392
416,2020,"North West",645,6.46956930113256,41.8553269421569,26.3085039673621,210.768099969334,5.35075847679719,27.4045754174093,720.973381092786,1,0.37309369946631,5,31.4789798505918,28.048065115304,16.544904015364,0,48.0238838659558,48.0238838659558,30.0800675012369,"Failure: extra reporting shock",48.0238838659558,"Random forest",29.0808497645239,17.9438163647189,18.9430341014319,16.544904015364,0,1.39891234935493,2.39813008606792,31.4789798505918
417,2020,"South and Islands",1574,7.36151818747523,54.1919500245286,20.9056972433782,40.1361978445346,3.69227861652337,20.5774938038607,430.186855491002,0,0.149565714053333,5,25.533972798942,24.450631061408,1.47269956277738,3,27.0066723617194,30.0066723617194,23.9599678665296,"Failure: extra reporting shock",30.0066723617194,"Random forest",24.1755006607736,6.04670449518976,5.83117170094575,1.47269956277738,3,4.57400493241238,4.35847213816837,25.533972798942
418,2020,"South and Islands",2267,7.72636519354877,59.6967191040819,23.8774615736087,121.727169751898,4.8017822269409,16.9134286300549,403.849742192109,0,0.821312092716945,5,26.7809048095325,26.924818802498,1.54310907693633,3,28.3240138864688,31.3240138864688,25.7215705013664,"Failure: extra reporting shock",31.3240138864688,"Random forest",26.5614612924883,5.60244338510248,4.76255259398057,1.54310907693633,3,4.05933430816615,3.21944351704424,26.7809048095325
419,2020,"South and Islands",14242,9.56393913945738,91.4689318632448,21.4404004859046,59.7495681140106,4.0901619625681,18.1580181170243,389.315180459314,1,-0.10548020929013,5,25.9381441346367,25.4216228355304,1.36215362137674,3,27.3002977560135,30.3002977560135,24.37661336057,"Failure: extra reporting shock",30.3002977560135,"Random forest",25.1273905626305,5.92368439544346,5.17290719338301,1.36215362137674,3,4.56153077406671,3.81075357200627,25.9381441346367
420,2020,"North East",11613,9.35990167901303,87.6077594407909,23.2962801048151,101.722873794839,4.62225219216859,23.3618585544882,544.244400654427,0,0.357282827203608,5,27.0930642712454,25.5536717869157,9.93056921007936,0,37.0236334813247,37.0236334813247,26.6311697992555,"Failure: extra reporting shock",37.0236334813247,"Random forest",25.7248581781822,10.3924636820692,11.2987753031426,9.93056921007936,0,0.461894471989842,1.36820609306323,27.0930642712454
421,2020,"North West",8353,9.03043123539963,81.5486882972813,23.5327972363559,101.453985621879,4.61960535206374,22.8936946601478,538.752674428302,1,-0.9695887814575,5,27.7163851715325,26.519565909189,15.923814621945,0,43.6401997934775,43.6401997934775,27.1381039559952,"Failure: extra reporting shock",43.6401997934775,"Random forest",27.1727064640265,16.5020958374823,16.467493329451,15.923814621945,0,0.578281215537281,0.543678707505986,27.7163851715325
422,2020,"South and Islands",1370,7.22244096110401,52.163653436633,18.5997163842831,169.578769663339,5.13331753665045,23.3786981886793,434.837155743188,0,-0.890040669895691,5,22.0617613878184,21.7480626201911,1.41512597521422,3,23.4768873630327,26.4768873630327,22.0689393328806,"Failure: extra reporting shock",26.4768873630327,"Random forest",22.3753108911321,4.40794803015202,4.10157647190055,1.41512597521422,3,2.9928220549378,2.68645049668632,22.0617613878184
423,2020,"South and Islands",2141,7.66883919693245,58.8110946284076,23.7415594567019,195.527399083482,5.27570051837011,18.8921368368347,448.528789975858,1,1.68699379513545,5,27.3599812244825,27.570689441197,1.66666941855116,3,29.0266506430336,32.0266506430336,26.7432478899755,"Failure: extra reporting shock",32.0266506430336,"Random forest",27.5396962381898,5.28340275305809,4.48695440484387,1.66666941855116,3,3.61673333450693,2.8202849862927,27.3599812244825
424,2020,"South and Islands",12370,9.42300802030649,88.7930801507605,24.8178142030073,326.276925634913,5.78774648591316,20.9873509108323,520.860175518351,0,-0.453556905975201,5,25.6798703625814,26.3865179049903,1.93172242582459,3,27.6115927884059,30.6115927884059,25.6133400418221,"Failure: extra reporting shock",30.6115927884059,"Random forest",26.4102333246997,4.99825274658384,4.2013594637062,1.93172242582459,3,3.06653032075925,2.26963703788161,25.6798703625814
425,2020,"South and Islands",2071,7.63587170855327,58.3065367494842,20.8181091621892,63.0298979862601,4.14360918502871,18.0479548424755,375.724294064916,1,-0.656714370026694,5,25.2079697554395,25.8947173804041,1.28599714654963,3,26.4939669019891,29.4939669019891,23.9957014764729,"Failure: extra reporting shock",29.4939669019891,"Random forest",25.2625670489084,5.49826542551616,4.23139985308068,1.28599714654963,3,4.21226827896654,2.94540270653106,25.2079697554395
426,2020,"Center",5971,8.69460160835325,75.596097127979,25.0299528327418,220.442357832421,5.39563624498587,25.3170206149984,633.683831858962,1,-1.0528080511745,5,27.8667284439878,28.4590972341152,5.25813455438702,1,33.1248629983748,34.1248629983748,26.5645380011115,"Failure: extra reporting shock",34.1248629983748,"Random forest",27.7599042258335,7.56032499726334,6.36495877254134,5.25813455438702,1,2.30219044287632,1.10682421815432,27.8667284439878
427,2020,"North West",2106,7.65239663102969,58.5591741985945,25.5918082298285,261.203624474663,5.56530027354897,28.6642720708446,733.570553884685,1,1.82376057166056,5,31.7065129873014,31.8502384183257,16.5542462499758,0,48.2607592372772,48.2607592372772,31.108060517916,"Failure: extra reporting shock",48.2607592372772,"Random forest",31.305063841229,17.1526987193612,16.9556953960482,16.5542462499758,0,0.5984524693854,0.401449146072405,31.7065129873014
428,2020,"North West",4599,8.43368197130157,71.1269915930572,27.2662503401941,690.458473068631,6.53735583066232,35.5157313145119,968.380821036553,0,-1.24844578351416,5,31.9044016232516,30.7783348403,17.2180370291727,0,49.1224386524243,49.1224386524243,29.6119548591379,"Failure: extra reporting shock",49.1224386524243,"Random forest",30.9299657348823,19.5104837932865,18.1924729175421,17.2180370291727,0,2.29244676411374,0.974435888369342,31.9044016232516
429,2020,"North East",1820,7.50682201986049,56.3523768378624,22.2868131428807,198.524426513166,5.29091214803849,34.7913342334078,775.387965051467,0,0.361109684112993,5,28.4827120938087,28.5928452177786,10.619591141791,0,39.1023032355996,39.1023032355996,27.4066762136388,"Failure: extra reporting shock",39.1023032355996,"Random forest",27.4954689572428,11.6956270219608,11.6068342783568,10.619591141791,0,1.07603588016984,0.987243136565867,28.4827120938087
430,2020,"North West",5036,8.52445011794966,72.666249813412,23.5070796365534,140.309272932197,4.94384907852517,32.1127745044433,754.877547626632,1,-0.651418522490696,5,28.2121116607949,28.7508273098744,16.5663212750674,0,44.7784329358624,44.7784329358624,27.8696870057073,"Failure: extra reporting shock",44.7784329358624,"Random forest",28.5415467107761,16.9087459301551,16.2368862250862,16.5663212750674,0,0.342424655087665,-0.329435049981218,28.2121116607949
431,2020,"South and Islands",3037,8.01877487821739,64.3007505475302,26.3265505255482,123.245829368894,4.81418097355832,20.7537086630648,546.373559710683,0,1.6356036895722,5,27.2577422707385,28.5532541616834,2.08132846396037,3,29.3390707346988,32.3390707346989,27.52881862604,"Failure: extra reporting shock",32.3390707346989,"Random forest",27.769487114543,4.81025210865887,4.56958362015589,2.08132846396037,3,2.7289236446985,2.48825515619552,27.2577422707385
432,2020,"Center",10427,9.2521442280374,85.6021728164057,28.822013735249,249.843815752971,5.52083598564466,27.1384168447288,782.183823051685,0,-1.12264418270175,5,27.7765206851226,27.9659529774275,5.80275898974393,1,33.5792796748665,34.5792796748665,27.8166160295149,"Failure: extra reporting shock",34.5792796748665,"Random forest",28.1837772302876,6.76266364535158,6.39550244457891,5.80275898974393,1,0.959904655607642,0.592743454834978,27.7765206851226
433,2020,"Center",4862,8.48924503064052,72.0672811902548,25.7880231183051,194.232780949335,5.2690573415572,18.3602970672511,473.475765229222,0,-0.935693139782908,5,26.3262175122758,25.9638062708426,4.85455163745667,1,31.1807691497324,32.1807691497324,25.5944670568633,"Failure: extra reporting shock",32.1807691497324,"Random forest",26.1832892977943,6.58630209286914,5.99747985193815,4.85455163745667,1,1.73175045541247,1.14292821448148,26.3262175122758
434,2020,"South and Islands",3760,8.2322185148604,67.7694216764104,19.0353329506622,369.329246919712,5.9116885142811,25.1794894766405,479.299965715547,1,-1.54899032194812,5,22.5090014499537,23.3821454728738,1.58909918767321,3,24.0981006376269,27.0981006376269,22.9898565081295,"Failure: extra reporting shock",27.0981006376269,"Random forest",23.8509144595163,4.10824412949738,3.24718617811055,1.58909918767321,3,2.51914494182417,1.65808699043734,22.5090014499537
435,2020,"North West",1623,7.3918767133459,54.6398413453054,23.3908216621353,80.6665064650414,4.39032345151604,29.7208933970967,695.196117090824,0,-1.77895460755173,5,24.823266238887,26.8757417893125,16.3861012203672,0,41.2093674592541,41.2093674592541,25.7035521275512,"Failure: extra reporting shock",41.2093674592541,"Random forest",27.0358786341462,15.5058153317029,14.1734888251079,16.3861012203672,0,-0.880285888664254,-2.21261239525926,24.823266238887
436,2020,"North West",5488,8.61028603502996,74.1370256050319,25.2539301362667,100.476204594558,4.60992092926124,34.6573967759776,875.235476885412,1,0.37271886764261,5,30.0323953281712,30.4853661883549,16.9365983890433,0,46.9689937172145,46.9689937172145,30.2524662349333,"Failure: extra reporting shock",46.9689937172145,"Random forest",30.3513544774773,16.7165274822811,16.6176392397372,16.9365983890433,0,-0.220070906762153,-0.318959149306078,30.0323953281712
437,2020,"North East",2141,7.66900177868013,58.813588281399,21.1372534677056,554.696686766938,6.31842145402539,28.7773089554426,608.273273509664,0,1.62421103314335,5,28.5364626545849,29.6396631551162,10.0721578080641,0,38.608620462649,38.608620462649,28.4504655636657,"Failure: extra reporting shock",38.608620462649,"Random forest",29.0982935631118,10.1581548989833,9.51032689953721,10.0721578080641,0,0.0859970909191503,-0.561830908526918,28.5364626545849
438,2020,"Center",6811,8.82635956196085,77.9046231170178,25.452646998653,53.7116105829026,3.98362919011649,26.8786170717664,684.131952139639,1,-0.146064888274242,5,28.193461504156,26.9925256074272,5.41394266461101,1,33.607404168767,34.607404168767,26.853850922026,"Failure: extra reporting shock",34.607404168767,"Random forest",27.2262465213611,7.753553246741,7.38115764740585,5.41394266461101,1,2.33961058212999,1.96721498279484,28.193461504156
439,2020,"South and Islands",2787,7.93274389340729,62.9284256783907,20.5204991812942,171.659357565495,5.14551203380081,22.6575615434006,464.944473101473,1,0.248552081243402,5,24.9234475383065,25.0168226186067,1.57593251771593,3,26.4993800560224,29.4993800560224,24.8778617198057,"Failure: extra reporting shock",29.4993800560224,"Random forest",25.3035718541276,4.62151833621668,4.19580820189483,1.57593251771593,3,3.04558581850075,2.61987568417891,24.9234475383065
440,2020,"North East",11837,9.37901796382636,87.9659779657775,21.9422459975171,138.17792223253,4.92854214627464,27.2967553604919,598.952121053957,0,-1.64457986054076,5,24.8993988561733,24.8287969546989,10.0570682346968,0,34.9564670908701,34.9564670908701,24.9189396201674,"Failure: extra reporting shock",34.9564670908701,"Random forest",25.2733541301392,10.0375274707027,9.68311296073095,10.0570682346968,0,-0.0195407639941312,-0.373955273965896,24.8993988561733
441,2020,"North West",7213,8.88366828345652,78.9195621704913,26.0699065762168,201.597907951784,5.30627515892008,30.4584957174754,794.050137806683,0,0.160025155570591,5,29.31824660918,28.5183190446661,16.7324327233427,0,46.0506793325226,46.0506793325226,28.3179336228601,"Failure: extra reporting shock",46.0506793325226,"Random forest",28.718595166086,17.7327457096625,17.3320841664366,16.7324327233427,0,1.00031298631983,0.599651443093929,29.31824660918
442,2020,"South and Islands",5029,8.5230636780876,72.6426144607362,22.1440817696994,273.549652611114,5.61148315058073,17.7831840739762,393.792282259746,0,-1.19571703746125,5,24.1153857445475,23.1834788086128,1.4133201795808,3,25.5287059241283,28.5287059241283,22.6846319710369,"Failure: extra reporting shock",28.5287059241283,"Random forest",23.5506840590247,5.84407395309141,4.97802186510361,1.4133201795808,3,4.43075377351061,3.56470168552281,24.1153857445475
443,2020,"South and Islands",2052,7.62633539095268,58.1609914952974,27.6609465053855,176.914750661152,5.17566798186783,25.4076753585425,702.800348918847,0,1.06655325214401,5,29.3213904144494,29.2636776765716,2.55388969042592,3,31.8752801048753,34.8752801048753,28.3986321884914,"Failure: extra reporting shock",34.8752801048753,"Random forest",28.4901030118886,6.47664791638392,6.38517709298671,2.55388969042592,3,3.92275822595801,3.83128740256079,29.3213904144494
444,2020,"Center",6037,8.70566074386703,75.7885289873075,21.2642225523177,158.122634177061,5.06337089764376,13.7741603483765,292.896811119188,1,0.212003178463817,5,27.1979409475383,25.5631808054535,4.03590400487683,1,31.2338449524151,32.2338449524151,25.4601701414189,"Failure: extra reporting shock",32.2338449524151,"Random forest",25.5651332225702,6.77367481099615,6.66871172984491,4.03590400487683,1,2.73777080611932,2.63280772496808,27.1979409475383
445,2020,"South and Islands",5312,8.57768217457964,73.5766314881012,23.515627263651,119.1285472172,4.78020313880029,12,282.187527163812,0,-0.733624275668149,5,24.164034688681,24.2237913630151,1.15936729873714,3,25.3234019874181,28.3234019874181,23.037486135138,"Failure: extra reporting shock",28.3234019874181,"Random forest",24.1710034656563,5.28591585228009,4.15239852176181,1.15936729873714,3,4.12654855354295,2.99303122302467,24.164034688681
446,2020,"North West",8551,9.05379546882445,81.9712123913061,28.2142643730285,313.783229953576,5.74870239704032,29.4487892031571,830.875924043463,1,-0.593987907845405,5,29.9850807162008,31.9468957068912,16.8976326249897,0,46.8827133411905,46.8827133411905,30.123815884862,"Failure: extra reporting shock",46.8827133411905,"Random forest",30.4367478233995,16.7588974563285,16.445965517791,16.8976326249897,0,-0.138735168661153,-0.451667107198684,29.9850807162008
447,2020,"North East",2316,7.74771976167698,60.02716150548,24.5406201472107,69.8745858286122,4.24670200413909,28.7050633655515,704.440056355614,0,-1.14805574443567,5,27.8653391416962,26.5954259564892,10.4414709515173,0,38.3068100932136,38.3068100932136,25.768663384865,"Failure: extra reporting shock",38.3068100932136,"Random forest",26.4157667038761,12.5381467083485,11.8910433893375,10.4414709515173,0,2.0966757568312,1.44957243782017,27.8653391416962
448,2020,"Center",4428,8.39572396254622,70.4881808552728,21.7414744745701,231.488178986799,5.44452880953053,26.8898782570699,584.625601750381,1,-0.649168680535258,5,26.3538580066024,28.2164144108298,5.00650196993313,1,31.3603599765356,32.3603599765356,26.0863721214276,"Failure: extra reporting shock",32.3603599765356,"Random forest",27.4630684424515,6.27398785510793,4.89729153408404,5.00650196993313,1,1.2674858851748,-0.109210435849086,26.3538580066024
449,2020,"South and Islands",3267,8.09166078471034,65.4749742548191,20.5612638986266,34.5713932016279,3.54302655400744,21.619678116647,444.527907159743,1,-0.675608043926399,5,24.0450052486604,24.8414097702272,1.50776479674975,3,25.5527700454102,28.5527700454102,24.0502569414982,"Failure: extra reporting shock",28.5527700454102,"Random forest",24.7660345811054,4.50251310391199,3.78673546430474,1.50776479674975,3,2.99474830716223,2.27897066755498,24.0450052486604
450,2020,"North East",1458,7.28481438788921,53.0685206659977,22.4407553837674,251.867789303533,5.52890430421585,38.6798046776495,868.004035063036,0,-0.711758674296524,5,27.5738062812137,27.8318814574047,10.9087177193854,0,38.4825240005991,38.4825240005991,27.496454387587,"Failure: extra reporting shock",38.4825240005991,"Random forest",27.5542303797567,10.9860696130121,10.9282936208424,10.9087177193854,0,0.0773518936267301,0.0195759014570349,27.5738062812137
451,2020,"North West",2034,7.61784455340241,58.0315556398027,28.0872999950353,94.2298664915822,4.54573718538207,30.7944706451481,864.933535198581,1,-0.79059262173271,5,31.2584026970658,30.724567262582,16.9778642443498,0,48.2362669414156,48.2362669414156,30.3220442390852,"Failure: extra reporting shock",48.2362669414156,"Random forest",30.5272123563413,17.9142227023304,17.7090545850742,16.9778642443498,0,0.936358457980599,0.73119034072446,31.2584026970658
452,2020,"Center",1270,7.14670141551296,51.0753411224949,21.8968912102311,154.057531578376,5.03732611432713,24.473177406437,535.886503237436,0,1.41350455725987,5,27.7933973616903,27.1562379374206,4.85442875131154,1,32.6478261130018,33.6478261130018,26.7157033724679,"Failure: extra reporting shock",33.6478261130018,"Random forest",27.2169798852858,6.93212274053395,6.43084622771599,4.85442875131154,1,2.07769398922241,1.57641747640445,27.7933973616903
453,2020,"South and Islands",13538,9.51326230656766,90.502159713561,20.9317915447319,264.672449540997,5.57849302199145,25.8059099592146,540.163927888401,0,0.117885901684717,5,25.1624441824229,24.6774286721095,1.84155906680106,3,27.004003249224,30.004003249224,24.4042764283676,"Failure: extra reporting shock",30.004003249224,"Random forest",25.1196281063845,5.59972682085639,4.88437514283946,1.84155906680106,3,3.75816775405533,3.0428160760384,25.1624441824229
454,2020,"North West",9696,9.17943964188566,84.2621121390219,21.9583240170519,128.251157466074,4.85399050908675,30.0593883650709,660.053789474627,1,0.4241378216516,5,29.1685528598103,29.2718346849204,16.2522211271662,0,45.4207739869765,45.4207739869765,27.9642505514281,"Failure: extra reporting shock",45.4207739869765,"Random forest",29.040248041295,17.4565234355484,16.3805259456815,16.2522211271662,0,1.20430230838223,0.128304818515314,29.1685528598103
455,2020,"North East",4626,8.43951955113714,71.225490254026,24.8694253409964,200.659306903263,5.3016084794063,30.9391896336004,769.439866703755,0,-0.0291489297537219,5,28.2229890887037,26.7673359744881,10.6340283615972,0,38.8570174503008,38.8570174503008,27.7942149885488,"Failure: extra reporting shock",38.8570174503008,"Random forest",27.7217100165489,11.062802461752,11.135307433752,10.6340283615972,0,0.42877410015484,0.501279072154787,28.2229890887037
456,2020,"South and Islands",3773,8.23549574759547,67.8233902086631,18.8711279431003,314.627232782539,5.75138855007722,21.9132677287626,413.52807896089,0,-0.128701223521185,5,23.0101863233364,24.1887971695709,1.34240111448995,3,24.3525874378264,27.3525874378264,23.5703285647681,"Failure: extra reporting shock",27.3525874378264,"Random forest",24.1712540391216,3.78225887305825,3.18133339870475,1.34240111448995,3,2.4398577585683,1.83893228421481,23.0101863233364
457,2020,"North East",2554,7.84550640535975,61.5519707565409,23.9942886370876,149.412888229977,5.00671353557755,27.8687422034818,668.690644382927,0,-0.303832228636612,5,27.6001817627097,26.4961089702296,10.3228320040589,0,37.9230137667686,37.9230137667686,27.346295797066,"Failure: extra reporting shock",37.9230137667686,"Random forest",27.2310692582341,10.5767179697026,10.6919445085344,10.3228320040589,0,0.253885965643713,0.369112504475551,27.6001817627097
458,2020,"North West",2302,7.74145564635658,59.9301355245062,21.8768165130411,114.591172961852,4.74137077654839,31.3300647894922,685.402078741409,0,-0.259317209286426,5,28.770687656705,26.9027670094277,16.3322026514345,0,45.1028903081395,45.1028903081395,26.2588883771551,"Failure: extra reporting shock",45.1028903081395,"Random forest",27.076541284592,18.8440019309845,18.0263490235475,16.3322026514345,0,2.51179927954997,1.694146372113,28.770687656705
459,2020,"North East",2547,7.84262987105816,61.5068432944137,19.1123864206626,349.673167021557,5.85699890970284,37.5051195597917,716.812337779889,0,1.45878663165002,5,28.336218399498,27.8747645798753,10.4603691751938,0,38.7965875746918,38.7965875746918,27.1586386537408,"Failure: extra reporting shock",38.7965875746918,"Random forest",27.5942612380032,11.637948920951,11.2023263366887,10.4603691751938,0,1.17757974575716,0.741957161494829,28.336218399498
460,2020,"North East",1649,7.40813565227635,54.880473842528,26.6719339955594,66.3273816273174,4.19460280781963,21.5548598500865,574.909799205041,0,-0.610474935133458,5,27.0085299192928,27.4746436164101,10.1754012287531,0,37.1839311480459,37.1839311480459,26.7382332902569,"Failure: extra reporting shock",37.1839311480459,"Random forest",27.0805854012618,10.445697857789,10.1033457467841,10.1754012287531,0,0.270296629035901,-0.07205548196902,27.0085299192928
461,2020,"North East",1986,7.59392058297557,57.6676298205401,27.6108241146509,171.616732377718,5.14526369032892,24.3127504638458,671.295076800642,0,-1.36186473673944,5,28.7533467557613,26.6852836264243,10.4717314848163,0,39.2250782405777,39.2250782405777,27.2067885000364,"Failure: extra reporting shock",39.2250782405777,"Random forest",27.4293767498775,12.0182897405413,11.7957014907002,10.4717314848163,0,1.54655825572496,1.32397000588388,28.7533467557613
462,2020,"South and Islands",2336,7.75633785492186,60.1607769196939,20.3726151910485,69.7941784685835,4.24555060326121,16.7306207368165,340.846498178539,0,-1.04436857190446,5,22.5112080626362,24.6601208898658,1.14477942232802,3,23.6559874849642,26.6559874849642,22.4592031936315,"Failure: extra reporting shock",26.6559874849642,"Random forest",24.6056012238088,4.1967842913327,2.05038626115537,1.14477942232802,3,3.05200486900468,0.905606838827346,22.5112080626362
463,2020,"North West",741,6.6077295860193,43.6620902819548,30.073951696771,103.34250844125,4.6380487962363,32.2292611850892,969.261244102987,0,1.03063540040413,5,32.8444611650487,31.3136615824284,17.2968312693366,0,50.1412924343852,50.1412924343852,31.3559014582167,"Failure: extra reporting shock",50.1412924343852,"Random forest",31.7217495063047,18.7853909761686,18.4195429280805,17.2968312693366,0,1.48855970683199,1.12271165874394,32.8444611650487
464,2020,"North West",8969,9.10155671321542,82.8383346038767,19.2077695385494,182.51779710469,5.2068476866498,23.8495306214945,458.096287780244,1,-1.3371622679598,5,26.2605183170162,25.582873744172,15.5149700924806,0,41.7754884094968,41.7754884094968,24.7971977089371,"Failure: extra reporting shock",41.7754884094968,"Random forest",25.648034667457,16.9782907005596,16.1274537420398,15.5149700924806,0,1.46332060807906,0.612483649559207,26.2605183170162
465,2020,"North East",925,6.8299993360394,46.6488909302987,19.0308448779505,311.695210949535,5.74202582236118,26.1675242463441,497.990094772183,0,1.04911247832628,5,27.5247971310607,25.5481508045902,9.65776793355418,0,37.1825650646148,37.1825650646148,26.3135629283388,"Failure: extra reporting shock",37.1825650646148,"Random forest",25.6232165127489,10.869002136276,11.5593485518659,9.65776793355418,0,1.21123420272187,1.90158061831171,27.5247971310607
466,2020,"South and Islands",8486,9.04622739705055,81.834230119148,22.6064018387368,161.956586282898,5.08732831340971,17.3908954544949,393.145570979774,0,1.32358221483804,5,26.2764293243999,27.0616183441399,1.43671518381123,3,27.7131445082111,30.7131445082111,25.5360812196114,"Failure: extra reporting shock",30.7131445082111,"Random forest",26.6352904936299,5.17706328859969,4.07785401458114,1.43671518381123,3,3.74034810478847,2.64113883076991,26.2764293243999
467,2020,"South and Islands",13648,9.52138420253441,90.6567571322717,19.7239629499389,173.211796891317,5.1545151051906,13.9814040148671,275.768694777365,0,-0.23185657717326,5,22.5501977891868,25.0437070263502,0.880982505269506,3,23.4311802944563,26.4311802944563,23.3693528765026,"Failure: extra reporting shock",26.4311802944563,"Random forest",24.5125208580845,3.06182741795366,1.91865943637177,0.880982505269506,3,2.18084491268415,1.03767693110227,22.5501977891868
468,2020,"South and Islands",2620,7.87092737790764,61.951497788296,27.6452256968999,58.1979099208141,4.06384944207904,18.5242647286672,512.107479293129,1,-0.0871711217297828,5,25.7895615275238,27.4270331313776,2.07032165740123,3,27.8598831849251,30.8598831849251,27.0578825130933,"Failure: extra reporting shock",30.8598831849251,"Random forest",27.584587266491,3.80200067183178,3.27529591843403,2.07032165740123,3,1.73167901443055,1.20497426103279,25.7895615275238
469,2020,"North East",1251,7.13134118320015,50.8560270712066,25.0539332936997,26.6609636332996,3.28320045938239,29.582883703603,741.167594945347,1,-0.918179481733512,5,26.3426367116183,28.5149077143494,10.5593828212947,0,36.902019532913,36.902019532913,26.9003388244099,"Failure: extra reporting shock",36.902019532913,"Random forest",28.2931528521263,10.0016807085032,8.60886668078671,10.5593828212947,0,-0.557702112791558,-1.950516140508,26.3426367116183
470,2020,"Center",600,6.25678068481365,39.1473045378572,22.7157189696995,149.419910645288,5.00676053453709,19.2031525013005,436.213415551825,0,-0.307249315877982,5,26.6228526604666,25.5928217329656,4.57559806149351,1,31.1984507219601,32.1984507219601,25.0346155669029,"Failure: extra reporting shock",32.1984507219601,"Random forest",25.4813106515234,7.16383515505713,6.71714007043668,4.57559806149351,1,2.58823709356362,2.14154200894317,26.6228526604666
471,2020,"North East",7254,8.88926740864677,79.0190750624296,17.24846908714,67.8964317245966,4.21798348126323,21.7356776364828,374.907163800914,1,0.712199778480769,5,26.0860474039988,26.3203391035253,9.15147733387473,0,35.2375247378735,35.2375247378735,25.0857110640384,"Failure: extra reporting shock",35.2375247378735,"Random forest",26.1072134038095,10.1518136738351,9.13031133406398,9.15147733387473,0,1.00033633996035,-0.0211659998107461,26.0860474039988
472,2020,"South and Islands",5029,8.5230624376284,72.6425933157121,24.4908363385082,584.093625162283,6.37006128703753,22.6094310724836,553.723876102978,1,0.622782417375555,5,28.584215143821,27.870470306146,2.00930047204528,3,30.5935156158663,33.5935156158663,27.888067387026,"Failure: extra reporting shock",33.5935156158663,"Random forest",27.8338258760552,5.7054482288403,5.7596897398111,2.00930047204528,3,3.69614775679501,3.75038926776581,28.584215143821
473,2020,"South and Islands",1128,7.02827510690713,49.3966509783705,25.8379861126863,156.292084075903,5.0517265904373,14.6040697238819,377.339750714363,0,-1.92711631532358,5,24.1996579896978,24.1050282617768,1.59711165280276,3,25.7967696425006,28.7967696425006,24.3143158687903,"Failure: extra reporting shock",28.7967696425006,"Random forest",24.8303588837975,4.48245377371034,3.96641075870307,1.59711165280276,3,2.88534212090758,2.36929910590031,24.1996579896978
474,2020,"North West",2332,7.75429775778779,60.1291337164328,24.7350772251579,187.902198739913,5.23592160800031,26.9782460127956,667.308998525809,1,-0.342840735433995,5,28.7501156847831,28.1495190858825,16.3419840153986,0,45.0920997001817,45.0920997001817,28.9860603340574,"Failure: extra reporting shock",45.0920997001817,"Random forest",28.4550816892531,16.1060393661243,16.6370180109286,16.3419840153986,0,-0.235944649274344,0.295033995529987,28.7501156847831
475,2020,"Center",600,6.30382040044231,39.7381516410326,25.8203788891456,79.0348678495485,4.36988912027822,22.399023885582,578.35128347275,0,-0.518931909933603,5,27.9374924344959,27.3461599655511,5.14082164953229,1,33.0783140840282,34.0783140840282,26.543278235702,"Failure: extra reporting shock",34.0783140840282,"Random forest",27.0656946954725,7.53503584832619,7.01261938855571,5.14082164953229,1,2.39421419879389,1.87179773902342,27.9374924344959
476,2020,"Center",5548,8.62114359778641,74.3241169336536,24.1357831314859,99.9889619667689,4.60505979956342,29.1245143772405,702.942962818921,1,0.292069152546354,5,28.2213378668911,26.1863193541072,5.42630045060582,1,33.647638317497,34.647638317497,27.4156703513948,"Failure: extra reporting shock",34.647638317497,"Random forest",27.5106568128986,7.23196796610218,7.1369815045984,5.42630045060582,1,1.80566751549636,1.71068105399258,28.2213378668911
477,2020,"North East",3639,8.19934512289813,67.2292604443934,22.4328384381579,82.0370330491017,4.4071707678635,27.1096377620579,608.146124033231,0,1.14113672732958,5,28.1198175652136,27.2792565760313,10.097935171277,0,38.2177527364906,38.2177527364906,26.8224781753126,"Failure: extra reporting shock",38.2177527364906,"Random forest",27.1036019511385,11.395274561178,11.1141507853521,10.097935171277,0,1.29733938990107,1.01621561407515,28.1198175652136
478,2020,"North West",5981,8.69634724864871,75.62645546908,16.9209138426826,187.876942606728,5.23578718790912,31.1145703263332,526.486963743973,0,0.683471299587869,5,26.9121148283366,25.5863052140514,15.7719687452739,0,42.6840835736105,42.6840835736105,25.6901332742781,"Failure: extra reporting shock",42.6840835736105,"Random forest",26.1122253166821,16.9939502993324,16.5718582569284,15.7719687452739,0,1.22198155405845,0.799889511654458,26.9121148283366
479,2020,"Center",2388,7.77837891406012,60.503178530695,22.3321622681739,92.6753638756587,4.52910267539174,31.3592974191869,700.32091858121,0,-0.386213584370608,5,27.1638239068006,26.1470143406532,5.38433696857775,1,32.5481608753784,33.5481608753784,25.4395468851846,"Failure: extra reporting shock",33.5481608753784,"Random forest",26.3609769253575,8.10861399019374,7.18718395002084,5.38433696857775,1,2.724277021616,1.80284698144309,27.1638239068006
480,2020,"North West",4499,8.41158629095012,70.7547839301,27.8212302742555,154.248335108922,5.03856386926807,27.787716591542,773.08846208904,1,0.779026071600271,5,31.4897241357647,32.0518648950099,16.7381237913116,0,48.2278479270763,48.2278479270763,30.7302913665118,"Failure: extra reporting shock",48.2278479270763,"Random forest",31.0126752527495,17.4975565605645,17.2151726743268,16.7381237913116,0,0.75943276925295,0.477048883015243,31.4897241357647
481,2020,"South and Islands",2422,7.79238630649559,60.72128434966,20.6062929931953,1140.21909381981,7.03897571048411,23.6395493489409,487.123480111376,0,0.0571070971965823,5,25.6743482458704,26.294174284949,1.65410898341288,3,27.3284572292833,30.3284572292833,25.2902334386257,"Failure: extra reporting shock",30.3284572292833,"Random forest",26.2402760482191,5.03822379065759,4.08818118106418,1.65410898341288,3,3.38411480724471,2.4340721976513,25.6743482458704
482,2020,"North West",5576,8.62621965844693,74.4116655957763,22.9490360435356,74.8990257270942,4.31614088278963,32.8065850866957,752.879503619898,1,-1.09881033397931,5,28.6702097616343,27.8343753604496,16.5535032205932,0,45.2237129822275,45.2237129822275,26.8559065571728,"Failure: extra reporting shock",45.2237129822275,"Random forest",27.2305021011295,18.3678064250547,17.993210881098,16.5535032205932,0,1.81430320446153,1.43970766050482,28.6702097616343
483,2020,"North East",5128,8.54246245441909,72.9736647851598,22.0587758047252,114.583570109305,4.74130442671902,26.9217268550269,593.860336971087,1,0.357877967261937,5,27.1971498215931,28.3949681823498,10.0436345181072,0,37.2407843397002,37.2407843397002,27.2723314472451,"Failure: extra reporting shock",37.2407843397002,"Random forest",28.0038031615846,9.96845289245513,9.23698117811568,10.0436345181072,0,-0.0751816256520534,-0.806653339991506,27.1971498215931
484,2020,"Center",5024,8.52201954811168,72.6248171783975,25.1384354135862,45.801298830538,3.82431244946341,25.0441142345757,629.569848176355,0,0.0828031321869541,5,26.1141579348568,27.0780951909677,5.25096419165031,1,31.3651221265071,32.3651221265071,26.5411608876176,"Failure: extra reporting shock",32.3651221265071,"Random forest",26.9904324466503,5.8239612388895,5.37468967985683,5.25096419165031,1,0.572997047239188,0.123725488206517,26.1141579348568
485,2020,"North West",3444,8.14432969708906,66.3301062148868,23.759066587886,132.732832502563,4.88833832974464,27.6564497642118,657.091431532432,0,0.624266741120967,5,26.8404315054405,27.0916187477025,16.2820971078978,0,43.1225286133384,43.1225286133384,27.7234816649353,"Failure: extra reporting shock",43.1225286133384,"Random forest",27.5129903818629,15.399046948403,15.6095382314755,16.2820971078978,0,-0.883050159494779,-0.67255887642235,26.8404315054405
486,2020,"South and Islands",11843,9.37947922476908,87.9746305278748,19.1288004209763,63.9958264439225,4.15881786941958,15.87412637171,303.652995221796,0,0.0825658265874211,5,24.2008856830796,22.3102395002822,0.948005192062617,3,25.1488908751422,28.1488908751422,23.2022796669362,"Failure: extra reporting shock",28.1488908751422,"Random forest",23.2218959645612,4.94661120820599,4.92699491058101,0.948005192062617,3,3.99860601614338,3.97898971851839,24.2008856830796
487,2020,"South and Islands",2416,7.78970411943168,60.6794902682908,25.0672814257331,52.413414835054,3.95916256686502,23.1097067883036,579.297523728582,0,0.745460248902926,5,27.5413247749235,26.3694459345933,2.10772873174743,3,29.649053506671,32.649053506671,26.5131162341768,"Failure: extra reporting shock",32.649053506671,"Random forest",26.6205657788159,6.13593727249422,6.02848772785505,2.10772873174743,3,4.02820854074679,3.92075899610762,27.5413247749235
488,2020,"South and Islands",5575,8.62610952331161,74.4097655081673,21.5592917705287,103.956050641242,4.643968219837,12.7516098583615,274.915677480365,1,-0.0419484592693014,5,24.677906593669,25.9451580340618,0.996783084578992,3,25.6746896782479,28.6746896782479,24.2755096771571,"Failure: extra reporting shock",28.6746896782479,"Random forest",25.3276041211763,4.39918000109084,3.34708555707161,0.996783084578992,3,3.40239691651185,2.35030247249262,24.677906593669
489,2020,"Center",1484,7.30231091328479,53.3237446742782,26.2395228996619,173.599558616455,5.15675125969108,23.2609892327658,610.35725964195,1,-0.161401573207404,5,30.4489219311114,29.5790480329663,5.24726506499195,1,35.6961869961034,36.6961869961034,27.9113155542625,"Failure: extra reporting shock",36.6961869961034,"Random forest",28.8911420436157,8.78487144184084,7.8050449524877,5.24726506499195,1,3.53760637684889,2.55777988749575,30.4489219311114
490,2020,"North West",1947,7.57385366702483,57.3632593695054,28.0551070580116,603.078188995913,6.40204685498108,36.9139520495351,1035.62487668401,1,0.102411443568081,5,32.9150475576727,33.3709744691232,17.4026867195843,0,50.3177342772569,50.3177342772569,32.0860207572564,"Failure: extra reporting shock",50.3177342772569,"Random forest",32.5139607039977,18.2317135200006,17.8037735732592,17.4026867195843,0,0.829026800416294,0.401086853674983,32.9150475576727
491,2020,"North West",2334,7.75522109856555,60.1434542876362,29.6673551646853,851.664397004305,6.74719254900055,26.4431523470094,784.498392352609,0,-0.406236192595962,5,31.900419668673,32.4767453725048,16.8470780321416,0,48.7474977008145,48.7474977008145,30.4773021230171,"Failure: extra reporting shock",48.7474977008145,"Random forest",31.0839071428184,18.2701955777974,17.6635905579962,16.8470780321416,0,1.42311754565584,0.816512525854584,31.900419668673
492,2020,"South and Islands",4439,8.39818549098205,70.5295195409415,26.8186083512908,49.4414423284672,3.90078898603432,17.0133825408065,456.27524309258,1,2.17565474163283,5,31.0854648640315,28.7022361998738,1.87363199623398,3,32.9590968602655,35.9590968602655,28.453214403939,"Failure: extra reporting shock",35.9590968602655,"Random forest",28.7038375759217,7.5058824563265,7.25525928434378,1.87363199623398,3,5.63225046009252,5.3816272881098,31.0854648640315
493,2020,"Center",1066,6.97192387962255,48.6077225832512,23.8428423413989,544.55423892728,6.299967549767,20.5038924018746,488.871073922902,0,1.7226614375358,5,28.5276766947497,28.5980883816305,4.79063342542063,1,33.3183101201703,34.3183101201703,28.3641822489349,"Failure: extra reporting shock",34.3183101201703,"Random forest",28.4136763741216,5.95412787123542,5.90463374604872,4.79063342542063,1,1.16349444581479,1.11400032062809,28.5276766947497
494,2020,"North West",3595,8.18729696393693,67.0318315756909,23.744574803214,138.611704057285,4.9316765280483,26.7311606250715,634.72004303874,0,0.689357914902456,5,29.8219932748931,29.4999332057163,16.2157327718441,0,46.0377260467372,46.0377260467372,28.4437228665495,"Failure: extra reporting shock",46.0377260467372,"Random forest",28.9032333602017,17.5940031801877,17.1344926865355,16.2157327718441,0,1.37827040834357,0.918759914691382,29.8219932748931
495,2020,"South and Islands",6507,8.78069981630085,77.1006892639857,17.3919628879705,98.8118498760542,4.59321753557858,17.0803769267327,297.061281622284,1,-0.185181347774874,5,22.9976134895424,23.1800317445442,0.841390602283579,3,23.839004091826,26.839004091826,22.4215032942818,"Failure: extra reporting shock",26.839004091826,"Random forest",22.7619635324647,4.41750079754424,4.07704055936135,0.841390602283579,3,3.57611019526066,3.23564995707777,22.9976134895424
496,2020,"South and Islands",2631,7.87496182067823,62.0150236771398,17.3993430452544,62.1289066668814,4.12921136641362,20.2550625920914,352.424782442899,0,-1.3596493049455,5,21.0669233010552,21.0306410803294,1.06443041615992,3,22.1313537172151,25.1313537172151,21.0130063293717,"Failure: extra reporting shock",25.1313537172151,"Random forest",21.092475175164,4.1183473878434,4.0388785420511,1.06443041615992,3,3.05391697168348,2.97444812589118,21.0669233010552
497,2020,"North East",1918,7.55900703212298,57.1385873116846,22.271942849886,396.522100643206,5.98273177884865,18.6618913970389,415.636578665629,1,1.08781153610977,5,29.0476725181205,28.8147930091114,9.48889441101571,0,38.5365669291362,38.5365669291362,28.263684667988,"Failure: extra reporting shock",38.5365669291362,"Random forest",28.2032160395904,10.2728822611482,10.3333508895458,9.48889441101571,0,0.783987850132503,0.844456478530111,29.0476725181205
498,2020,"South and Islands",3839,8.25302858050932,68.1124807507037,21.6592192007873,245.746853190889,5.50430195402521,24.7385390368567,535.817439706512,1,-0.956208715781305,5,25.0589168853251,26.4473286705199,1.8468601444021,3,26.9057770297272,29.9057770297272,24.9019170304571,"Failure: extra reporting shock",29.9057770297272,"Random forest",26.369040292487,5.00385999927008,3.5367367372402,1.8468601444021,3,3.15699985486799,1.6898765928381,25.0589168853251
499,2020,"North East",1394,7.23961973973772,52.4120939760001,29.7726092719745,91.3697200178761,4.51491413273831,26.3019394458,783.077366214935,0,-0.00538899238849086,5,31.6360339136534,28.6019490636168,10.8487710808587,0,42.4848049945121,42.4848049945121,29.3398479756434,"Failure: extra reporting shock",42.4848049945121,"Random forest",29.8034297496706,13.1449570188687,12.6813752448415,10.8487710808587,0,2.29618593801002,1.8326041639828,31.6360339136534
500,2020,"South and Islands",3717,8.22059391842923,67.5781643717156,23.3500773373962,81.2699432432734,4.39777624639245,29.1831323209463,681.428396641562,0,0.777753601413646,5,26.9192032301557,26.9285901252118,2.34397606931535,3,29.263179299471,32.263179299471,26.3061510081027,"Failure: extra reporting shock",32.263179299471,"Random forest",26.697119038185,5.95702829136832,5.56606026128605,2.34397606931535,3,3.61305222205296,3.22208419197069,26.9192032301557
501,2020,"North West",835,6.7270300509149,45.2529333059121,28.1428164526682,142.438566004068,4.95891079099066,28.6449425410286,806.149360229392,0,0.486888893751362,5,30.3319840584367,30.92392832014,16.833504087401,0,47.1654881458377,47.1654881458377,30.1409277911164,"Failure: extra reporting shock",47.1654881458377,"Random forest",30.1209736533013,17.0245603547213,17.0445144925364,16.833504087401,0,0.191056267320242,0.211010405135347,30.3319840584367
502,2020,"South and Islands",7033,8.85839147975668,78.4710996086258,20.6405052569758,164.309673426681,5.10175289991798,18.7075417649527,386.1331141446,0,-0.62498197913082,5,23.0051074963652,23.1119004344763,1.31263180154956,3,24.3177392979148,27.3177392979148,22.7383542052847,"Failure: extra reporting shock",27.3177392979148,"Random forest",23.3413538119303,4.57938509263007,3.97638548598451,1.31263180154956,3,3.26675329108052,2.66375368443496,23.0051074963652
503,2020,"Center",2021,7.61128826034766,57.9317089821062,21.526566337846,120.413947901971,4.79093537252693,30.7074055221276,661.025002035221,0,-1.42934457025625,5,25.6757924214779,24.5091527505151,5.25008898344753,1,30.9258814049255,31.9258814049255,23.7137764682487,"Failure: extra reporting shock",31.9258814049255,"Random forest",24.6033888630645,8.21210493667672,7.32249254186093,5.25008898344753,1,2.96201595322919,2.0724035584134,25.6757924214779
504,2020,"South and Islands",3888,8.26558186529302,68.3198435718608,20.7426842458721,97.0345616012308,4.5750672202091,14.4055665225473,298.810117760104,0,0.280856205846249,5,24.5462370980735,24.4452741948966,1.02273322335977,3,25.5689703214333,28.5689703214333,23.2720771061902,"Failure: extra reporting shock",28.5689703214333,"Random forest",24.340329371928,5.29689321524305,4.22864094950533,1.02273322335977,3,4.27415999188328,3.20590772614556,24.5462370980735
505,2020,"South and Islands",2803,7.93837042651787,63.0177250286135,27.4690633568125,71.2272736645013,4.26587580215599,20.6167856959516,566.323792495921,0,0.379029401342948,5,29.076771645842,26.7772565596801,2.19742026770152,3,31.2741919135436,34.2741919135436,26.6812373246819,"Failure: extra reporting shock",34.2741919135436,"Random forest",26.9625091245012,7.59295458886165,7.31168278904236,2.19742026770152,3,5.39553432116013,5.11426252134084,29.076771645842
506,2020,"Center",4975,8.51216189847935,72.4569001859235,21.8735973838278,70.0581205836279,4.24932519159776,20.9297637008687,457.809224531455,1,-0.0888696549387477,5,27.3016879879558,24.3930678444818,4.6038274710174,1,31.9055154589732,32.9055154589732,25.1593004864052,"Failure: extra reporting shock",32.9055154589732,"Random forest",25.1935810461604,7.74621497256804,7.71193441281281,4.6038274710174,1,3.14238750155065,3.10810694179541,27.3016879879558
507,2020,"South and Islands",20048,9.90586707004835,98.1262024094682,26.8597967847819,432.299135697911,6.06911779236072,19.3128401078152,518.738960632902,0,0.0263592273776231,5,27.8628624691101,27.9167872400339,2.03912475360861,3,29.9019872227187,32.9019872227187,26.4425096908899,"Failure: extra reporting shock",32.9019872227187,"Random forest",27.586902170496,6.4594775318288,5.31508505222273,2.03912475360861,3,4.42035277822019,3.27596029861413,27.8628624691101
508,2020,"North East",3651,8.20280626649386,67.2860306456309,24.8036132968567,201.159969597832,5.30410046016949,25.2303615570821,625.804131401744,1,1.67258445986885,5,31.1167240074114,30.428627311169,10.2271710713855,0,41.3438950787969,41.3438950787969,30.1493493195671,"Failure: extra reporting shock",41.3438950787969,"Random forest",29.9323632261202,11.1945457592298,11.4115318526767,10.2271710713855,0,0.967374687844263,1.18436078129116,31.1167240074114
509,2020,"North West",4454,8.4015364234194,70.5858142740428,22.5369432038815,163.903480219101,5.09927771931996,20.5897871622083,464.030863854697,1,-0.960666415909449,5,26.796994452522,27.6134592956578,15.6529971535171,0,42.449991606039,42.449991606039,26.5950110806062,"Failure: extra reporting shock",42.449991606039,"Random forest",27.5095590307003,15.8549805254329,14.9404325753387,15.6529971535171,0,0.20198337191578,-0.712564578178373,26.796994452522
510,2020,"North East",4700,8.45525079366424,71.4912659837598,25.5600189245299,104.042078550031,4.64479541875488,35.9830864566811,919.728370795765,0,-0.032325244874819,5,29.8407505211963,27.3325600454627,11.0630664334015,0,40.9038169545978,40.9038169545978,28.01927880918,"Failure: extra reporting shock",40.9038169545978,"Random forest",28.1404369465831,12.8845381454178,12.7633800080147,11.0630664334015,0,1.8214717120163,1.70031357461325,29.8407505211963
511,2020,"Center",4912,8.4994624068771,72.2408612059171,18.3979057195441,68.0330272313238,4.21999328184296,16.5719297770612,304.888801629277,1,0.159864742596571,5,23.2447439740163,23.8236645486759,3.91645301327967,1,27.161196987296,28.161196987296,23.0813623092001,"Failure: extra reporting shock",28.161196987296,"Random forest",23.4345884135951,5.07983467809594,4.7266085737009,3.91645301327967,1,1.16338166481628,0.810155560421237,23.2447439740163
512,2020,"South and Islands",4674,8.44977416127635,71.3986833765735,19.2389893844264,318.432739508377,5.76341127377322,19.6085936690957,377.249525443263,0,0.366369987476874,5,24.442419291203,23.8112081262043,1.22153868885914,3,25.6639579800621,28.6639579800621,23.3786835514686,"Failure: extra reporting shock",28.6639579800621,"Random forest",23.4754670881254,5.28527442859353,5.1884908919367,1.22153868885914,3,4.06373573973439,3.96695220307757,24.442419291203
513,2020,"South and Islands",3601,8.18899738437159,67.0596781612448,18.2862044564582,23.8587937848813,3.17215286153108,17.6105371495016,322.029882903839,1,-0.186041376212716,5,22.7386259928088,23.1694307865948,0.976868390411047,3,23.7154943832199,26.7154943832199,22.2650572124412,"Failure: extra reporting shock",26.7154943832199,"Random forest",23.105097343398,4.45043717077866,3.61039703982189,0.976868390411047,3,3.47356878036761,2.63352864941085,22.7386259928088
514,2020,"South and Islands",9453,9.15412116852688,83.7979343680719,25.3711470751674,306.531896978941,5.72532181840831,22.7299811513106,576.685694805683,0,0.445266351488215,5,27.9032481930797,27.6240831448056,2.11457315859568,3,30.0178213516754,33.0178213516754,26.869837375578,"Failure: extra reporting shock",33.0178213516754,"Random forest",27.6311135529979,6.14798397609738,5.38670779867752,2.11457315859568,3,4.0334108175017,3.27213464008184,27.9032481930797
515,2020,"Center",1904,7.55161043104551,57.0268201022753,18.8817323413305,57.0492450366772,4.04391484285816,21.6405088302489,408.610295462958,0,0.501747056750132,5,24.2240431854698,23.9802778458781,4.32447447539931,1,28.5485176608691,29.5485176608691,23.5904394598054,"Failure: extra reporting shock",29.5485176608691,"Random forest",23.3991203946844,5.95807820106377,6.14939726618468,4.32447447539931,1,1.63360372566446,1.82492279078537,24.2240431854698
516,2020,"South and Islands",11511,9.35107105335917,87.4425298449718,23.8326300483158,88.2160816142766,4.47978927762005,17.4006531330332,414.703328718647,1,-0.560013544899437,5,25.7575674897507,26.2981435888179,1.57228332436259,3,27.3298508141133,30.3298508141133,25.1513059639917,"Failure: extra reporting shock",30.3298508141133,"Random forest",26.2414516676615,5.17854485012156,4.08839914645172,1.57228332436259,3,3.60626152575897,2.51611582208913,25.7575674897507
517,2020,"North East",3515,8.16469656700802,66.6622700313125,22.5475325384083,133.92120176166,4.89725158042895,22.7734701945352,513.485560223754,0,0.153182554296388,5,27.8620342272644,27.403371159818,9.80701979257791,0,37.6690540198423,37.6690540198423,26.7264110802484,"Failure: extra reporting shock",37.6690540198423,"Random forest",26.988017144943,10.9426429395939,10.6810368748993,9.80701979257791,0,1.135623147016,0.874017082321407,27.8620342272644
518,2020,"South and Islands",947,6.85368109639683,46.9729445711073,18.8074491907692,791.570787705377,6.6740193101993,18.8551728339605,354.617705057883,0,-0.998481357301674,5,24.7710356880705,23.3230908230258,1.12132980909738,3,25.8923654971679,28.8923654971679,22.6488423030791,"Failure: extra reporting shock",28.8923654971679,"Random forest",23.2377609394733,6.24352319408878,5.6546045576946,1.12132980909738,3,5.12219338499141,4.53327474859723,24.7710356880705
519,2020,"South and Islands",8997,9.10467271164988,82.895065186262,21.2774050714789,478.437860419512,6.17052633917794,24.414489491076,519.476982514988,0,0.520652441196038,5,25.5579206019164,25.6344258807917,1.78217712197353,3,27.3400977238899,30.3400977238899,25.0706362868616,"Failure: extra reporting shock",30.3400977238899,"Random forest",25.5572329855888,5.26946143702829,4.78286473830113,1.78217712197353,3,3.48728431505477,3.00068761632761,25.5579206019164
520,2020,"South and Islands",22539,10.0230166348084,100.460862461646,18.2474193626769,165.092604804963,5.10650655770582,29.97330614975,546.935487000393,1,2.10198471643891,5,27.4312735910479,26.0861861501168,1.8379958601125,3,29.2692694511604,32.2692694511604,26.2553354153029,"Failure: extra reporting shock",32.2692694511604,"Random forest",26.5634528827095,6.0139340358575,5.70581656845084,1.8379958601125,3,4.17593817574501,3.86782070833834,27.4312735910479
521,2020,"South and Islands",1017,6.92436283232534,47.9468006336886,25.3301782842569,274.725542453544,5.61577257186391,16.9129205894032,428.407293837062,0,1.23236030242916,5,28.2247520076992,28.75822972163,1.70287235226202,3,29.9276243599613,32.9276243599613,27.9894843633976,"Failure: extra reporting shock",32.9276243599613,"Random forest",28.2374423461467,4.93813999656369,4.69018201381456,1.70287235226202,3,3.23526764430167,2.98730966155255,28.2247520076992
522,2020,"North West",2342,7.75882800542856,60.1994120178226,25.6521836210338,516.201461426983,6.246497118406,37.5773447792704,963.94094826874,1,0.325273956438789,5,31.596516213347,30.8448811677787,17.1848026325982,0,48.7813188459452,48.7813188459452,30.2680170055475,"Failure: extra reporting shock",48.7813188459452,"Random forest",30.9137471949113,18.5133018403977,17.8675716510339,17.1848026325982,0,1.32849920779957,0.682769018435721,31.596516213347
523,2020,"Center",1253,7.13345319294794,50.8861544559792,16.4943428243158,131.7434946783,4.88085680994664,29.2670919833668,482.741448644436,0,2.09284718986868,5,24.4250743176867,27.0764937645364,4.59572244924594,1,29.0207967669327,30.0207967669327,25.8947180173355,"Failure: extra reporting shock",30.0207967669327,"Random forest",26.1655243012639,4.12607874959719,3.85527246566878,4.59572244924594,1,-0.469643699648749,-0.740449983577168,24.4250743176867
524,2020,"North East",3665,8.20665005518426,67.3491051282558,28.66277692885,621.048377520284,6.43140898150838,21.4928795985689,616.045613492412,0,-0.222097781860535,5,29.1718114236443,28.1691583502043,10.3900553338089,0,39.5618667574531,39.5618667574531,28.7888186269588,"Failure: extra reporting shock",39.5618667574531,"Random forest",28.7297572973213,10.7730481304943,10.8321094601318,10.3900553338089,0,0.382992796685471,0.442054126322937,29.1718114236443
525,2020,"North East",6117,8.71879940758851,76.0174631097657,20.4754128199216,201.190399369577,5.30425172023609,30.318716002467,620.788226320475,1,-0.264151423868314,5,27.1031125106811,26.6833753694117,10.1072538300996,0,37.2103663407807,37.2103663407807,26.4266853178424,"Failure: extra reporting shock",37.2103663407807,"Random forest",26.533790277153,10.7836810229383,10.6765760636277,10.1072538300996,0,0.676427192838698,0.569322233528148,27.1031125106811
526,2020,"South and Islands",2541,7.84040423639104,61.4719385900185,20.9804689929741,93.8603159533224,4.54180767657968,17.5972324816335,369.198190443068,1,0.390489687334356,5,25.8116556514078,24.3772106696286,1.27230616267703,3,27.0839618140848,30.0839618140848,24.3729783424239,"Failure: extra reporting shock",30.0839618140848,"Random forest",24.53945335235,5.71098347166087,5.5445084617348,1.27230616267703,3,4.43867730898385,4.27220229905778,25.8116556514078
527,2020,"North West",907,6.80994459205499,46.3753453468589,21.2792560791608,154.95404628149,5.04312859735837,30.518375951451,649.408336991029,0,0.645316767430452,5,29.4644804252022,27.6637853482434,16.2096527850448,0,45.674133210247,45.674133210247,27.3877948629102,"Failure: extra reporting shock",45.674133210247,"Random forest",27.5792061581928,18.2863383473368,18.0949270520542,16.2096527850448,0,2.07668556229201,1.88527426700945,29.4644804252022
528,2020,"North West",1490,7.30624137319678,53.3811630034124,22.9687646667748,282.972808071655,5.64535080847437,29.9238931282089,687.314859175549,0,-1.87874398335468,5,26.6556092804419,27.1566794715181,16.3538849320554,0,43.0094942124972,43.0094942124972,26.1249149486067,"Failure: extra reporting shock",43.0094942124972,"Random forest",26.9158935575056,16.8845792638905,16.0936006549916,16.3538849320554,0,0.530694331835125,-0.260284277063764,26.6556092804419
529,2020,"North West",2305,7.74263119579537,59.9483378341037,22.1281820010056,217.248426743785,5.38104152243359,42.6501122485078,943.769446198301,0,-0.636843647053438,5,29.084962711036,28.7831331424265,17.1522561772417,0,46.2372188882777,46.2372188882777,27.2715618058727,"Failure: extra reporting shock",46.2372188882777,"Random forest",28.4340050679524,18.965657082405,17.8032138203253,17.1522561772417,0,1.81340090516332,0.650957643083625,29.084962711036
530,2020,"Center",1888,7.54343113002032,56.9033532133597,20.6030816653945,132.67211715037,4.88788079982041,18.4403849103921,379.928756250117,0,1.03591696328299,5,26.1116997774011,28.1238260212459,4.28981422665637,1,30.4015140040574,31.4015140040574,25.8497938989064,"Failure: extra reporting shock",31.4015140040574,"Random forest",26.4678158332674,5.55172010515106,4.93369817079003,4.28981422665637,1,1.26190587849469,0.643883944133658,26.1116997774011
531,2020,"North West",7464,8.91780322361019,79.5272143350323,25.2963714130075,278.116745970336,5.62804097507009,29.7746007841396,753.189360109618,1,-0.827445041315284,5,29.7876914141561,28.9372180788606,16.5994712100561,0,46.3871626242122,46.3871626242122,27.8506721486713,"Failure: extra reporting shock",46.3871626242122,"Random forest",28.6360649174928,18.536490475541,17.7510977067194,16.5994712100561,0,1.93701926548484,1.15162649666328,29.7876914141561
532,2020,"North West",3115,8.04412194543613,64.7078978730472,27.0800235364292,112.960240825968,4.72703590570059,28.9210857038442,783.183681559188,0,1.19909754545462,5,29.9270001123313,29.5177274055387,16.7359268880118,0,46.6629270003432,46.6629270003432,29.3303534243755,"Failure: extra reporting shock",46.6629270003432,"Random forest",29.7722473212885,17.3325735759676,16.8906796790547,16.7359268880118,0,0.596646687955801,0.154752791042831,29.9270001123313
533,2020,"Center",2925,7.98092781704925,63.6952088209506,25.7413903761381,161.982001359384,5.08748522634017,20.4596194435651,526.659051044034,0,-1.05055273193544,5,26.3614799791249,25.5272628036034,4.99637460216028,1,31.3578545812852,32.3578545812852,25.7178930372952,"Failure: extra reporting shock",32.3578545812852,"Random forest",26.0923452658567,6.63996154399004,6.2655093154285,4.99637460216028,1,1.64358694182976,1.26913471326823,26.3614799791249
534,2020,"North West",10907,9.29718747104653,86.4376948717845,22.5176314732113,330.141719783439,5.79952201616081,26.5373018375726,597.557183071831,1,-0.554399783066082,5,28.1951270758215,27.2892412783447,16.0671988904189,0,44.2623259662404,44.2623259662404,27.7583484257135,"Failure: extra reporting shock",44.2623259662404,"Random forest",28.1227114086533,16.5039775405269,16.1396145575871,16.0671988904189,0,0.43677865010806,0.0724156671682259,28.1951270758215
535,2020,"Center",1563,7.35425309279554,54.0850385528928,21.0208005828947,84.9756178659712,4.44236436670574,22.0068842469115,462.602325205173,0,-1.25763129124447,5,23.6102569417431,23.4173603486856,4.58541826113775,1,28.1956752028809,29.1956752028809,23.2414829824613,"Failure: extra reporting shock",29.1956752028809,"Random forest",23.6949536124184,5.95419222041956,5.50072159046252,4.58541826113775,1,1.36877395928181,0.915303329324769,23.6102569417431
536,2020,"North West",6544,8.78624691208674,77.1981348001537,23.7923591808699,213.842486903493,5.36523970150253,25.2451907194716,600.642645187232,1,-2.31783993137646,5,26.8884238715106,25.7683369766881,16.1169711599942,0,43.0053950315048,43.0053950315048,25.9005190314103,"Failure: extra reporting shock",43.0053950315048,"Random forest",26.3233539448615,17.1048760000945,16.6820410866433,16.1169711599942,0,0.987904840100249,0.56506992664902,26.8884238715106
537,2020,"North West",6108,8.71737235112674,75.992580708189,26.0916903191976,303.833930882831,5.71648127215026,27.471483228439,716.777433005461,0,0.233202357264161,5,30.1219934544605,29.7444066738356,16.525738060838,0,46.6477315152985,46.6477315152985,29.5200610537,"Failure: extra reporting shock",46.6477315152985,"Random forest",29.2921125056033,17.1276704615986,17.3556190096952,16.525738060838,0,0.601932400760553,0.829880948857163,30.1219934544605
538,2020,"North East",7857,8.96910392860799,80.4448252821713,17.9430804884215,79.0141620947432,4.36962710342267,25.3257833673276,454.422569392287,1,-0.241537636736952,5,26.050236914794,25.2586801256906,9.47919198917483,0,35.5294289039688,35.5294289039688,24.7438994443643,"Failure: extra reporting shock",35.5294289039688,"Random forest",25.3031563016448,10.7855294596045,10.226272602324,9.47919198917483,0,1.30633747042968,0.747080613149153,26.050236914794
539,2020,"Center",4593,8.4323468119669,71.1044727572883,28.2609117730793,105.0441731241,4.65438095810959,16.7283968689458,472.759748018335,1,0.360889159725611,5,29.0803078788573,29.9272593777783,5.01233637560047,1,34.0926442544577,35.0926442544577,28.8403067849305,"Failure: extra reporting shock",35.0926442544577,"Random forest",29.6425947983046,6.25233746952721,5.45004945615314,5.01233637560047,1,1.24000109392674,0.437713080552673,29.0803078788573
540,2020,"South and Islands",3504,8.16176878385847,66.6144696811666,14.3394871016585,111.981365130107,4.71833247468505,16.0043555178823,229.494249519029,1,1.58460009887566,5,24.9856285305774,24.4311874483608,0.430296767169723,3,25.4159252977471,28.4159252977471,22.4883657461607,"Failure: extra reporting shock",28.4159252977471,"Random forest",23.5021609435761,5.92755955158644,4.91376435417104,0.430296767169723,3,5.49726278441671,4.48346758700132,24.9856285305774
541,2020,"Center",3909,8.27114499760711,68.411839571441,26.3326445125858,456.869864762361,6.12439859052265,24.0828407068052,634.164883185533,1,-0.795617843771957,5,26.9894270071815,28.6413668930094,5.31503804559634,1,32.3044650527778,33.3044650527778,28.0068532122013,"Failure: extra reporting shock",33.3044650527778,"Random forest",28.640905449702,5.29761184057654,4.66355960307577,5.31503804559634,1,-0.0174262050197953,-0.651478442520567,26.9894270071815
542,2020,"North East",1141,7.03954241428332,49.5551574024939,21.8371715552012,354.912822001129,5.87187218748991,29.9072622071705,653.090015564367,0,0.278114496802603,5,25.6472425749689,29.1718709480234,10.2282455253096,0,35.8754881002785,35.8754881002785,27.5393833376152,"Failure: extra reporting shock",35.8754881002785,"Random forest",28.2278231966792,8.3361047626633,7.64766490359925,10.2282455253096,0,-1.89214076264629,-2.58058062171035,25.6472425749689
543,2020,"South and Islands",5729,8.65334577706576,74.8803931374619,22.641765074736,130.087355412316,4.8682061894985,20.3873067122962,461.604609086398,1,-1.24426158551855,5,25.0526728475273,24.7454217554468,1.65035392781722,3,26.7030267753446,29.7030267753446,23.7220590278402,"Failure: extra reporting shock",29.7030267753446,"Random forest",25.0238192564315,5.98096774750439,4.67920751891302,1.65035392781722,3,4.33061381968717,3.0288535910958,25.0526728475273
544,2020,"Center",2224,7.70728519149373,59.4022450230185,24.5528024220776,132.624578699789,4.88752242030169,22.3768843945905,549.415221362052,1,-0.509853852237864,5,28.2578455322295,25.1334468850668,4.9998384737854,1,33.2576840060149,34.2576840060149,26.3447240788804,"Failure: extra reporting shock",34.2576840060149,"Random forest",26.3897014450656,7.91295992713452,7.86798256094934,4.9998384737854,1,2.91312145334912,2.86814408716394,28.2578455322295
545,2020,"Center",7035,8.8586696004181,78.4760270893718,28.3292657498012,33.2416935921065,3.5038049191137,14.2716839137483,404.306326289738,1,0.066731945656612,5,27.4713346909925,27.971676347592,4.84788540617604,1,32.3192200971685,33.3192200971685,27.3475039190281,"Failure: extra reporting shock",33.3192200971685,"Random forest",27.5052218357168,5.9717161781404,5.81399826145178,4.84788540617604,1,1.12383077196436,0.966112855275739,27.4713346909925
546,2020,"North West",2354,7.76375044654764,60.2758209962686,22.5941003804797,402.883009296115,5.99864622028826,33.6246707906408,759.719187104322,1,0.948138429788891,5,30.7747438763509,30.0989008882359,16.5717262969332,0,47.3464701732841,47.3464701732841,29.523963589771,"Failure: extra reporting shock",47.3464701732841,"Random forest",30.0459669387512,17.8225065835131,17.3005032345329,16.5717262969332,0,1.25078028657994,0.728776937599708,30.7747438763509
547,2020,"South and Islands",8982,9.10299505639128,82.8645189966841,18.6654606572251,99.4953785823113,4.60011119667695,15.5027898540834,289.366714098622,0,-0.384234066817766,5,23.5971239118275,21.6614816798683,0.87104426181613,3,24.4681681736436,27.4681681736436,22.169651934039,"Failure: extra reporting shock",27.4681681736436,"Random forest",22.3089691942628,5.29851623960462,5.15919897938076,0.87104426181613,3,4.42747197778849,4.28815471756463,23.5971239118275
548,2020,"North West",2756,7.92157751271875,62.7513902900113,23.9475171322222,103.903627930845,4.64346381502055,32.0063342521384,766.472237842716,0,-0.244863630342265,5,28.4494848815128,28.7941674232992,16.6073185819297,0,45.0568034634424,45.0568034634424,27.8287043815511,"Failure: extra reporting shock",45.0568034634424,"Random forest",28.6151202691042,17.2280990818913,16.4416831943383,16.6073185819297,0,0.620780499961644,-0.165635387591379,28.4494848815128
549,2020,"Center",2811,7.94124610904063,63.0633897643529,27.6856398675697,179.267777709202,5.1888806528559,22.3430397801508,618.581352900038,1,-1.84616949154846,5,25.993439300292,28.0362780334326,5.34208146977875,1,31.3355207700708,32.3355207700708,26.4987436783916,"Failure: extra reporting shock",32.3355207700708,"Random forest",27.9572675923635,5.83677709167921,4.37825317770732,5.34208146977875,1,0.494695621900455,-0.963828292071433,25.993439300292
550,2020,"North West",683,6.52653191070257,42.595618781419,29.9091166542182,321.361006700187,5.77256512267055,40.9125893779183,1223.65940833029,0,-0.660192919310786,5,30.9658079824777,33.159257907525,17.8865323881538,0,48.8523403706315,48.8523403706315,31.522584859759,"Failure: extra reporting shock",48.8523403706315,"Random forest",32.6111099224801,17.3297555108724,16.2412304481513,17.8865323881538,0,-0.556776877281369,-1.64530194000248,30.9658079824777
551,2020,"North East",689,6.53556843342693,42.7136547480065,15.6594983240668,71.8727453726948,4.27489712989778,25.9496947064509,406.359200765713,0,-0.800256836989495,5,22.970840722859,22.2784292734794,9.27167174483444,0,32.2425124676935,32.2425124676935,22.4857997429714,"Failure: extra reporting shock",32.2425124676935,"Random forest",23.3510228264074,9.75671272472209,8.891489641286,9.27167174483444,0,0.485040979887652,-0.380182103548437,22.970840722859
552,2020,"South and Islands",986,6.89333590015185,47.5180798323223,25.4713555958301,89.4256353448788,4.49340738989903,15.8313804923356,403.246722093169,0,0.686342303444868,5,27.591799124549,26.2438386327733,1.64269404974034,3,29.2344931742893,32.2344931742893,25.548951062474,"Failure: extra reporting shock",32.2344931742893,"Random forest",26.101132753047,6.68554211181524,6.13336042124233,1.64269404974034,3,5.04284806207491,4.49066637150199,27.591799124549
553,2020,"North West",1698,7.43745771561033,55.3157772714917,19.0065230334021,519.73359265605,6.25331635847852,20.222951568134,384.367994783114,0,-0.696410219793838,5,26.4597472353787,24.6505464232387,15.2389724431791,0,41.6987196785579,41.6987196785579,24.8986493214244,"Failure: extra reporting shock",41.6987196785579,"Random forest",24.9285336264717,16.8000703571335,16.7701860520861,15.2389724431791,0,1.56109791395433,1.53121360890698,26.4597472353787
554,2020,"North East",600,5.14735358100672,26.4952488879027,22.4521653081381,78.7918823647733,4.36680997588189,20.592873081238,462.354590589463,0,-0.578216148243326,5,26.3509374684579,25.3111090976099,9.64388759931738,0,35.9948250677753,35.9948250677753,24.9853520245636,"Failure: extra reporting shock",35.9948250677753,"Random forest",24.9806254809135,11.0094730432117,11.0141995868619,9.64388759931738,0,1.36558544389429,1.37031198754448,26.3509374684579
555,2020,"North East",5566,8.62437246654323,74.379800441669,28.3728790270056,95.1867950653938,4.55584122488029,27.2101742381355,772.030981962363,1,-0.273310725691838,5,29.7966690466205,30.1218613943733,10.7583771893756,0,40.5550462359962,40.5550462359962,29.4006336061082,"Failure: extra reporting shock",40.5550462359962,"Random forest",29.7570162509952,11.154412629888,10.798029985001,10.7583771893756,0,0.396035440512359,0.0396527956253596,29.7966690466205
556,2020,"North East",8551,9.05380782624277,81.9714361545349,25.8146958454129,109.961286948581,4.70012836701703,24.1211888596877,622.681153842598,1,0.851584150726657,5,31.1434634413515,28.9169493678869,10.2607480629091,0,41.4042115042606,41.4042115042606,29.1272159915761,"Failure: extra reporting shock",41.4042115042606,"Random forest",29.223792656454,12.2769955126845,12.1804188478066,10.2607480629091,0,2.01624744977544,1.91967078489755,31.1434634413515
557,2020,"North West",8495,9.04728088141485,81.8532913472147,25.9569706259878,255.557606814195,5.54344785121305,33.1565126175249,860.642624073286,1,0.112590409231342,5,31.2026351825739,30.3685870949714,16.9088709518209,0,48.1115061343948,48.1115061343948,30.1148986089166,"Failure: extra reporting shock",48.1115061343948,"Random forest",29.8862119061133,17.9966075254782,18.2252942282815,16.9088709518209,0,1.08773657365728,1.31642327646059,31.2026351825739
558,2020,"North East",2209,7.70029980668086,59.2946171127693,26.6056528871785,165.113394265005,5.10663247583043,27.3028403742827,726.409893832208,1,0.6829104305804,5,29.061233670222,29.0587996711343,10.570468943525,0,39.631702613747,39.631702613747,29.1056736823826,"Failure: extra reporting shock",39.631702613747,"Random forest",29.0137097822769,10.5260289313644,10.61799283147,10.570468943525,0,-0.0444400121605639,0.0475238879450899,29.061233670222
559,2020,"South and Islands",1174,7.06779210074841,49.9536851794016,17.154577059878,250.967371927727,5.52532293836224,24.8708317043314,426.648599015209,1,0.4073621287603,5,25.3183468085996,24.0289650428479,1.36060999562531,3,26.6789568042249,29.6789568042249,24.4701541972369,"Failure: extra reporting shock",29.6789568042249,"Random forest",24.1573522531935,5.20880260698804,5.52160455103137,1.36060999562531,3,3.84819261136274,4.16099455540606,25.3183468085996
560,2020,"South and Islands",984,6.89117401353945,47.4882792848815,20.7496358711076,122.870322914712,4.81112951397655,18.2399461400377,378.472240714397,0,-0.208390933255695,5,24.4189595678396,23.5682934161707,1.29190447536001,3,25.7108640431996,28.7108640431996,24.1391952893959,"Failure: extra reporting shock",28.7108640431996,"Random forest",24.1740889557398,4.57166875380373,4.53677508745982,1.29190447536001,3,3.27976427844373,3.24487061209981,24.4189595678396
561,2020,"South and Islands",2222,7.70616605962345,59.3849953384924,17.9122415081649,281.291621728405,5.63939193093709,23.3223119258356,417.754883744322,0,-0.379339632333214,5,23.1542137415883,23.5795525598611,1.33555670044216,3,24.4897704420304,27.4897704420304,23.4773060021716,"Failure: extra reporting shock",27.4897704420304,"Random forest",23.5479018335704,4.01246443985889,3.94186860846006,1.33555670044216,3,2.67690773941672,2.60631190801789,23.1542137415883
562,2020,"North West",5280,8.57171992056754,73.4743823966543,20.7409273967052,1861.98218061804,7.52939688776868,32.61526462138,676.470835536373,1,-0.152390887883711,5,29.9728287804674,29.0022893332675,16.2972188368697,0,46.2700476173371,46.2700476173371,28.0176563920701,"Failure: extra reporting shock",46.2700476173371,"Random forest",28.9864110858476,18.252391225267,17.2836365314896,16.2972188368697,0,1.95517238839733,0.986417694619877,29.9728287804674
563,2020,"North West",2826,7.94668615044339,63.1498207736487,28.8079674320127,111.453380184465,4.71360638852821,33.1828843927654,955.931452887026,0,0.684803593651179,5,32.1823799565609,31.0793373919745,17.2243266247505,0,49.4067065813114,49.4067065813114,30.9144463296365,"Failure: extra reporting shock",49.4067065813114,"Random forest",30.9265818079625,18.492260251675,18.4801247733489,17.2243266247505,0,1.26793362692446,1.25579814859838,32.1823799565609
564,2020,"South and Islands",2042,7.62148657422891,58.0870576011516,28.4880023826992,218.074375569353,5.38483617693952,13.3515393221146,380.358684021103,0,-1.32424958816545,5,26.4802157356376,27.0805305172199,1.80093631438047,3,28.2811520500181,31.2811520500181,25.5049034224056,"Failure: extra reporting shock",31.2811520500181,"Random forest",26.8763379782545,5.77624862761251,4.40481407176359,1.80093631438047,3,3.97531231323204,2.60387775738312,26.4802157356376
565,2020,"North West",3735,8.22552626776484,67.6592823816893,21.8965610197665,113.697339820373,4.7335400040041,23.0054486506344,503.740210165721,0,-1.95399940697965,5,24.6590378886326,26.2042184532822,15.7516514174543,0,40.4106893060869,40.4106893060869,25.0938806255886,"Failure: extra reporting shock",40.4106893060869,"Random forest",26.4522073565521,15.3168086804983,13.9584819495348,15.7516514174543,0,-0.434842736955908,-1.79316946791945,24.6590378886326
566,2020,"Center",6346,8.75556936933621,76.6599949812585,22.2589812057393,70.9228702096946,4.26159295147696,26.6824697520121,593.924592732745,0,0.552948710537142,5,26.2997290613074,24.6462350322951,5.0489091150077,1,31.3486381763151,32.3486381763151,25.6509712270469,"Failure: extra reporting shock",32.3486381763151,"Random forest",25.2413699992422,6.69766694926818,7.10726817707292,5.0489091150077,1,1.64875783426048,2.05835906206522,26.2997290613074
567,2020,"South and Islands",1552,7.34738042915737,53.9839991707647,15.4810394034298,102.010067080486,4.62507150528156,20.2050146646156,312.79462816979,0,-2.04187243226335,5,20.3014019282084,19.4348800440593,0.849913660635898,3,21.1513155888443,24.1513155888443,19.2093799676191,"Failure: extra reporting shock",24.1513155888443,"Random forest",19.8989756700233,4.94193562122523,4.25233991882103,0.849913660635898,3,4.09202196058933,3.40242625818513,20.3014019282084
568,2020,"North West",2176,7.68536485340252,59.0648329299148,27.8909679152043,392.004511233845,5.97127334797385,36.6088527803771,1021.05633830993,0,0.41434884114815,5,31.0999149679041,30.6846757740513,17.3632744650344,0,48.4631894329385,48.4631894329385,31.0115172699012,"Failure: extra reporting shock",48.4631894329385,"Random forest",31.1164012769158,17.4516721630373,17.3467881560227,17.3632744650344,0,0.0883976980028827,-0.0164863090117215,31.0999149679041
569,2020,"North East",6388,8.76216796727922,76.7755874868141,26.1787799420318,41.2442523624131,3.71951176640366,32.8176278373433,859.125457373306,1,0.183077184244977,5,29.2972978425735,27.4106739157406,10.9095480419731,0,40.2068458845465,40.2068458845465,28.3037774464051,"Failure: extra reporting shock",40.2068458845465,"Random forest",28.5735493669667,11.9030684381414,11.6332965175799,10.9095480419731,0,0.993520396168334,0.723748475606817,29.2972978425735
570,2020,"North West",2920,7.97950810813326,63.6725496477645,22.0103701045398,1223.3994159015,7.10938866936965,27.8794776346545,613.637621059986,1,0.9108387325832,5,30.8450489655799,28.964789214229,16.1053524456607,0,46.9504014112406,46.9504014112406,29.5171193080265,"Failure: extra reporting shock",46.9504014112406,"Random forest",29.8258825849099,17.4332821032141,17.1245188263307,16.1053524456607,0,1.32792965755339,1.01916638066994,30.8450489655799
571,2020,"North East",1924,7.56226445191867,57.1878436407528,22.8013143793072,240.634367457749,5.48327863397885,30.6987441885015,699.971717291951,0,0.303949751229378,5,29.5123537119647,27.6753636194526,10.3897049746544,0,39.9020586866192,39.9020586866192,27.1381677173335,"Failure: extra reporting shock",39.9020586866192,"Random forest",27.8197044252686,12.7638909692857,12.0823542613506,10.3897049746544,0,2.37418599463125,1.69264928669618,29.5123537119647
572,2020,"North East",1010,6.91768932338945,47.8544255749364,21.4131912593752,35.9793668469433,3.58294563100633,27.8403149229167,596.149988165654,1,-0.195770715055686,5,26.2498804242897,26.7780593790517,10.036921382871,0,36.2868018071607,36.2868018071607,26.3564456184081,"Failure: extra reporting shock",36.2868018071607,"Random forest",26.7900583829001,9.9303561887526,9.4967434242606,10.036921382871,0,-0.106565194118371,-0.540177958610379,26.2498804242897
573,2020,"Center",1041,6.94771724781777,48.2707749556246,14.4741774863392,110.779817287659,4.70754460327753,26.7402082418137,387.042520113682,0,0.939059375923325,5,24.0412036007329,24.7680637742156,4.1966224001598,1,28.2378260008927,29.2378260008927,23.3396475047944,"Failure: extra reporting shock",29.2378260008927,"Random forest",24.2474637603117,5.89817849609823,4.99036224058093,4.1966224001598,1,1.70155609593843,0.79373984042113,24.0412036007329
574,2020,"South and Islands",1674,7.4228714145698,55.0990200372375,21.4269128148948,157.010972272627,5.05631568999311,24.6169446014416,527.465125744184,0,-0.955355238262272,5,24.7319692004835,23.2323907683622,1.81279483147487,3,26.5447640319584,29.5447640319584,23.7694052645497,"Failure: extra reporting shock",29.5447640319584,"Random forest",23.9937624167999,5.77535876740873,5.55100161515854,1.81279483147487,3,3.96256393593386,3.73820678368367,24.7319692004835
575,2020,"North West",5367,8.58805128860933,73.7546249357844,18.7038361145187,376.87892777176,5.93192398937543,29.8475241978447,558.263201020618,0,1.05691736187366,5,27.003252913586,27.8037064084275,15.8793969661817,0,42.8826498797677,42.8826498797677,26.9763207045615,"Failure: extra reporting shock",42.8826498797677,"Random forest",27.7880975739398,15.9063291752062,15.0945523058279,15.8793969661817,0,0.026932209024487,-0.78484466035377,27.003252913586
576,2020,"Center",4314,8.36967240471474,70.0514161622435,17.4907269883252,268.40386968629,5.59249282260272,31.9233368418485,558.362369257117,0,1.93744666100074,5,27.8269984947546,26.5431978486795,4.8912618473807,1,32.7182603421353,33.7182603421353,26.6685469986,"Failure: extra reporting shock",33.7182603421353,"Random forest",26.3955023649311,7.04971334353531,7.3227579772042,4.8912618473807,1,2.15845149615461,2.4314961298235,27.8269984947546
577,2020,"North East",4212,8.3456882259449,69.6505119646754,24.5270650940375,106.027829187882,4.66370159916292,29.8142753852953,731.256673106697,0,0.357549559737113,5,28.7532983294068,28.8425594447544,10.5176247370503,0,39.2709230664572,39.2709230664572,27.5199231871642,"Failure: extra reporting shock",39.2709230664572,"Random forest",28.0314759885979,11.7509998792929,11.2394470778593,10.5176247370503,0,1.23337514224261,0.721822340808941,28.7532983294068
578,2020,"North East",6921,8.84227668921793,78.1858570486868,25.7349604141493,757.785636836334,6.63040054463915,30.4462711468893,783.533582723653,1,-0.849756830031316,5,30.1658615100091,28.9091696919315,10.6947329255742,0,40.8605944355833,40.8605944355833,28.4061154464393,"Failure: extra reporting shock",40.8605944355833,"Random forest",28.8969849949607,12.454478989144,11.9636094406226,10.6947329255742,0,1.75974606356982,1.26887651504841,30.1658615100091
579,2020,"North West",4126,8.32503082759394,69.3061382803894,26.0189852461458,346.952307101998,5.84918732699054,31.483542424979,819.169825851935,1,-1.06610730212446,5,30.2751247432943,27.986566174332,16.7985846465601,0,47.0737093898544,47.0737093898544,28.0459648469218,"Failure: extra reporting shock",47.0737093898544,"Random forest",28.5739081303421,19.0277445429326,18.4998012595123,16.7985846465601,0,2.22915989637249,1.70121661295222,30.2751247432943
580,2020,"Center",9244,9.13177795294035,83.3893685818075,22.7546226939158,211.27264885489,5.3531494740046,18.5456055931955,421.998257903339,1,0.276462571118764,5,27.2269744458242,26.6235771259948,4.53384918758996,1,31.7608236334142,32.7608236334142,27.1787906427554,"Failure: extra reporting shock",32.7608236334142,"Random forest",26.6246488517687,5.58203299065881,6.1361747816455,4.53384918758996,1,1.04818380306886,1.60232559405555,27.2269744458242
581,2020,"North East",2494,7.82145931653104,61.1752258401502,25.9360352588795,269.94014713999,5.59820025716504,25.3275255669728,656.895596125177,0,-0.785400374024101,5,27.6895159239979,27.7209030973038,10.3585389679004,0,38.0480548918983,38.0480548918983,27.2181857163299,"Failure: extra reporting shock",38.0480548918983,"Random forest",27.4412572771494,10.8298691755684,10.6067976147489,10.3585389679004,0,0.471330207667995,0.248258646848493,27.6895159239979
582,2020,"Center",5969,8.6943294195865,75.5913640562873,19.8659273415588,119.529846168474,4.78356609891905,20.3107363853209,403.491613284338,0,-1.05718313247475,5,24.0100921601543,24.0855311565701,4.33965185427946,1,28.3497440144337,29.3497440144337,23.3189156933751,"Failure: extra reporting shock",29.3497440144337,"Random forest",23.4836144782947,6.03082832105859,5.86612953613908,4.33965185427946,1,1.69117646677914,1.52647768185962,24.0100921601543
583,2020,"South and Islands",992,6.89992718810026,47.6089952010852,21.3014751452301,158.244314054822,5.06414013023548,19.6589792592875,418.765258072308,0,0.136041340209503,5,24.4194116199917,24.0432561189941,1.45193911386097,3,25.8713507338527,28.8713507338527,23.7606299232574,"Failure: extra reporting shock",28.8713507338527,"Random forest",24.2341173564909,5.11072081059524,4.63723337736179,1.45193911386097,3,3.65878169673427,3.18529426350082,24.4194116199917
584,2020,"North East",3209,8.07372754253093,65.1850764310226,24.0084631187369,161.624631497113,5.0852765571025,23.2895848547731,559.147139036511,0,0.410382030830078,5,28.1349543237421,27.8073513620816,10.0038501826307,0,38.1388045063728,38.1388045063728,27.568177371024,"Failure: extra reporting shock",38.1388045063728,"Random forest",27.6388756487919,10.5706271353488,10.4999288575809,10.0038501826307,0,0.566776952718088,0.496078674950178,28.1349543237421
585,2020,"North West",1066,6.97150958222417,48.6019458550435,34.9560358414195,77.3414875199334,4.34823051950768,36.8999072904615,1289.87448179043,0,-0.759232385732015,5,32.4122357364384,33.6189257267291,18.160805752624,0,50.5730414890624,50.5730414890624,32.670353781347,"Failure: extra reporting shock",50.5730414890624,"Random forest",33.2296027002091,17.9026877077153,17.3434387888533,18.160805752624,0,-0.258118044908635,-0.817366963770702,32.4122357364384
586,2020,"North West",1616,7.38789333440729,54.5809679205797,19.1860955100283,173.895900176793,5.15845684533071,32.0663315318823,615.227699426925,0,1.10380991048704,5,29.6143367439784,27.0395876203187,16.0877620130704,0,45.7020987570488,45.7020987570488,26.9895177298487,"Failure: extra reporting shock",45.7020987570488,"Random forest",26.8695073103882,18.7125810272001,18.8325914466606,16.0877620130704,0,2.62481901412966,2.74482943359019,29.6143367439784
587,2020,"South and Islands",15723,9.6628829341088,93.3713065982911,18.3784636139252,175.445204384855,5.167326768426,21.7736827608182,400.166836360847,1,-0.648518960957938,5,24.014776643125,23.2623418611097,1.27843709052458,3,25.2932137336496,28.2932137336496,22.9959435646142,"Failure: extra reporting shock",28.2932137336496,"Random forest",23.3865841749884,5.29727016903539,4.90662955866114,1.27843709052458,3,4.01883307851082,3.62819246813657,24.014776643125
588,2020,"South and Islands",740,6.60692556422276,43.6514654111802,20.66335371643,119.949802658018,4.78707334408233,26.1722693904604,540.806859976777,0,-0.254775533741285,5,24.2781437967863,23.2933329026226,1.83767606587506,3,26.1158198626613,29.1158198626613,23.4438476990996,"Failure: extra reporting shock",29.1158198626613,"Random forest",23.889160585156,5.67197216356167,5.22665927750532,1.83767606587506,3,3.83429609768661,3.38898321163026,24.2781437967863
589,2020,"North West",1039,6.94649226634458,48.253754806385,26.4334489000057,150.063424309053,5.0110580334564,25.6293584960691,677.472338145769,0,1.18378851041327,5,31.0192424471787,31.6444156341642,16.434382773461,0,47.4536252206397,47.4536252206397,29.7400098115608,"Failure: extra reporting shock",47.4536252206397,"Random forest",29.7342468210716,17.7136154090789,17.7193783995681,16.434382773461,0,1.27923263561786,1.28499562610709,31.0192424471787
590,2020,"South and Islands",1747,7.46574898873944,55.737407962864,22.991677993313,98.0759911645484,4.58574259823418,14.4124517560446,331.366449869137,0,1.29369472185831,5,25.6381378816313,26.324257838547,1.27060450192309,3,26.9087423835544,29.9087423835544,25.083881881839,"Failure: extra reporting shock",29.9087423835544,"Random forest",25.8029471658548,4.82486050171546,4.10579521769968,1.27060450192309,3,3.55425599979237,2.83519071577659,25.6381378816313
591,2020,"Center",7499,8.92249111162971,79.6108476371111,23.8688871892652,137.347067830377,4.92251106415452,16.1122675661822,384.58189690046,0,-0.311458960455878,5,25.7337209423091,25.9499590280554,4.48608462018746,1,30.2198055624966,31.2198055624966,26.0017184447604,"Failure: extra reporting shock",31.2198055624966,"Random forest",26.2104071630602,5.2180871177362,5.00939839943634,4.48608462018746,1,0.732002497548738,0.523313779248877,25.7337209423091
592,2020,"North West",1095,6.99876279092572,48.9826806036464,26.2220808976673,222.493990267701,5.40490009120871,29.3472117607648,769.544960911747,0,-0.304569709895187,5,29.4880261783223,29.5699857208991,16.6713820217325,0,46.1594082000548,46.1594082000548,28.8192765812376,"Failure: extra reporting shock",46.1594082000548,"Random forest",29.677990909736,17.3401316188172,16.4814172903188,16.6713820217325,0,0.668749597084716,-0.189964731413635,29.4880261783223
593,2020,"North East",4241,8.35252725661179,69.7647115724428,18.7532184865444,100.944394374258,4.61456981448262,22.2203830745661,416.703698652051,0,0.568559229422064,5,24.8747998582368,26.5729325013803,9.35092914847504,0,34.2257290067119,34.2257290067119,25.008828212811,"Failure: extra reporting shock",34.2257290067119,"Random forest",26.1033859786328,9.21690079390083,8.12234302807907,9.35092914847504,0,-0.134028354574212,-1.22858612039597,24.8747998582368
594,2020,"South and Islands",951,6.85705975576688,47.0192684941578,21.7867276796152,67.2449472618632,4.20834188200668,18.7971989435428,409.529454522517,0,0.291461903016133,5,24.6624542338539,25.3186094778289,1.4449922705412,3,26.1074465043951,29.1074465043951,24.4161173972344,"Failure: extra reporting shock",29.1074465043951,"Random forest",24.8364280404942,4.69132910716071,4.27101846390087,1.4449922705412,3,3.24633683661951,2.82602619335967,24.6624542338539
595,2020,"South and Islands",3539,8.17162696539194,66.7754872615206,21.9566610845736,168.334342658108,5.12595213657803,25.1228886712213,551.61475201948,1,-0.176703097985117,5,27.4213084539111,26.4293139496945,1.90648322602412,3,29.3277916799352,32.3277916799352,25.5026105290396,"Failure: extra reporting shock",32.3277916799352,"Random forest",26.523726502365,6.82518115089567,5.80406517757029,1.90648322602412,3,4.91869792487155,3.89758195154617,27.4213084539111
596,2020,"Center",2087,7.64344430253257,58.4222408059175,24.9017363682083,220.298118144399,5.39498171153122,26.6306166802152,663.14859589353,0,-0.0492557891564361,5,29.0763884604266,26.1315176880409,5.33598246785351,1,34.4123709282801,35.4123709282801,26.7773413864639,"Failure: extra reporting shock",35.4123709282801,"Random forest",27.2045737039191,8.63502954181623,8.20779722436096,5.33598246785351,1,3.29904707396272,2.87181475650745,29.0763884604266
597,2020,"North East",9179,9.12467432740388,83.2596815811835,25.0321390923626,352.748475139951,5.86575526794527,30.5272932455183,764.163450635156,1,0.270091236414044,5,30.4200217509552,30.1766508289365,10.6230941270817,0,41.0431158780369,41.0431158780369,29.217524205388,"Failure: extra reporting shock",41.0431158780369,"Random forest",29.5307875966905,11.825591672649,11.5123282813464,10.6230941270817,0,1.20249754556727,0.889234154264695,30.4200217509552
598,2020,"Center",1946,7.57333114635156,57.3553446522987,17.9437223920277,79.0468947934683,4.37004128133389,31.0920326790376,557.906802996504,0,0.423907414095806,5,24.901964743769,25.5074531286639,4.88290005039121,1,29.7848647941602,30.7848647941602,24.2442046504316,"Failure: extra reporting shock",30.7848647941602,"Random forest",25.1375142054151,6.5406601437286,5.64735058874509,4.88290005039121,1,1.65776009333739,0.764450538353884,24.901964743769
599,2020,"Center",4972,8.51151978506923,72.4459690516249,15.924988250923,174.610767987402,5.16255931382573,23.7760106541929,378.632690321842,1,-0.409231625591469,5,21.907757623114,25.182726239922,4.14871775313057,1,26.0564753762446,27.0564753762446,23.6082992346761,"Failure: extra reporting shock",27.0564753762446,"Random forest",25.1859377886725,3.4481761415685,1.8705375875721,4.14871775313057,1,-0.700541611562066,-2.27818016555847,21.907757623114
600,2020,"North West",7845,8.96767856185059,80.4192587886746,25.8398261848699,275.188630552454,5.61745679180626,30.7655781561749,794.977192032588,1,-0.848838935746012,5,28.5405370133551,29.4898462373879,16.7286196510035,0,45.2691566643586,45.2691566643586,28.9319831899659,"Failure: extra reporting shock",45.2691566643586,"Random forest",29.2176739526815,16.3371734743926,16.0514827116771,16.7286196510035,0,-0.39144617661081,-0.677136939326342,28.5405370133551
601,2020,"North East",1483,7.30150079896833,53.3119139173352,20.1774973976588,142.496931148836,4.95932046367917,27.3114285480722,551.076278455071,1,-1.37479291237812,5,24.2670067964466,25.2111534014077,9.86397301184305,0,34.1309798082897,34.1309798082897,24.3367308654087,"Failure: extra reporting shock",34.1309798082897,"Random forest",25.5452185543311,9.79424894288102,8.58576125395862,9.86397301184305,0,-0.0697240689620386,-1.27821175788443,24.2670067964466
602,2020,"South and Islands",2709,7.90444756408009,62.4802912932917,25.4534644934055,69.7922907471603,4.24552355592011,26.7906325068506,681.914413268997,1,-1.21001393551682,5,25.0562253259476,25.6857504149747,2.40787366948968,3,27.4640989954373,30.4640989954373,25.393868417712,"Failure: extra reporting shock",30.4640989954373,"Random forest",25.8347646581548,5.07023057772533,4.62933433728257,2.40787366948968,3,2.66235690823565,2.22146066779289,25.0562253259476
603,2020,"South and Islands",3543,8.17259019613815,66.7912305140134,21.5349590174375,184.608392424024,5.21823678378738,21.3328912602759,459.402939013492,0,0.451656485189609,5,25.2734369079443,26.8539043916203,1.59479617987297,3,26.8682330878173,29.8682330878173,25.700254721402,"Failure: extra reporting shock",29.8682330878173,"Random forest",26.5447093268826,4.16797836641533,3.3235237609347,1.59479617987297,3,2.57318218654236,1.72872758106173,25.2734369079443
604,2020,"South and Islands",1388,7.23556113516327,52.3533449406852,20.3452525200428,81.860009935702,4.40501059243857,24.0499051393132,489.301393142402,0,0.342177411043077,5,25.6700853394735,24.0465571146956,1.65411943669216,3,27.3242047761657,30.3242047761657,24.6247662331668,"Failure: extra reporting shock",30.3242047761657,"Random forest",24.4818100277399,5.69943854299887,5.84239474842581,1.65411943669216,3,4.04531910630671,4.18827531173365,25.6700853394735
605,2020,"South and Islands",1875,7.53629319037634,56.7957150513129,20.0603177530155,70.5744970864612,4.25666884816958,22.8876284158843,459.133098635586,1,-0.232847593726608,5,24.562853654661,24.7458799932997,1.54141724167914,3,26.1042708963401,29.1042708963401,24.4275044516594,"Failure: extra reporting shock",29.1042708963401,"Random forest",24.872580710824,4.67676644468072,4.2316901855161,1.54141724167914,3,3.13534920300158,2.69027294383696,24.562853654661
606,2020,"South and Islands",7311,8.89711231438432,79.1586075347691,20.8044263207404,133.538867889743,4.89439258070727,20.3472371325212,423.312595754171,1,-0.126819687002709,5,24.1825495334013,24.3624921308331,1.44544179429346,3,25.6279913276948,28.6279913276948,24.5287023902999,"Failure: extra reporting shock",28.6279913276948,"Random forest",24.5626328902508,4.09928893739488,4.06535843744404,1.44544179429346,3,2.65384714310142,2.61991664315058,24.1825495334013
607,2020,"North West",3461,8.14917521706041,66.4090567183515,21.4117937272123,116.050386537438,4.75402446349851,32.6349548754969,698.772922091021,0,0.154079668319017,5,26.5216158942564,27.8700314329666,16.3723924510137,0,42.89400834527,42.89400834527,27.1226167786197,"Failure: extra reporting shock",42.89400834527,"Random forest",27.7232155887937,15.7713915666503,15.1707927564763,16.3723924510137,0,-0.601000884363359,-1.20159969453733,26.5216158942564
608,2020,"North West",3389,8.12833922131139,66.069898496709,30.2837922191378,81.5599040662664,4.40133776947048,27.4865486959537,832.396929529476,0,0.275627505849796,5,32.1813982510475,29.6255013285073,16.9879238525575,0,49.169322103605,49.169322103605,30.8331854672277,"Failure: extra reporting shock",49.169322103605,"Random forest",30.005792202734,18.3361366363773,19.1635299008709,16.9879238525575,0,1.34821278381984,2.17560604831348,32.1813982510475
609,2020,"North West",9356,9.14374928032331,83.6081509014131,22.4335679891468,695.732360138435,6.54496504634896,27.3752092340796,614.123617569845,1,0.882187818433134,5,29.5571513256386,30.1945793180779,16.1166054249273,0,45.6737567505659,45.6737567505659,28.5254447992145,"Failure: extra reporting shock",45.6737567505659,"Random forest",29.508665459888,17.1483119513514,16.1650912906778,16.1166054249273,0,1.03170652642417,0.0484858657505818,29.5571513256386
610,2020,"South and Islands",3988,8.29106321078926,68.7417291653031,22.428870394716,118.011558631033,4.77078257416872,18.9678793116713,425.428106744092,1,-0.43222602111233,5,25.4967372875067,24.9351243506696,1.52757559497129,3,27.024312882478,30.024312882478,25.4396342580862,"Failure: extra reporting shock",30.024312882478,"Random forest",25.3460880532348,4.58467862439186,4.67822482924323,1.52757559497129,3,3.05710302942058,3.15064923427194,25.4967372875067
611,2020,"South and Islands",1742,7.46277416612624,55.6929982546011,21.4785831520226,137.21588852212,4.92155551414165,13.8790127542627,298.101529510413,0,0.445672476956819,5,24.6702745314677,24.9164113506041,1.06682333925641,3,25.7370978707241,28.7370978707241,23.8495753222628,"Failure: extra reporting shock",28.7370978707241,"Random forest",24.871219544891,4.88752254846135,3.86587832583313,1.06682333925641,3,3.82069920920494,2.79905498657672,24.6702745314677
612,2020,"South and Islands",1921,7.56045352996324,57.1604575787336,28.3741329385636,348.79452659522,5.85448299981084,24.3500383561987,690.911225377903,0,-0.00969311609833169,5,27.9111233991599,28.468504110434,2.55830560791143,3,30.4694290070714,33.4694290070714,27.7279415720718,"Failure: extra reporting shock",33.4694290070714,"Random forest",28.5499112456532,5.74148743499951,4.91951776141812,2.55830560791143,3,3.18318182708808,2.36121215350669,27.9111233991599
613,2020,"North East",3267,8.09152305868265,65.472745409193,23.9113726447727,126.170407403822,4.83763343294151,18.6509772530942,445.970467287914,0,-0.162372776959576,5,28.3689574940808,27.7960546113712,9.66846769837712,0,38.0374251924579,38.0374251924579,26.8531690185456,"Failure: extra reporting shock",38.0374251924579,"Random forest",27.5441473586998,11.1842561739123,10.4932778337581,9.66846769837712,0,1.51578847553514,0.824810135380995,28.3689574940808
614,2020,"Center",1168,7.06267466141656,49.8813733730155,21.7862080052613,119.559978167549,4.78381815480907,26.3205987360641,573.426038886911,0,1.40349087114104,5,29.116836516825,28.54554725654,4.97157309183876,1,34.0884096086638,35.0884096086638,26.8432496656316,"Failure: extra reporting shock",35.0884096086638,"Random forest",27.4224192145116,8.24515994303219,7.66599039415213,4.97157309183876,1,3.27358685119343,2.69441730231337,29.116836516825
615,2020,"Center",2767,7.92549810859355,62.8135202693199,21.649409632601,147.330509643009,4.99267842790699,16.4753976605586,356.682632813429,0,-1.24072512406638,5,24.6354899973208,24.6254320035302,4.26736119556074,1,28.9028511928815,29.9028511928815,23.4315286465203,"Failure: extra reporting shock",29.9028511928815,"Random forest",24.6787311928895,6.47132254636126,5.22411999999199,4.26736119556074,1,2.20396135080052,0.956758804431253,24.6354899973208
616,2020,"South and Islands",1085,6.98972436082066,48.8562466402498,18.326628305673,88.301506071623,4.48075716376823,17.2024149520736,315.262264786605,1,0.328903983795862,5,24.0223768531166,23.3531815650889,0.952746460004716,3,24.9751233131213,27.9751233131213,23.9172487949839,"Failure: extra reporting shock",27.9751233131213,"Random forest",23.8618837547566,4.05787451813739,4.11323955836473,0.952746460004716,3,3.10512805813268,3.16049309836001,24.0223768531166
617,2020,"South and Islands",6891,8.83791191270153,78.1086869766716,20.7964076161307,139.425267736807,4.93752874256645,21.1531930037829,439.910424089353,1,-1.04613848612714,5,23.765396829878,22.4675451477762,1.50097664777471,3,25.2663734776527,28.2663734776527,22.6208705876926,"Failure: extra reporting shock",28.2663734776527,"Random forest",23.2895044913969,5.64550288996007,4.97686898625577,1.50097664777471,3,4.14452624218536,3.47589233848106,23.765396829878
618,2020,"North East",1476,7.29716356267423,53.2485960604205,26.9226497871016,114.12368415777,4.73728280901532,27.7323097534574,746.627263279756,0,-0.110565070635916,5,27.3587022452947,27.7776167902253,10.6354014590587,0,37.9941037043534,37.9941037043534,28.3267498596403,"Failure: extra reporting shock",37.9941037043534,"Random forest",28.6446671847366,9.66735384471316,9.34943651961687,10.6354014590587,0,-0.968047614345569,-1.28596493944186,27.3587022452947
619,2020,"South and Islands",4474,8.40601225441247,70.6610420213327,23.7309233741442,173.946537419647,5.15874799579274,19.9253449699303,472.846834684804,1,-2.66666883994093,5,23.2307101974362,23.4396977029914,1.73782401878651,3,24.9685342162227,27.9685342162227,23.256246878258,"Failure: extra reporting shock",27.9685342162227,"Random forest",23.8514658559243,4.71228733796465,4.11706836029843,1.73782401878651,3,2.97446331917815,2.37924434151192,23.2307101974362
620,2020,"Center",1539,7.33868603528503,53.8563127244876,16.9353994597043,325.436867428025,5.78516848716252,28.107165949618,476.006083036982,0,-0.851534578926868,5,24.9415889810392,23.9405174290464,4.56304385677627,1,29.5046328378155,30.5046328378155,23.2705886693386,"Failure: extra reporting shock",30.5046328378155,"Random forest",23.738458444165,7.23404416847681,6.76617439365041,4.56304385677627,1,2.67100031170054,2.20313053687413,24.9415889810392
621,2020,"Center",2163,7.67941254667075,58.9733770619641,20.8869442539522,158.471671556607,5.06557584899404,33.3706457210742,697.010816894467,0,-1.13842552880706,5,25.6885364569496,24.6194363991316,5.36615736814547,1,31.054693825095,32.054693825095,24.5723180436987,"Failure: extra reporting shock",32.054693825095,"Random forest",25.2807453142363,7.48237578139634,6.77394851085874,5.36615736814547,1,2.11621841325086,1.40779114271327,25.6885364569496
622,2020,"Center",1491,7.3070093405195,53.3923855024393,26.2678457669569,49.3766166678913,3.89947696532609,26.714097422993,701.721790910642,0,-0.0316797429389597,5,27.236697751762,28.2221328298281,5.4920981537103,1,32.7287959054723,33.7287959054723,27.4811080477063,"Failure: extra reporting shock",33.7287959054723,"Random forest",28.0115328149079,6.24768785776597,5.7172630905644,5.4920981537103,1,0.755589704055668,0.225164936854095,27.236697751762
623,2020,"North East",1556,7.34979839478504,54.0195364439848,23.3542668641904,133.095801552184,4.8910691813437,24.3155850604776,567.872662461315,0,-0.899571265092644,5,25.8793335232402,27.8636129449129,10.0037086090299,0,35.8830421322701,35.8830421322701,26.1827118197803,"Failure: extra reporting shock",35.8830421322701,"Random forest",27.4564850881739,9.70033031248979,8.42655704409615,10.0037086090299,0,-0.303378296540115,-1.57715156493375,25.8793335232402
624,2020,"South and Islands",2451,7.80435840463118,60.9080101079373,23.4216809579497,63.9034240259347,4.15737294407834,19.3817376670458,453.952876048224,0,2.20804324948844,5,27.5645585511916,27.3174427019621,1.66575484180321,3,29.2303133929949,32.2303133929949,26.8289874299684,"Failure: extra reporting shock",32.2303133929949,"Random forest",26.9346463774231,5.4013259630265,5.29566701557173,1.66575484180321,3,3.7355711212233,3.62991217376852,27.5645585511916
625,2020,"South and Islands",3991,8.291835884415,68.7545423340723,20.6214849282547,346.052003749806,5.84658906361876,19.0999127798543,393.868563520744,0,-0.323560187349594,5,23.3229919554215,23.2140517601276,1.33800553643334,3,24.6609974918549,27.6609974918549,24.0347944695054,"Failure: extra reporting shock",27.6609974918549,"Random forest",24.0944678400571,3.6262030223495,3.56652965179774,1.33800553643334,3,2.28819748591615,2.2285241153644,23.3229919554215
626,2020,"North East",600,6.20188781863758,38.4634125149652,23.1296807046105,43.9576586918609,3.78322686815029,26.7398698516549,618.48465175162,0,-0.857106148451568,5,26.2406177664986,26.4026871825069,10.1487040668585,0,36.3893218333571,36.3893218333571,25.6599981377946,"Failure: extra reporting shock",36.3893218333571,"Random forest",26.3922537077141,10.7293236955625,9.99706812564295,10.1487040668585,0,0.580619628703937,-0.151635941215586,26.2406177664986
627,2020,"South and Islands",4787,8.47362130783023,71.8022580685144,24.3645547032993,661.345780527968,6.49427682036244,22.1289169746401,539.161208153387,0,-0.259881614217424,5,26.983004339647,25.5793685456114,1.96177350532326,3,28.9447778449702,31.9447778449702,25.8070905097819,"Failure: extra reporting shock",31.9447778449702,"Random forest",25.8088278350495,6.13768733518832,6.13595000992078,1.96177350532326,3,4.17591382986506,4.17417650459751,26.983004339647
628,2020,"South and Islands",10728,9.28058062402898,86.1291767191022,21.3186587152331,161.251461753591,5.08296502077334,15.5668912513018,331.86524184365,1,-1.45287197134547,5,22.9935587943614,24.5873261788835,1.16738314600229,3,24.1609419403637,27.1609419403637,22.8277346930654,"Failure: extra reporting shock",27.1609419403637,"Random forest",24.6814545890132,4.3332072472983,2.47948735135048,1.16738314600229,3,3.16582410129601,1.31210420534819,22.9935587943614
629,2020,"North East",4184,8.33899780449624,69.5388843833932,26.7225808691723,129.740656810664,4.86553751028685,34.7770417356595,929.33231017174,0,-0.667749564457026,5,29.1286085610906,29.9058444773225,11.1065251168406,0,40.2351336779312,40.2351336779312,27.9975025304579,"Failure: extra reporting shock",40.2351336779312,"Random forest",30.0346010052606,12.2376311474733,10.2005326726707,11.1065251168406,0,1.13110603063268,-0.905992444169993,29.1286085610906
630,2020,"North East",877,6.77652926037037,45.9213488166559,21.6932571528746,79.545366338356,4.37632750466939,41.0059746061024,889.553151934425,0,-2.77901438716223,5,25.4736478886803,23.2599188631214,10.9893248089789,0,36.4629726976592,36.4629726976592,23.7235038972411,"Failure: extra reporting shock",36.4629726976592,"Random forest",23.9788292149427,12.7394688004182,12.4841434827165,10.9893248089789,0,1.75014399143925,1.4948186737376,25.4736478886803
631,2020,"Center",2136,7.66669837987733,58.7782640480136,24.9332056695301,121.120382064032,4.79678494410979,18.776931852032,468.169103709464,1,0.85859544980692,5,27.279321197728,28.4575385490293,4.78968615302608,1,32.0690073507541,33.0690073507541,27.6929306542711,"Failure: extra reporting shock",33.0690073507541,"Random forest",28.0509173323121,5.37607669648295,5.01809001844191,4.78968615302608,1,0.586390543456869,0.228403865415829,27.279321197728
632,2020,"North East",3697,8.21528570539149,67.4909192212097,21.2464372044372,198.203714974263,5.28929536528361,25.242019288818,536.302977733064,0,-0.0461999591725784,5,26.931304498024,26.3898682090827,9.83669774244088,0,36.7680022404649,36.7680022404649,26.4550781467296,"Failure: extra reporting shock",36.7680022404649,"Random forest",26.5475642168224,10.3129240937354,10.2204380236425,9.83669774244088,0,0.476226351294468,0.383740281201629,26.931304498024
633,2020,"Center",2696,7.89948718980146,62.4018978618374,25.181938179772,110.77554553796,4.7075060418124,23.5964391333182,594.204071517974,0,0.348357778525527,5,27.721755773921,26.6237625748119,5.15441223884273,1,32.8761680127638,33.8761680127638,26.4765204962958,"Failure: extra reporting shock",33.8761680127638,"Random forest",26.7612378014626,7.39964751646794,7.1149302113012,5.15441223884273,1,2.24523527762521,1.96051797245846,27.721755773921
634,2020,"North West",21890,9.99377139867326,99.8754667689397,23.0490324937766,186.317456890881,5.22745197633567,35.016123845883,807.087776329861,0,-0.525708243550323,5,28.2202456940549,28.4810968762885,16.7191705432628,0,44.9394162373177,44.9394162373177,27.8689730352162,"Failure: extra reporting shock",44.9394162373177,"Random forest",28.5153026491256,17.0704432021015,16.4241135881922,16.7191705432628,0,0.351272658838727,-0.295056955070606,28.2202456940549
635,2020,"North East",1161,7.05743411977116,49.8073763549101,21.518093323036,45.9454835226323,3.82745555284202,26.1420847113265,562.527818477036,0,-1.29699205971522,5,25.339663367797,24.9262084341719,9.92958449506235,0,35.2692478628594,35.2692478628594,24.2625960286077,"Failure: extra reporting shock",35.2692478628594,"Random forest",24.9368163173568,11.0066518342517,10.3324315455025,9.92958449506235,0,1.07706733918931,0.402847050440187,25.339663367797
636,2020,"South and Islands",1942,7.57143408972135,57.3266141749945,22.7814252414985,79.8902956383507,4.38065438905477,19.441819110565,442.912348626074,1,-0.803440254940835,5,24.0841427826883,24.8861913743539,1.59953241403992,3,25.6836751967282,28.6836751967282,24.890994897853,"Failure: extra reporting shock",28.6836751967282,"Random forest",24.8958540044069,3.79268029887516,3.78782119232126,1.59953241403992,3,2.19314788483524,2.18828877828134,24.0841427826883
637,2020,"North East",18217,9.81013725864442,96.2387930334434,27.2682614904912,75.5474162251657,4.32476048859939,27.3823131531504,746.668075274622,0,-0.221261063973945,5,29.0940338470352,27.1394253267968,10.6489189844101,0,39.7429528314453,39.7429528314453,27.6238329900857,"Failure: extra reporting shock",39.7429528314453,"Random forest",27.9909898867779,12.1191198413596,11.7519629446674,10.6489189844101,0,1.47020085694952,1.10304396025732,29.0940338470352
638,2020,"South and Islands",2521,7.83229190496009,61.3447964845033,23.5981141778702,305.399344464443,5.72162024630038,21.8631525472854,515.929170099036,0,1.58211631314325,5,28.5572736778647,28.2804200856828,1.85886153761124,3,30.416135215476,33.416135215476,27.1211225972037,"Failure: extra reporting shock",33.416135215476,"Random forest",27.47229622376,6.29501261827229,5.943838991716,1.85886153761124,3,4.43615108066105,4.08497745410476,28.5572736778647
639,2020,"South and Islands",1434,7.26849252028202,52.8309835173956,22.5024007317321,146.222578214771,4.98512996914558,21.889202307652,492.55960202474,1,-0.478079447144295,5,25.414531063816,24.3319687001809,1.7401565417617,3,27.1546876055777,30.1546876055777,24.688530232743,"Failure: extra reporting shock",30.1546876055777,"Random forest",24.7833260504448,5.46615737283472,5.37136155513298,1.7401565417617,3,3.72600083107301,3.63120501337128,25.414531063816
640,2020,"North West",13067,9.47787332949557,89.8300828499634,22.7571386736093,327.671029699116,5.79201014685058,31.8609069190419,725.063077023593,1,0.128332430474268,5,30.0270961860237,29.4099333916855,16.4661970381655,0,46.4932932241892,46.4932932241892,28.3940511535375,"Failure: extra reporting shock",46.4932932241892,"Random forest",28.6454885472208,18.0992420706517,17.8478046769684,16.4661970381655,0,1.63304503248624,1.38160763880295,30.0270961860237
641,2020,"Center",7801,8.96195094464683,80.3165647342562,25.7678301246956,32.0970252718407,3.46876335518261,27.8426209900826,717.443927898735,0,2.05924500079163,5,28.4282759274618,28.7856713744182,5.51609308275784,1,33.9443690102197,34.9443690102197,28.3047940608004,"Failure: extra reporting shock",34.9443690102197,"Random forest",27.9389667895844,6.63957494941923,7.00540222063532,5.51609308275784,1,1.12348186666139,1.48930913787748,28.4282759274618
642,2020,"North East",5162,8.54901081519009,73.0855859182371,20.278144523493,36.758491723577,3.60436926627512,26.4511711897108,536.380672200611,1,-0.188337430648886,5,26.9507300027827,25.1734526533954,9.81482618059952,0,36.7655561833822,36.7655561833822,25.1391715692791,"Failure: extra reporting shock",36.7655561833822,"Random forest",25.2016656909829,11.6263846141031,11.5638904923993,9.81482618059952,0,1.81155843350357,1.7490643117998,26.9507300027827
643,2020,"North East",1168,7.06285705580101,49.8839497906781,20.9928049225687,86.9700137005357,4.4655633891334,28.6163759902646,600.737998754503,0,1.19684901038271,5,27.9502917641532,27.4762752280073,10.0450031605366,0,37.9952949246898,37.9952949246898,27.3528956123797,"Failure: extra reporting shock",37.9952949246898,"Random forest",27.5432895350812,10.6423993123101,10.4520053896086,10.0450031605366,0,0.597396151773538,0.407002229071981,27.9502917641532
644,2020,"South and Islands",1477,7.29743694475877,53.2525859627302,13.0287896000721,326.041861461591,5.78702578251431,22.1799154795546,288.977452130499,0,-0.362455848733313,5,20.3338941337694,20.4464343585363,0.718409239312283,3,21.0523033730817,24.0523033730817,21.1219379730523,"Failure: extra reporting shock",24.0523033730817,"Random forest",21.3674619414474,2.93036540002938,2.68484143163426,0.718409239312283,3,2.2119561607171,1.96643219232198,20.3338941337694
645,2020,"Center",9586,9.16802367381986,84.0526580837214,26.7240491585222,274.484467337311,5.61489467405645,22.9920692129672,614.441187903479,0,1.07501745028536,5,31.5484855748633,29.9580628897033,5.28173855208067,1,36.830224126944,37.830224126944,28.7806393096234,"Failure: extra reporting shock",37.830224126944,"Random forest",28.8761650915215,9.04958481732054,8.95405903542249,5.28173855208067,1,3.76784626523987,3.67232048334182,31.5484855748633
646,2020,"Center",11799,9.37578227366303,87.905293243134,21.1402184111224,400.090727071168,5.99169133906666,16.6622526217934,352.243659646009,1,-0.534412881785441,5,26.249785364385,26.4939203009208,4.22443000848453,1,30.4742153728696,31.4742153728696,26.0572265875131,"Failure: extra reporting shock",31.4742153728696,"Random forest",26.0891748229149,5.41698878535643,5.38504054995468,4.22443000848453,1,1.1925587768719,1.16061054147015,26.249785364385
647,2020,"North East",2983,8.00056694869534,64.0090715005562,24.2440055853619,311.693493672532,5.7420203128709,21.5934595192826,523.511953192772,0,0.821760970308158,5,27.8176168848638,29.7119902638635,9.91103108047512,0,37.7286479653389,37.7286479653389,28.5612235940269,"Failure: extra reporting shock",37.7286479653389,"Random forest",29.3641977206983,9.16742437131197,8.36445024464064,9.91103108047512,0,-0.743606709163148,-1.54658083583448,27.8176168848638
648,2020,"North East",1411,7.25187885429636,52.5897469173907,27.2220916523694,146.975456840392,4.99026561256988,21.3598388569138,581.459491042748,0,-1.03841379526294,5,25.8054533425428,27.1900554303318,10.2222671014801,0,36.027720444023,36.027720444023,27.0326804878263,"Failure: extra reporting shock",36.027720444023,"Random forest",27.0430451005426,8.99503995619668,8.98467534348033,10.2222671014801,0,-1.22722714528344,-1.2375917579998,25.8054533425428
649,2020,"South and Islands",600,5.85858360054412,34.3230018045645,25.6313912633857,63.703462176867,4.15423891238634,13.8276280961044,354.421345975836,0,-0.598320927946932,5,25.9846446592361,25.8059017005603,1.52003530543526,3,27.5046799646713,30.5046799646713,25.1584458617518,"Failure: extra reporting shock",30.5046799646713,"Random forest",25.6965556847689,5.34623410291954,4.80812427990242,1.52003530543526,3,3.82619879748428,3.28808897446716,25.9846446592361
650,2020,"Center",3274,8.09372194960029,65.5083349974415,24.7687430302785,192.624999602149,5.26074529157486,16.1780614864807,400.710247686685,0,0.180807220924137,5,26.2782547928921,27.3463449538562,4.58967433711982,1,30.8679291300119,31.8679291300119,25.9864107447663,"Failure: extra reporting shock",31.8679291300119,"Random forest",26.9427574774592,5.88151838524565,4.92517165255271,4.58967433711982,1,1.29184404812583,0.335497315432898,26.2782547928921
651,2020,"South and Islands",2764,7.92447617525752,62.7973226522241,20.6475135288832,66.1146830851129,4.1913908566087,22.7317264218223,469.353628829449,0,1.57559155046953,5,26.1440372544038,25.4382296536256,1.59509563744025,3,27.7391328918441,30.7391328918441,25.1830860379597,"Failure: extra reporting shock",30.7391328918441,"Random forest",25.2800409623726,5.55604685388442,5.45909192947144,1.59509563744025,3,3.96095121644417,3.86399629203119,26.1440372544038
652,2020,"North West",1618,7.38887778839453,54.59551497183,27.9682312831149,476.053381103415,6.16552999311886,33.393843987111,933.966752063778,0,0.327582160892034,5,30.6950875387866,31.3426282742983,17.1467228199759,0,47.8418103587626,47.8418103587626,30.1706253220611,"Failure: extra reporting shock",47.8418103587626,"Random forest",31.1216502664575,17.6711850367015,16.7201600923051,17.1467228199759,0,0.524462216725546,-0.426562727670852,30.6950875387866
653,2020,"North West",1021,6.92811896835,47.9988324396111,19.5179102847419,1542.16482121198,7.34094243635668,25.9728401124124,506.935563154013,1,0.086504983843672,5,28.5443194469207,30.1384088534448,15.697717238926,0,44.2420366858467,44.2420366858467,27.9471090048097,"Failure: extra reporting shock",44.2420366858467,"Random forest",29.1989079290768,16.294927681037,15.0431287567699,15.697717238926,0,0.59721044211102,-0.654588482156104,28.5443194469207
654,2020,"South and Islands",1259,7.13813537152344,50.9529765821941,21.5661624896486,139.223566450473,4.93608103278399,17.5333883508598,378.127902168754,0,-0.356215927009564,5,25.0702443091969,25.0482426142707,1.33226335815706,3,26.4025076673539,29.4025076673539,23.0712083343955,"Failure: extra reporting shock",29.4025076673539,"Random forest",24.6932508485444,6.33129933295841,4.70925681880958,1.33226335815706,3,4.99903597480135,3.37699346065252,25.0702443091969
655,2020,"South and Islands",3615,8.19285461183072,67.1228666905959,21.7719440590612,262.030689761881,5.56846163339688,25.3276032273249,551.431160615416,1,-2.03942329721566,5,24.3026290305202,24.5201031990002,1.90049437214501,3,26.2031234026652,29.2031234026652,23.6605811819551,"Failure: extra reporting shock",29.2031234026652,"Random forest",24.4824439957758,5.54254222071009,4.72067940688942,1.90049437214501,3,3.64204784856508,2.82018503474442,24.3026290305202
656,2020,"North West",3282,8.09632080830082,65.5504106309248,26.7474062302895,269.853235189836,5.59787823783783,29.053392548153,777.102892853513,1,-1.98347630789279,5,30.2146789771164,29.8482407455775,16.7086004634381,0,46.9232794405545,46.9232794405545,28.4742057939663,"Failure: extra reporting shock",46.9232794405545,"Random forest",29.9502199780389,18.4490736465882,16.9730594625155,16.7086004634381,0,1.74047318315009,0.264458999077455,30.2146789771164
657,2020,"South and Islands",1396,7.2416984738171,52.4421967856849,22.6807618566374,38.8970150745848,3.66091751437909,18.7277611564624,424.759890897707,1,-1.3219002627017,5,22.7163659253298,24.0150646284117,1.53847538491801,3,24.2548413102478,27.2548413102478,23.4637147865765,"Failure: extra reporting shock",27.2548413102478,"Random forest",24.3296102172141,3.79112652367128,2.92523109303368,1.53847538491801,3,2.25265113875327,1.38675570811567,22.7163659253298
658,2020,"North East",14248,9.56435340941196,91.4768561401302,27.7458386651065,117.07002540068,4.76277226346157,29.4505604254699,817.130498162059,0,0.343757381818591,5,30.6327635939716,30.2295126946571,10.8462297826801,0,41.4789933766517,41.4789933766517,29.4896761519968,"Failure: extra reporting shock",41.4789933766517,"Random forest",29.5228239667163,11.989317224655,11.9561694099355,10.8462297826801,0,1.14308744197481,1.10993962725532,30.6327635939716
659,2020,"North West",2949,7.98911855930989,63.8260153547097,20.8308216121169,679.489375254611,6.52134159734623,35.8298664429189,746.365556258417,0,-0.317556623710856,5,28.2488246007345,26.6462112322711,16.5321293280727,0,44.7809539288072,44.7809539288072,27.2023070514841,"Failure: extra reporting shock",44.7809539288072,"Random forest",27.2283952820131,17.5786468773231,17.5525586467941,16.5321293280727,0,1.04651754925036,1.02042931872142,28.2488246007345
660,2020,"North West",21880,9.99331221142437,99.8662889550034,25.5481200636858,335.889741040287,5.81678295444385,29.4317846779745,751.926768641439,0,1.60127247538573,5,31.9845561760306,30.4886687239723,16.6031664341992,0,48.5877226102297,48.5877226102297,30.2794516424367,"Failure: extra reporting shock",48.5877226102297,"Random forest",30.4759699454025,18.308270967793,18.1117526648272,16.6031664341992,0,1.70510453359383,1.50858623062806,31.9845561760306
661,2020,"Center",5403,8.59470060554828,73.868878499012,18.891386231049,48.7242610610408,3.88617707977921,27.2777447422606,515.314411438012,0,0.584483961493866,5,24.6170833982529,25.2483372876631,4.72014291710917,1,29.3372263153621,30.3372263153621,24.6156334867622,"Failure: extra reporting shock",30.3372263153621,"Random forest",25.1391745012735,5.72159282859986,5.19805181408859,4.72014291710917,1,1.00144991149069,0.477908896979423,24.6170833982529
662,2020,"North West",1400,7.24404601982424,52.4762027373315,23.6827511493372,1916.30488989157,7.55815407420713,22.7300552408434,538.310241879581,0,0.0841145748948887,5,29.5962918336855,29.4286949887523,15.9288547930217,0,45.5251466267072,45.5251466267072,28.9407786544456,"Failure: extra reporting shock",45.5251466267072,"Random forest",29.6296789874716,16.5843679722616,15.8954676392356,15.9288547930217,0,0.655513179239925,-0.0333871537860269,29.5962918336855
663,2020,"South and Islands",3048,8.02208538964692,64.3538539987865,23.5443759797187,149.794685806953,5.00926559519987,21.747517178921,512.031721085907,0,-0.0236196353738181,5,25.8482256678302,24.5627838527224,1.84485586002906,3,27.6930815278592,30.6930815278592,24.502607018958,"Failure: extra reporting shock",30.6930815278592,"Random forest",25.0898285873004,6.19047450890119,5.60325294055883,1.84485586002906,3,4.34561864887214,3.75839708052977,25.8482256678302
664,2020,"Center",4885,8.49386922897894,72.1458144789952,24.1016135076622,218.349269256953,5.38609593326672,17.8873117193314,431.113073750403,0,-0.250786528825242,5,26.5336583695894,26.2285741741745,4.63593760593158,1,31.169595975521,32.169595975521,26.0720197971874,"Failure: extra reporting shock",32.169595975521,"Random forest",26.4067409333003,6.09757617833356,5.76285504222072,4.63593760593158,1,1.46163857240198,1.12691743628914,26.5336583695894
665,2020,"South and Islands",4807,8.47783712615843,71.8737223376702,18.4419324309627,354.277472394884,5.87008042643158,22.1186242551995,407.910173980241,0,-0.168118594407674,5,24.9291384709125,23.5929820720022,1.30956456500539,3,26.2387030359179,29.2387030359179,22.9680917043756,"Failure: extra reporting shock",29.2387030359179,"Random forest",23.3076771108601,6.27061133154229,5.93102592505777,1.30956456500539,3,4.9610467665369,4.62146136005239,24.9291384709125
666,2020,"South and Islands",3466,8.15088113609098,66.4368632946838,21.6989967617483,54.1768052798921,3.99225286998475,25.4106250410759,551.385070480308,0,0.902652655639661,5,25.7933439539835,25.4942671211967,1.89828169640316,3,27.6916256503867,30.6916256503867,24.7103667971599,"Failure: extra reporting shock",30.6916256503867,"Random forest",24.9666069155917,5.98125885322676,5.72501873479499,1.89828169640316,3,4.08297715682359,3.82673703839183,25.7933439539835
667,2020,"North East",8782,9.0805041197713,82.4555550691835,24.8077030012242,80.1746882297857,4.38420785695034,29.3208776057783,727.383623379394,0,-1.37717624238822,5,25.6684116211791,26.3712357178534,10.5139570622747,0,36.1823686834538,36.1823686834538,25.6101637073514,"Failure: extra reporting shock",36.1823686834538,"Random forest",26.761924485906,10.5722049761024,9.42044419754781,10.5139570622747,0,0.0582479138277119,-1.09351286472686,25.6684116211791
668,2020,"South and Islands",3373,8.1235875994983,65.9926754867225,17.4461671753184,426.404964883424,6.0553895165067,27.3406327509544,476.989249652137,0,1.58267535254922,5,25.9095263037407,26.520924369714,1.56557098158737,3,27.475097285328,30.475097285328,24.9567344886267,"Failure: extra reporting shock",30.475097285328,"Random forest",25.8139111749788,5.51836279670135,4.66118611034922,1.56557098158737,3,3.95279181511399,3.09561512876185,25.9095263037407
669,2020,"South and Islands",1771,7.47922309392873,55.9387780887569,18.5142054809037,93.2209475804849,4.53497245588419,27.1272012123736,502.238577367705,1,1.16961120271323,5,25.1280637674189,26.2488035791187,1.66811498750109,3,26.79617875492,29.79617875492,25.2845254627244,"Failure: extra reporting shock",29.79617875492,"Random forest",25.5488074423062,4.51165329219558,4.24737131261375,1.66811498750109,3,2.84353830469449,2.57925632511266,25.1280637674189
670,2020,"North East",3975,8.28784920753531,68.6884444868436,15.1783356556277,84.3927886593796,4.43548195552709,31.0235054346911,470.885178701932,0,1.29289870833144,5,26.2664068145595,25.1300313402724,9.57391060228295,0,35.8403174168424,35.8403174168424,24.0483330049863,"Failure: extra reporting shock",35.8403174168424,"Random forest",25.1147254114474,11.7919844118561,10.725592005395,9.57391060228295,0,2.21807380957315,1.15168140311203,26.2664068145595
671,2020,"South and Islands",2346,7.76027945894923,60.2219372809894,19.843697024541,142.15950815895,4.95694972406938,17.9881042686678,356.950491153296,1,0.16065240796591,5,23.0240222664575,26.4397612505463,1.17462227124179,3,24.1986445376992,27.1986445376992,24.6775341686319,"Failure: extra reporting shock",27.1986445376992,"Random forest",25.7036245553661,2.52111036906734,1.49501998233311,1.17462227124179,3,1.34648809782555,0.320397711091322,23.0240222664575
672,2020,"North West",5495,8.61158707602878,74.159431968026,26.8942450130162,155.590547708892,5.04722786252694,27.7138350435919,745.342669912674,1,-0.317852799573852,5,30.5838696751673,28.0999377002798,16.6309837042187,0,47.2148533793861,47.2148533793861,28.4157327209882,"Failure: extra reporting shock",47.2148533793861,"Random forest",28.9078873220633,18.7991206583978,18.3069660573227,16.6309837042187,0,2.1681369541791,1.67598235310399,30.5838696751673
673,2020,"North West",7209,8.88312634559183,78.9099336717477,30.5492523925834,86.8016462218564,4.46362558717605,27.80273870969,849.352882047369,1,-0.694625409858487,5,30.5564729528981,30.4832838931538,17.039257772598,0,47.5957307254961,47.5957307254961,30.0525310144841,"Failure: extra reporting shock",47.5957307254961,"Random forest",30.5841903756285,17.543199711012,17.0115403498676,17.039257772598,0,0.503941938414009,-0.027717422730376,30.5564729528981
674,2020,"Center",2606,7.86544150066072,61.865170000316,24.5555694870379,215.989459773453,5.37522960914841,24.9439947996873,612.513997588033,0,0.619783098340231,5,28.1164963396691,28.4268178625044,5.17984057928781,1,33.2963369189569,34.2963369189569,27.3503473808601,"Failure: extra reporting shock",34.2963369189569,"Random forest",27.920673611342,6.94598953809682,6.37566330761493,5.17984057928781,1,1.76614895880901,1.19582272832712,28.1164963396691
675,2020,"North West",2368,7.76970955287148,60.3683865359823,23.8646445703798,137.259720780437,4.92187490324002,25.0559397928342,597.951097532823,0,-0.424945603490451,5,28.3961801196076,27.697190153008,16.1116749879757,0,44.5078551075833,44.5078551075833,27.4122343248533,"Failure: extra reporting shock",44.5078551075833,"Random forest",27.5114954238402,17.09562078273,16.9963596837431,16.1116749879757,0,0.983945794754316,0.884684695767394,28.3961801196076
676,2020,"North East",1521,7.32688725114751,53.6832767910279,21.4877010969057,122.266786026503,4.80620542793921,25.8354700054918,555.144857176082,0,0.7145718575514,5,28.741870774006,26.2974981410081,9.90477832077959,0,38.6466490947856,38.6466490947856,26.1323829168595,"Failure: extra reporting shock",38.6466490947856,"Random forest",26.2370101313942,12.5142661779261,12.4096389633914,9.90477832077959,0,2.60948785714655,2.50486064261186,28.741870774006
677,2020,"North East",5149,8.54665134471922,73.0452492081909,22.8255313114263,94.3940564938373,4.54747811029897,25.721192598641,587.099887027507,1,0.909520108771858,5,28.5607564350083,31.033732589971,10.0439402258973,0,38.6046966609056,38.6046966609056,28.2843019387029,"Failure: extra reporting shock",38.6046966609056,"Random forest",29.5978443904743,10.3203947222027,9.00685227043131,10.0439402258973,0,0.276454496305425,-1.03708795546598,28.5607564350083
678,2020,"North East",607,6.40794155432203,41.061714963607,24.9759913530382,244.492808593237,5.49918589577577,29.1072880446287,726.983374513039,1,-0.135584897262032,5,31.0027529312225,28.9901844239819,10.5175175116937,0,41.5202704429163,41.5202704429163,28.4231745575434,"Failure: extra reporting shock",41.5202704429163,"Random forest",28.9656973242107,13.0970958853729,12.5545731187056,10.5175175116937,0,2.57957837367911,2.03705560701188,31.0027529312225
679,2020,"North West",1794,7.49242266214934,56.1363973482891,24.8908428160932,170.570897618919,5.13915103210548,28.1141170403236,699.784068163942,0,1.73337085951209,5,31.3866892005643,29.508006505105,16.4386292023284,0,47.8253184028927,47.8253184028927,30.4720211921312,"Failure: extra reporting shock",47.8253184028927,"Random forest",29.3901972082895,17.3532972107615,18.4351211946032,16.4386292023284,0,0.914668008433093,1.99649199227478,31.3866892005643
680,2020,"South and Islands",1133,7.03221634794439,49.4520667642964,20.4533060387429,69.9078769655589,4.24717833195462,24.3334763566161,497.700038908386,0,-2.49368261311335,5,20.720274090816,21.9005947935131,1.68585530896038,3,22.4061293997764,25.4061293997764,21.5614552379032,"Failure: extra reporting shock",25.4061293997764,"Random forest",22.1474465674536,3.84467416187325,3.25868283232281,1.68585530896038,3,2.15881885291287,1.57282752336243,20.720274090816
681,2020,"North West",7330,8.89968601571828,79.2044111783716,28.7614189023009,537.793155947041,6.2874740177349,22.1284561926073,636.445798216792,1,0.117681395898738,5,32.2412389421487,30.0615326716106,16.4453963124711,0,48.6866352546199,48.6866352546199,30.6392638239415,"Failure: extra reporting shock",48.6866352546199,"Random forest",30.2018706952538,18.0473714306784,18.484764559366,16.4453963124711,0,1.60197511820723,2.03936824689491,32.2412389421487
682,2020,"Center",1171,7.06566337233708,49.9235988911858,20.5648618942242,374.965575514113,5.92683422312763,12,246.77834273069,0,0.407101429859495,5,24.8054280052136,26.6199905237113,3.83478310810019,1,28.6402111133138,29.6402111133138,25.5425722200419,"Failure: extra reporting shock",29.6402111133138,"Random forest",26.1703070415803,4.09763889327186,3.46990407173348,3.83478310810019,1,0.26285578517167,-0.364879036366709,24.8054280052136
683,2020,"Center",2561,7.84831762847984,61.5960895975074,21.4767864402202,315.15052790906,5.75305039106182,22.5650770519005,484.625340850781,1,-0.750697179262158,5,26.6387679603272,26.1925073335623,4.67465020179279,1,31.31341816212,32.31341816212,25.2924561799515,"Failure: extra reporting shock",32.31341816212,"Random forest",26.1515178691148,7.02096198216852,6.1619002930052,4.67465020179279,1,2.34631178037573,1.48725009121241,26.6387679603272
684,2020,"North West",2101,7.65040435990613,58.5286868700707,23.7938814116834,129.999608063859,4.86753143555764,37.5405579508959,893.235584012046,0,0.236630054238789,5,29.6972780445242,29.837772656095,16.9778143115834,0,46.6750923561077,46.6750923561077,28.4393108796916,"Failure: extra reporting shock",46.6750923561077,"Random forest",29.6694783585107,18.2357814764161,17.005613997597,16.9778143115834,0,1.25796716483266,0.0277996860135516,29.6972780445242
685,2020,"North West",1583,7.36692851341297,54.2716357217371,21.18735966184,211.570794168568,5.35455966667995,33.0475505030543,700.190338451033,0,-0.946891829993758,5,27.1253635781047,26.1855904617403,16.3765863977517,0,43.5019499758564,43.5019499758564,26.1739880304724,"Failure: extra reporting shock",43.5019499758564,"Random forest",26.4561779622533,17.327961945384,17.0457720136031,16.3765863977517,0,0.951375547632253,0.669185615851337,27.1253635781047
686,2020,"South and Islands",7025,8.85721900734882,78.4503285441413,24.0608962909364,461.410054501126,6.13428713679205,26.102034956518,628.038356071177,1,-0.265592902159763,5,27.620344922729,27.969007637645,2.2064893386948,3,29.8268342614238,32.8268342614238,27.2776761444918,"Failure: extra reporting shock",32.8268342614238,"Random forest",27.2196824477984,5.54915811693204,5.60715181362545,2.2064893386948,3,3.34266877823724,3.40066247493065,27.620344922729
687,2020,"North East",3790,8.24024894119929,67.901702612936,16.4120535768767,407.19525018815,6.00929280060087,23.4331006864934,384.585303939075,0,-0.0450380622603642,5,25.2907432971568,25.2686932228259,9.1782912412465,0,34.4690345384033,34.4690345384033,24.2924671286476,"Failure: extra reporting shock",34.4690345384033,"Random forest",25.0669050266747,10.1765674097558,9.40212951172867,9.1782912412465,0,0.998276168509269,0.223838270482167,25.2907432971568
688,2020,"North East",1612,7.38522080896589,54.5414863971827,23.1604872296954,79.1940639570429,4.37190134597415,20.7289470714489,480.092513933325,1,0.191952027381703,5,26.9752372127422,28.954697359386,9.73132819000345,0,36.7065654027457,36.7065654027457,27.056835436757,"Failure: extra reporting shock",36.7065654027457,"Random forest",28.1542460507914,9.64972996598866,8.55231935195425,9.73132819000345,0,-0.0815982240147939,-1.17900883804921,26.9752372127422
689,2020,"South and Islands",2882,7.96635444117629,63.4628030824493,24.6524032549509,328.914765356431,5.79579864533551,23.592961905937,581.623210883855,0,1.80711111571409,5,29.2370814404126,28.2928493932671,2.09591999119572,3,31.3330014316083,34.3330014316083,27.4320256164683,"Failure: extra reporting shock",34.3330014316083,"Random forest",28.030590228,6.90097581513997,6.30241120360827,2.09591999119572,3,4.80505582394425,4.20649121241254,29.2370814404126
690,2020,"North East",1294,7.16531006070261,51.341668266006,27.9059483440087,103.725214843359,4.64174523749525,30.390359812246,848.071811076375,0,-1.26181475122053,5,27.790153913885,28.126105641718,10.9296278044337,0,38.7197817183187,38.7197817183187,27.6245414860853,"Failure: extra reporting shock",38.7197817183187,"Random forest",27.8222122571073,11.0952402322333,10.8975694612114,10.9296278044337,0,0.165612427799623,-0.0320583432223067,27.790153913885
691,2020,"Center",4785,8.47329638847276,71.7967516869055,20.1242972050109,83.101285074328,4.42006016593351,22.5217054066925,453.23349316798,0,-0.730874095132177,5,26.0898754913164,24.2347715182547,4.5228403707552,1,30.6127158620716,31.6127158620716,23.856973119799,"Failure: extra reporting shock",31.6127158620716,"Random forest",23.9730537731192,7.75574274227265,7.63966208895247,4.5228403707552,1,3.23290237151745,3.11682171819727,26.0898754913164
692,2020,"Center",5653,8.63988206153454,74.6475620372263,17.3874841210901,122.360068841378,4.80696808189596,24.519324034341,426.329357306967,1,-1.82593305446708,5,21.5495744436432,21.1046423410255,4.36162423545931,1,25.9111986791025,26.9111986791025,22.0482903901842,"Failure: extra reporting shock",26.9111986791025,"Random forest",22.0995907157178,4.86290828891833,4.81160796338471,4.36162423545931,1,0.501284053459014,0.449983727925393,21.5495744436432
693,2020,"North East",600,5.55986344390183,30.9120815148359,21.9268796400976,242.048778726059,5.48913927082891,26.982120919092,591.633717827489,0,-1.30916884261424,5,25.6946583359488,26.5113797069734,10.0333535244827,0,35.7280118604315,35.7280118604315,25.1468683339452,"Failure: extra reporting shock",35.7280118604315,"Random forest",26.20288530512,10.5811435264863,9.52512655531154,10.0333535244827,0,0.547790002003575,-0.508226969171167,25.6946583359488
694,2020,"South and Islands",1886,7.54219246571108,56.884667189829,22.9758963442774,488.359959553193,6.19105275597895,25.701476606808,590.51446241289,0,-0.488315889673355,5,26.221336361838,25.0040917561953,2.0591002600826,3,28.2804366219206,31.2804366219206,25.1588397365039,"Failure: extra reporting shock",31.2804366219206,"Random forest",25.3812071084584,6.12159688541669,5.89922951346223,2.0591002600826,3,4.06249662533409,3.84012925337963,26.221336361838
695,2020,"South and Islands",12049,9.39672706625067,88.2984795576078,24.2780276627916,1248.05149431877,7.12933880955151,21.4834686992276,521.576247372564,1,-0.358932701368055,5,27.5782950307267,26.5289409435879,1.90707415158854,3,29.4853691823153,32.4853691823153,26.2297898548849,"Failure: extra reporting shock",32.4853691823153,"Random forest",26.6040809359944,6.25557932743035,5.88128824632086,1.90707415158854,3,4.34850517584182,3.97421409473232,27.5782950307267
696,2020,"North East",2780,7.93030122659393,62.8896775445171,28.8353075613865,80.9962012103354,4.39440225493483,28.3876595310382,818.566893525411,0,1.03128274461446,5,31.1370461823985,31.0454490700452,10.8916682986607,0,42.0287144810592,42.0287144810592,29.7072439305808,"Failure: extra reporting shock",42.0287144810592,"Random forest",30.2475638541052,12.3214705504784,11.781150626954,10.8916682986607,0,1.42980225181769,0.889482328293312,31.1370461823985
697,2020,"Center",10638,9.27220812841873,85.9738435767144,27.8012864694807,112.647182827241,4.72426065837416,30.7620441565579,855.224401983278,1,-0.637190165217007,5,28.5034625935166,28.4755025005841,5.94413290233745,1,34.447595495854,35.447595495854,28.4642024228115,"Failure: extra reporting shock",35.447595495854,"Random forest",28.9128083771082,6.98339307304254,6.53478711874583,5.94413290233745,1,1.03926017070509,0.590654216408379,28.5034625935166
698,2020,"North West",2371,7.7710142434696,60.3886623722074,22.0905283262411,78.131853067569,4.35839782347434,30.8769995595546,682.089233399673,0,-0.259193689268047,5,25.5770540513633,28.5659813223767,16.3239963847909,0,41.9010504361542,41.9010504361542,27.0851541588115,"Failure: extra reporting shock",41.9010504361542,"Random forest",27.9831693962378,14.8158962773427,13.9178810399164,16.3239963847909,0,-1.50810010744817,-2.40611534487448,25.5770540513633
699,2020,"North West",2287,7.73509021533203,59.8316206393254,21.2989672859589,149.874638326162,5.00979920017487,24.963339420248,531.69334966015,1,1.12295932187615,5,27.7088934340783,27.7112699463726,15.8229684606084,0,43.5318618946867,43.5318618946867,28.0456143821115,"Failure: extra reporting shock",43.5318618946867,"Random forest",27.9430159624391,15.4862475125752,15.5888459322476,15.8229684606084,0,-0.336720948033204,-0.234122528360786,27.7088934340783
700,2020,"North East",3842,8.25374640551646,68.1243297265759,24.1965655077682,121.374971980842,4.79888469576361,26.9648004325005,652.455560068896,0,0.042592153503761,5,28.8012532588061,27.338795254276,10.2818065358651,0,39.0830597946712,39.0830597946712,27.2665680769771,"Failure: extra reporting shock",39.0830597946712,"Random forest",27.1891060306861,11.8164917176942,11.8939537639851,10.2818065358651,0,1.53468518182909,1.61214722812007,28.8012532588061
701,2020,"Center",6177,8.72861969886296,76.1888018473784,23.9435159182713,178.866243621103,5.18663828417583,12,287.322191019256,0,-0.180222294643793,5,25.6353394485114,26.3916157986582,4.20643505074538,1,29.8417744992568,30.8417744992568,26.0947494862963,"Failure: extra reporting shock",30.8417744992568,"Random forest",26.0611523760607,4.74702501296055,4.78062212319615,4.20643505074538,1,0.54058996221517,0.574187072450771,25.6353394485114
702,2020,"South and Islands",1031,6.9386215124948,48.1444684936557,15.637515096681,224.265578643793,5.41283096850945,24.4933230523854,383.01470899956,0,0.131391995580941,5,22.2359893046261,24.769980179438,1.16730757403741,3,23.4032968786635,26.4032968786635,22.7945457040136,"Failure: extra reporting shock",26.4032968786635,"Random forest",23.7442754726225,3.60875117464991,2.65902140604093,1.16730757403741,3,2.44144360061249,1.49171383200352,22.2359893046261
703,2020,"North East",809,6.69556642769457,44.8306097876707,24.3910036732036,67.8742629803804,4.21765691971088,34.0209013298939,829.80392930314,0,-0.617843614084984,5,26.7821198478183,26.5462250937694,10.7971217968805,0,37.5792416446988,37.5792416446988,26.6259134813156,"Failure: extra reporting shock",37.5792416446988,"Random forest",26.7758297969898,10.9533281633832,10.803411847709,10.7971217968805,0,0.156206366502735,0.00629005082848799,26.7821198478183
704,2020,"North East",1929,7.5649155204233,57.2279468311413,22.2570296534157,198.442859310691,5.29050119627225,27.9687740423174,622.501833229542,1,0.0201107733571241,5,28.0625244417131,27.6426198732453,10.1387357445735,0,38.2012601862865,38.2012601862865,27.3966306790707,"Failure: extra reporting shock",38.2012601862865,"Random forest",27.8413295667536,10.8046295072158,10.359930619533,10.1387357445735,0,0.665893762642327,0.22119487495948,28.0625244417131
705,2020,"South and Islands",1707,7.44222200675892,55.3866683978867,26.0641506057923,66.0358810584512,4.19019824670177,16.3062976522917,425.009797832207,1,0.537121372670979,5,28.0958065051851,26.8726500259074,1.7411457020331,3,29.8369522072182,32.8369522072182,26.5485268905276,"Failure: extra reporting shock",32.8369522072182,"Random forest",27.0785874554615,6.28842531669061,5.75836475175671,1.7411457020331,3,4.54727961465751,4.01721904972361,28.0958065051851
706,2020,"South and Islands",1517,7.32456524776483,53.6492560687642,19.6871307487675,469.545962221128,6.15176618996145,16.1431610337102,317.812521969061,1,1.95719677652269,5,27.8980623237019,27.4220492920532,1.02825395445967,3,28.9263162781615,31.9263162781615,26.8109341304481,"Failure: extra reporting shock",31.9263162781615,"Random forest",26.7163678647322,5.11538214771349,5.20994841342938,1.02825395445967,3,4.08712819325382,4.18169445896971,27.8980623237019
707,2020,"South and Islands",600,5.7475005148309,33.0337621679815,16.5066752283387,125.171349804154,4.8296835970491,12.4651739091546,205.758577383176,0,-0.532883324860282,5,20.9197108678138,22.4917061658919,0.420944748493612,3,21.3406556163074,24.3406556163074,20.665615037741,"Failure: extra reporting shock",24.3406556163074,"Random forest",21.8580237895097,3.6750405785664,2.48263182679774,0.420944748493612,3,3.25409583007279,2.06168707830412,20.9197108678138
708,2020,"North West",1712,7.44531026741433,55.4326449780653,20.5514886418923,887.169223027452,6.78803574542932,33.7032358380963,692.651668521652,0,-0.276897840470681,5,28.0329809191286,27.7216297736066,16.3525385590104,0,44.385519478139,44.385519478139,27.7193303660132,"Failure: extra reporting shock",44.385519478139,"Random forest",27.8108239681852,16.6661891121258,16.5746955099537,16.3525385590104,0,0.313650553115366,0.222156950943308,28.0329809191286
709,2020,"North East",6088,8.71400610442444,75.9339023879464,15.580111748233,57.4782473496124,4.05140656926391,30.7541804883489,479.153568733803,1,0.508291522575854,5,24.2714511705584,24.5186145748432,9.59925322622558,0,33.870704396784,33.870704396784,24.6090130963156,"Failure: extra reporting shock",33.870704396784,"Random forest",24.4898171505745,9.2616913004684,9.38088724620947,9.59925322622558,0,-0.337561925757186,-0.218365980016117,24.2714511705584
710,2020,"North West",16683,9.72217132859117,94.5206153424802,20.9118070541381,149.324443345157,5.006121410804,26.2322490440035,548.563730604302,1,1.56178140058896,5,29.832761033934,29.3150951381185,15.869204508771,0,45.701965542705,45.701965542705,28.8386627538769,"Failure: extra reporting shock",45.701965542705,"Random forest",28.7954829112444,16.863302788828,16.9064826314606,15.869204508771,0,0.994098280057059,1.03727812268964,29.832761033934
711,2020,"South and Islands",2450,7.80373582816956,60.8982928758573,24.9135498434248,132.65568584638,4.88775694318854,19.3935527868155,483.162243995418,0,-0.588063147865423,5,26.5616289067353,25.4474213722606,1.83068747758934,3,28.3923163843247,31.3923163843247,25.2438385858493,"Failure: extra reporting shock",31.3923163843247,"Random forest",25.9607990992234,6.14847779847535,5.43151728510131,1.83068747758934,3,4.31779032088601,3.60082980751197,26.5616289067353
712,2020,"North East",5253,8.56648130308267,73.3846019160651,25.0791048382796,73.3110753254328,4.2947116933237,19.6180618504624,492.003429871601,1,1.38651986396088,5,28.8315824468408,28.6244766200301,9.86461416147866,0,38.6961966083194,38.6961966083194,28.2854419660823,"Failure: extra reporting shock",38.6961966083194,"Random forest",28.4561150847151,10.4107546422371,10.2400815236043,9.86461416147866,0,0.546140480758417,0.375467362125686,28.8315824468408
713,2020,"Center",5595,8.62961705016215,74.4702904324492,26.1536192355367,169.164052812357,5.13086897077294,24.8323831028772,649.456692383626,0,-1.89400506806033,5,27.1737419266039,25.7945678980328,5.34781323284597,1,32.5215551594499,33.5215551594499,25.96942195603,"Failure: extra reporting shock",33.5215551594499,"Random forest",26.1967787910879,7.5521332034199,7.32477636836193,5.34781323284597,1,2.20431997057392,1.97696313551596,27.1737419266039
714,2020,"North West",5358,8.58637908138808,73.7259057292989,22.9892023065276,702.58995787664,6.55477344692662,24.2218357115532,556.840681408372,1,1.53465267264406,5,31.4837851027717,31.6577550510833,15.9569890532623,0,47.440774156034,47.440774156034,31.1432455871799,"Failure: extra reporting shock",47.440774156034,"Random forest",30.9790068835008,16.2975285688541,16.4617672725332,15.9569890532623,0,0.340539515591768,0.504778219270953,31.4837851027717
715,2020,"North East",3058,8.0255598913952,64.4096115703714,23.0198634477665,55.2632875877031,4.01210881080748,29.5469914990917,680.167709601409,1,-1.00626296483463,5,26.9816343341473,24.742457365881,10.3331226839263,0,37.3147570180736,37.3147570180736,25.0839599517573,"Failure: extra reporting shock",37.3147570180736,"Random forest",25.6241310388556,12.2307970663163,11.690625979218,10.3331226839263,0,1.89767438239008,1.35750329529175,26.9816343341473
716,2020,"North West",2394,7.78051629275369,60.5364337818057,22.751908207841,659.128765802568,6.49091891117028,26.9360909681115,612.847469184527,1,-0.467751861982764,5,30.3102235741782,28.5158615902111,16.1208845703658,0,46.4311081445441,46.4311081445441,28.4477695619664,"Failure: extra reporting shock",46.4311081445441,"Random forest",28.7673048073864,17.9833385825777,17.6638033371577,16.1208845703658,0,1.86245401221183,1.54291876679183,30.3102235741782
717,2020,"South and Islands",2090,7.64477517763069,58.4425875165184,19.7900995001089,233.398616062326,5.45274779036755,20.61032143016,407.880311832094,0,0.0684040945014804,5,24.9927196520374,24.0736511615828,1.35228174485871,3,26.3450013968961,29.3450013968961,24.0773930211759,"Failure: extra reporting shock",29.3450013968961,"Random forest",24.1952260198539,5.26760837572022,5.14977537704218,1.35228174485871,3,3.91532663086151,3.79749363218346,24.9927196520374
718,2020,"North West",14160,9.55819078624191,91.3590111061998,20.318762339759,996.646379240014,6.90439602223187,28.4392306983252,577.849969684849,1,-1.00344916825411,5,27.8613494884504,26.5217163568482,15.9584583059918,0,43.8198077944422,43.8198077944422,27.0595395434302,"Failure: extra reporting shock",43.8198077944422,"Random forest",27.4345209228843,16.760268251012,16.3852868715579,15.9584583059918,0,0.801809945020198,0.426828565566082,27.8613494884504
719,2020,"North West",4576,8.42851717098918,71.0399017016595,24.9406387893619,125.193929665124,4.82986397238772,25.6628654975386,640.048258674087,0,-0.88805975852164,5,28.3225816286244,29.0022498671609,16.272519151393,0,44.5951007800174,44.5951007800174,27.5636955512424,"Failure: extra reporting shock",44.5951007800174,"Random forest",28.6114361047957,17.031405228775,15.9836646752218,16.272519151393,0,0.758886077381963,-0.288854476171277,28.3225816286244
720,2020,"Center",867,6.76555935123271,45.7727933350523,16.437801939374,471.434759388763,6.15578072428928,20.3389271175093,334.327255616981,0,-0.371489706807686,5,23.9385167852236,24.040139158765,3.96453141129232,1,27.9030481965159,28.9030481965159,23.7478875084013,"Failure: extra reporting shock",28.9030481965159,"Random forest",24.2256133326043,5.15516068811458,4.67743486391156,3.96453141129232,1,1.19062927682225,0.712903452619236,23.9385167852236
721,2020,"Center",4552,8.42327775853215,70.9516081973825,20.9165295127053,134.364204269691,4.9005540553359,21.4768059858982,449.220246242686,0,-0.15255327106311,5,26.2819178957067,25.9822981247063,4.53684296514599,1,30.8187608608527,31.8187608608527,24.177399587066,"Failure: extra reporting shock",31.8187608608527,"Random forest",26.0253598955333,7.64136127378669,5.79340096531937,4.53684296514599,1,3.1045183086407,1.25655800017338,26.2819178957067
722,2020,"North East",2746,7.9179831438748,62.6944570666855,30.4071307316633,520.943315160529,6.25564123575845,31.7628089070937,965.815882842836,0,-0.472133152570704,5,29.8493498237016,30.9332922760008,11.300829303715,0,41.1501791274166,41.1501791274166,29.6295577866504,"Failure: extra reporting shock",41.1501791274166,"Random forest",30.7371314381548,11.5206213407662,10.4130476892618,11.300829303715,0,0.219792037051176,-0.887781614453244,29.8493498237016
723,2020,"South and Islands",600,5.41140839822038,29.28334085233,22.4461981084394,139.354560610404,4.93702148113123,18.4556631471046,414.259471222535,1,-0.357823189407207,5,26.6331901869813,24.9441723828912,1.49362651196119,3,28.1268166989425,31.1268166989425,25.0722918038054,"Failure: extra reporting shock",31.1268166989425,"Random forest",25.2207394878908,6.05452489513703,5.90607721105162,1.49362651196119,3,4.56089838317584,4.41245069909043,26.6331901869813
724,2020,"Center",1224,7.10978121079994,50.5489888654438,25.6269570943472,88.655380108765,4.48475672000486,24.4279647534891,626.014404639889,1,0.104036284322571,5,27.6748452511493,27.7761351611068,5.26157111285795,1,32.9364163640072,33.9364163640072,27.7683569611782,"Failure: extra reporting shock",33.9364163640072,"Random forest",27.7892663020717,6.168059402829,6.14715006193552,5.26157111285795,1,0.906488289971048,0.885578949077567,27.6748452511493
725,2020,"Center",4389,8.38692526907902,70.3405154691163,26.0002995133501,233.591704052079,5.45357473684776,25.7723217515783,670.088084695464,1,0.641699236668088,5,28.1666445303977,28.7503232873178,5.39674376881453,1,33.5633882992123,34.5633882992123,28.535127209428,"Failure: extra reporting shock",34.5633882992123,"Random forest",28.6398085790243,6.02826108978429,5.92357972018801,5.39674376881453,1,0.631517320969768,0.526835951373479,28.1666445303977
726,2020,"South and Islands",9676,9.17741039226977,84.2248615081412,24.6041621087414,57.4993926571268,4.05177438526277,25.1455305391517,618.684709695596,0,-2.52994350732764,5,24.9968244854798,23.0281722178948,2.1992932694377,3,27.1961177549175,30.1961177549175,23.2919806577688,"Failure: extra reporting shock",30.1961177549175,"Random forest",23.7532202253812,6.90413709714874,6.44289752953635,2.1992932694377,3,4.70484382771103,4.24360426009864,24.9968244854798
727,2020,"Center",2849,7.95466157156787,63.2766407181786,22.5994243729489,212.10328081784,5.35707332971051,13.044107101784,294.789311959414,1,-1.77726989288782,5,24.8323870393934,24.8963659826442,4.13167247788479,1,28.9640595172782,29.9640595172782,24.4758240421747,"Failure: extra reporting shock",29.9640595172782,"Random forest",25.4785547637536,5.48823547510352,4.48550475352454,4.13167247788479,1,1.35656299721873,0.353832275639751,24.8323870393934
728,2020,"North West",3420,8.13729618741612,66.215589241737,26.993034765594,134.730858905953,4.90327915076379,37.79922072814,1020.31567922704,0,0.0394114820815086,5,30.5765533023066,31.2283033665959,17.3478275749207,0,47.9243808772273,47.9243808772273,30.024646643645,"Failure: extra reporting shock",47.9243808772273,"Random forest",31.0555437981217,17.8997342335822,16.8688370791055,17.3478275749207,0,0.551906658661569,-0.478990495815125,30.5765533023066
729,2020,"North West",8524,9.05063884091861,81.9140634287445,18.7277319875744,519.247143825657,6.2523799621646,31.3396202707671,586.920009023281,0,0.159136225632834,5,26.9934985140332,28.6693200060844,15.9864722373224,0,42.9799707513556,42.9799707513556,27.0327451561063,"Failure: extra reporting shock",42.9799707513556,"Random forest",28.4360860315131,15.9472255952493,14.5438847198425,15.9864722373224,0,-0.0392466420730919,-1.44258751747987,26.9934985140332
730,2020,"North East",3292,8.09936180563405,65.5996616585636,23.8953671552881,114.671790770295,4.7420740546571,25.1496271828537,600.959575352904,0,-0.00678570670328844,5,28.3347854982624,25.9615073256336,10.121612589617,0,38.4563980878794,38.4563980878794,26.6696548064993,"Failure: extra reporting shock",38.4563980878794,"Random forest",26.4609382939324,11.7867432813801,11.995459793947,10.121612589617,0,1.66513069176307,1.87384720433005,28.3347854982624
731,2020,"South and Islands",2941,7.98659473890733,63.7856955235422,23.4269667861546,218.579669673299,5.38715056900802,19.0323345561903,445.869869510853,1,2.08954626177427,5,28.4935254044528,30.3623579033999,1.64187806514586,3,30.1354034695986,33.1354034695986,28.2290791895263,"Failure: extra reporting shock",33.1354034695986,"Random forest",28.7272075266106,4.90632428007233,4.40819594298798,1.64187806514586,3,3.26444621492647,2.76631787784212,28.4935254044528
732,2020,"Center",6714,8.81197611345018,77.6509230240166,22.7332513198104,65.4256460064343,4.18091432236722,13.8890832613951,315.744020383068,0,-0.0790857299528126,5,25.2077241483936,24.1103624502767,4.20554177321234,1,29.4132659216059,30.4132659216059,24.8035672827062,"Failure: extra reporting shock",30.4132659216059,"Random forest",24.7251763750468,5.60969863889974,5.68808954655914,4.20554177321234,1,1.4041568656874,1.4825477733468,25.2077241483936
733,2020,"North West",6211,8.73405152091161,76.2836559699384,24.8138180563594,141.581905186239,4.95287838486123,24.2965662659322,602.890574717121,1,1.98920915098646,5,32.0995103162691,30.359927968636,16.1629279245503,0,48.2624382408194,48.2624382408194,30.555769469619,"Failure: extra reporting shock",48.2624382408194,"Random forest",30.2764314238591,17.7066687712004,17.9860068169603,16.1629279245503,0,1.54374084665012,1.82307889240997,32.0995103162691
734,2020,"North East",5591,8.6289274154351,74.4583883408474,31.9959113363705,201.014260016266,5.30337585089713,32.8318761271199,1050.48579757003,1,-1.43833935378551,5,30.3992230131823,31.0529931779343,11.5504298756347,0,41.9496528888169,41.9496528888169,30.5618222398143,"Failure: extra reporting shock",41.9496528888169,"Random forest",31.1855376171143,11.3878306490026,10.7641152717026,11.5504298756347,0,-0.162599226632041,-0.78631460393205,30.3992230131823
735,2020,"Center",4188,8.33989358260882,69.5538249692397,24.9994299400306,230.038352824548,5.4382460464328,13.1614255443822,329.028135807711,1,0.329446058315171,5,27.5189431523149,26.7449719371751,4.40388538124565,1,31.9228285335605,32.9228285335605,27.4128576414068,"Failure: extra reporting shock",32.9228285335605,"Random forest",26.9678693853,5.50997089215374,5.95495914826055,4.40388538124565,1,1.10608551090809,1.5510737670149,27.5189431523149
736,2020,"North West",1807,7.49931193343271,56.2396794749262,30.4966468969128,279.310551968181,5.63232425228825,38.4610885601932,1172.9342370911,0,1.02825678342883,5,33.4171948219348,34.2438044431595,17.7795556576095,0,51.1967504795443,51.1967504795443,32.5395819809964,"Failure: extra reporting shock",51.1967504795443,"Random forest",33.1794417880853,18.6571684985479,18.017308691459,17.7795556576095,0,0.87761284093844,0.237753033849543,33.4171948219348
737,2020,"South and Islands",3206,8.07267362214309,65.1680594096449,22.7043912734581,106.873816940604,4.67164885763406,19.3187882899769,438.621328264736,0,0.181756569808193,5,25.5232756207566,24.6174165011317,1.58244652011431,3,27.1057221408709,30.1057221408709,24.8562588435923,"Failure: extra reporting shock",30.1057221408709,"Random forest",25.0649988002275,5.24946329727863,5.04072334064336,1.58244652011431,3,3.66701677716432,3.45827682052905,25.5232756207566
738,2020,"South and Islands",5616,8.63340359014035,74.5356575502483,23.6606013323644,118.77613664014,4.77724051671897,16.1273581205202,381.582991033897,1,0.39912476818524,5,27.0956050009501,28.1434343696588,1.46422951473202,3,28.5598345156821,31.5598345156821,25.8872435972112,"Failure: extra reporting shock",31.5598345156821,"Random forest",26.9195964890132,5.6725909184709,4.64023802666891,1.46422951473202,3,4.20836140373887,3.17600851193688,27.0956050009501
739,2020,"North East",1255,7.13527288556431,50.9121191514692,26.0918223720315,86.689147104983,4.46232869838461,27.3933078430499,714.741322423234,0,-0.360409755254926,5,27.2152787316214,28.2735719557291,10.5202803096725,0,37.7355590412939,37.7355590412939,27.5494237297958,"Failure: extra reporting shock",37.7355590412939,"Random forest",28.3384185380962,10.1861353114981,9.3971405031977,10.5202803096725,0,-0.334144998174429,-1.12313980647478,27.2152787316214
740,2020,"South and Islands",11248,9.32797541021726,87.0111252536179,18.3862229665094,117.140251532169,4.76337194793753,14.9495619476612,274.865979221343,1,-0.652914694051081,5,24.1060034927533,23.8822701455138,0.801602162387845,3,24.9076056551412,27.9076056551412,22.0793273509495,"Failure: extra reporting shock",27.9076056551412,"Random forest",23.1804046066769,5.82827830419165,4.72720104846421,0.801602162387845,3,5.0266761418038,3.92559888607637,24.1060034927533
741,2020,"North West",1380,7.2298375518543,52.2705510262025,22.3994773019852,424.542895967608,6.05101305121765,31.8048410728965,712.41181570559,0,-0.666560250852499,5,28.6959251711544,26.9610696533294,16.4229296780567,0,45.118854849211,45.118854849211,27.1793227562277,"Failure: extra reporting shock",45.118854849211,"Random forest",27.4169503186614,17.9395320929833,17.7019045305496,16.4229296780567,0,1.51660241492668,1.2789748524929,28.6959251711544
742,2020,"North West",2112,7.65552388774141,58.6070459957794,27.5938610733941,347.046671957899,5.84945927222196,37.2788870437076,1028.66843005482,1,-1.04421850920442,5,31.037591329897,31.0355726073948,17.3774951108684,0,48.4150864407654,48.4150864407654,30.6050466073866,"Failure: extra reporting shock",48.4150864407654,"Random forest",30.8209692914251,17.8100398333788,17.5941171493403,17.3774951108684,0,0.432544722510372,0.216622038471893,31.037591329897
743,2020,"South and Islands",4875,8.49192336797227,72.1127624875135,26.5402448469718,124.618325201283,4.82525566778073,15.9685345852786,423.808817740631,1,1.00466214366415,5,28.3180596770744,27.5835074327744,1.76987265387193,3,30.0879323309463,33.0879323309463,27.7208321475692,"Failure: extra reporting shock",33.0879323309463,"Random forest",28.1488000250033,5.3671001833771,4.93913230594304,1.76987265387193,3,3.59722752950517,3.16925965207111,28.3180596770744
744,2020,"South and Islands",2568,7.8507826800197,61.6347886888972,20.8640673575718,67.0561289977602,4.20553001491267,20.4736964570074,427.164581937481,0,0.928671604571619,5,24.7584068580632,24.5061477411161,1.46085446105895,3,26.2192613191221,29.2192613191221,23.9876525204234,"Failure: extra reporting shock",29.2192613191221,"Random forest",24.5324236361403,5.23160879869874,4.68683768298182,1.46085446105895,3,3.7707543376398,3.22598322192288,24.7584068580632
745,2020,"South and Islands",7655,8.94310921613569,79.9792024517311,23.2216526513419,100.936676587925,4.61449335574085,20.7863187182755,482.692673175881,1,-0.418552597282298,5,25.8051969740016,26.0306890526273,1.74207240166243,3,27.547269375664,30.547269375664,25.3223093140763,"Failure: extra reporting shock",30.547269375664,"Random forest",25.9384129853421,5.22496006158772,4.60885639032189,1.74207240166243,3,3.48288765992529,2.86678398865946,25.8051969740016
746,2020,"North West",4870,8.49078013355857,72.0933472764329,28.783085598388,320.296740081048,5.76924787885819,30.8658119218091,888.413306609174,1,-0.703884260190109,5,31.4557694983292,29.3365576249949,17.0593945500848,0,48.515164048414,48.515164048414,30.1194153208915,"Failure: extra reporting shock",48.515164048414,"Random forest",29.6652000912846,18.3957487275225,18.8499639571294,17.0593945500848,0,1.33635417743762,1.79056940704459,31.4557694983292
747,2020,"North East",2245,7.71650486529137,59.5444473360653,22.613352602908,170.706697585793,5.13994686503416,26.9873049959944,610.273443676643,0,0.352962563939626,5,28.0243244498939,28.1607212639035,10.109228435775,0,38.1335528856689,38.1335528856689,26.8580619193544,"Failure: extra reporting shock",38.1335528856689,"Random forest",27.59296956034,11.2754909663145,10.5405833253289,10.109228435775,0,1.16626253053951,0.431354889553923,28.0243244498939
748,2020,"North West",834,6.72567286879559,45.2346755380531,26.2154829335374,359.150462802455,5.8837414171249,23.5522050807528,617.432430341648,0,0.797625164919989,5,30.6738444834881,30.1632238604066,16.2650057780773,0,46.9388502615654,46.9388502615654,29.6003334211784,"Failure: extra reporting shock",46.9388502615654,"Random forest",29.6653080825612,17.338516840387,17.2735421790043,16.2650057780773,0,1.07351106230965,1.00853640092692,30.6738444834881
749,2020,"North East",11091,9.31391453078797,86.7490038868232,22.3590366070737,68.5921140190317,4.2281775721331,27.0114105393863,603.949117058835,1,-0.566727719223486,5,27.6845247838518,26.5001159733081,10.0829410642707,0,37.7674658481225,37.7674658481225,26.3236903423419,"Failure: extra reporting shock",37.7674658481225,"Random forest",26.6997000116709,11.4437755057805,11.0677658364515,10.0829410642707,0,1.36083444150986,0.98482477218087,27.6845247838518
750,2020,"Center",4431,8.39642902314131,70.5000203406497,31.0922939813247,286.640962150973,5.65823042964392,33.2848036734789,1034.90090092648,0,0.863765692145525,5,31.9295397985568,31.9118907589142,6.48273689482477,1,38.4122766933816,39.4122766933816,30.8185776742482,"Failure: extra reporting shock",39.4122766933816,"Random forest",31.296550697829,8.59369901913339,8.11572599555251,6.48273689482477,1,2.11096212430862,1.63298910072774,31.9295397985568
751,2020,"North East",3956,8.28298194015375,68.6077898209132,22.4186772260129,176.02730138283,5.17063910450141,23.2479428383241,521.188126661187,0,-0.37057247918522,5,25.245128783228,24.4844414079563,9.82605879327964,0,35.0711875765076,35.0711875765076,25.249101386532,"Failure: extra reporting shock",35.0711875765076,"Random forest",25.4272759898108,9.82208618997563,9.64391158669679,9.82605879327964,0,-0.00397260330400862,-0.182147206582849,25.245128783228
752,2020,"South and Islands",4773,8.47067104106293,71.7522678859022,18.9085601999378,197.467200479907,5.28557249702999,20.2411168198835,382.730375902741,1,-0.723047026756012,5,22.3153594360675,24.248252147987,1.22946809912054,3,23.544827535188,26.544827535188,23.1781365777506,"Failure: extra reporting shock",26.544827535188,"Random forest",23.6690778304959,3.36669095743741,2.87574970469211,1.22946809912054,3,2.13722285831687,1.64628160557157,22.3153594360675
753,2020,"South and Islands",3318,8.10704429381416,65.7241671818647,16.8556005696279,250.425183234161,5.52316020619033,17.6214513836115,297.020145979273,1,-2.07369264795943,5,22.1501635812361,22.1280638355072,0.82026595924741,3,22.9704295404835,25.9704295404835,21.0307077757822,"Failure: extra reporting shock",25.9704295404835,"Random forest",22.4272778438185,4.93972176470126,3.54315169666502,0.82026595924741,3,4.11945580545385,2.72288573741761,22.1501635812361
754,2020,"Center",8837,9.08675710792738,82.5691547384689,18.6349790747901,256.984972671935,5.54901761109202,29.015025283648,540.694389015287,1,0.223337207111912,5,26.2145600481279,26.7519944238903,4.81354776781781,1,31.0281078159457,32.0281078159457,25.5858517536491,"Failure: extra reporting shock",32.0281078159457,"Random forest",26.0879456898851,6.44225606229661,5.94016212606059,4.81354776781781,1,1.6287082944788,1.12661435824279,26.2145600481279
755,2020,"Center",10475,9.25671593547573,85.6867899100902,24.4460978694297,352.515713544577,5.8650951986902,21.0813130035052,515.355840899768,1,-0.111111783116082,5,28.2650428487391,25.9801151892223,4.89741097561816,1,33.1624538243572,34.1624538243572,26.8884946930723,"Failure: extra reporting shock",34.1624538243572,"Random forest",26.8318220703145,7.27395913128489,7.33063175404274,4.89741097561816,1,2.37654815566673,2.43322077842459,28.2650428487391
756,2020,"North West",1832,7.5133457509539,56.450364373377,27.1010247796088,57.2230111351742,4.04695611006077,27.1998836191213,737.144719964282,0,0.88131858865764,5,31.0906580177219,30.0203236656458,16.617752878831,0,47.7084108965529,47.7084108965529,29.9543965815534,"Failure: extra reporting shock",47.7084108965529,"Random forest",30.162414202571,17.7540143149995,17.5459966939819,16.617752878831,0,1.13626143616846,0.92824381515095,31.0906580177219
757,2020,"North West",3125,8.04706480905748,64.7552520411713,32.5740951421989,41.8345799855104,3.73372326991015,18.259355548859,594.78198488377,0,1.13549039432754,5,30.9826385959894,29.8364924182845,16.5939536537975,0,47.5765922497869,47.5765922497869,30.5999562466828,"Failure: extra reporting shock",47.5765922497869,"Random forest",30.4414689014966,16.9766360031041,17.1351233482903,16.5939536537975,0,0.382682349306602,0.541169694492766,30.9826385959894
758,2020,"Center",3543,8.17286987258296,66.7958019541743,22.1681515164661,199.582482869355,5.29622759885055,23.4790994639277,520.488234386527,0,-1.21662154128526,5,25.66006702454,25.6544316417397,4.81468192902174,1,30.4747489535617,31.4747489535617,24.5776059488404,"Failure: extra reporting shock",31.4747489535617,"Random forest",25.7592726428947,6.89714300472134,5.71547631066705,4.81468192902174,1,2.0824610756996,0.900794381645307,25.66006702454
759,2020,"North West",4624,8.43903722612896,71.2173493039904,29.9616748166339,189.207898097053,5.2428464004455,29.0609597912034,870.715027123308,0,-0.294736931172028,5,30.5771035413364,29.8016714867893,17.0626997149495,0,47.6398032562859,47.6398032562859,29.9776909239727,"Failure: extra reporting shock",47.6398032562859,"Random forest",30.2381241418126,17.6621123323132,17.4016791144733,17.0626997149495,0,0.599412617363726,0.338979399523822,30.5771035413364
760,2020,"North East",1139,7.03752735439501,49.5267912638581,25.5168226889179,238.654706785735,5.47501776580397,27.9937612709574,714.311842746917,0,-0.237257285590228,5,29.5209632166023,28.5093332697886,10.4990620844835,0,40.0200253010858,40.0200253010858,28.0740770491069,"Failure: extra reporting shock",40.0200253010858,"Random forest",28.5503173177413,11.9459482519789,11.4697079833445,10.4990620844835,0,1.44688616749536,0.970645898860944,29.5209632166023
761,2020,"Center",2429,7.79510844458994,60.7637156629173,24.7808861212081,124.924270396319,4.82770771687956,17.8345468758341,441.955875153392,1,-0.540621878101564,5,23.8248403863968,27.687132541334,4.70696405437681,1,28.5318044407736,29.5318044407736,26.7636964381586,"Failure: extra reporting shock",29.5318044407736,"Random forest",27.687584955237,2.76810800261507,1.84421948553658,4.70696405437681,1,-1.93885605176174,-2.86274456884023,23.8248403863968
762,2020,"South and Islands",10381,9.24770469423618,85.5200421117978,24.0834810974001,1467.03194390917,7.29099655289512,23.4868658785403,565.645490422997,1,-2.07473890801781,5,25.1606288270089,26.4226825821273,2.02591183194737,3,27.1865406589562,30.1865406589562,24.6458919330641,"Failure: extra reporting shock",30.1865406589562,"Random forest",26.7890409572332,5.54064872589214,3.39749970172308,2.02591183194737,3,3.51473689394477,1.37158786977571,25.1606288270089
763,2020,"South and Islands",2268,7.72643780359854,59.6978411328766,20.0766121637032,94.18825064308,4.54529544602269,14.0877959993413,282.835216520145,0,0.381847222486569,5,25.2705885528582,23.3615614963091,0.927221357696779,3,26.1978099105549,29.1978099105549,23.4033646922747,"Failure: extra reporting shock",29.1978099105549,"Random forest",23.6906617600919,5.79444521828021,5.50714815046304,0.927221357696779,3,4.86722386058343,4.57992679276626,25.2705885528582
764,2020,"North West",4170,8.33565511480177,69.4831461929209,30.2954878724734,404.412474073695,6.00243533255015,39.1878064830526,1187.21371605615,1,1.66265920335774,5,33.4952375734004,32.3035041777847,17.8082984195213,0,51.3035359929217,51.3035359929217,33.2829550501179,"Failure: extra reporting shock",51.3035359929217,"Random forest",33.1781963444641,18.0205809428039,18.1253396484576,17.8082984195213,0,0.212282523282582,0.317041228936354,33.4952375734004
765,2020,"North East",10428,9.25227830945928,85.6046539156907,25.3694477431049,93.7093372346382,4.54019783459592,32.2840032411665,819.027333165005,0,0.171821414389516,5,27.7616264646244,27.1138048768554,10.7831677783587,0,38.5447942429832,38.5447942429832,27.771774887572,"Failure: extra reporting shock",38.5447942429832,"Random forest",28.0564830493477,10.7730193554111,10.4883111936355,10.7831677783587,0,-0.0101484229476227,-0.294856584723277,27.7616264646244
766,2020,"South and Islands",4959,8.50890658529779,72.4014912773241,20.8842892153322,67.7892402484082,4.21640348395137,26.3043458460446,549.347566268917,0,-0.502724455898691,5,23.7972287027786,22.4214384368912,1.87122432264519,3,25.6684530254238,28.6684530254238,22.9149638622827,"Failure: extra reporting shock",28.6684530254238,"Random forest",23.5686107984154,5.75348916314112,5.0998422270084,1.87122432264519,3,3.88226484049593,3.22861790436321,23.7972287027786
767,2020,"Center",2810,7.94111624809157,63.061327265704,24.719324652168,140.337148610867,4.94404773189554,26.1787394000328,647.120758213914,0,-0.958063329812528,5,26.7274317211326,24.6741835320759,5.28428576947631,1,32.0117174906089,33.0117174906089,25.6419201943386,"Failure: extra reporting shock",33.0117174906089,"Random forest",25.8738372077886,7.36979729627023,7.1378802828203,5.28428576947631,1,2.08551152679392,1.85359451334399,26.7274317211326
768,2020,"North West",2207,7.69953141202405,59.2827839647451,23.8687049053961,373.392207704871,5.92262936239729,20.2191059028514,482.603872246112,0,-0.0334353261050242,5,28.2939446116279,28.2767107968354,15.7735432525287,0,44.0674878641566,44.0674878641566,27.4018748927833,"Failure: extra reporting shock",44.0674878641566,"Random forest",27.7501031525687,16.6656129713733,16.3173847115879,15.7735432525287,0,0.892069718844594,0.543841459059189,28.2939446116279
769,2020,"South and Islands",1866,7.53130329973007,56.720529392525,22.0367821054432,72.507741067883,4.28369332951087,25.369580665114,559.063921223581,1,-1.50217943808145,5,23.9806712598217,25.0214555681986,1.93256497789226,3,25.913236237714,28.913236237714,23.2897871280539,"Failure: extra reporting shock",28.913236237714,"Random forest",24.9295504809712,5.62344910966001,3.98368575674271,1.93256497789226,3,3.69088413176775,2.05112077885045,23.9806712598217
770,2020,"North West",7325,8.89899345009616,79.1920844248543,20.6619439246155,65.8557902157989,4.18746735470783,25.463782318058,526.131242364329,0,0.649199324678758,5,27.2415559183385,26.102386442794,15.7879268937073,0,43.0294828120458,43.0294828120458,26.5922221988004,"Failure: extra reporting shock",43.0294828120458,"Random forest",26.5926239681783,16.4372606132454,16.4368588438675,15.7879268937073,0,0.649333719538124,0.648931950160204,27.2415559183385
771,2020,"South and Islands",715,6.57297023776825,43.2039377465872,21.2270303727638,360.594855915905,5.88775504532056,28.1666091320488,597.893467543768,0,-0.723052163061061,5,25.8237712666881,25.0627617181106,2.03928427998297,3,27.8630555466711,30.8630555466711,24.7923038078162,"Failure: extra reporting shock",30.8630555466711,"Random forest",24.9763525921763,6.07075173885481,5.88670295449478,2.03928427998297,3,4.03146745887184,3.84741867451181,25.8237712666881
772,2020,"Center",13258,9.49237251156334,90.1051358982833,31.0075388591415,101.249399008642,4.61758677025191,22.854566123791,708.663847192269,1,1.0268641325738,5,32.2132013242414,32.0332843393173,5.74329720290647,1,37.9564985271479,38.9564985271479,30.8991990218492,"Failure: extra reporting shock",38.9564985271479,"Random forest",31.4134010592628,8.05729950529867,7.5430974678851,5.74329720290647,1,2.3140023023922,1.79980026497863,32.2132013242414
773,2020,"South and Islands",3675,8.20928928718205,67.392430600642,26.497484357789,138.551774669311,4.93124408009965,26.500768154167,702.203689634433,1,0.448320236229028,5,28.2454579408335,28.0223220268423,2.50242534988401,3,30.7478832907175,33.7478832907175,27.2732997388593,"Failure: extra reporting shock",33.7478832907175,"Random forest",27.7573069100061,6.47458355185817,5.99057638071143,2.50242534988401,3,3.97215820197416,3.48815103082741,28.2454579408335
774,2020,"North East",4670,8.44899515466924,71.3855191236244,27.5299059296492,638.661605565946,6.45937474535209,31.080549994747,855.644617597143,0,1.36784709501673,5,32.064056829602,30.5423216754158,10.9365764516292,0,43.0006332812313,43.0006332812313,30.9374036773873,"Failure: extra reporting shock",43.0006332812313,"Random forest",30.9281641496238,12.063229603844,12.0724691316075,10.9365764516292,0,1.12665315221475,1.13589267997824,32.064056829602
775,2020,"North East",2348,7.76125562172841,60.2370888258108,24.7491499987835,176.341052180126,5.17241991641054,27.9237034509373,691.087925228796,0,-0.786199334231036,5,27.4295804469496,25.648251129731,10.4097140411673,0,37.8392944881169,37.8392944881169,26.6718544367295,"Failure: extra reporting shock",37.8392944881169,"Random forest",26.7603222386813,11.1674400513874,11.0789722494356,10.4097140411673,0,0.757726010220052,0.669258208268291,27.4295804469496
776,2020,"Center",3300,8.10157911247786,65.6355841157375,24.8967404598977,115.371152551969,4.74815434493843,23.9311816185747,595.808417656328,0,0.523157808379569,5,27.8561937200735,27.5678750938692,5.14647246362451,1,33.002666183698,34.002666183698,27.1235008986986,"Failure: extra reporting shock",34.002666183698,"Random forest",26.7284447220985,6.87916528499944,7.27422146159953,5.14647246362451,1,1.73269282137493,2.12774899797502,27.8561937200735
777,2020,"Center",1313,7.18035679056505,51.5575236398136,16.1864992062681,210.90455319178,5.35140567659156,22.2217277429276,359.691978472803,0,-1.34797738717584,5,22.3236907933276,21.6701873496493,4.06868415442995,1,26.3923749477575,27.3923749477575,21.7205262730962,"Failure: extra reporting shock",27.3923749477575,"Random forest",22.4310698134981,5.67184867466138,4.96130513425947,4.06868415442995,1,1.60316452023143,0.892620979829519,22.3236907933276
778,2020,"Center",876,6.77526657204532,45.9042371222747,23.0341489913654,53.2068878719069,3.97418785924336,23.3725220718559,538.366155707104,0,-0.248048447483347,5,26.496621116103,24.981387209853,4.90248123381563,1,31.3991023499186,32.3991023499186,25.4415004552738,"Failure: extra reporting shock",32.3991023499186,"Random forest",25.1285138491696,6.95760189464485,7.27058850074906,4.90248123381563,1,2.05512066082922,2.36810726693342,26.496621116103
779,2020,"North East",3272,8.09325686987248,65.5008067617381,33.889402400401,222.321130959368,5.40412287250015,23.8932671040902,809.728543550777,1,0.071240996350188,5,31.0731590247199,31.8854161421127,11.133011261066,0,42.2061702857859,42.2061702857859,31.7372409335433,"Failure: extra reporting shock",42.2061702857859,"Random forest",31.6094285326008,10.4689293522426,10.5967417531851,11.133011261066,0,-0.664081908823341,-0.536269507880849,31.0731590247199
780,2020,"South and Islands",2849,7.95464276134958,63.2763414606913,24.1229458689613,142.087643441188,4.95644407453946,20.1890691395705,487.019821998576,0,-0.116913293278337,5,26.2105758498597,26.2388657837778,1.79940718509121,3,28.0099830349509,31.0099830349509,25.502215408108,"Failure: extra reporting shock",31.0099830349509,"Random forest",25.8413928283066,5.50776762684288,5.16859020664431,1.79940718509121,3,3.70836044175167,3.3691830215531,26.2105758498597
781,2020,"Center",1249,7.12983980098854,50.8346155877604,20.3096286563319,60.338614468685,4.0999722713971,25.0324559851216,508.399885413794,1,0.769779267498416,5,26.2942524741451,25.6928037978926,4.71897937089056,1,31.0132318450357,32.0132318450357,25.7324308116773,"Failure: extra reporting shock",32.0132318450357,"Random forest",25.5568937231851,6.28080103335838,6.45633812185055,4.71897937089056,1,1.56182166246783,1.73735875096,26.2942524741451
782,2020,"Center",834,6.7265230238661,45.2461119906007,27.9422384324327,199.576910110571,5.29619967637706,26.8586779098919,750.491582138112,0,-0.90469793334856,5,27.0008849912575,27.9576073459165,5.68640198099556,1,32.6872869722531,33.6872869722531,27.0316181769594,"Failure: extra reporting shock",33.6872869722531,"Random forest",28.0506388461054,6.65566879529364,5.63664812614772,5.68640198099556,1,0.969266814298082,-0.0497538548478351,27.0008849912575
783,2020,"South and Islands",8892,9.09291869098108,82.6811703207931,20.8921860347294,675.011898848016,6.51473031864015,22.4652001255007,469.347140329389,1,0.845834918973304,5,27.2241435904548,25.2635817045459,1.60335277234082,3,28.8274963627956,31.8274963627956,25.7598835330906,"Failure: extra reporting shock",31.8274963627956,"Random forest",25.9122915176868,6.06761282970499,5.9152048451088,1.60335277234082,3,4.46426005736417,4.31185207276798,27.2241435904548
784,2020,"North West",7199,8.88176588523941,78.8857652402026,22.8110509944647,350.412951753833,5.85911232114692,28.630472851859,653.091176219393,0,1.22005205931433,5,28.59968605635,27.7749915684604,16.2459970087568,0,44.8456830651068,44.8456830651068,28.4427838887185,"Failure: extra reporting shock",44.8456830651068,"Random forest",28.3123098814605,16.4028991763883,16.5333731836463,16.2459970087568,0,0.156902167631475,0.287376174889481,28.59968605635
785,2020,"North East",6148,8.72391862689084,76.1067562086129,17.8917406184175,195.375210870101,5.2749218680506,22.7975472126764,407.887801465332,0,0.978804490413871,5,25.0763350366749,25.129981166675,9.2965680726488,0,34.3729031093237,34.3729031093237,25.0520978741113,"Failure: extra reporting shock",34.3729031093237,"Random forest",25.0836162232916,9.32080523521238,9.28928688603204,9.2965680726488,0,0.0242371625635815,-0.00728118661676369,25.0763350366749
786,2020,"South and Islands",1824,7.50897203056,56.3846609557324,24.529344202307,108.207714448871,4.68405266191951,16.8234422520346,412.668005667791,0,0.659030468295578,5,26.3018242986305,25.7700151895732,1.60851711963172,3,27.9103414182622,30.9103414182622,25.8977662711718,"Failure: extra reporting shock",30.9103414182622,"Random forest",25.7703520119052,5.01257514709041,5.13998940635701,1.60851711963172,3,3.40405802745868,3.53147228672529,26.3018242986305
787,2020,"South and Islands",8360,9.031208961738,81.5627353105768,22.4603594700025,112.276334000485,4.7209631004484,26.6459099433363,598.476715732645,1,1.11817442311321,5,29.4940455958256,26.9844487395152,2.06850153746934,3,31.5625471332949,34.5625471332949,26.4747205005006,"Failure: extra reporting shock",34.5625471332949,"Random forest",27.1891642197468,8.08782663279436,7.37338291354812,2.06850153746934,3,6.01932509532502,5.30488137607878,29.4940455958256
788,2020,"South and Islands",1042,6.94928896084724,48.2926170613533,22.4736278325799,239.951466362618,5.48043667940297,17.9792605788239,404.059210953463,0,2.08688855157982,5,28.2129624644583,26.9227054360579,1.46329560183699,3,29.6762580662953,32.6762580662953,27.0152323004677,"Failure: extra reporting shock",32.6762580662953,"Random forest",26.9918841391638,5.66102576582757,5.68437392713146,1.46329560183699,3,4.19773016399058,4.22107832529447,28.2129624644583
789,2020,"North East",2091,7.64536132042039,58.4515497197802,25.9810267926234,346.970476656372,5.84923969464528,29.4318512032783,764.669714668878,0,0.0996411812435653,5,29.1829051416781,29.0861070778758,10.6507908311536,0,39.8336959728316,39.8336959728316,27.7692390059717,"Failure: extra reporting shock",39.8336959728316,"Random forest",28.8840778307819,12.06445696686,10.9496181420497,10.6507908311536,0,1.41366613570638,0.298827310896144,29.1829051416781
790,2020,"North East",1400,7.24457174035811,52.4838197011953,26.2313522656041,89.6405772109179,4.49580808812348,28.9375932043042,759.072201060855,0,-0.239309550127693,5,27.4017220392082,29.507878621858,10.6437285732533,0,38.0454506124614,38.0454506124614,27.8243209330353,"Failure: extra reporting shock",38.0454506124614,"Random forest",29.0129095203085,10.2211296794261,9.03254109215289,10.6437285732533,0,-0.422598893827182,-1.61118748110039,27.4017220392082
791,2020,"North West",8392,9.03498545456024,81.6309621641151,22.6103177580474,999.823520887102,6.90757878429497,25.5883596292733,578.560942125061,1,0.171527940957398,5,30.669795105972,29.5326236425373,16.0109684271699,0,46.6807635331419,46.6807635331419,28.3775288302325,"Failure: extra reporting shock",46.6807635331419,"Random forest",29.673681487662,18.3032347029094,17.0070820454799,16.0109684271699,0,2.29226627573953,0.996113618310012,30.669795105972
792,2020,"North West",2317,7.74800095732543,60.0315188347157,26.2432117109504,347.640364329085,5.85116850957551,32.0264390877682,840.476621328158,1,0.467339815125135,5,31.608138045479,29.8885311816209,16.8612523240838,0,48.4693903695629,48.4693903695629,30.0148393561039,"Failure: extra reporting shock",48.4693903695629,"Random forest",30.4661331210187,18.4545510134589,18.0032572485442,16.8612523240838,0,1.59329868937509,1.14200492446034,31.608138045479
793,2020,"North West",4562,8.42559491809219,70.990649723781,24.964874774459,207.317388752009,5.33425089798852,25.8976607742582,646.531858180775,0,-1.02669587787141,5,26.523759962046,26.7266704235689,16.2916207791241,0,42.81538074117,42.81538074117,27.1652907040182,"Failure: extra reporting shock",42.81538074117,"Random forest",27.8133975104161,15.6500900371518,15.001983230754,16.2916207791241,0,-0.641530741972254,-1.28963754837015,26.523759962046
794,2020,"North East",3018,8.01238456817985,64.1983064684067,21.4049484942458,142.891722603677,4.9620871588612,23.888318436229,511.328225741624,1,-0.742554982772216,5,26.5099320390976,27.1903162754756,9.7593749246386,0,36.2693069637362,36.2693069637362,26.1254818347091,"Failure: extra reporting shock",36.2693069637362,"Random forest",26.7665845171719,10.1438251290271,9.50272244656428,9.7593749246386,0,0.384450204388465,-0.256652478074315,26.5099320390976
795,2020,"North East",600,5.8731757075524,34.4941928917836,22.2817106082087,196.805806097426,5.28221748671053,28.9363800320348,644.752045922949,0,-0.287219299287345,5,27.1967966324723,26.7008737944993,10.2091830688809,0,37.4059797013532,37.4059797013532,26.6501179281499,"Failure: extra reporting shock",37.4059797013532,"Random forest",27.0539998035192,10.7558617732033,10.3519798978341,10.2091830688809,0,0.546678704322384,0.142796828953143,27.1967966324723
796,2020,"Center",2100,7.64982209407751,58.5197780710365,20.2929746484587,59.0155489371979,4.07780095049325,24.8034417120072,503.335613856287,1,-2.00116654413653,5,23.9618241299681,23.3219262562739,4.7011164309065,1,28.6629405608746,29.6629405608746,22.3098487363025,"Failure: extra reporting shock",29.6629405608746,"Random forest",23.7175879530047,7.35309182457216,5.94535260786994,4.7011164309065,1,2.65197539366566,1.24423617696344,23.9618241299681
797,2020,"North East",11084,9.31328086646449,86.7372004976536,22.1614630141046,83.7189001060036,4.42746475972279,26.7665978232904,593.186967674264,0,-1.7153620728849,5,24.9905192829123,26.7241938058536,10.0440710789174,0,35.0345903618297,35.0345903618297,24.2771351204617,"Failure: extra reporting shock",35.0345903618297,"Random forest",26.7019516987753,10.757455241368,8.33263866305439,10.0440710789174,0,0.713384162450605,-1.71143241586298,24.9905192829123
798,2020,"Center",4617,8.43747727139865,71.1910227053687,23.7768492955003,204.08341384547,5.31852880167027,28.0756297795377,667.550018144328,1,-0.39427038639342,5,28.961044729203,26.4122096942347,5.31339580680821,1,34.2744405360112,35.2744405360112,26.7280340179919,"Failure: extra reporting shock",35.2744405360112,"Random forest",27.131875910938,8.54640651801924,8.14256462507321,5.31339580680821,1,3.23301071121103,2.829168818265,28.961044729203
799,2020,"Center",3880,8.26349819692708,68.2854024506171,25.7294411875025,237.102509600089,5.46849257757919,25.3051667651389,651.087800023584,1,1.00256920896391,5,30.1279775259101,29.9329878293919,5.33424850392053,1,35.4622260298307,36.4622260298307,29.6024487310595,"Failure: extra reporting shock",36.4622260298307,"Random forest",30.2285824750418,6.85977729877119,6.23364355478886,5.33424850392053,1,1.52552879485066,0.899395050868335,30.1279775259101
800,2020,"Center",4137,8.327697064225,69.3505383935018,27.3195684525821,177.035926616981,5.17635268721432,17.759589289921,485.184315295742,1,-1.41454880474457,5,27.8838835259831,26.3602084839131,4.98097207981404,1,32.8648556057971,33.8648556057971,26.6841265126888,"Failure: extra reporting shock",33.8648556057971,"Random forest",26.8519543402621,7.18072909310837,7.01290126553504,4.98097207981404,1,2.19975701329434,2.03192918572101,27.8838835259831
